date,precipitation_mm
2015-01-01,5.213256799708779
2015-01-02,1.83726047315629
2015-01-03,1.5983036577278535
2015-01-04,3.6187549153517957
2015-01-05,2.010909712329744
2015-01-06,2.49238440847781
2015-01-07,2.2098990615667886
2015-01-08,1.9553113737634074
2015-01-09,9.645584722352217
2015-01-10,4.440365818253213
2015-01-11,2.4801958384858924
2015-01-12,1.6285741269787082
2015-01-13,5.098734093993987
2015-01-14,3.8558390408460705
2015-01-15,2.854738095332761
2015-01-16,6.6558224042896335
2015-01-17,6.741647853223749
2015-01-18,23.484304426020874
2015-01-19,17.53423163046811
2015-01-20,11.822586691631294
2015-01-21,16.762075357150504
2015-01-22,24.749849509263175
2015-01-23,5.294053526834976
2015-01-24,9.356490802055198
2015-01-25,7.0031472404314785
2015-01-26,4.454746549317229
2015-01-27,16.23576740059427
2015-01-28,5.8074572440911485
2015-01-29,6.068772942472318
2015-01-30,4.733284932257592
2015-01-31,7.134205366336494
2015-02-01,7.172116804866805
2015-02-02,6.705605715051297
2015-02-03,5.843192197230042
2015-02-04,3.989591088208991
2015-02-05,3.2208318731149452
2015-02-06,3.6570049448358732
2015-02-07,13.687048694388965
2015-02-08,21.306363657008557
2015-02-09,6.702018669554244
2015-02-10,15.350724482547177
2015-02-11,6.032511905051765
2015-02-12,1.8202077083071397
2015-02-13,4.951984877183362
2015-02-14,5.81717515747161
2015-02-15,9.915050784786027
2015-02-16,5.670513096596341
2015-02-17,2.5329066970838845
2015-02-18,1.5307947574329528
2015-02-19,3.308621993259472
2015-02-20,1.4917488875706735
2015-02-21,2.632108888719235
2015-02-22,4.286237529715613
2015-02-23,3.0938648335237917
2015-02-24,5.758207950965866
2015-02-25,6.435119149733178
2015-02-26,8.375419973097609
2015-02-27,4.779461576359331
2015-02-28,4.458398423919905
2015-03-01,3.859786286529445
2015-03-02,12.84117246226952
2015-03-03,17.516570081549833
2015-03-04,9.078886582366463
2015-03-05,3.598768874958409
2015-03-06,4.505139271249109
2015-03-07,6.488879541023634
2015-03-08,2.540041200166486
2015-03-09,3.684821130824077
2015-03-10,8.18539241689039
2015-03-11,6.336088017363103
2015-03-12,6.634284402034333
2015-03-13,7.629423209959883
2015-03-14,9.746894616782804
2015-03-15,10.641816188173099
2015-03-16,7.934211091476956
2015-03-17,7.49643135781909
2015-03-18,12.48909504234218
2015-03-19,25.18982816718052
2015-03-20,25.846743727378936
2015-03-21,15.593857326705994
2015-03-22,12.808052991845486
2015-03-23,15.62277822534887
2015-03-24,13.230407619683586
2015-03-25,13.651076449385826
2015-03-26,12.490232541022081
2015-03-27,4.455922043070619
2015-03-28,11.365597658881521
2015-03-29,14.62349003793728
2015-03-30,5.636582415284997
2015-03-31,7.534118420587211
2015-04-01,5.958992184882008
2015-04-02,11.234920377785564
2015-04-03,4.36266675916309
2015-04-04,2.150213957291807
2015-04-05,8.56223803217474
2015-04-06,4.485768369203892
2015-04-07,1.9338049197651375
2015-04-08,4.47592381581193
2015-04-09,3.0624457713305153
2015-04-10,3.767607613806211
2015-04-11,7.501456954361069
2015-04-12,9.148990023570486
2015-04-13,1.9703014039783397
2015-04-14,4.127681109214737
2015-04-15,7.792318226325382
2015-04-16,6.139655668112315
2015-04-17,10.3638783525095
2015-04-18,11.893822522745062
2015-04-19,8.428051972741775
2015-04-20,8.352554501193792
2015-04-21,7.761600396294197
2015-04-22,4.351680410261597
2015-04-23,5.337576192118182
2015-04-24,9.098110888983364
2015-04-25,10.277839310348783
2015-04-26,19.8376282975579
2015-04-27,11.700993275513717
2015-04-28,5.0271174485215075
2015-04-29,4.262519692159391
2015-04-30,4.218214474546101
2015-05-01,4.502179575531681
2015-05-02,2.6141317705963623
2015-05-03,13.494470213693353
2015-05-04,13.207041518944115
2015-05-05,3.8659344337118506
2015-05-06,1.96182719030749
2015-05-07,1.0226286649676544
2015-05-08,3.2166015336916414
2015-05-09,2.5565916478149577
2015-05-10,2.34574345051538
2015-05-11,4.51666437449858
2015-05-12,4.368589956637837
2015-05-13,3.281103366270732
2015-05-14,3.7953418254241313
2015-05-15,6.656585495322742
2015-05-16,5.238267628810886
2015-05-17,11.160736968752843
2015-05-18,5.063876429327581
2015-05-19,5.72620361045716
2015-05-20,1.8163110455878722
2015-05-21,3.1749821002071434
2015-05-22,0.7482259951905856
2015-05-23,2.04655280850024
2015-05-24,1.8796877511012609
2015-05-25,2.711349671404695
2015-05-26,1.5362129152857615
2015-05-27,2.311544326307095
2015-05-28,3.0053001066000706
2015-05-29,5.0515786418247135
2015-05-30,7.675957855497849
2015-05-31,3.2902473941806307
2015-06-01,0.7205753764893562
2015-06-02,0.8462645221415908
2015-06-03,1.7385338341029328
2015-06-04,4.576882843783325
2015-06-05,10.389625802109979
2015-06-06,5.114842026923606
2015-06-07,1.3421183577699656
2015-06-08,3.043001279278536
2015-06-09,3.1089826279441795
2015-06-10,3.881781342503158
2015-06-11,2.507127942404947
2015-06-12,1.8736679960975464
2015-06-13,1.409060591343912
2015-06-14,1.8786491567597614
2015-06-15,0.4956518084527388
2015-06-16,3.1395150687582425
2015-06-17,5.516387378401316
2015-06-18,2.37008686958496
2015-06-19,8.08114477265134
2015-06-20,11.254002866535279
2015-06-21,6.615253565785588
2015-06-22,1.8001233529316756
2015-06-23,3.013200430475739
2015-06-24,13.023736489299797
2015-06-25,23.439281819401515
2015-06-26,7.074355235034611
2015-06-27,3.568385252106007
2015-06-28,3.759816772112749
2015-06-29,2.093830569583957
2015-06-30,1.059515590144599
2015-07-01,1.2249016847323695
2015-07-02,0.9298781423386504
2015-07-03,0.7546461662160329
2015-07-04,2.631696346897793
2015-07-05,4.067056171050588
2015-07-06,5.0092969669528715
2015-07-07,3.6939335625131013
2015-07-08,2.5026341060315813
2015-07-09,3.9953122482554733
2015-07-10,2.9995351156207017
2015-07-11,3.1287867999698573
2015-07-12,6.489130953004543
2015-07-13,0.8891561745519003
2015-07-14,0.6022226626915295
2015-07-15,2.2609241837809244
2015-07-16,2.2053256515475788
2015-07-17,0.3508171944509312
2015-07-18,6.712095691607337
2015-07-19,3.3778250885042334
2015-07-20,0.926092001985879
2015-07-21,1.6132738335097887
2015-07-22,11.89044460237849
2015-07-23,4.732579874308017
2015-07-24,0.9518496830679766
2015-07-25,1.020718402693601
2015-07-26,1.2613105859152218
2015-07-27,2.6614687506869577
2015-07-28,3.7481543532383337
2015-07-29,5.253873566317461
2015-07-30,8.169948239440615
2015-07-31,2.1400034992954686
2015-08-01,0.5609548475405373
2015-08-02,1.477562863503269
2015-08-03,0.8416809742003327
2015-08-04,0.9842322828037176
2015-08-05,1.8719479331884037
2015-08-06,0.6221850627810449
2015-08-07,0.285270758303036
2015-08-08,1.04336778325873
2015-08-09,3.954959606850948
2015-08-10,1.8512498012209933
2015-08-11,2.7066232596934174
2015-08-12,1.099919366921639
2015-08-13,1.861588128589445
2015-08-14,1.2245396580504633
2015-08-15,2.7971483359114906
2015-08-16,1.8837960069158797
2015-08-17,0.9217595874724324
2015-08-18,0.20158956198895928
2015-08-19,0.8684837951214057
2015-08-20,0.7908261778889001
2015-08-21,0.4405894980306406
2015-08-22,0.18494975477246572
2015-08-23,0.5554251506851127
2015-08-24,0.7828147221337237
2015-08-25,1.0767557785594573
2015-08-26,0.26849392277019535
2015-08-27,0.3109891853300928
2015-08-28,1.9669793130361324
2015-08-29,10.67497187041049
2015-08-30,1.736886889740011
2015-08-31,1.6356694037326915
2015-09-01,5.898047010309169
2015-09-02,4.889676952840898
2015-09-03,0.5991308489424447
2015-09-04,0.4166815118579745
2015-09-05,1.6343371349238769
2015-09-06,2.79860586839979
2015-09-07,1.686669143260643
2015-09-08,0.6476411034374729
2015-09-09,0.6267617338247633
2015-09-10,0.4065954049712386
2015-09-11,0.2352805536541061
2015-09-12,0.15829631142783748
2015-09-13,0.12037809411027979
2015-09-14,0.13099381506456756
2015-09-15,0.10942537810873741
2015-09-16,0.521855966602926
2015-09-17,0.5920625975847297
2015-09-18,2.354707180339444
2015-09-19,1.7271214347010637
2015-09-20,1.1168632250964046
2015-09-21,1.632470440159164
2015-09-22,0.803049014068726
2015-09-23,2.0248473111512637
2015-09-24,1.8455737873425988
2015-09-25,0.6408869068283489
2015-09-26,0.9538812455469081
2015-09-27,0.47397152949485016
2015-09-28,0.9595326184798918
2015-09-29,0.72848354947891
2015-09-30,9.86245562372955
2015-10-01,12.0818709510634
2015-10-02,7.048166880385641
2015-10-03,3.5109464104878656
2015-10-04,4.512325167990877
2015-10-05,5.357159576413994
2015-10-06,1.2129295505037316
2015-10-07,0.39223535070203636
2015-10-08,0.5747526130428106
2015-10-09,1.947838207860957
2015-10-10,5.525789621087383
2015-10-11,1.6325977721983804
2015-10-12,2.575833211818278
2015-10-13,6.7570915048092886
2015-10-14,7.7552667795837795
2015-10-15,8.889378752670146
2015-10-16,6.83332776851245
2015-10-17,4.172693197349668
2015-10-18,4.7862674013811
2015-10-19,2.856995838270867
2015-10-20,4.17798851103721
2015-10-21,1.894618882439684
2015-10-22,1.953803356109831
2015-10-23,1.0538987865733322
2015-10-24,1.4821307662113254
2015-10-25,1.0176310651194702
2015-10-26,1.583186676601983
2015-10-27,1.9865223675529482
2015-10-28,1.4865253819665432
2015-10-29,5.071606170160703
2015-10-30,3.9444732093794457
2015-10-31,17.666760988742908
2015-11-01,12.144060352685209
2015-11-02,2.4613449892928565
2015-11-03,1.3533199534513827
2015-11-04,3.1080425516534738
2015-11-05,7.301550147486473
2015-11-06,11.320465046232075
2015-11-07,11.424750621466007
2015-11-08,7.764446763896718
2015-11-09,5.175198558812729
2015-11-10,4.4022773765659196
2015-11-11,1.0014123839209599
2015-11-12,2.200192905250925
2015-11-13,1.4320681694661952
2015-11-14,2.5678939743618483
2015-11-15,4.016083480928769
2015-11-16,2.9136760226205674
2015-11-17,5.664125446209149
2015-11-18,4.475693084111162
2015-11-19,3.532180661930749
2015-11-20,2.783666651480126
2015-11-21,3.2430244649415965
2015-11-22,7.145628886859124
2015-11-23,4.414807919380884
2015-11-24,8.139649384316776
2015-11-25,7.698212132085309
2015-11-26,1.7315948728608135
2015-11-27,1.472931087040114
2015-11-28,3.7160147373601267
2015-11-29,2.327843712102597
2015-11-30,4.8745593936781715
2015-12-01,14.197144850582724
2015-12-02,9.427744455415302
2015-12-03,0.5022188404877534
2015-12-04,2.291381968724975
2015-12-05,2.7900553028443578
2015-12-06,1.7550485191588407
2015-12-07,1.4793337482247013
2015-12-08,4.562622481979652
2015-12-09,4.728713677513349
2015-12-10,3.5942332208611583
2015-12-11,1.6131380354953484
2015-12-12,0.5071191724313414
2015-12-13,0.5514871563109889
2015-12-14,2.396294085362946
2015-12-15,3.3421877419534605
2015-12-16,3.3568327950581662
2015-12-17,2.448454149699028
2015-12-18,3.8504568665402794
2015-12-19,2.6081865410823206
2015-12-20,1.5063168261333426
2015-12-21,0.8312445599287556
2015-12-22,2.259874226988021
2015-12-23,4.023791254211235
2015-12-24,2.4975265833871187
2015-12-25,0.8503369515835713
2015-12-26,5.666186448433111
2015-12-27,2.9095091741071557
2015-12-28,2.3632620551562504
2015-12-29,3.0061865942227515
2015-12-30,2.2036000566861285
2015-12-31,4.252241535016222
2016-01-01,2.421104921918195
2016-01-02,2.9866088234633255
2016-01-03,4.006912258113287
2016-01-04,5.522480552040259
2016-01-05,11.436541029668048
2016-01-06,10.456067284442689
2016-01-07,9.718132504459357
2016-01-08,9.18161050012453
2016-01-09,8.558629990218728
2016-01-10,13.603335990239666
2016-01-11,6.175894856824083
2016-01-12,5.540834891288278
2016-01-13,12.567617564508662
2016-01-14,6.183603609171889
2016-01-15,1.8627054079052972
2016-01-16,1.0210648614694553
2016-01-17,3.042345742115594
2016-01-18,8.8193279838352
2016-01-19,6.2671646207618545
2016-01-20,5.6504349550504545
2016-01-21,9.075628754688282
2016-01-22,2.634095650244631
2016-01-23,0.9896268246994929
2016-01-24,0.6187792183804164
2016-01-25,1.9636063335316443
2016-01-26,6.74388167694647
2016-01-27,1.4977798979605224
2016-01-28,1.599810267872505
2016-01-29,7.238538540405357
2016-01-30,12.958736001281782
2016-01-31,12.039085622257078
2016-02-01,4.139850128573426
2016-02-02,1.2782752311563081
2016-02-03,6.634199726981069
2016-02-04,11.877504505619955
2016-02-05,13.634903363034926
2016-02-06,5.262761373145648
2016-02-07,3.943888544765175
2016-02-08,5.356016523037432
2016-02-09,12.373549205285197
2016-02-10,8.87956804416562
2016-02-11,8.76428248380837
2016-02-12,3.5460493529120822
2016-02-13,2.4148394660436168
2016-02-14,1.7888496994601075
2016-02-15,4.750238138787052
2016-02-16,2.497843121118148
2016-02-17,5.801499379548361
2016-02-18,2.3421173564067366
2016-02-19,1.7652464454287229
2016-02-20,3.3854511945281174
2016-02-21,6.2212947039086215
2016-02-22,9.623697074755247
2016-02-23,22.10683294522643
2016-02-24,6.9222915944730925
2016-02-25,7.1698236801731525
2016-02-26,10.711022179512112
2016-02-27,6.03751702390394
2016-02-28,8.10934553989505
2016-02-29,6.41601884515075
2016-03-01,3.9691673298200705
2016-03-02,6.689357569960146
2016-03-03,12.588211456533775
2016-03-04,11.878802851832727
2016-03-05,9.874408333255737
2016-03-06,17.61288476718728
2016-03-07,23.320030983673494
2016-03-08,9.715207954280006
2016-03-09,10.68849420404185
2016-03-10,10.62441528836929
2016-03-11,6.145169512811801
2016-03-12,10.03552038296509
2016-03-13,16.893246261841693
2016-03-14,7.1662007268686
2016-03-15,4.029721592804725
2016-03-16,7.993632131809526
2016-03-17,5.4243432427268194
2016-03-18,7.0232501162908
2016-03-19,3.6888779554854043
2016-03-20,4.763182029687702
2016-03-21,2.8966861815267544
2016-03-22,2.4705610812950973
2016-03-23,2.938865085840435
2016-03-24,1.1687289463649007
2016-03-25,2.104456055492984
2016-03-26,4.535271675333779
2016-03-27,5.890495873174666
2016-03-28,5.492885709849908
2016-03-29,7.446871975241474
2016-03-30,12.477729026768511
2016-03-31,11.505963409779126
2016-04-01,7.844437807085306
2016-04-02,9.095108395038936
2016-04-03,20.43016318121731
2016-04-04,15.746011329912095
2016-04-05,22.548979700835503
2016-04-06,6.551844821141302
2016-04-07,2.3910421782876115
2016-04-08,4.047839637517074
2016-04-09,4.7295981047667714
2016-04-10,5.506630809274469
2016-04-11,5.836545080184139
2016-04-12,27.6067871537984
2016-04-13,4.983993876142409
2016-04-14,6.334007815108444
2016-04-15,4.4508825395045255
2016-04-16,11.024647821305662
2016-04-17,6.974691645433457
2016-04-18,7.61142266836042
2016-04-19,0.8783171810387966
2016-04-20,1.0970690366328824
2016-04-21,1.0011134144280491
2016-04-22,2.0023332686935977
2016-04-23,2.8443603975837917
2016-04-24,2.4176694504247362
2016-04-25,3.4886032503588487
2016-04-26,5.7603381678762675
2016-04-27,4.134263016409568
2016-04-28,18.818518447140956
2016-04-29,2.5052545495018417
2016-04-30,5.293375075347729
2016-05-01,9.042455651580113
2016-05-02,5.688701242703132
2016-05-03,1.6165116769467809
2016-05-04,1.851421068681681
2016-05-05,4.622257989984197
2016-05-06,2.4220053141587714
2016-05-07,2.444617734817882
2016-05-08,3.5792981687032257
2016-05-09,5.4458442862407335
2016-05-10,7.409592511777189
2016-05-11,3.6906621169460974
2016-05-12,1.7041805091547757
2016-05-13,1.8582452617532241
2016-05-14,4.016290634816531
2016-05-15,9.160300731043376
2016-05-16,5.223463806220076
2016-05-17,1.9047081465508617
2016-05-18,0.7138407832805489
2016-05-19,0.5774143408584795
2016-05-20,4.590110130926127
2016-05-21,1.7843084306398809
2016-05-22,2.830387184736888
2016-05-23,3.486593686934168
2016-05-24,16.80228058507297
2016-05-25,9.826034498148315
2016-05-26,2.5771951062576632
2016-05-27,3.093988843908866
2016-05-28,2.1365732641523603
2016-05-29,3.241915628908073
2016-05-30,6.5486218778298975
2016-05-31,7.973262842262357
2016-06-01,4.845815156919702
2016-06-02,4.4269928098745694
2016-06-03,3.4861241998872434
2016-06-04,5.915680595771267
2016-06-05,5.870569228327895
2016-06-06,12.230362848709715
2016-06-07,1.5613795697212853
2016-06-08,1.2671336677606881
2016-06-09,0.43111719342134047
2016-06-10,1.0469013663040871
2016-06-11,2.365507075772974
2016-06-12,4.745178370395397
2016-06-13,15.339212729395252
2016-06-14,2.4883183902792183
2016-06-15,1.2613666953529346
2016-06-16,6.925300506363377
2016-06-17,6.444510648646167
2016-06-18,7.286459980450644
2016-06-19,2.7893686127744077
2016-06-20,12.122871518153175
2016-06-21,9.297045954881492
2016-06-22,7.430282635153398
2016-06-23,11.404779223854066
2016-06-24,5.776472446998551
2016-06-25,1.2486400033332719
2016-06-26,1.3276062408429823
2016-06-27,5.120434940240521
2016-06-28,11.772709951620543
2016-06-29,16.26350015079469
2016-06-30,1.1838396210742526
2016-07-01,1.041674046306394
2016-07-02,2.0736416073355315
2016-07-03,1.2268604193554347
2016-07-04,0.9580930503234523
2016-07-05,4.512747716447451
2016-07-06,1.5028764608776488
2016-07-07,1.928108277849449
2016-07-08,3.3381761738857776
2016-07-09,0.7382960996719053
2016-07-10,3.2480226382550943
2016-07-11,0.8069426383784688
2016-07-12,0.5939616461494699
2016-07-13,0.8854835101956421
2016-07-14,1.7944533052398144
2016-07-15,0.29354478845075627
2016-07-16,0.6519746063908659
2016-07-17,1.353783796708946
2016-07-18,0.7446213302608805
2016-07-19,1.9449922134885478
2016-07-20,4.095863056023929
2016-07-21,0.558330338060453
2016-07-22,1.5088373453511936
2016-07-23,2.847805995086471
2016-07-24,1.1653679848278526
2016-07-25,0.7633624976225495
2016-07-26,0.9979239224418702
2016-07-27,4.227755599335481
2016-07-28,6.381470168883365
2016-07-29,5.315609856322553
2016-07-30,3.527947426362342
2016-07-31,1.7680821271297802
2016-08-01,0.7947745916195843
2016-08-02,2.1131882117994842
2016-08-03,1.8419407997450414
2016-08-04,2.109712421239788
2016-08-05,0.5564559201108027
2016-08-06,0.7112558292187245
2016-08-07,4.51687568208425
2016-08-08,2.966431169631976
2016-08-09,0.5614708755925562
2016-08-10,1.4752907464716831
2016-08-11,7.469213870627197
2016-08-12,2.015358664022364
2016-08-13,0.5156395085685004
2016-08-14,0.2638960176695131
2016-08-15,0.17761559470620128
2016-08-16,0.35377898018208737
2016-08-17,0.6599216245557408
2016-08-18,0.566173218695686
2016-08-19,0.5745213367014987
2016-08-20,0.8418745744751326
2016-08-21,0.1575904210111362
2016-08-22,5.227982836738947
2016-08-23,0.5447134851947696
2016-08-24,0.3836865288393215
2016-08-25,0.12173664982140678
2016-08-26,2.2056309695309904
2016-08-27,0.5923980727433138
2016-08-28,0.8059708876605123
2016-08-29,1.559202165612785
2016-08-30,2.56957861372102
2016-08-31,5.85413558968371
2016-09-01,11.809925201021285
2016-09-02,2.832835680864142
2016-09-03,0.6925564443489373
2016-09-04,1.0071166610421811
2016-09-05,9.350972148927424
2016-09-06,6.000523937120551
2016-09-07,0.49866515241888787
2016-09-08,0.453455777249557
2016-09-09,0.5430637744201674
2016-09-10,0.7802716636903934
2016-09-11,1.0013411110758534
2016-09-12,0.46880441379172977
2016-09-13,1.3343162095295698
2016-09-14,5.741936946948991
2016-09-15,4.4244573813598524
2016-09-16,1.1683208959248408
2016-09-17,0.5820997999681126
2016-09-18,1.5166193230999958
2016-09-19,2.6835881299089195
2016-09-20,2.348148121971963
2016-09-21,1.0299824975384004
2016-09-22,1.384512706664585
2016-09-23,2.5885348081645696
2016-09-24,2.8845544410836403
2016-09-25,2.0480300980190482
2016-09-26,1.6083264450013415
2016-09-27,0.9035468927520728
2016-09-28,1.1934248286665938
2016-09-29,1.7744104120289426
2016-09-30,4.629333285936345
2016-10-01,10.886079935633207
2016-10-02,14.405233716299339
2016-10-03,1.670737488924689
2016-10-04,2.7266108339762876
2016-10-05,4.005504491101548
2016-10-06,6.471390230867317
2016-10-07,14.47080517011598
2016-10-08,11.9082584511603
2016-10-09,6.621575410340399
2016-10-10,6.3295060960826355
2016-10-11,5.216296683475465
2016-10-12,4.23161775426652
2016-10-13,13.594474485925051
2016-10-14,2.253361075168336
2016-10-15,2.580122046418505
2016-10-16,1.7177671175403568
2016-10-17,1.5863208532572628
2016-10-18,1.8473202356291722
2016-10-19,0.270335234379232
2016-10-20,0.41367971745047166
2016-10-21,1.0874053221898898
2016-10-22,1.7784143477159775
2016-10-23,4.718517289804184
2016-10-24,13.52448105027872
2016-10-25,13.936712520931255
2016-10-26,2.3548914184240086
2016-10-27,1.2687246246619677
2016-10-28,9.489925871312655
2016-10-29,4.246488904577304
2016-10-30,0.4088720321619989
2016-10-31,1.9889902295312116
2016-11-01,2.711551375751919
2016-11-02,4.709278956493095
2016-11-03,6.9095437291253425
2016-11-04,15.397061789232225
2016-11-05,10.29345535754035
2016-11-06,4.95681005336989
2016-11-07,2.90841256573095
2016-11-08,1.9551707986911497
2016-11-09,2.8486778523112544
2016-11-10,5.810447594310315
2016-11-11,13.91527961058531
2016-11-12,10.65362512928374
2016-11-13,4.452182752448926
2016-11-14,1.3026164635157054
2016-11-15,0.4172008713383936
2016-11-16,0.12340886464368526
2016-11-17,0.6356314203717258
2016-11-18,3.9135474366256053
2016-11-19,5.642402171183395
2016-11-20,0.6563592705262064
2016-11-21,0.39420263892438734
2016-11-22,1.2759829201651667
2016-11-23,3.4005525139951085
2016-11-24,2.2463943392683463
2016-11-25,15.503926512836383
2016-11-26,15.909211578367481
2016-11-27,7.338585219544162
2016-11-28,3.9160901027434827
2016-11-29,7.42754798846716
2016-11-30,3.8265388016252153
2016-12-01,5.624184772565681
2016-12-02,6.322576117169845
2016-12-03,10.676147386615865
2016-12-04,8.260498231133873
2016-12-05,5.370887556355944
2016-12-06,7.334175952538496
2016-12-07,10.485749357841325
2016-12-08,11.707951355111067
2016-12-09,13.139128988134777
2016-12-10,12.943381370924266
2016-12-11,13.380632906250993
2016-12-12,5.904762377581256
2016-12-13,4.284399467487173
2016-12-14,7.36002460064347
2016-12-15,9.058559461387768
2016-12-16,10.79905357187132
2016-12-17,3.772791148327378
2016-12-18,4.098999595221131
2016-12-19,12.331911991203604
2016-12-20,11.172000318482752
2016-12-21,4.539320859473542
2016-12-22,11.228480166004434
2016-12-23,11.01218613379271
2016-12-24,9.234014651252833
2016-12-25,3.674431167436922
2016-12-26,9.45415668660809
2016-12-27,10.031949960430975
2016-12-28,9.990932096939085
2016-12-29,4.642700843925455
2016-12-30,10.444927299694031
2016-12-31,6.073850917092856
2017-01-01,3.281556127289052
2017-01-02,4.527085634441479
2017-01-03,2.377517544306028
2017-01-04,3.1984852353055606
2017-01-05,18.5946465696241
2017-01-06,23.2380664670741
2017-01-07,2.791468879463921
2017-01-08,6.8941313861478655
2017-01-09,12.411331694757656
2017-01-10,22.429543710576155
2017-01-11,15.68814534234244
2017-01-12,11.335099333001647
2017-01-13,7.425431902401536
2017-01-14,10.41300684398505
2017-01-15,26.109623446097167
2017-01-16,7.479918697288751
2017-01-17,4.3162322353842075
2017-01-18,2.0969610759539754
2017-01-19,2.5337365453982907
2017-01-20,9.328889474425
2017-01-21,9.653081361149786
2017-01-22,9.60528811053541
2017-01-23,2.77927112128062
2017-01-24,3.2631306730151546
2017-01-25,12.507137401390565
2017-01-26,5.166994483115677
2017-01-27,7.354060644368046
2017-01-28,7.3136113240621246
2017-01-29,13.899103857322755
2017-01-30,6.063080788767144
2017-01-31,6.153771601061548
2017-02-01,5.927044044132274
2017-02-02,9.332290559754313
2017-02-03,6.416731650963225
2017-02-04,4.396886803303131
2017-02-05,3.064930226156956
2017-02-06,2.3228116417892224
2017-02-07,3.4690252592666306
2017-02-08,3.5274337114879106
2017-02-09,6.668423337998469
2017-02-10,9.961985740169903
2017-02-11,13.347067394766864
2017-02-12,7.862588362488583
2017-02-13,6.40046840150646
2017-02-14,6.588171943475207
2017-02-15,10.965644492901342
2017-02-16,10.597711693276503
2017-02-17,9.459473338251916
2017-02-18,8.02045850290396
2017-02-19,6.553659140339185
2017-02-20,9.603389755442448
2017-02-21,12.104807647597424
2017-02-22,31.268299837818134
2017-02-23,13.74170731813333
2017-02-24,9.532055766130416
2017-02-25,13.892356263077724
2017-02-26,15.812125431960519
2017-02-27,15.285115156817593
2017-02-28,12.652926662985458
2017-03-01,19.28414105710455
2017-03-02,9.055310429314602
2017-03-03,9.059470363117327
2017-03-04,4.403078560134309
2017-03-05,7.079013981028138
2017-03-06,7.238408498306904
2017-03-07,8.614981791833527
2017-03-08,10.181538978482221
2017-03-09,14.094010225161755
2017-03-10,8.847246498819079
2017-03-11,8.628058319746806
2017-03-12,8.773636292345774
2017-03-13,5.058165323092476
2017-03-14,19.83426060295844
2017-03-15,13.843475710551926
2017-03-16,13.679345585140862
2017-03-17,9.882621962159282
2017-03-18,16.517907385403525
2017-03-19,20.346890284585665
2017-03-20,11.371077780291019
2017-03-21,10.131837051376346
2017-03-22,10.464267266138805
2017-03-23,10.92672890705801
2017-03-24,16.30832071432227
2017-03-25,11.695983352712345
2017-03-26,20.385807741575928
2017-03-27,15.004521137936448
2017-03-28,11.011362730634783
2017-03-29,10.634627929421871
2017-03-30,10.704383248393542
2017-03-31,24.56276971521775
2017-04-01,7.773107582656131
2017-04-02,2.5227702512163983
2017-04-03,3.9344054469914562
2017-04-04,4.239648499237864
2017-04-05,2.7969316716686907
2017-04-06,1.7859499972658528
2017-04-07,2.899539906889505
2017-04-08,9.074529479630984
2017-04-09,11.791730387592036
2017-04-10,8.281620480320816
2017-04-11,9.235069629805475
2017-04-12,6.163711841871163
2017-04-13,20.09588029393705
2017-04-14,13.582800058237497
2017-04-15,7.959693646182003
2017-04-16,3.359486376861747
2017-04-17,1.8234275166091904
2017-04-18,2.7523247801281743
2017-04-19,12.489349367042077
2017-04-20,17.86697823258167
2017-04-21,14.71178669915955
2017-04-22,3.946475198649265
2017-04-23,6.064626576321775
2017-04-24,1.4101534767069785
2017-04-25,3.8306175224488355
2017-04-26,21.212166640414377
2017-04-27,16.466919969671107
2017-04-28,3.560973138784373
2017-04-29,3.5402788468397173
2017-04-30,10.522454732624341
2017-05-01,5.594373579602226
2017-05-02,4.855013568968168
2017-05-03,1.1500060834832273
2017-05-04,3.5926355453063152
2017-05-05,4.867825534640813
2017-05-06,9.533659952731558
2017-05-07,6.445341610044889
2017-05-08,4.600810883790921
2017-05-09,4.1874388105688185
2017-05-10,14.433770855206532
2017-05-11,13.051813394496294
2017-05-12,6.89447651470071
2017-05-13,6.329330408144764
2017-05-14,7.92744854414632
2017-05-15,10.487205668637761
2017-05-16,7.660481092670549
2017-05-17,2.0090809841707826
2017-05-18,2.849517278100606
2017-05-19,2.585854006384349
2017-05-20,5.863148846656265
2017-05-21,3.5264669165124984
2017-05-22,10.281744156007623
2017-05-23,3.6084380684558655
2017-05-24,1.1062078487625302
2017-05-25,7.604211411744466
2017-05-26,3.654403302118965
2017-05-27,1.611178334661914
2017-05-28,0.8910694504702675
2017-05-29,0.4962022874903973
2017-05-30,0.37734126730542755
2017-05-31,1.0497416285105594
2017-06-01,2.1326120553184356
2017-06-02,1.5010788894285956
2017-06-03,12.637938980505984
2017-06-04,1.980646136400833
2017-06-05,5.523660238320322
2017-06-06,0.3763115448464071
2017-06-07,1.388873524057743
2017-06-08,5.010853141140732
2017-06-09,12.102362603669997
2017-06-10,3.143093431400364
2017-06-11,2.98166246057163
2017-06-12,3.768484197566109
2017-06-13,4.10550355736988
2017-06-14,12.48471924144984
2017-06-15,6.140376474796411
2017-06-16,2.7176573253393608
2017-06-17,1.4902264443265332
2017-06-18,1.6153263053586988
2017-06-19,1.7553267902035585
2017-06-20,6.0823533112302774
2017-06-21,10.630402988693742
2017-06-22,1.7882320831253906
2017-06-23,1.1523935932193976
2017-06-24,1.364645100933398
2017-06-25,1.0432196528187476
2017-06-26,1.5136371459217595
2017-06-27,1.4051832878215766
2017-06-28,3.3343126063833477
2017-06-29,2.716813438981396
2017-06-30,2.29525524800111
2017-07-01,2.560542676950248
2017-07-02,9.098405414909786
2017-07-03,8.08572851088045
2017-07-04,2.137976177859952
2017-07-05,3.0878285031379256
2017-07-06,3.368169664261705
2017-07-07,9.360103552535938
2017-07-08,2.257355188600462
2017-07-09,1.2633927532512939
2017-07-10,0.17461221195840548
2017-07-11,0.5050827402243356
2017-07-12,0.15758753484288185
2017-07-13,0.12769764402126707
2017-07-14,0.3528082362408466
2017-07-15,0.26826329469282395
2017-07-16,0.9358461726879411
2017-07-17,5.999939075194948
2017-07-18,12.22339017921869
2017-07-19,21.766320428794675
2017-07-20,1.0485802523939254
2017-07-21,0.39649813545801166
2017-07-22,3.1781176121515777
2017-07-23,1.0515629466713874
2017-07-24,5.233198669893819
2017-07-25,21.917868563383664
2017-07-26,21.47514386687647
2017-07-27,1.886290417951172
2017-07-28,3.8210383085312065
2017-07-29,1.498968802696139
2017-07-30,0.9360614158907381
2017-07-31,0.29497577448898393
2017-08-01,0.19037737322813938
2017-08-02,0.32579639680254824
2017-08-03,1.5234143786522198
2017-08-04,4.132446323977088
2017-08-05,1.9145210633037832
2017-08-06,0.45249073309737353
2017-08-07,1.0980714396252171
2017-08-08,2.067172954580182
2017-08-09,0.2247823868727062
2017-08-10,0.35521758146401466
2017-08-11,0.8460275743407586
2017-08-12,1.4662373667018938
2017-08-13,1.3692181978965883
2017-08-14,0.37898085357949324
2017-08-15,0.32192330321155005
2017-08-16,0.4566337086357211
2017-08-17,0.24357091924268148
2017-08-18,2.481931489706446
2017-08-19,5.479517020327561
2017-08-20,2.3855100899914397
2017-08-21,2.622437802438456
2017-08-22,3.7623073627632104
2017-08-23,1.5794273520468283
2017-08-24,1.1509873334490106
2017-08-25,1.3148379409482203
2017-08-26,1.3611215431314188
2017-08-27,1.0739536498657563
2017-08-28,2.5445564455853877
2017-08-29,2.656396436721702
2017-08-30,1.6728623722595783
2017-08-31,0.3660165944035336
2017-09-01,0.7550667936577954
2017-09-02,0.7886185459304611
2017-09-03,0.9016374655495476
2017-09-04,0.2860398334244757
2017-09-05,0.20614808671059806
2017-09-06,2.159356878018638
2017-09-07,0.4372173903947146
2017-09-08,1.1264432396741628
2017-09-09,5.281812122773539
2017-09-10,1.948651259305202
2017-09-11,0.7014259519869938
2017-09-12,1.0323473997399966
2017-09-13,1.053525339870031
2017-09-14,0.787570966347529
2017-09-15,2.247514583692169
2017-09-16,4.093355514225768
2017-09-17,11.426726372414507
2017-09-18,9.53564009938671
2017-09-19,0.1808452139272498
2017-09-20,0.20253247548112813
2017-09-21,0.5094214286028599
2017-09-22,0.7821735283974928
2017-09-23,3.1550114854012685
2017-09-24,2.070661523542554
2017-09-25,3.6755277283190138
2017-09-26,0.7480213291164012
2017-09-27,1.9333494301129783
2017-09-28,2.9486884695067643
2017-09-29,3.4189013119192833
2017-09-30,4.6164018220450265
2017-10-01,1.899437426534055
2017-10-02,1.9573639972433285
2017-10-03,3.8745479513604053
2017-10-04,22.253259728021472
2017-10-05,9.32872553449507
2017-10-06,2.5215496175177314
2017-10-07,1.9902414631545786
2017-10-08,4.138530858738929
2017-10-09,6.437629880605077
2017-10-10,0.7218561061296092
2017-10-11,3.806733190719136
2017-10-12,5.356835227719068
2017-10-13,1.3706715205717952
2017-10-14,1.68641201070098
2017-10-15,2.9759206535767486
2017-10-16,17.497727346531597
2017-10-17,10.477530812145082
2017-10-18,0.5949969577213507
2017-10-19,0.7216484052832836
2017-10-20,0.4925213630274204
2017-10-21,4.031455576967279
2017-10-22,8.612657580725667
2017-10-23,10.160423855091198
2017-10-24,6.6974453697760845
2017-10-25,6.628443741229918
2017-10-26,4.3045939467872785
2017-10-27,4.534919744406349
2017-10-28,9.732078423264431
2017-10-29,12.133612436863123
2017-10-30,5.146495088793127
2017-10-31,3.261381733235346
2017-11-01,6.606636603851112
2017-11-02,11.001218661544394
2017-11-03,5.996448275476084
2017-11-04,3.387242710665942
2017-11-05,7.961757574100274
2017-11-06,8.570418437807888
2017-11-07,6.5969783584991974
2017-11-08,10.863322442996763
2017-11-09,8.539494948127258
2017-11-10,9.509736434846147
2017-11-11,5.368936430280704
2017-11-12,5.704439166264928
2017-11-13,5.765962067982159
2017-11-14,8.356084824920977
2017-11-15,7.227811717343417
2017-11-16,9.401345242196214
2017-11-17,6.400173615282617
2017-11-18,2.8654062518768826
2017-11-19,8.5727167731488
2017-11-20,18.34295960382952
2017-11-21,17.518064090143554
2017-11-22,1.7742474565329287
2017-11-23,11.617374367765164
2017-11-24,4.368066212578419
2017-11-25,2.7250380177021736
2017-11-26,2.854797561127573
2017-11-27,4.74397290272418
2017-11-28,5.4344914930628105
2017-11-29,4.373392630593095
2017-11-30,4.528490584932062
2017-12-01,19.981698712325688
2017-12-02,21.751710956501647
2017-12-03,9.90230809160743
2017-12-04,3.11409003258056
2017-12-05,4.165175309228438
2017-12-06,3.6540933053834106
2017-12-07,2.2411310474852177
2017-12-08,2.283912632188377
2017-12-09,5.25419419135326
2017-12-10,8.059248476111152
2017-12-11,10.233102239409332
2017-12-12,14.229161062308954
2017-12-13,7.668105505562907
2017-12-14,2.768715214178472
2017-12-15,1.5426386673617574
2017-12-16,1.4021625451672781
2017-12-17,3.4046552954005813
2017-12-18,1.6007149291464247
2017-12-19,1.4335630323618247
2017-12-20,4.284331006299157
2017-12-21,9.060868121413725
2017-12-22,6.158885301979882
2017-12-23,2.4843391737760996
2017-12-24,2.8461042673642654
2017-12-25,13.029077822086254
2017-12-26,14.751674578046735
2017-12-27,10.059174559125978
2017-12-28,16.850048523789628
2017-12-29,12.64828882642408
2017-12-30,13.491879599809849
2017-12-31,9.84923390033567
2018-01-01,17.613292828268552
2018-01-02,8.850274115135035
2018-01-03,3.0475998243394695
2018-01-04,5.997407629387678
2018-01-05,12.467248738983947
2018-01-06,13.283427945045757
2018-01-07,5.426512690480936
2018-01-08,3.315194475831271
2018-01-09,6.65408168830723
2018-01-10,9.146601240257294
2018-01-11,13.303290200489608
2018-01-12,5.581631481078981
2018-01-13,10.945758103715091
2018-01-14,11.83730460139303
2018-01-15,23.111109023691043
2018-01-16,12.179024348043317
2018-01-17,8.13410981694118
2018-01-18,5.281478949057635
2018-01-19,8.394669632357486
2018-01-20,9.352176204720937
2018-01-21,5.389422088877306
2018-01-22,3.566624474039317
2018-01-23,4.187119484915932
2018-01-24,3.7945517938565247
2018-01-25,6.140245563784936
2018-01-26,1.1891012868338813
2018-01-27,3.219178338666033
2018-01-28,1.6154813701298905
2018-01-29,0.860607506669017
2018-01-30,1.4687529798700718
2018-01-31,1.9963751068861946
2018-02-01,1.0051964621072693
2018-02-02,3.8318048973707284
2018-02-03,10.094331962000092
2018-02-04,3.320654734943113
2018-02-05,4.455421124695208
2018-02-06,22.53019282508702
2018-02-07,6.061260990939347
2018-02-08,12.719921414752314
2018-02-09,8.586688637190324
2018-02-10,12.15112452826021
2018-02-11,9.208761162276385
2018-02-12,0.9164994574183439
2018-02-13,1.925299242721175
2018-02-14,6.028478630330531
2018-02-15,12.2926494862233
2018-02-16,6.4042204449488205
2018-02-17,3.708036655820514
2018-02-18,13.205970155492105
2018-02-19,36.609190925089976
2018-02-20,23.255588214120223
2018-02-21,14.612948115778138
2018-02-22,15.383899994820299
2018-02-23,14.771050012403835
2018-02-24,6.175918797804306
2018-02-25,3.58700209801267
2018-02-26,3.968206083507816
2018-02-27,10.01911586024909
2018-02-28,11.071807622628713
2018-03-01,8.41421296446166
2018-03-02,10.207247402949092
2018-03-03,8.086561515957651
2018-03-04,3.97024730092998
2018-03-05,2.165764888644684
2018-03-06,4.210452198737826
2018-03-07,1.593536453553399
2018-03-08,1.062771856662188
2018-03-09,2.5049298405142997
2018-03-10,0.584715766138744
2018-03-11,1.1200290928811596
2018-03-12,1.4443311751753312
2018-03-13,1.168499728437072
2018-03-14,1.2044064540491528
2018-03-15,1.2068516063758743
2018-03-16,3.6250334649141642
2018-03-17,1.9906896675481214
2018-03-18,4.590796353783645
2018-03-19,17.142254135410788
2018-03-20,8.17919800258713
2018-03-21,4.5423177743935375
2018-03-22,2.1549748346257855
2018-03-23,7.4965458452968585
2018-03-24,13.100050440979675
2018-03-25,7.989393665596875
2018-03-26,5.124343254576303
2018-03-27,9.33565507729023
2018-03-28,7.267292520936378
2018-03-29,6.2937503204447935
2018-03-30,6.866814352589446
2018-03-31,9.95199843487442
2018-04-01,12.153967940438703
2018-04-02,12.772625208543495
2018-04-03,15.183253815880365
2018-04-04,11.808472655555226
2018-04-05,15.795839487458032
2018-04-06,7.329740994228793
2018-04-07,9.498435288511525
2018-04-08,9.107269791093152
2018-04-09,11.344012192184994
2018-04-10,11.035403428354488
2018-04-11,5.430423368504391
2018-04-12,1.1844278238674586
2018-04-13,10.290777033561152
2018-04-14,9.569717647093501
2018-04-15,5.8721010622068395
2018-04-16,13.719965893750794
2018-04-17,3.5203256991003045
2018-04-18,2.236088580137975
2018-04-19,7.5800276458899445
2018-04-20,6.248645214305021
2018-04-21,6.581800757114961
2018-04-22,3.0505212231914918
2018-04-23,6.08981255609088
2018-04-24,0.8448507251892344
2018-04-25,6.588710931832994
2018-04-26,6.037043945586564
2018-04-27,2.6415872726211056
2018-04-28,8.648694869182131
2018-04-29,5.350472450705498
2018-04-30,5.22195448839378
2018-05-01,5.186683937722563
2018-05-02,6.109543344089902
2018-05-03,2.022131885649584
2018-05-04,3.430299885450015
2018-05-05,4.816043616002124
2018-05-06,10.345237984289916
2018-05-07,7.632913907990524
2018-05-08,6.653949819752454
2018-05-09,13.746190377977772
2018-05-10,8.067711589637137
2018-05-11,5.049980651643012
2018-05-12,0.7843610508330217
2018-05-13,22.314622152982277
2018-05-14,1.9281020937616342
2018-05-15,3.6039722598090553
2018-05-16,6.1281501899864885
2018-05-17,2.0172433049893397
2018-05-18,4.854829060384981
2018-05-19,6.585672999018552
2018-05-20,4.265006770390355
2018-05-21,7.444870359381654
2018-05-22,2.966987513356016
2018-05-23,3.6730620026815535
2018-05-24,17.632516667075507
2018-05-25,11.888630313609148
2018-05-26,7.904028272905036
2018-05-27,6.795395054958531
2018-05-28,2.046065895955159
2018-05-29,2.3747891337763063
2018-05-30,4.349644815055053
2018-05-31,2.6919967667850715
2018-06-01,2.028427988107478
2018-06-02,2.2024327333640255
2018-06-03,3.7399628377084566
2018-06-04,4.075597592854687
2018-06-05,6.357305008206072
2018-06-06,3.5183618662562295
2018-06-07,1.482692117620743
2018-06-08,3.435843388158176
2018-06-09,4.81846232024636
2018-06-10,2.735139815981993
2018-06-11,2.7609016566444406
2018-06-12,4.23969465937673
2018-06-13,2.3413956336283586
2018-06-14,2.8960116012296453
2018-06-15,2.236588258139499
2018-06-16,19.879199325585287
2018-06-17,14.969314819703321
2018-06-18,7.4544868601220315
2018-06-19,2.5077038215358223
2018-06-20,0.2226950615318398
2018-06-21,0.35152594554722105
2018-06-22,0.6172219347198836
2018-06-23,0.6983977445170686
2018-06-24,1.484368035276977
2018-06-25,6.152566378946225
2018-06-26,15.361330670230148
2018-06-27,5.644721799425755
2018-06-28,5.384869282885565
2018-06-29,3.638956458003261
2018-06-30,6.048965351890661
2018-07-01,2.484889819190553
2018-07-02,0.12924544271589855
2018-07-03,0.3930581127381433
2018-07-04,0.4637901664602036
2018-07-05,1.359459053221328
2018-07-06,0.43706904837100896
2018-07-07,0.2668931806602895
2018-07-08,1.3116505671691687
2018-07-09,6.910035267248741
2018-07-10,4.41383498636879
2018-07-11,8.024018092251506
2018-07-12,3.55418661405194
2018-07-13,7.716391499355311
2018-07-14,6.58982831169224
2018-07-15,3.059838008057317
2018-07-16,0.05877603975217655
2018-07-17,5.438626543952179
2018-07-18,2.888848729716209
2018-07-19,3.467332137704782
2018-07-20,0.8324785328017916
2018-07-21,5.884129951644029
2018-07-22,15.364312391674611
2018-07-23,5.551046641713429
2018-07-24,1.7810152652820905
2018-07-25,0.4627303111007801
2018-07-26,5.208506157015532
2018-07-27,3.2503427664894233
2018-07-28,0.7892529674121316
2018-07-29,1.7455885410078056
2018-07-30,2.5539451341475496
2018-07-31,2.1662538343400537
2018-08-01,2.9975115811551465
2018-08-02,3.4354930003078277
2018-08-03,0.592433520288572
2018-08-04,1.2438345599513054
2018-08-05,3.2586265650026673
2018-08-06,2.1682670172500145
2018-08-07,5.832560854970862
2018-08-08,7.588317671776717
2018-08-09,6.997792148827255
2018-08-10,8.089558772385748
2018-08-11,0.8686962318855191
2018-08-12,0.48334218534453854
2018-08-13,0.5727664228010496
2018-08-14,0.4940302094164718
2018-08-15,0.5910989642738432
2018-08-16,10.40627038217418
2018-08-17,9.656077535550974
2018-08-18,1.9498490396718429
2018-08-19,0.477972303293897
2018-08-20,0.4306646559393952
2018-08-21,4.075393302360028
2018-08-22,2.456344903789143
2018-08-23,0.4170555744439813
2018-08-24,0.20634222907804212
2018-08-25,1.768246071287417
2018-08-26,3.280234216412415
2018-08-27,8.500285756118167
2018-08-28,2.476821501944428
2018-08-29,1.3481380392858084
2018-08-30,1.402181651500102
2018-08-31,1.102434792994705
2018-09-01,0.5439168609814236
2018-09-02,0.3478953962636001
2018-09-03,0.8035015689183065
2018-09-04,16.08958276279366
2018-09-05,4.479628021940757
2018-09-06,0.46380441111144105
2018-09-07,0.26326218882495656
2018-09-08,0.33525136325668764
2018-09-09,0.9328312104570803
2018-09-10,1.1782152128020549
2018-09-11,0.3243317228527212
2018-09-12,1.0398508938537703
2018-09-13,1.274488539553229
2018-09-14,3.822802288836956
2018-09-15,4.531898002647057
2018-09-16,7.837536768323421
2018-09-17,4.090776153989982
2018-09-18,1.189406208529183
2018-09-19,0.9053889851792318
2018-09-20,0.28417105509630325
2018-09-21,0.25879172979540693
2018-09-22,0.6323384006634075
2018-09-23,0.4039594224923058
2018-09-24,0.29084202757766053
2018-09-25,0.4386194323539669
2018-09-26,1.8638839436259604
2018-09-27,2.0554672986109166
2018-09-28,2.0472990019176445
2018-09-29,2.6149233103337144
2018-09-30,3.641299891716424
2018-10-01,3.143314577396388
2018-10-02,10.738257286435678
2018-10-03,6.240807701606618
2018-10-04,4.425572732539714
2018-10-05,5.043014330590259
2018-10-06,11.079953856780582
2018-10-07,8.52606907472184
2018-10-08,7.309900555177329
2018-10-09,9.052345371655955
2018-10-10,9.51937396449947
2018-10-11,5.700675028943649
2018-10-12,1.2906619288264065
2018-10-13,5.918075665135671
2018-10-14,3.6884150594049685
2018-10-15,1.9933374037190654
2018-10-16,3.0084507458933296
2018-10-17,5.126686083959051
2018-10-18,2.181650187099837
2018-10-19,4.3747365572012775
2018-10-20,7.723163946476047
2018-10-21,5.023329752704885
2018-10-22,3.5651047403660865
2018-10-23,1.0812142503221203
2018-10-24,3.908486381972679
2018-10-25,5.8841459907245435
2018-10-26,8.281306954231843
2018-10-27,4.7000915283932025
2018-10-28,2.347606887737876
2018-10-29,1.6509970977185784
2018-10-30,3.027014904937314
2018-10-31,5.446048225193568
2018-11-01,5.0453616473902425
2018-11-02,2.146635216717586
2018-11-03,6.669655458724132
2018-11-04,14.038052869244062
2018-11-05,12.289594901837331
2018-11-06,8.825438582077021
2018-11-07,6.1336710669561505
2018-11-08,6.049038150540411
2018-11-09,5.033539574033478
2018-11-10,8.213880993073609
2018-11-11,14.464136899915971
2018-11-12,5.842397374360625
2018-11-13,8.032740742065466
2018-11-14,14.882128125829093
2018-11-15,16.61595036996273
2018-11-16,27.346479245391375
2018-11-17,6.472678543755049
2018-11-18,13.690916801557709
2018-11-19,26.603768702809
2018-11-20,28.63283298734793
2018-11-21,13.615314129843815
2018-11-22,6.423531230093061
2018-11-23,5.6390201133877484
2018-11-24,14.948069003749172
2018-11-25,12.35860240709284
2018-11-26,14.759465790342551
2018-11-27,15.295882337827848
2018-11-28,6.282725029652687
2018-11-29,4.977369485771034
2018-11-30,8.940796842018326
2018-12-01,8.640542897948897
2018-12-02,4.685370479115991
2018-12-03,14.964633582166805
2018-12-04,6.905442645771284
2018-12-05,5.411303245231004
2018-12-06,6.094481497681751
2018-12-07,3.5609340642487677
2018-12-08,5.26388384765586
2018-12-09,3.9393196763305136
2018-12-10,3.1859855817421407
2018-12-11,7.380138925669974
2018-12-12,3.3197198689721663
2018-12-13,3.166396524391203
2018-12-14,2.745927711334346
2018-12-15,2.020573338711239
2018-12-16,0.8942549549941258
2018-12-17,5.180976917182196
2018-12-18,7.13994472052259
2018-12-19,6.405864512606265
2018-12-20,3.244439912895096
2018-12-21,6.799272366271801
2018-12-22,7.662672584728446
2018-12-23,1.7883920471761514
2018-12-24,1.8363968943352575
2018-12-25,2.92778085469414
2018-12-26,1.2622447091328168
2018-12-27,5.528808355362784
2018-12-28,2.0415916623490418
2018-12-29,1.6998267083359644
2018-12-30,2.449710743692123
2018-12-31,1.867814003052065
2019-01-01,0.826024234733926
2019-01-02,0.3825568400018166
2019-01-03,2.814467453505801
2019-01-04,2.3758613348921203
2019-01-05,4.54105026621112
2019-01-06,5.711147730420344
2019-01-07,19.415773172629205
2019-01-08,26.78789574034761
2019-01-09,7.357858377143823
2019-01-10,6.995657751467908
2019-01-11,16.809102686675725
2019-01-12,8.250698576222266
2019-01-13,13.142061735011056
2019-01-14,5.011667121106662
2019-01-15,5.517743455471123
2019-01-16,4.713492515812288
2019-01-17,5.418978142696275
2019-01-18,4.8806255070891975
2019-01-19,4.69188266529271
2019-01-20,7.916050952379184
2019-01-21,4.953908961837557
2019-01-22,2.133029982435177
2019-01-23,2.728515231728513
2019-01-24,2.785840525663358
2019-01-25,6.768990323950052
2019-01-26,1.802082783708546
2019-01-27,1.895501284928955
2019-01-28,8.865527641027048
2019-01-29,9.730760992867264
2019-01-30,29.305165942043466
2019-01-31,4.9073510915799075
2019-02-01,4.592470886816911
2019-02-02,7.2058006861965
2019-02-03,16.13127163384551
2019-02-04,5.722956427613442
2019-02-05,8.453239699683296
2019-02-06,9.50549129069333
2019-02-07,4.932791165910464
2019-02-08,8.716128040105996
2019-02-09,8.426818096135712
2019-02-10,8.102727787829926
2019-02-11,4.6835842175743405
2019-02-12,9.694293213454552
2019-02-13,6.850130790973979
2019-02-14,2.470187994493574
2019-02-15,4.8167742284801935
2019-02-16,5.4256658279584995
2019-02-17,2.87223303654768
2019-02-18,2.8339130577885823
2019-02-19,6.0691171182192445
2019-02-20,15.946638365954609
2019-02-21,5.551136748066682
2019-02-22,1.498984837026148
2019-02-23,6.558964311715088
2019-02-24,10.696226136547605
2019-02-25,15.880310421496343
2019-02-26,14.988111344342835
2019-02-27,12.893185410882474
2019-02-28,8.087226028086958
2019-03-01,9.602919938316447
2019-03-02,16.25436302237359
2019-03-03,7.361143041022753
2019-03-04,5.496297749338163
2019-03-05,3.4578314574507623
2019-03-06,2.9561098734311164
2019-03-07,4.49229868287169
2019-03-08,2.9164767608735356
2019-03-09,3.4532347988884347
2019-03-10,6.579389024255151
2019-03-11,10.457181545881665
2019-03-12,2.21081320904588
2019-03-13,9.904120490549001
2019-03-14,5.177560704825567
2019-03-15,5.835115060588893
2019-03-16,4.058121316866412
2019-03-17,5.1723987255145705
2019-03-18,8.594528801930847
2019-03-19,9.017845325161039
2019-03-20,12.904230616140492
2019-03-21,11.052151006831444
2019-03-22,34.5748190300502
2019-03-23,12.483890218963078
2019-03-24,9.454635005740359
2019-03-25,8.64684564783593
2019-03-26,4.650503777183082
2019-03-27,7.718392430929805
2019-03-28,7.327121054676291
2019-03-29,8.680348694061175
2019-03-30,13.39440453774171
2019-03-31,5.224601986766883
2019-04-01,6.201321633620865
2019-04-02,15.27009496998433
2019-04-03,26.12333038711301
2019-04-04,15.002472155167613
2019-04-05,8.829500387080653
2019-04-06,14.885041847630328
2019-04-07,7.787543753252979
2019-04-08,11.764385136235536
2019-04-09,2.030739255148293
2019-04-10,3.073290564915368
2019-04-11,2.2920796502268854
2019-04-12,3.185947302423936
2019-04-13,6.014852869181119
2019-04-14,2.3454814983648644
2019-04-15,6.062552935985326
2019-04-16,1.487779210659736
2019-04-17,2.7155900959590267
2019-04-18,4.541049002728156
2019-04-19,9.55499296133812
2019-04-20,8.39074831107948
2019-04-21,5.268810732922389
2019-04-22,9.77280354049898
2019-04-23,11.731911272362236
2019-04-24,8.169579544618845
2019-04-25,16.67927566905918
2019-04-26,1.8993295948111983
2019-04-27,4.184084231348911
2019-04-28,1.5978918447958368
2019-04-29,2.4849136944337773
2019-04-30,2.066631312028176
2019-05-01,1.0435944822194747
2019-05-02,1.2151329027885318
2019-05-03,0.9602102104141885
2019-05-04,0.8170116841969303
2019-05-05,4.649216057282209
2019-05-06,16.680411905360092
2019-05-07,4.2199760922104534
2019-05-08,2.3664445319880785
2019-05-09,5.008749774601934
2019-05-10,2.46992567938119
2019-05-11,0.7117091059204985
2019-05-12,4.201190438189251
2019-05-13,6.383322119583352
2019-05-14,5.176442095054971
2019-05-15,12.809222414762141
2019-05-16,3.736514251270501
2019-05-17,1.92266022147889
2019-05-18,4.606992226679077
2019-05-19,13.944498872015252
2019-05-20,8.518209240184612
2019-05-21,4.151843472580096
2019-05-22,2.686966461968849
2019-05-23,2.685344525737462
2019-05-24,0.9702763531001461
2019-05-25,4.396170685648948
2019-05-26,10.667557031056328
2019-05-27,3.8544094450273745
2019-05-28,1.0899070373166326
2019-05-29,1.8596690554959532
2019-05-30,3.548287612756383
2019-05-31,1.8999458020015687
2019-06-01,2.979492592991404
2019-06-02,2.0646676205383683
2019-06-03,5.413501848703512
2019-06-04,5.229912620758862
2019-06-05,17.384667881611072
2019-06-06,1.9300161756695116
2019-06-07,0.3644123387714503
2019-06-08,2.2863103340604285
2019-06-09,5.542715798700056
2019-06-10,10.215977797582257
2019-06-11,5.485380118051142
2019-06-12,2.997303198448026
2019-06-13,1.4941154115880233
2019-06-14,2.0267258653291775
2019-06-15,1.3449789338821885
2019-06-16,8.016827480287727
2019-06-17,9.440131777617502
2019-06-18,8.54945526543677
2019-06-19,2.685266376691111
2019-06-20,12.414162421979222
2019-06-21,15.348772389152028
2019-06-22,6.43085707532073
2019-06-23,11.937379759635178
2019-06-24,6.623352783977718
2019-06-25,0.9313105783150407
2019-06-26,4.347541346230623
2019-06-27,2.655210223381878
2019-06-28,3.1548956055301396
2019-06-29,9.194785515215967
2019-06-30,4.299014805878102
2019-07-01,0.5491425594748013
2019-07-02,0.6168553598179288
2019-07-03,0.493003055594742
2019-07-04,1.2870772499657583
2019-07-05,1.1516903837671673
2019-07-06,12.865976553627368
2019-07-07,5.717977292705672
2019-07-08,9.330066356447835
2019-07-09,3.9527105559958975
2019-07-10,0.3639387409526111
2019-07-11,0.32169276052862306
2019-07-12,1.8529534773390364
2019-07-13,4.722772057647175
2019-07-14,7.641053902218925
2019-07-15,1.7061211738493005
2019-07-16,0.4715548127570005
2019-07-17,13.652703565228277
2019-07-18,5.2731956997206675
2019-07-19,6.232425035645787
2019-07-20,8.545341281991684
2019-07-21,6.965091749386376
2019-07-22,2.9779100060023964
2019-07-23,3.6940937853563485
2019-07-24,4.04917966552146
2019-07-25,1.5455876267148074
2019-07-26,1.8866752376950344
2019-07-27,12.593217263868397
2019-07-28,4.8554917793627315
2019-07-29,0.17338077381906775
2019-07-30,0.15788164747012928
2019-07-31,0.09656879132727608
2019-08-01,0.11093481341635193
2019-08-02,0.6007577158272545
2019-08-03,6.0569526951136865
2019-08-04,12.408083130082398
2019-08-05,1.808717480701293
2019-08-06,0.43816994503677914
2019-08-07,0.45198141670682784
2019-08-08,0.9316815924545849
2019-08-09,1.9837964116299358
2019-08-10,1.809178885089479
2019-08-11,2.5206271224737615
2019-08-12,4.1445667030857685
2019-08-13,2.3793518806999003
2019-08-14,17.306740946003522
2019-08-15,14.259373923759807
2019-08-16,0.2476074735548435
2019-08-17,0.3669725646008772
2019-08-18,0.7157092218799515
2019-08-19,1.2260882647979483
2019-08-20,0.7557362967801112
2019-08-21,3.102130438239451
2019-08-22,6.731513309147447
2019-08-23,7.531714044886396
2019-08-24,7.403739457642287
2019-08-25,0.436571277176442
2019-08-26,0.6076745706562368
2019-08-27,1.7663844770887789
2019-08-28,15.799586141605479
2019-08-29,1.9505487371527104
2019-08-30,0.12051167565549474
2019-08-31,0.20924430989716428
2019-09-01,0.2250008700992439
2019-09-02,0.12531804571333885
2019-09-03,1.612770699071525
2019-09-04,1.0364848209161612
2019-09-05,3.6256902268692395
2019-09-06,6.639674950642022
2019-09-07,0.4119640675209514
2019-09-08,0.26338382478826794
2019-09-09,0.2102213400046983
2019-09-10,0.40963279719785534
2019-09-11,0.7345140471401587
2019-09-12,4.3384203020238274
2019-09-13,4.976338471056649
2019-09-14,15.28574798184541
2019-09-15,2.846634472156042
2019-09-16,0.5050065661084995
2019-09-17,0.5172534707524594
2019-09-18,3.4333141052008975
2019-09-19,7.538126256409966
2019-09-20,5.491188646156708
2019-09-21,5.342359514648871
2019-09-22,0.47448738346936986
2019-09-23,0.3388095622912088
2019-09-24,12.102413749588463
2019-09-25,4.473222776996878
2019-09-26,0.448538163773729
2019-09-27,0.3930392270477479
2019-09-28,3.4791965189847804
2019-09-29,5.085494380866632
2019-09-30,13.512345178993227
2019-10-01,5.059733089922022
2019-10-02,7.202662682963434
2019-10-03,4.218209698401153
2019-10-04,4.801686593200633
2019-10-05,1.6103888238266955
2019-10-06,6.639759168316889
2019-10-07,12.564570400788917
2019-10-08,18.935732590878295
2019-10-09,2.3833736481809953
2019-10-10,3.730959575895829
2019-10-11,1.0802800802441146
2019-10-12,2.4876884590086425
2019-10-13,4.741294576119177
2019-10-14,1.2092598438321143
2019-10-15,2.227717316651359
2019-10-16,2.2940103242664214
2019-10-17,3.3685116866908986
2019-10-18,10.922940197592663
2019-10-19,7.155187054473491
2019-10-20,6.097207534004307
2019-10-21,4.8712893343974795
2019-10-22,5.133909900292959
2019-10-23,10.666353523194722
2019-10-24,13.23687161904314
2019-10-25,2.831173333425988
2019-10-26,3.0710568552689237
2019-10-27,3.283725304496397
2019-10-28,1.4674205844386634
2019-10-29,1.574845835521943
2019-10-30,3.574747155188573
2019-10-31,4.440177296241564
2019-11-01,8.108218193033347
2019-11-02,6.562844438174108
2019-11-03,4.309377742864625
2019-11-04,5.6887300094354645
2019-11-05,3.982601360655399
2019-11-06,8.056977979187648
2019-11-07,4.682394019409032
2019-11-08,2.499873101568219
2019-11-09,2.6181811317420265
2019-11-10,8.886943978646455
2019-11-11,19.14823000212113
2019-11-12,8.273856289629677
2019-11-13,21.007854940408055
2019-11-14,13.379872615863901
2019-11-15,9.320799198814342
2019-11-16,4.783732740577045
2019-11-17,7.357744360675236
2019-11-18,6.019953531668193
2019-11-19,5.277130056626071
2019-11-20,1.2253934038157017
2019-11-21,6.193097329126314
2019-11-22,8.367832014254265
2019-11-23,11.311621498973956
2019-11-24,6.662606841696633
2019-11-25,3.256146419306691
2019-11-26,2.092595820148493
2019-11-27,1.4222458507259195
2019-11-28,1.3430372376787643
2019-11-29,4.366003346011355
2019-11-30,5.547335881272247
2019-12-01,14.076306927297953
2019-12-02,7.481298445976134
2019-12-03,7.861391477644516
2019-12-04,13.236963008513372
2019-12-05,29.878172650904972
2019-12-06,18.52296450743869
2019-12-07,16.65732198437196
2019-12-08,14.729401507023859
2019-12-09,10.107790765369248
2019-12-10,6.65038176052336
2019-12-11,7.756701560192811
2019-12-12,26.458396320005274
2019-12-13,6.530084611954111
2019-12-14,4.031685943284087
2019-12-15,11.122418843660125
2019-12-16,2.0042724081381618
2019-12-17,5.9540852768292885
2019-12-18,9.672120980296087
2019-12-19,6.664856597334224
2019-12-20,7.781290878219578
2019-12-21,4.159870355861932
2019-12-22,2.620004215037861
2019-12-23,5.117432079596529
2019-12-24,2.416341582593093
2019-12-25,4.075348365129052
2019-12-26,7.054998502118304
2019-12-27,1.8385372211353692
2019-12-28,4.552094719376241
2019-12-29,6.0757219957742405
2019-12-30,7.857546135697228
2019-12-31,14.84030544412677
2020-01-01,12.41630661232052
2020-01-02,21.397582431429246
2020-01-03,12.208425133200175
2020-01-04,3.326110361502098
2020-01-05,5.1186675244650015
2020-01-06,6.421459319187039
2020-01-07,5.644763236355786
2020-01-08,3.692733061522736
2020-01-09,0.9543124212640702
2020-01-10,1.0332442360103908
2020-01-11,4.123537538761122
2020-01-12,3.0091400637660315
2020-01-13,2.1058282532895163
2020-01-14,3.2667092092398016
2020-01-15,3.241672011736658
2020-01-16,2.66861175477768
2020-01-17,14.033586457032305
2020-01-18,14.679632605176895
2020-01-19,7.714932388780084
2020-01-20,7.786453260634684
2020-01-21,12.118767282702786
2020-01-22,3.773845732503686
2020-01-23,1.746236311971424
2020-01-24,5.130423503490901
2020-01-25,28.091969450402356
2020-01-26,14.90901535871146
2020-01-27,5.688301715618881
2020-01-28,2.9262527080712957
2020-01-29,7.892594816068661
2020-01-30,3.800209813199087
2020-01-31,1.6387044119639094
2020-02-01,4.0539208835238005
2020-02-02,3.5511492236223683
2020-02-03,9.388842774067323
2020-02-04,2.3106713923866984
2020-02-05,1.8224399863120868
2020-02-06,1.3509649144877087
2020-02-07,2.1457559712628886
2020-02-08,5.267041643156105
2020-02-09,8.69869088943731
2020-02-10,4.472027623632591
2020-02-11,0.9484131006682245
2020-02-12,1.7260236318047306
2020-02-13,1.059069653579917
2020-02-14,2.4095231026455375
2020-02-15,5.44414582135767
2020-02-16,4.433855054881099
2020-02-17,2.3239007606340594
2020-02-18,1.6021674179398968
2020-02-19,2.774729151933182
2020-02-20,9.323412500849722
2020-02-21,9.120802090745139
2020-02-22,12.08550492743257
2020-02-23,11.160351193723145
2020-02-24,27.926769776667356
2020-02-25,8.092400487439786
2020-02-26,25.493449023586912
2020-02-27,23.702638706790523
2020-02-28,13.577672770038882
2020-02-29,11.061810194514868
2020-03-01,4.657624533674262
2020-03-02,5.89263086673001
2020-03-03,3.3369047903316127
2020-03-04,3.7342172198925985
2020-03-05,5.2866405210622425
2020-03-06,6.909769817834403
2020-03-07,6.757144655833296
2020-03-08,5.139715500651988
2020-03-09,3.7640540877182276
2020-03-10,8.646757329403744
2020-03-11,9.906937343396669
2020-03-12,10.889862428116446
2020-03-13,7.329877728761956
2020-03-14,11.270876862773319
2020-03-15,3.102719663840435
2020-03-16,5.593810169107866
2020-03-17,17.17027753005261
2020-03-18,13.563460466296467
2020-03-19,13.419006448828785
2020-03-20,2.2756949581960293
2020-03-21,8.02225580842974
2020-03-22,2.745368547850185
2020-03-23,6.433078389020566
2020-03-24,4.2406475501430165
2020-03-25,3.015468427039411
2020-03-26,6.26646115786394
2020-03-27,13.914629949398359
2020-03-28,19.163675747771457
2020-03-29,10.785076389794117
2020-03-30,4.571821187838614
2020-03-31,6.693792001311584
2020-04-01,12.078125088359164
2020-04-02,14.076514280276855
2020-04-03,3.8049110688225682
2020-04-04,4.3845713331687
2020-04-05,5.0842305348568955
2020-04-06,6.993604335266035
2020-04-07,4.7582654713814625
2020-04-08,3.2556942556204453
2020-04-09,5.263646256227555
2020-04-10,6.529520368226408
2020-04-11,19.53198233962611
2020-04-12,19.136174972559306
2020-04-13,14.675736916072639
2020-04-14,11.868207981432743
2020-04-15,18.91329733740497
2020-04-16,8.800504077981214
2020-04-17,13.022567733532174
2020-04-18,13.01017700454177
2020-04-19,3.1778524297454522
2020-04-20,0.5519299265151514
2020-04-21,0.6903123801159265
2020-04-22,1.6406290383063367
2020-04-23,2.4012843659929084
2020-04-24,4.871421252384451
2020-04-25,18.217401735839
2020-04-26,5.078746714373999
2020-04-27,3.7552451322938487
2020-04-28,4.674801449495435
2020-04-29,2.1616477960510867
2020-04-30,5.727604441410539
2020-05-01,12.845285288767881
2020-05-02,8.29053310781154
2020-05-03,9.63150144464033
2020-05-04,9.651806930405124
2020-05-05,7.109092468566097
2020-05-06,1.8785372981812232
2020-05-07,7.520244805269157
2020-05-08,9.014944082797278
2020-05-09,6.160130903800334
2020-05-10,2.7294774154679584
2020-05-11,4.82043151509129
2020-05-12,13.35398584618925
2020-05-13,11.678883667116747
2020-05-14,2.2995696065818554
2020-05-15,2.29346289789405
2020-05-16,13.525742105927494
2020-05-17,7.34444491271097
2020-05-18,3.604387677343172
2020-05-19,3.7335158808825732
2020-05-20,2.8511620617590734
2020-05-21,4.567188723582106
2020-05-22,0.966328573947489
2020-05-23,1.0461304341029518
2020-05-24,3.7363591053345027
2020-05-25,5.642850697380018
2020-05-26,9.936411011896238
2020-05-27,1.8928003592227947
2020-05-28,1.4550044795505315
2020-05-29,4.175750262754109
2020-05-30,8.24049779244963
2020-05-31,4.549068114287095
2020-06-01,5.347264187329991
2020-06-02,5.793718382541047
2020-06-03,8.81284381721561
2020-06-04,3.4653889072833963
2020-06-05,6.579346449592949
2020-06-06,1.5893017767792235
2020-06-07,0.38433831720600564
2020-06-08,0.638022221106043
2020-06-09,0.7460873393364394
2020-06-10,0.3341874727482706
2020-06-11,0.17213532870157455
2020-06-12,0.5878059964695445
2020-06-13,0.7831965152979603
2020-06-14,5.744025321391824
2020-06-15,7.102226990825815
2020-06-16,4.427548730944506
2020-06-17,2.2519770647733854
2020-06-18,0.5355450719625878
2020-06-19,3.5706387977866307
2020-06-20,4.320866459239582
2020-06-21,11.333370970104754
2020-06-22,0.9357163747501713
2020-06-23,1.5807506009598
2020-06-24,1.4570655271651956
2020-06-25,1.8999351527020778
2020-06-26,6.589374442705242
2020-06-27,6.138179067354536
2020-06-28,1.105492641411583
2020-06-29,1.7892511904910782
2020-06-30,0.5028479322321512
2020-07-01,2.7153842652716413
2020-07-02,3.905687049142658
2020-07-03,4.5204525416772015
2020-07-04,3.4423054972209925
2020-07-05,3.1648981422153497
2020-07-06,4.453850842531942
2020-07-07,2.653594775246599
2020-07-08,2.3268923334275513
2020-07-09,3.4210413246637925
2020-07-10,6.1859499191103975
2020-07-11,5.526912575039062
2020-07-12,1.675847721485266
2020-07-13,3.4287999146495767
2020-07-14,4.389259117794185
2020-07-15,6.41867395734293
2020-07-16,1.2481233780114716
2020-07-17,0.04905145289692574
2020-07-18,1.3436450360530836
2020-07-19,6.696282119991404
2020-07-20,2.1151612940294453
2020-07-21,3.582244943767254
2020-07-22,1.7205215738777213
2020-07-23,2.392396286703638
2020-07-24,4.762544043736796
2020-07-25,1.65833912439612
2020-07-26,6.4528216799875695
2020-07-27,2.522020575229237
2020-07-28,0.3990996399296399
2020-07-29,2.343111275133713
2020-07-30,8.106843014880486
2020-07-31,12.461145968041205
2020-08-01,2.140217188000745
2020-08-02,0.33197856970497447
2020-08-03,1.0529843956963036
2020-08-04,0.16259515833176255
2020-08-05,0.34682209399034525
2020-08-06,2.883756165100174
2020-08-07,6.550363391214608
2020-08-08,3.551016359496146
2020-08-09,1.1858162263319247
2020-08-10,0.38777173957420313
2020-08-11,0.6041731470641838
2020-08-12,1.2016496178256102
2020-08-13,1.9482594954237527
2020-08-14,8.394414565619808
2020-08-15,3.583757424193423
2020-08-16,0.2828362679389173
2020-08-17,0.7609147758108761
2020-08-18,4.447415902638768
2020-08-19,3.5656719049763597
2020-08-20,5.54160433567625
2020-08-21,6.3478668854760585
2020-08-22,3.6086807684160815
2020-08-23,1.1462441688703764
2020-08-24,0.8239625789136276
2020-08-25,1.4480852901514643
2020-08-26,0.6137341008686472
2020-08-27,0.21142968963821754
2020-08-28,1.7074495245170114
2020-08-29,2.6614980012687663
2020-08-30,1.0008250469289965
2020-08-31,0.9848196111341405
2020-09-01,8.73584335753184
2020-09-02,1.8661122756953368
2020-09-03,3.6833767764107916
2020-09-04,5.684343000505116
2020-09-05,5.562892125739237
2020-09-06,0.8771636573029452
2020-09-07,1.7091017697614308
2020-09-08,1.5673551571369795
2020-09-09,0.9761678427505847
2020-09-10,1.6179165828420905
2020-09-11,0.8516713113500188
2020-09-12,1.0410239479429344
2020-09-13,1.417326119496634
2020-09-14,1.403913323611629
2020-09-15,1.12901448636545
2020-09-16,2.8465280831380637
2020-09-17,3.7707420669073146
2020-09-18,6.390846220371452
2020-09-19,4.889489017730837
2020-09-20,4.232383700201194
2020-09-21,0.5881028326884666
2020-09-22,0.541536360962791
2020-09-23,15.108850618476557
2020-09-24,15.01288355455935
2020-09-25,4.159593493112488
2020-09-26,0.9090065440136562
2020-09-27,1.5087234453736833
2020-09-28,3.5427190208952832
2020-09-29,3.5122071425309542
2020-09-30,6.884402643349517
2020-10-01,1.3974390290884051
2020-10-02,1.2081298886331067
2020-10-03,3.332791102383728
2020-10-04,11.438440458225454
2020-10-05,2.5046401145074575
2020-10-06,0.43722227430710187
2020-10-07,0.45224306378642265
2020-10-08,1.7461026577310195
2020-10-09,2.254914577029854
2020-10-10,0.21258493868000583
2020-10-11,0.2840705720014784
2020-10-12,1.0945013188837336
2020-10-13,0.5968916695444045
2020-10-14,2.2281013506674907
2020-10-15,1.5244549723780954
2020-10-16,4.544556143349187
2020-10-17,5.454108172121603
2020-10-18,3.3144434746892104
2020-10-19,5.931928249498591
2020-10-20,5.6541063775776506
2020-10-21,4.856179694665347
2020-10-22,4.640294851677095
2020-10-23,1.960334934616849
2020-10-24,1.6169787127640878
2020-10-25,4.46381264855334
2020-10-26,2.0315793384109773
2020-10-27,6.951659588181283
2020-10-28,7.144403831952793
2020-10-29,1.3556531987476166
2020-10-30,1.9523199402501599
2020-10-31,2.026784064609673
2020-11-01,1.8605318094985395
2020-11-02,1.0235538179141404
2020-11-03,1.1450683167053062
2020-11-04,1.1236944577397263
2020-11-05,2.460647310471029
2020-11-06,1.824418657830703
2020-11-07,3.994902211806711
2020-11-08,3.3253589395383587
2020-11-09,2.5488768670271664
2020-11-10,1.8842710971192032
2020-11-11,7.662613712914908
2020-11-12,9.088098614393608
2020-11-13,6.5702743216248205
2020-11-14,8.60996942181022
2020-11-15,12.393302289026094
2020-11-16,14.305679240926892
2020-11-17,12.163591231858794
2020-11-18,6.849567508930845
2020-11-19,11.350651314285908
2020-11-20,16.747746982935826
2020-11-21,11.79086150960013
2020-11-22,7.2048535057493375
2020-11-23,4.4101165633455395
2020-11-24,5.909430392726332
2020-11-25,1.9180745594737374
2020-11-26,2.51340507732291
2020-11-27,7.323136577637699
2020-11-28,8.31505579038941
2020-11-29,5.72942060859937
2020-11-30,8.318472198139526
2020-12-01,6.927287771396027
2020-12-02,7.2215888857588535
2020-12-03,10.274564094589413
2020-12-04,11.774261865884084
2020-12-05,17.752313214064596
2020-12-06,6.799529432215723
2020-12-07,3.0799330760898735
2020-12-08,9.66298337342645
2020-12-09,8.159311556472504
2020-12-10,6.156350292841931
2020-12-11,14.02900577749684
2020-12-12,12.106362625880717
2020-12-13,7.654740237295117
2020-12-14,7.234791769079929
2020-12-15,11.546694564334132
2020-12-16,4.475065767843664
2020-12-17,9.841503019391336
2020-12-18,7.7695033807953
2020-12-19,4.76711350943271
2020-12-20,4.745403116601995
2020-12-21,4.211025547802585
2020-12-22,7.139008736927642
2020-12-23,7.448981361068138
2020-12-24,5.6521585570669375
2020-12-25,28.290556489006953
2020-12-26,5.881377234061622
2020-12-27,4.706571674245324
2020-12-28,13.783191085637501
2020-12-29,6.807855983363441
2020-12-30,8.895587630915138
2020-12-31,5.4303390217066445
2021-01-01,8.53306799165226
2021-01-02,5.620174645716747
2021-01-03,7.754875105459208
2021-01-04,9.266284972098388
2021-01-05,12.621069114364252
2021-01-06,17.573101224844642
2021-01-07,9.424375090514692
2021-01-08,6.412180539220404
2021-01-09,6.988856921337436
2021-01-10,4.649061969140693
2021-01-11,2.070657522927749
2021-01-12,2.94948397100603
2021-01-13,3.019140846118766
2021-01-14,4.376624882168688
2021-01-15,12.276159387685253
2021-01-16,13.673943976840341
2021-01-17,5.133721737304375
2021-01-18,4.655725405573572
2021-01-19,4.986064998369769
2021-01-20,6.787158421534449
2021-01-21,7.322455300711959
2021-01-22,12.866015196733676
2021-01-23,9.309840680415169
2021-01-24,6.160932160589758
2021-01-25,5.3112014988957075
2021-01-26,5.79579718640056
2021-01-27,3.929505226621841
2021-01-28,4.436683866041877
2021-01-29,11.672773841109679
2021-01-30,7.49367579326893
2021-01-31,3.6173800016093764
2021-02-01,4.144035322819366
2021-02-02,5.908822680973817
2021-02-03,3.811493973140482
2021-02-04,7.414653408406259
2021-02-05,5.3038499615610855
2021-02-06,3.0472296172834166
2021-02-07,4.189946079642585
2021-02-08,5.677247196615682
2021-02-09,10.683431702468775
2021-02-10,31.00247699132278
2021-02-11,12.429559639286515
2021-02-12,13.669233431935748
2021-02-13,7.9309550227449845
2021-02-14,5.166397870543647
2021-02-15,13.055696522006793
2021-02-16,17.486637527607332
2021-02-17,8.115355531069426
2021-02-18,6.2413693435145285
2021-02-19,13.531255951973456
2021-02-20,11.590082492297183
2021-02-21,13.956385250288525
2021-02-22,13.082413465796092
2021-02-23,5.354033954766374
2021-02-24,3.6554025123987905
2021-02-25,7.029841628331004
2021-02-26,3.2141910773084073
2021-02-27,5.0588594981295225
2021-02-28,12.81866430276684
2021-03-01,12.552863209081357
2021-03-02,18.43535000999656
2021-03-03,21.599269084583163
2021-03-04,12.10736651505048
2021-03-05,7.290282430201692
2021-03-06,4.66217354196868
2021-03-07,4.337160328234512
2021-03-08,9.084619640424522
2021-03-09,16.27311561299362
2021-03-10,14.362105201926642
2021-03-11,23.452535497464517
2021-03-12,10.587906688553602
2021-03-13,12.861323535578924
2021-03-14,14.753133248697575
2021-03-15,11.625397909154163
2021-03-16,22.722538650302898
2021-03-17,10.32463508714454
2021-03-18,10.881280168201364
2021-03-19,7.7967635748018385
2021-03-20,3.5738570795249682
2021-03-21,7.151328034059784
2021-03-22,12.511789395910734
2021-03-23,11.86796602195752
2021-03-24,12.738571954482257
2021-03-25,6.6367022880648
2021-03-26,7.818787699811091
2021-03-27,5.837149035207413
2021-03-28,7.075404062367144
2021-03-29,5.785580538851311
2021-03-30,7.1611079246952825
2021-03-31,3.464749513224046
2021-04-01,5.869076502718192
2021-04-02,2.368599045991737
2021-04-03,12.038892244599165
2021-04-04,6.968279150909743
2021-04-05,5.239857175627356
2021-04-06,4.000597731679517
2021-04-07,3.094145762675062
2021-04-08,2.1819334265872365
2021-04-09,1.512132506407115
2021-04-10,3.2217984016125003
2021-04-11,4.592758528653217
2021-04-12,3.347869058309323
2021-04-13,2.1174590877719353
2021-04-14,3.525969051800376
2021-04-15,6.328958704914179
2021-04-16,7.363291586769093
2021-04-17,5.0852297564254085
2021-04-18,2.8889505017499575
2021-04-19,7.15818985130043
2021-04-20,7.010670322086098
2021-04-21,5.877323547667145
2021-04-22,3.4058789131676654
2021-04-23,6.317398858241749
2021-04-24,7.217175280998326
2021-04-25,6.3638596579953
2021-04-26,6.9156360590916846
2021-04-27,14.835119041684003
2021-04-28,23.438216376758117
2021-04-29,7.558510330241782
2021-04-30,20.53682249306688
2021-05-01,13.510281403811174
2021-05-02,4.813741794415708
2021-05-03,8.751247050056737
2021-05-04,5.847310967615648
2021-05-05,3.543875773416119
2021-05-06,3.0674120392856303
2021-05-07,7.284816745622655
2021-05-08,21.934478374039514
2021-05-09,9.675669185830486
2021-05-10,7.20192154831796
2021-05-11,3.272790060231335
2021-05-12,1.9766777936797275
2021-05-13,5.804659441919037
2021-05-14,4.3652905544537735
2021-05-15,12.190620172005167
2021-05-16,18.05858834019055
2021-05-17,10.290401923824806
2021-05-18,16.219006053947606
2021-05-19,1.0599703295902227
2021-05-20,1.5424267592030765
2021-05-21,2.035634046635021
2021-05-22,5.824783913538282
2021-05-23,9.153150185536425
2021-05-24,4.025102250460317
2021-05-25,12.009578049567612
2021-05-26,1.7256554925677197
2021-05-27,0.6866566070220184
2021-05-28,0.6017120754051626
2021-05-29,1.0368357858694766
2021-05-30,6.23119083888526
2021-05-31,10.39837378513768
2021-06-01,2.9447362857118464
2021-06-02,1.049404549285485
2021-06-03,1.3726464522453306
2021-06-04,2.7955274337860088
2021-06-05,2.295517176893909
2021-06-06,8.421166999186642
2021-06-07,5.7631116452363
2021-06-08,6.442788034989328
2021-06-09,0.6243178464075692
2021-06-10,0.929514777145296
2021-06-11,2.2193643536959837
2021-06-12,2.974049084024879
2021-06-13,9.501673820039741
2021-06-14,3.483965545971922
2021-06-15,3.280559711757279
2021-06-16,6.67909083364128
2021-06-17,4.708257065199748
2021-06-18,4.2713869268869376
2021-06-19,21.767435025221417
2021-06-20,15.008741574591106
2021-06-21,3.2397300769875574
2021-06-22,1.0925465418941398
2021-06-23,0.9158612638856252
2021-06-24,0.4470225299047614
2021-06-25,2.4684757296301743
2021-06-26,2.9234807041314346
2021-06-27,1.3138021187789881
2021-06-28,2.7846703856298314
2021-06-29,1.3659372981153748
2021-06-30,14.496192687660669
2021-07-01,4.3592358293597755
2021-07-02,1.1398254992234265
2021-07-03,0.6614149806367929
2021-07-04,0.28480360957893114
2021-07-05,0.09921890918545935
2021-07-06,0.23645009146490564
2021-07-07,0.6757531430172039
2021-07-08,2.3740687254172843
2021-07-09,9.61141419640127
2021-07-10,10.496144926846698
2021-07-11,11.843258194872135
2021-07-12,1.0060802299197746
2021-07-13,1.6585054446851535
2021-07-14,0.904616999164714
2021-07-15,0.6582808784122423
2021-07-16,1.714369242098438
2021-07-17,2.7895785140134595
2021-07-18,12.189889362351574
2021-07-19,14.873124098386704
2021-07-20,14.132985959917345
2021-07-21,4.658604304813487
2021-07-22,6.139846081722478
2021-07-23,1.982661100225094
2021-07-24,0.5415035906287234
2021-07-25,1.21460951597766
2021-07-26,2.7230833157676386
2021-07-27,1.2738403727501524
2021-07-28,1.3903598343441337
2021-07-29,2.865707520602945
2021-07-30,4.928417616868968
2021-07-31,2.675887131750542
2021-08-01,5.287552435872769
2021-08-02,8.95784990716782
2021-08-03,2.6001440607667927
2021-08-04,0.3360740354441502
2021-08-05,0.10621309624381611
2021-08-06,0.4433147557408032
2021-08-07,0.39405110171933955
2021-08-08,0.39065021045981274
2021-08-09,2.0558951393862794
2021-08-10,4.100537496317725
2021-08-11,4.290783344144759
2021-08-12,1.425602358033264
2021-08-13,1.6128430461993752
2021-08-14,1.3925903357573233
2021-08-15,3.0718118266913033
2021-08-16,4.928296830362416
2021-08-17,4.222282505130421
2021-08-18,1.9122938020947242
2021-08-19,2.384889521928024
2021-08-20,0.42504103341676336
2021-08-21,0.7034043577113773
2021-08-22,2.091921013777439
2021-08-23,1.1009365357654635
2021-08-24,1.494354141641188
2021-08-25,4.868597344053417
2021-08-26,2.3492908518857316
2021-08-27,1.5243728901886087
2021-08-28,2.0075332892987547
2021-08-29,1.6407707771987639
2021-08-30,7.601672945043679
2021-08-31,5.176879133146356
2021-09-01,1.060458560511855
2021-09-02,3.6725184148312824
2021-09-03,1.1317101634641067
2021-09-04,1.5250316053367037
2021-09-05,0.6259209879873663
2021-09-06,4.90167126066684
2021-09-07,1.6847072468050892
2021-09-08,6.180328408524288
2021-09-09,1.7934655546407694
2021-09-10,1.1248954425460025
2021-09-11,3.8283826803525582
2021-09-12,5.27619785994203
2021-09-13,3.160408396052759
2021-09-14,0.9292050999319893
2021-09-15,1.080850781693838
2021-09-16,0.6182001501590028
2021-09-17,1.22599924501708
2021-09-18,3.0272083570694845
2021-09-19,1.5610715829549835
2021-09-20,2.0935700329246782
2021-09-21,4.420527686042758
2021-09-22,10.830723169269215
2021-09-23,4.84313550425333
2021-09-24,3.000915233970994
2021-09-25,5.819745367360259
2021-09-26,2.0696295534286495
2021-09-27,0.40339413124804013
2021-09-28,0.9546810083838361
2021-09-29,4.074803571352056
2021-09-30,1.9403010234599662
2021-10-01,3.1689526497008598
2021-10-02,2.9045268906154216
2021-10-03,3.59266967518643
2021-10-04,5.742792971078602
2021-10-05,12.283810892047317
2021-10-06,5.2953833366103575
2021-10-07,9.373696520783126
2021-10-08,1.5949983447077272
2021-10-09,2.640791562670083
2021-10-10,7.882467796449664
2021-10-11,6.7613501794243085
2021-10-12,4.58942741469011
2021-10-13,5.045417914340595
2021-10-14,1.424052020138062
2021-10-15,4.071618828641126
2021-10-16,7.3669543863927
2021-10-17,12.845865062403451
2021-10-18,6.975014127428111
2021-10-19,6.015741936401152
2021-10-20,10.297632161283175
2021-10-21,18.018270020459934
2021-10-22,10.32147917957286
2021-10-23,10.614950738446812
2021-10-24,6.192069654856141
2021-10-25,10.987676702992893
2021-10-26,11.476942875694114
2021-10-27,12.095547832570201
2021-10-28,8.013390629806965
2021-10-29,7.12308122529845
2021-10-30,2.8629985606600394
2021-10-31,2.6737933077313585
2021-11-01,9.90483862490686
2021-11-02,13.05665134986222
2021-11-03,13.809076713031732
2021-11-04,11.438674947012029
2021-11-05,8.708116682101135
2021-11-06,10.027011890406039
2021-11-07,3.2626349423678667
2021-11-08,8.998226784354882
2021-11-09,10.761216346082122
2021-11-10,5.94136661252407
2021-11-11,8.747460964695259
2021-11-12,11.0330506826322
2021-11-13,13.388600615913388
2021-11-14,10.521931154894109
2021-11-15,10.90880465081776
2021-11-16,13.892044213753323
2021-11-17,13.543295624829293
2021-11-18,17.428751481181806
2021-11-19,14.84147271463451
2021-11-20,9.450454044377237
2021-11-21,6.6938513758413585
2021-11-22,3.3570910782259697
2021-11-23,8.258245397760383
2021-11-24,12.510583876128154
2021-11-25,21.668795024737925
2021-11-26,12.729876551869626
2021-11-27,2.9728506732925917
2021-11-28,1.44334451673492
2021-11-29,9.206781110725318
2021-11-30,17.62043396187922
2021-12-01,11.70826762491421
2021-12-02,3.5041225391130606
2021-12-03,6.208270568346677
2021-12-04,6.772746655476703
2021-12-05,9.117682898073932
2021-12-06,7.156672667627824
2021-12-07,5.932509088888725
2021-12-08,1.7740619292119089
2021-12-09,6.210633873440229
2021-12-10,10.491593998612158
2021-12-11,27.754897121536473
2021-12-12,21.18645888479616
2021-12-13,22.409504429077153
2021-12-14,12.1901105710118
2021-12-15,5.574496916992195
2021-12-16,15.133985284792546
2021-12-17,11.177315986337478
2021-12-18,9.523888324150525
2021-12-19,8.081660275488616
2021-12-20,6.256069755414286
2021-12-21,15.859701883249224
2021-12-22,12.995494877929962
2021-12-23,8.398975032148403
2021-12-24,10.534494971246804
2021-12-25,9.349115403921111
2021-12-26,8.206384824986795
2021-12-27,2.2407878193219823
2021-12-28,3.355623484648611
2021-12-29,5.289696043605155
2021-12-30,2.9987180832570277
2021-12-31,1.5187215655573367
2022-01-01,3.0374029480051212
2022-01-02,5.492801235236124
2022-01-03,2.971504795912188
2022-01-04,5.368776161729162
2022-01-05,15.227494010151135
2022-01-06,15.403192072757774
2022-01-07,1.3771571305638077
2022-01-08,1.176794446205367
2022-01-09,4.342565409099535
2022-01-10,10.570495192720173
2022-01-11,3.958248701643502
2022-01-12,6.2999471448369215
2022-01-13,9.805483817385308
2022-01-14,7.130349716387265
2022-01-15,5.147244073048288
2022-01-16,2.202220374816044
2022-01-17,1.432408226254759
2022-01-18,2.426936109446812
2022-01-19,3.0778562543296046
2022-01-20,3.271155420178591
2022-01-21,2.7267369109564195
2022-01-22,7.687177189558296
2022-01-23,13.169555034386876
2022-01-24,13.739654169496097
2022-01-25,13.546090115887258
2022-01-26,18.73382171480881
2022-01-27,12.571828140799246
2022-01-28,16.661579279615804
2022-01-29,4.503634706398417
2022-01-30,11.439059520862148
2022-01-31,9.381504683299914
2022-02-01,7.557237155424403
2022-02-02,4.005560310122835
2022-02-03,2.694152777504478
2022-02-04,7.841560923921427
2022-02-05,14.95712816600907
2022-02-06,11.919041634215425
2022-02-07,9.461290427839652
2022-02-08,24.120792083193617
2022-02-09,4.838646659543765
2022-02-10,11.89988252101255
2022-02-11,12.20692365476759
2022-02-12,11.370662187641033
2022-02-13,10.675012469455341
2022-02-14,8.362154675875734
2022-02-15,11.905637542336212
2022-02-16,7.710504050053498
2022-02-17,6.529928378467181
2022-02-18,13.20071753666933
2022-02-19,4.016502712150564
2022-02-20,1.771772970666401
2022-02-21,3.472243976200148
2022-02-22,7.724096550366783
2022-02-23,6.887863375247794
2022-02-24,11.314738216808584
2022-02-25,9.637723670096111
2022-02-26,16.988548268585838
2022-02-27,12.53639771224007
2022-02-28,8.63721575750064
2022-03-01,10.067142227650303
2022-03-02,11.423238190537749
2022-03-03,15.242026058497462
2022-03-04,8.361757500406044
2022-03-05,13.308324005633738
2022-03-06,16.344833833918685
2022-03-07,10.960736357886608
2022-03-08,7.062647214184968
2022-03-09,8.667445616089873
2022-03-10,6.731828088918399
2022-03-11,7.708626731632445
2022-03-12,15.414080340029557
2022-03-13,12.368878903360159
2022-03-14,33.14490631260332
2022-03-15,8.920809888416073
2022-03-16,15.06006963418041
2022-03-17,18.89227114917083
2022-03-18,11.8754029486715
2022-03-19,13.391989260092235
2022-03-20,8.574927363521407
2022-03-21,11.791507041412313
2022-03-22,7.373746458447046
2022-03-23,7.146854237919857
2022-03-24,7.846338869280066
2022-03-25,5.050577494118465
2022-03-26,12.995587692272327
2022-03-27,18.215948799635164
2022-03-28,7.083288846032946
2022-03-29,8.215166752711278
2022-03-30,8.613649839166897
2022-03-31,8.87809454154584
2022-04-01,12.60563676995563
2022-04-02,9.45186630599786
2022-04-03,4.546149633566921
2022-04-04,4.170000859089154
2022-04-05,2.1881458427245444
2022-04-06,3.727126928854505
2022-04-07,4.326391807599851
2022-04-08,4.032310275211721
2022-04-09,10.049324081267947
2022-04-10,9.351940419219675
2022-04-11,4.277713176184451
2022-04-12,5.599350891091014
2022-04-13,4.019540629568671
2022-04-14,8.258129343672215
2022-04-15,5.726439232859058
2022-04-16,3.8032196821638227
2022-04-17,6.225139698934954
2022-04-18,13.949855416062194
2022-04-19,42.38864021199066
2022-04-20,14.617688363510126
2022-04-21,19.13651801597281
2022-04-22,6.31978844746755
2022-04-23,7.796314699879348
2022-04-24,10.72424761427662
2022-04-25,8.547482507229184
2022-04-26,2.599251910226595
2022-04-27,3.139361734145778
2022-04-28,6.793745504224728
2022-04-29,7.247530519339484
2022-04-30,18.83771038346628
2022-05-01,1.3266018403605315
2022-05-02,1.3499143581852404
2022-05-03,1.773864046679478
2022-05-04,4.84894234623146
2022-05-05,8.251408570488113
2022-05-06,7.8628597353484
2022-05-07,3.212267043415112
2022-05-08,2.779775048641475
2022-05-09,2.190244909024933
2022-05-10,3.544981963347629
2022-05-11,5.992099745451341
2022-05-12,10.834387010852353
2022-05-13,12.832563658961458
2022-05-14,5.0754995902417335
2022-05-15,6.806658393783031
2022-05-16,4.156595172885056
2022-05-17,8.726739364728013
2022-05-18,11.74357865187577
2022-05-19,5.313598295624646
2022-05-20,2.34070053308969
2022-05-21,2.318533827692608
2022-05-22,2.192344008411567
2022-05-23,7.477782520092798
2022-05-24,4.09059146985129
2022-05-25,5.9354528164780005
2022-05-26,9.311237607628044
2022-05-27,6.418227546306844
2022-05-28,2.4562104248884404
2022-05-29,1.3551558944489974
2022-05-30,1.6199383759899153
2022-05-31,0.9462301792159459
2022-06-01,3.537770591823899
2022-06-02,4.062697280506511
2022-06-03,7.364269377280683
2022-06-04,6.920589994838189
2022-06-05,1.679745577391521
2022-06-06,2.8946800961066184
2022-06-07,7.340171811318836
2022-06-08,6.645427693881611
2022-06-09,7.605073669732766
2022-06-10,11.73898531790295
2022-06-11,13.413070929447771
2022-06-12,4.788684644935161
2022-06-13,0.7697973585593214
2022-06-14,1.0412731178072885
2022-06-15,1.1120400236680754
2022-06-16,1.552829434473555
2022-06-17,1.274161357691282
2022-06-18,4.766920317158301
2022-06-19,3.495848427328477
2022-06-20,1.6535755414627467
2022-06-21,0.9963323262243117
2022-06-22,5.150907870771152
2022-06-23,6.504039137213079
2022-06-24,8.440940446061868
2022-06-25,16.69323680581923
2022-06-26,5.263277257467721
2022-06-27,0.30551812594686384
2022-06-28,0.24978003135978158
2022-06-29,1.1220601179554026
2022-06-30,2.5145173925991
2022-07-01,0.6539869914058107
2022-07-02,2.6604955189500887
2022-07-03,21.040883172070707
2022-07-04,29.96974936178536
2022-07-05,4.705992305756388
2022-07-06,5.049116841849082
2022-07-07,0.6861324073189063
2022-07-08,1.0546969024618933
2022-07-09,11.656967181187348
2022-07-10,4.770696911560697
2022-07-11,0.7320677628051142
2022-07-12,2.7183460959226635
2022-07-13,2.5624723798688582
2022-07-14,1.974235460465124
2022-07-15,2.3410358675891527
2022-07-16,4.786568583359054
2022-07-17,1.9763720203697746
2022-07-18,6.392323673880355
2022-07-19,6.218769703374138
2022-07-20,2.700663214857857
2022-07-21,1.9565154110338803
2022-07-22,2.069557571042777
2022-07-23,2.0989997462469194
2022-07-24,8.537424718473734
2022-07-25,5.78040085685836
2022-07-26,5.782296757935509
2022-07-27,8.620604779216166
2022-07-28,0.9561747235818217
2022-07-29,0.2160184736724504
2022-07-30,0.4593460556812593
2022-07-31,1.23556870557886
2022-08-01,2.8064441605661083
2022-08-02,6.337292530239198
2022-08-03,1.3606657699120555
2022-08-04,3.197997013139614
2022-08-05,2.9361645394647615
2022-08-06,5.9660040507695005
2022-08-07,0.7560582568417227
2022-08-08,0.7471256130639108
2022-08-09,1.2881368233321808
2022-08-10,4.848310574278837
2022-08-11,6.5809736084133315
2022-08-12,0.556505367035
2022-08-13,0.23398393204816526
2022-08-14,0.33273517974557454
2022-08-15,0.5312467235317835
2022-08-16,1.0703746160325798
2022-08-17,1.9608550647802507
2022-08-18,1.0459764117332164
2022-08-19,3.828137596226503
2022-08-20,15.640380956824742
2022-08-21,2.961720262599511
2022-08-22,1.0221053694315065
2022-08-23,0.5288541730104066
2022-08-24,0.15080980015663187
2022-08-25,0.2211940072144807
2022-08-26,0.6374513241160075
2022-08-27,0.9282703021816623
2022-08-28,2.200872587920942
2022-08-29,8.010165369703463
2022-08-30,19.378743417630165
2022-08-31,3.272663326876809
2022-09-01,0.7819633423032327
2022-09-02,0.41682261548280336
2022-09-03,4.792115052854693
2022-09-04,1.8977970422792685
2022-09-05,4.871474015258132
2022-09-06,0.23727510137553512
2022-09-07,0.3740386270629918
2022-09-08,0.42979906926697403
2022-09-09,0.45890812016026267
2022-09-10,4.556502995995447
2022-09-11,1.862757073802151
2022-09-12,1.3134189567313175
2022-09-13,0.6202549392920588
2022-09-14,1.2141488111836278
2022-09-15,2.4358048915728654
2022-09-16,8.899006961865846
2022-09-17,5.742665150486915
2022-09-18,0.5502989735837108
2022-09-19,1.0972336054133278
2022-09-20,0.9847664757935042
2022-09-21,2.0765500893235442
2022-09-22,1.2821847465959721
2022-09-23,0.6978954020915976
2022-09-24,1.8083557371792542
2022-09-25,6.670515753418276
2022-09-26,2.9465915937200755
2022-09-27,0.3436178163552858
2022-09-28,1.138382706929054
2022-09-29,2.894640098669767
2022-09-30,2.780585871197945
2022-10-01,5.251416425001342
2022-10-02,1.8492373720244812
2022-10-03,1.1529162732405447
2022-10-04,2.1345962506456377
2022-10-05,3.386770999250918
2022-10-06,10.072080564204482
2022-10-07,6.821436188705996
2022-10-08,13.432193143247005
2022-10-09,5.650072599307314
2022-10-10,0.7679305198733085
2022-10-11,1.4706328822409742
2022-10-12,0.9265768545134184
2022-10-13,7.316124048577384
2022-10-14,5.93652567822956
2022-10-15,11.023378621444166
2022-10-16,5.6799332706703805
2022-10-17,5.259316408518208
2022-10-18,7.403921428732419
2022-10-19,6.481521432508125
2022-10-20,12.4500090912702
2022-10-21,11.526597725004416
2022-10-22,9.64338783047738
2022-10-23,10.685753818021853
2022-10-24,6.40082123841898
2022-10-25,8.798871445104643
2022-10-26,12.320204791903935
2022-10-27,6.669829933646873
2022-10-28,1.3532931772041388
2022-10-29,1.672502811006836
2022-10-30,1.811557298643049
2022-10-31,4.20419894143067
2022-11-01,3.7431006439972894
2022-11-02,15.13645593728382
2022-11-03,1.5209340159306857
2022-11-04,1.203223360180633
2022-11-05,6.866384538016237
2022-11-06,7.598989260903527
2022-11-07,1.2799078154458623
2022-11-08,4.490026160977977
2022-11-09,10.327347743368199
2022-11-10,8.977687295942951
2022-11-11,8.877133387522958
2022-11-12,10.036207147163402
2022-11-13,1.4055068120813838
2022-11-14,4.580053381479351
2022-11-15,6.300111472882751
2022-11-16,8.374374441963296
2022-11-17,5.757735360817463
2022-11-18,3.0130694423728337
2022-11-19,2.439907756814991
2022-11-20,5.688977618090374
2022-11-21,11.43357884910763
2022-11-22,14.919964574139918
2022-11-23,3.3986757289223353
2022-11-24,4.159279681933985
2022-11-25,5.401870868643017
2022-11-26,3.9118604920114626
2022-11-27,2.408057590098131
2022-11-28,0.6994561323793557
2022-11-29,3.471340346347262
2022-11-30,4.052627850322021
2022-12-01,1.015597574240823
2022-12-02,5.312708000067553
2022-12-03,9.700217522379203
2022-12-04,2.2986432757661133
2022-12-05,1.8262103363299256
2022-12-06,2.7896505839001504
2022-12-07,4.181868064099376
2022-12-08,4.335238432825349
2022-12-09,4.904035068932421
2022-12-10,7.040932163029093
2022-12-11,2.477962252435916
2022-12-12,2.72085742554876
2022-12-13,3.210281712207238
2022-12-14,2.1580018104008802
2022-12-15,0.9239176617935267
2022-12-16,2.2296677813709276
2022-12-17,17.192823877929808
2022-12-18,13.125585920624111
2022-12-19,3.696615875273782
2022-12-20,1.21415312755305
2022-12-21,1.5422486324475888
2022-12-22,1.8659370396122619
2022-12-23,1.949400224492317
2022-12-24,3.9090047879778544
2022-12-25,8.258409750531284
2022-12-26,9.247936458040314
2022-12-27,6.558497734387166
2022-12-28,1.500441582006834
2022-12-29,1.6199875705306785
2022-12-30,6.833170682521778
2022-12-31,11.836407146332055
2023-01-01,22.176723117035895
2023-01-02,11.677361454728477
2023-01-03,5.78567723210442
2023-01-04,4.747113153540162
2023-01-05,9.334681640850146
2023-01-06,8.60139429465079
2023-01-07,5.2002536721744885
2023-01-08,6.85550070712376
2023-01-09,7.590698942997709
2023-01-10,11.349420545255748
2023-01-11,19.90350246162401
2023-01-12,11.967087123078812
2023-01-13,6.558934534346763
2023-01-14,10.879865774614803
2023-01-15,10.533333862926806
2023-01-16,10.022008170988634
2023-01-17,9.117264293184084
2023-01-18,3.722338912847587
2023-01-19,19.84157809579573
2023-01-20,21.829176723336293
2023-01-21,11.940137754348196
2023-01-22,5.582063324278185
2023-01-23,1.9024055153730652
2023-01-24,5.225288908583318
2023-01-25,2.9603058430941673
2023-01-26,3.3899730810187965
2023-01-27,5.725364796898909
2023-01-28,2.3101552979724755
2023-01-29,0.922534721665778
2023-01-30,4.167113564131695
2023-01-31,11.189510268088348
2023-02-01,12.784107057971601
2023-02-02,8.693692032670636
2023-02-03,2.113299616169428
2023-02-04,1.5952075708608562
2023-02-05,2.3276923147229405
2023-02-06,4.532892177156338
2023-02-07,2.329916331323787
2023-02-08,3.408071506452034
2023-02-09,6.672822810724215
2023-02-10,5.048717312173143
2023-02-11,3.8579116394174657
2023-02-12,4.188996958283612
2023-02-13,8.313298701778322
2023-02-14,8.167729079273856
2023-02-15,5.436604337412033
2023-02-16,25.253827322083318
2023-02-17,13.515053749337929
2023-02-18,9.528814379024189
2023-02-19,5.65375068852016
2023-02-20,10.087685173958574
2023-02-21,33.750681517937224
2023-02-22,11.01709617516917
2023-02-23,7.573190273648531
2023-02-24,3.677160637200511
2023-02-25,3.7426429333465716
2023-02-26,2.879033537393106
2023-02-27,5.1977893522976535
2023-02-28,6.794227925362224
2023-03-01,3.9097182878473546
2023-03-02,3.8760697251436533
2023-03-03,4.78147915295761
2023-03-04,8.147721585499403
2023-03-05,6.503555046150566
2023-03-06,16.998249419450474
2023-03-07,10.412582656543025
2023-03-08,14.841013984494266
2023-03-09,19.00567478937603
2023-03-10,32.01306538565641
2023-03-11,19.068841870416772
2023-03-12,12.346814304886259
2023-03-13,12.722687313624508
2023-03-14,15.997503391237483
2023-03-15,9.66744393629608
2023-03-16,9.181193082815913
2023-03-17,6.671480369728148
2023-03-18,4.564655493512558
2023-03-19,2.106371384988771
2023-03-20,3.2733102916025314
2023-03-21,3.105456545922061
2023-03-22,4.343218950710521
2023-03-23,13.88736335624144
2023-03-24,30.139342593628008
2023-03-25,14.07652274695405
2023-03-26,11.681941407922071
2023-03-27,8.007272698901147
2023-03-28,4.954384430384108
2023-03-29,6.868474258122035
2023-03-30,5.342799196781711
2023-03-31,10.123244385547665
2023-04-01,4.503036941696002
2023-04-02,6.413655033271708
2023-04-03,7.48625485604178
2023-04-04,9.340545501594201
2023-04-05,11.590179197653718
2023-04-06,14.16094296060104
2023-04-07,20.82590837465896
2023-04-08,16.721429963078723
2023-04-09,4.018253534160459
2023-04-10,11.061795080997108
2023-04-11,5.453861921229636
2023-04-12,4.02229059610294
2023-04-13,5.310318492224532
2023-04-14,4.477937095236195
2023-04-15,4.274430103688345
2023-04-16,7.293110776287014
2023-04-17,18.59852886246391
2023-04-18,10.363306489556885
2023-04-19,10.749709807152588
2023-04-20,11.733830884880891
2023-04-21,12.083409124530883
2023-04-22,13.23978000571058
2023-04-23,15.022910291218555
2023-04-24,10.524711459591261
2023-04-25,13.211818241424085
2023-04-26,8.643127883365027
2023-04-27,7.744842222995351
2023-04-28,11.891295355282722
2023-04-29,4.81711445609258
2023-04-30,2.622108486504825
2023-05-01,3.532172171275796
2023-05-02,0.9314517954393258
2023-05-03,2.4031461670183436
2023-05-04,2.0384290439359862
2023-05-05,5.376327305452906
2023-05-06,3.869128059988301
2023-05-07,1.886543617068603
2023-05-08,1.615032255395656
2023-05-09,11.37336530431919
2023-05-10,7.591792826027348
2023-05-11,10.264233130047746
2023-05-12,9.687022498043177
2023-05-13,10.958898919491176
2023-05-14,7.875856805593622
2023-05-15,4.077861299274639
2023-05-16,1.0812128384404218
2023-05-17,0.5804553480635805
2023-05-18,1.1064881018004877
2023-05-19,4.675797108221057
2023-05-20,13.825116046686743
2023-05-21,4.719034386112039
2023-05-22,3.556229167229787
2023-05-23,10.144961950211895
2023-05-24,21.310311349414917
2023-05-25,10.301534993672606
2023-05-26,5.236628980464186
2023-05-27,3.6242588548858072
2023-05-28,2.5929039457692458
2023-05-29,2.119459810973173
2023-05-30,1.3950181285965535
2023-05-31,8.741507118153256
2023-06-01,26.976425562956145
2023-06-02,7.632454410942272
2023-06-03,4.982445922504541
2023-06-04,3.3328518609206226
2023-06-05,1.9702818599256793
2023-06-06,8.518959675080925
2023-06-07,7.601134590173268
2023-06-08,3.3789818534719362
2023-06-09,2.1628184244627526
2023-06-10,2.4918432638723145
2023-06-11,2.249557810914534
2023-06-12,1.526092935077824
2023-06-13,1.019341776098717
2023-06-14,7.010179588824347
2023-06-15,9.328323607387627
2023-06-16,5.551400299060261
2023-06-17,2.3481962692474903
2023-06-18,1.2632702489369583
2023-06-19,0.18976505895855486
2023-06-20,0.7101580980152067
2023-06-21,1.200531004435426
2023-06-22,0.8383854297505926
2023-06-23,1.821456628454318
2023-06-24,2.6049473306785718
2023-06-25,4.961068381542173
2023-06-26,11.778809289066684
2023-06-27,3.1832920046604585
2023-06-28,0.6736047993041099
2023-06-29,8.266596821386893
2023-06-30,8.563177960646613
2023-07-01,3.735270477829448
2023-07-02,0.6843607328739929
2023-07-03,2.143562056123377
2023-07-04,1.5369505592110622
2023-07-05,1.5503339974093984
2023-07-06,2.614322812738594
2023-07-07,3.6125510715000506
2023-07-08,5.203534723597731
2023-07-09,3.6526627745738955
2023-07-10,1.4981610424592207
2023-07-11,1.2963135071532796
2023-07-12,0.49559162137604096
2023-07-13,0.31415660755391644
2023-07-14,1.3860462606921857
2023-07-15,5.87378801322941
2023-07-16,2.2774225716004652
2023-07-17,5.471169665365945
2023-07-18,7.401737999870221
2023-07-19,1.0491539716205571
2023-07-20,14.761341081748096
2023-07-21,8.560815541458902
2023-07-22,1.3021928848771664
2023-07-23,0.43635918962502895
2023-07-24,1.4121018785184671
2023-07-25,1.7313910969711943
2023-07-26,0.6422566750307719
2023-07-27,3.3077006102300133
2023-07-28,3.946841065211415
2023-07-29,7.627725107007372
2023-07-30,8.397172473677108
2023-07-31,0.6659864070826325
2023-08-01,1.760133093159208
2023-08-02,6.004300198680129
2023-08-03,0.37554666571900785
2023-08-04,1.3294264229444404
2023-08-05,4.37817168661643
2023-08-06,2.4571278667076997
2023-08-07,1.355024939578979
2023-08-08,1.4892209325831673
2023-08-09,3.6183955265465775
2023-08-10,0.4599379032353585
2023-08-11,0.3882385271525853
2023-08-12,1.8001031600371726
2023-08-13,4.431339660647143
2023-08-14,5.0987100305187205
2023-08-15,11.366870549891235
2023-08-16,1.798956694640262
2023-08-17,0.34352541603507236
2023-08-18,0.3595916977666651
2023-08-19,0.5804941491536102
2023-08-20,3.2962078278349907
2023-08-21,6.19637273377002
2023-08-22,7.848594834964912
2023-08-23,1.6381434344445498
2023-08-24,0.22834024376558862
2023-08-25,0.5407715639896783
2023-08-26,0.24706305081524524
2023-08-27,0.414192971874364
2023-08-28,1.7837477213285065
2023-08-29,0.29137634326465056
2023-08-30,0.13285874530825564
2023-08-31,1.415180511502282
2023-09-01,0.5479656837277221
2023-09-02,0.9508276312636164
2023-09-03,1.807521784227695
2023-09-04,2.015335665609329
2023-09-05,1.7993099321599555
2023-09-06,0.4747396474891555
2023-09-07,0.15931134876694125
2023-09-08,0.1882306399183543
2023-09-09,0.5163368962467011
2023-09-10,1.0494220880857728
2023-09-11,3.2478455260494576
2023-09-12,0.8725737355837867
2023-09-13,1.2149295317763404
2023-09-14,2.3208338049950874
2023-09-15,6.999621657476841
2023-09-16,0.5597118111476511
2023-09-17,0.25654851121792527
2023-09-18,1.0082357209403545
2023-09-19,0.5134048673415778
2023-09-20,0.44813691637349284
2023-09-21,0.5003639358287696
2023-09-22,0.6445015132385411
2023-09-23,3.3018701969423074
2023-09-24,3.189766541212781
2023-09-25,3.6688416734872074
2023-09-26,2.109501421632166
2023-09-27,2.8282513127564854
2023-09-28,3.064322513711688
2023-09-29,1.4748496367560078
2023-09-30,4.153878118309408
2023-10-01,2.460621208227106
2023-10-02,2.4094679481628876
2023-10-03,1.19843948026583
2023-10-04,1.827625935853808
2023-10-05,1.7889550114733839
2023-10-06,0.8853637454304975
2023-10-07,1.287070701782918
2023-10-08,3.049099120832051
2023-10-09,4.46222621338431
2023-10-10,8.255187679578336
2023-10-11,4.838206855571299
2023-10-12,1.6316117624865452
2023-10-13,3.204068897713865
2023-10-14,4.957396118975074
2023-10-15,5.647002733421703
2023-10-16,4.334222398250459
2023-10-17,1.7781684458777063
2023-10-18,2.723119408057688
2023-10-19,2.88702740740228
2023-10-20,2.379599820689019
2023-10-21,6.348071054908857
2023-10-22,0.9598293004994403
2023-10-23,7.524603229951643
2023-10-24,5.038332339502125
2023-10-25,5.533838267975731
2023-10-26,10.912296452412496
2023-10-27,8.708505979107077
2023-10-28,6.518800631947017
2023-10-29,10.217215684010204
2023-10-30,7.146214145878704
2023-10-31,12.121158748993587
2023-11-01,7.545824832443237
2023-11-02,2.3041589374846163
2023-11-03,2.0277951414646034
2023-11-04,6.541047053796463
2023-11-05,3.0761439667925345
2023-11-06,5.929563764381638
2023-11-07,3.130895093765695
2023-11-08,1.5338702924643923
2023-11-09,3.359902456656609
2023-11-10,5.757202722097692
2023-11-11,2.0828826736599755
2023-11-12,4.527573049072975
2023-11-13,3.178090918436538
2023-11-14,3.998332472975084
2023-11-15,11.030683857182616
2023-11-16,7.987704666736609
2023-11-17,5.59936479436645
2023-11-18,10.34299952413832
2023-11-19,4.737763675048211
2023-11-20,3.5751188338608797
2023-11-21,2.346166168701938
2023-11-22,8.104042730915909
2023-11-23,13.966175022836477
2023-11-24,10.475064978683342
2023-11-25,7.75171431288269
2023-11-26,4.271001052983975
2023-11-27,3.943771502252038
2023-11-28,2.8245897014253596
2023-11-29,3.7187260178858534
2023-11-30,4.516292408383674
2023-12-01,4.2300533025155005
2023-12-02,1.521272900635166
2023-12-03,1.5838687829415865
2023-12-04,2.086427674060693
2023-12-05,5.8635796380002905
2023-12-06,4.728342292520448
2023-12-07,4.1188959260583955
2023-12-08,4.027350792718348
2023-12-09,2.3290909862398816
2023-12-10,2.71916561462473
2023-12-11,1.0505709356802972
2023-12-12,1.8877428858547998
2023-12-13,2.6044191517611632
2023-12-14,6.656563588782434
2023-12-15,15.619946315865032
2023-12-16,13.410580886386114
2023-12-17,13.072086815326971
2023-12-18,17.340409365067405
2023-12-19,12.282977590565254
2023-12-20,9.185390916103946
2023-12-21,10.869507197729408
2023-12-22,5.347105384232333
2023-12-23,9.433735030693928
2023-12-24,3.1833382526894187
2023-12-25,5.498620758999676
2023-12-26,6.165711379852306
2023-12-27,23.1697591896299
2023-12-28,14.011704673464019
2023-12-29,9.692036146370413
2023-12-30,10.393016914434584
2023-12-31,16.44741945656741
2024-01-01,14.45176187303777
2024-01-02,13.444223150172908
2024-01-03,12.134456327094737
2024-01-04,22.365607457668954
2024-01-05,4.630641500167199
2024-01-06,8.524217017329107
2024-01-07,0.849675131428679
2024-01-08,3.000404618574231
2024-01-09,5.0476907577746895
2024-01-10,4.452192875001369
2024-01-11,6.942404039321232
2024-01-12,23.484358647045454
2024-01-13,7.177360646092309
2024-01-14,3.801932325971838
2024-01-15,2.4970363944653484
2024-01-16,2.406953473968619
2024-01-17,5.791986605652852
2024-01-18,4.349502371853224
2024-01-19,1.4144680283500317
2024-01-20,5.282594222705269
2024-01-21,6.025627014423174
2024-01-22,1.731031900515607
2024-01-23,1.5854312542698965
2024-01-24,0.904156844611772
2024-01-25,1.2920250688689472
2024-01-26,1.1248441870042913
2024-01-27,2.461087915075242
2024-01-28,4.028243922362564
2024-01-29,3.571084177476342
2024-01-30,1.8841154485806777
2024-01-31,3.609594395520203
2024-02-01,5.530948158546973
2024-02-02,8.49113174808512
2024-02-03,11.84943724826179
2024-02-04,9.233244112196182
2024-02-05,7.224855933340382
2024-02-06,3.7563832539618467
2024-02-07,6.478832351179984
2024-02-08,5.922203542926573
2024-02-09,6.917597254115644
2024-02-10,6.2136916803624835
2024-02-11,2.846405664820254
2024-02-12,6.5175904633442965
2024-02-13,10.96754145772538
2024-02-14,4.132795708903366
2024-02-15,4.99245166922221
2024-02-16,4.933798656674359
2024-02-17,8.364337684296775
2024-02-18,2.234829373743133
2024-02-19,6.225515820538349
2024-02-20,8.971475117340944
2024-02-21,7.689480025054402
2024-02-22,1.818600429261253
2024-02-23,3.2334690013559424
2024-02-24,8.14590422598849
2024-02-25,13.007080353266316
2024-02-26,13.728319564102692
2024-02-27,15.776289683609429
2024-02-28,5.536278976386766
2024-02-29,9.789936475886307
2024-03-01,16.479229414273796
2024-03-02,19.820255986156248
2024-03-03,11.313259462861833
2024-03-04,5.944444156468884
2024-03-05,3.940124430316142
2024-03-06,7.581813939720258
2024-03-07,6.231049441303628
2024-03-08,5.529795731909925
2024-03-09,3.95877769391837
2024-03-10,2.5899597539184067
2024-03-11,3.9424235149969915
2024-03-12,1.2407364934304577
2024-03-13,3.4635542863701985
2024-03-14,4.447381171712869
2024-03-15,1.98257270245026
2024-03-16,2.352160678053385
2024-03-17,1.3925651187174946
2024-03-18,3.4497167932351553
2024-03-19,4.097255697759313
2024-03-20,4.710360191498233
2024-03-21,7.991578191194949
2024-03-22,14.804277279959912
2024-03-23,14.253493315780293
2024-03-24,3.907476539833207
2024-03-25,3.959439241040889
2024-03-26,7.958547372790472
2024-03-27,5.253200812338485
2024-03-28,2.6524661772071334
2024-03-29,5.479119481018584
2024-03-30,3.7349243710452997
2024-03-31,4.6899551060342715
2024-04-01,5.853337156424979
2024-04-02,24.86754618100951
2024-04-03,12.898852868344097
2024-04-04,5.180167295897238
2024-04-05,5.085206379360851
2024-04-06,2.710383814225198
2024-04-07,2.334624918777134
2024-04-08,4.01996045620109
2024-04-09,1.521820635558409
2024-04-10,0.5628307311855487
2024-04-11,2.7572010293782867
2024-04-12,1.9282926205251179
2024-04-13,3.573650867346507
2024-04-14,3.507611185151145
2024-04-15,3.8900238562705756
2024-04-16,5.566354477194842
2024-04-17,2.3414789556021405
2024-04-18,5.301456652059488
2024-04-19,18.17724935474457
2024-04-20,6.530730087869901
2024-04-21,13.719780224766726
2024-04-22,24.74565727598997
2024-04-23,13.732265680375301
2024-04-24,7.622749932687286
2024-04-25,6.065944422518809
2024-04-26,5.257009738038539
2024-04-27,10.311411704109354
2024-04-28,9.516376348070638
2024-04-29,8.359056127094147
2024-04-30,3.7469072423571053
2024-05-01,2.6775788699505805
2024-05-02,3.010096806471952
2024-05-03,9.02458443548605
2024-05-04,13.442726531776822
2024-05-05,9.352063121122455
2024-05-06,3.2600327263715556
2024-05-07,2.5174752573336594
2024-05-08,8.916632229681756
2024-05-09,3.4336877897020357
2024-05-10,2.043186569539243
2024-05-11,1.358929453211861
2024-05-12,0.9275950529334739
2024-05-13,2.9217889728419086
2024-05-14,5.035031141593395
2024-05-15,8.345569655493843
2024-05-16,6.8544222540494415
2024-05-17,5.503088834849218
2024-05-18,3.9166070017911303
2024-05-19,12.621040573701427
2024-05-20,5.52026589482183
2024-05-21,6.791155432266419
2024-05-22,6.67983947717453
2024-05-23,2.5092654297369763
2024-05-24,2.074709946647167
2024-05-25,7.040084010331392
2024-05-26,3.8844825480266536
2024-05-27,3.283311858943141
2024-05-28,6.971885461146072
2024-05-29,3.3171899557263047
2024-05-30,2.2670875835166715
2024-05-31,1.2178786166283284
2024-06-01,1.016981385904095
2024-06-02,0.7904953606824449
2024-06-03,0.32304042766208946
2024-06-04,1.3551616919448934
2024-06-05,9.046756729683882
2024-06-06,4.69973349069458
2024-06-07,2.095005076992809
2024-06-08,4.483346928812591
2024-06-09,4.499562357940111
2024-06-10,4.092092144920147
2024-06-11,3.301903380659039
2024-06-12,3.4603217866280542
2024-06-13,2.2490240341387753
2024-06-14,3.3248003948148543
2024-06-15,6.651049214815024
2024-06-16,9.856556922274228
2024-06-17,0.6942534335799635
2024-06-18,0.6346731603423331
2024-06-19,8.961254216397357
2024-06-20,6.175292677137561
2024-06-21,9.085913453628615
2024-06-22,1.6528948535794405
2024-06-23,0.4381985141741421
2024-06-24,0.1494953111618664
2024-06-25,1.2797402972525687
2024-06-26,1.4595012488524142
2024-06-27,2.562547743442671
2024-06-28,1.3422291792043004
2024-06-29,1.2260211615229468
2024-06-30,3.744442992370608
2024-07-01,4.829731466950673
2024-07-02,4.19673352145924
2024-07-03,3.4207069382271764
2024-07-04,2.540286323891535
2024-07-05,4.224246411675721
2024-07-06,5.217664559228433
2024-07-07,2.9213525175514183
2024-07-08,0.5383788419119253
2024-07-09,0.4376834642684393
2024-07-10,1.381941712819612
2024-07-11,0.6871055515573126
2024-07-12,2.129653785297802
2024-07-13,23.53920332979383
2024-07-14,1.9889618846353445
2024-07-15,1.4202690070600998
2024-07-16,1.1239030934296792
2024-07-17,0.30835979809856273
2024-07-18,0.9038135246522725
2024-07-19,1.0708538325902415
2024-07-20,1.1192028963606553
2024-07-21,0.9656824455100546
2024-07-22,2.496475546293363
2024-07-23,3.0479559977402744
2024-07-24,0.7265381258842162
2024-07-25,1.9443387838107
2024-07-26,0.6783441409533144
2024-07-27,0.1865145701900032
2024-07-28,0.4874405325716706
2024-07-29,1.4354417710187362
2024-07-30,2.4829082953754864
2024-07-31,0.39834735803136434
2024-08-01,0.702655839753614
2024-08-02,0.5876263634935033
2024-08-03,0.4515831236334372
2024-08-04,1.7749764524783254
2024-08-05,3.8503422315919633
2024-08-06,3.38139723596291
2024-08-07,2.472419424972733
2024-08-08,0.7025490105672634
2024-08-09,2.6977754372907334
2024-08-10,8.218100767027352
2024-08-11,7.4966407859091895
2024-08-12,2.89242207139009
2024-08-13,2.776783014296109
2024-08-14,0.5725680179517733
2024-08-15,1.3852722349339943
2024-08-16,1.5667833070406905
2024-08-17,0.5095002806279912
2024-08-18,0.7213017031478486
2024-08-19,0.22405149254316215
2024-08-20,0.79707094164346
2024-08-21,0.49368168388306155
2024-08-22,0.3476163777212037
2024-08-23,0.7738250854060678
2024-08-24,0.951361970528898
2024-08-25,0.6376185677943639
2024-08-26,6.580664535319762
2024-08-27,1.1863965603075788
2024-08-28,0.424080437607375
2024-08-29,0.20946283900152946
2024-08-30,0.11317967368254889
2024-08-31,0.15258578451302166
2024-09-01,0.7629065274990976
2024-09-02,0.2631771683471201
2024-09-03,0.214719960580523
2024-09-04,0.19989487683546686
2024-09-05,0.85888523855969
2024-09-06,3.628233819238162
2024-09-07,0.43506767693843373
2024-09-08,0.3913943478367893
2024-09-09,5.67906825397049
2024-09-10,0.17435763805371576
2024-09-11,0.11488299749189715
2024-09-12,0.196964014308409
2024-09-13,0.7092707637603981
2024-09-14,0.358322458869522
2024-09-15,0.7180814564410377
2024-09-16,2.4969683050781017
2024-09-17,1.594476436317641
2024-09-18,0.5039833210324453
2024-09-19,0.48093078550159624
2024-09-20,0.8488510032398309
2024-09-21,2.9352653788101604
2024-09-22,5.2731305966272695
2024-09-23,0.21807807681557012
2024-09-24,0.2539475878772698
2024-09-25,0.2296025547172713
2024-09-26,0.3809874467294286
2024-09-27,1.2024799939742388
2024-09-28,11.8066663871189
2024-09-29,10.86934511884303
2024-09-30,7.498540311328615
2024-10-01,8.751736677619009
2024-10-02,7.608379619837013
2024-10-03,4.379445505350484
2024-10-04,3.7145856623888576
2024-10-05,5.765717574753467
2024-10-06,2.6343302028223023
2024-10-07,3.3730525551429587
2024-10-08,3.7739294168797604
2024-10-09,6.135778606720978
2024-10-10,5.13473970536256
2024-10-11,8.584296739187629
2024-10-12,1.0372801593391197
2024-10-13,1.554569774128461
2024-10-14,1.0041635800837565
2024-10-15,1.5270426519748623
2024-10-16,0.3190459436211859
2024-10-17,0.23874835966547878
2024-10-18,0.40451889419274095
2024-10-19,0.6404503505737089
2024-10-20,7.1894197983496655
2024-10-21,3.008550285328515
2024-10-22,6.439270717162012
2024-10-23,23.934241004803148
2024-10-24,8.365891372449166
2024-10-25,2.7736278951544944
2024-10-26,1.3232309624627665
2024-10-27,6.5231887741488634
2024-10-28,8.102630999068552
2024-10-29,5.150257900659364
2024-10-30,3.934966755425686
2024-10-31,1.937435234821379
2024-11-01,5.423011469371164
2024-11-02,13.720460954188473
2024-11-03,4.824774654856052
2024-11-04,3.5636091114167727
2024-11-05,3.464218516419105
2024-11-06,2.500092589300844
2024-11-07,3.651724325699466
2024-11-08,0.38817729458319855
2024-11-09,1.0776223291051947
2024-11-10,3.70588693139454
2024-11-11,0.4374557714928882
2024-11-12,0.8019927714569655
2024-11-13,3.280881517864348
2024-11-14,0.6329728742125801
2024-11-15,1.5024706277853161
2024-11-16,6.461063422637292
2024-11-17,11.469722406287898
2024-11-18,12.279862791539223
2024-11-19,7.725394885033122
2024-11-20,8.346199286636706
2024-11-21,10.238583020401387
2024-11-22,5.388666598528811
2024-11-23,11.255814573882672
2024-11-24,6.733241265632447
2024-11-25,4.877643175720856
2024-11-26,6.894261572769973
2024-11-27,12.30330096284895
2024-11-28,6.737474556271494
2024-11-29,3.459163979436704
2024-11-30,2.1496612545533096
2024-12-01,0.30226718438135547
2024-12-02,0.7073101162037019
2024-12-03,4.126692185204367
2024-12-04,12.46567827409731
2024-12-05,15.55027388878871
2024-12-06,10.926498827607082
2024-12-07,14.383751664380036
2024-12-08,11.478138366912557
2024-12-09,3.2884913873508106
2024-12-10,2.2510119416853014
2024-12-11,2.184849950110181
2024-12-12,4.942597500206682
2024-12-13,12.58007905388921
2024-12-14,10.301048522096863
2024-12-15,10.656736307403419
2024-12-16,2.971121376875063
2024-12-17,7.104062904773924
2024-12-18,2.773695095618652
2024-12-19,5.253740122959978
2024-12-20,10.632717748131487
2024-12-21,7.9139839854704945
2024-12-22,8.377350702396637
2024-12-23,10.512415388421811
2024-12-24,9.693348203015942
2024-12-25,11.249272257797267
2024-12-26,13.871244771572037
2024-12-27,23.719029718341694
2024-12-28,15.54535278988659
2024-12-29,11.211386021756036
2024-12-30,11.787372451403282
2024-12-31,12.339657461808871
2025-01-01,14.26873016587349
2025-01-02,17.103412589647384
2025-01-03,22.195190975092824
2025-01-04,13.381047108847037
2025-01-05,8.858097106279438
2025-01-06,8.297769941422038
2025-01-07,7.5359788945177675
2025-01-08,22.517222752093296
2025-01-09,13.931410733266121
2025-01-10,7.426039684249269
2025-01-11,3.974190062535641
2025-01-12,5.092290776838102
2025-01-13,3.914330532521519
2025-01-14,10.029313504747568
2025-01-15,8.074254340180362
2025-01-16,9.569378517903235
2025-01-17,11.442606431379783
2025-01-18,11.45185098133447
2025-01-19,4.903598484187882
2025-01-20,13.017745729151379
2025-01-21,8.147726884741335
2025-01-22,10.840767797358934
2025-01-23,0.9021962015859568
2025-01-24,1.7449088377358237
2025-01-25,4.402928714582376
2025-01-26,4.04109343027499
2025-01-27,2.932228052040367
2025-01-28,7.114932259796156
2025-01-29,6.179452387496093
2025-01-30,2.057431126346013
2025-01-31,3.5457124544037004
2025-02-01,3.063232992488658
2025-02-02,3.9649083235710116
2025-02-03,9.887459785366692
2025-02-04,15.216714607761254
2025-02-05,14.671015372721829
2025-02-06,15.339523959367035
2025-02-07,13.023041241004554
2025-02-08,11.995005403023772
2025-02-09,7.122644902687787
2025-02-10,11.027903270330452
2025-02-11,17.754780181310203
2025-02-12,22.66277078831869
2025-02-13,17.708244244472354
2025-02-14,21.0676977495406
2025-02-15,14.342817823103806
2025-02-16,9.037713976723584
2025-02-17,22.62346800877476
2025-02-18,19.157055111081295
2025-02-19,16.65112536890793
2025-02-20,9.948494050664818
2025-02-21,8.278934290515153
2025-02-22,8.097719658262069
2025-02-23,8.095527605354482
2025-02-24,8.628491033686812
2025-02-25,5.596695873281785
2025-02-26,10.301165799329649
2025-02-27,7.68978632125783
2025-02-28,11.36480939335598
2025-03-01,16.92284474825296
2025-03-02,20.481554323764026
2025-03-03,17.015528641327137
2025-03-04,18.569748554432298
2025-03-05,15.624453107027422
2025-03-06,25.659860932063886
2025-03-07,10.845672597473433
2025-03-08,10.937984060005082
2025-03-09,15.54777392325935
2025-03-10,9.597730371206055
2025-03-11,14.926896963075912
2025-03-12,8.71958548390872
2025-03-13,9.842228744074147
2025-03-14,21.40804964714932
2025-03-15,18.359255090574056
2025-03-16,9.987011155118703
2025-03-17,7.639851432715996
2025-03-18,4.950539769631654
2025-03-19,4.4098115087741325
2025-03-20,4.284415235041603
2025-03-21,4.508778784288818
2025-03-22,4.609440916596941
2025-03-23,3.4412296890301604
2025-03-24,1.7178574535531506
2025-03-25,4.513784313773792
2025-03-26,7.9905654473921475
2025-03-27,7.963266288177548
2025-03-28,16.46310601020711
2025-03-29,12.913209568749668
2025-03-30,19.536756390821093
2025-03-31,14.368541282094458
2025-04-01,13.22283775134829
2025-04-02,12.848584813936945
2025-04-03,9.554361358768007
2025-04-04,7.729542152205778
2025-04-05,8.17416673933191
2025-04-06,9.716149116249474
2025-04-07,5.657719201064493
2025-04-08,6.804641641999474
2025-04-09,11.454916239300555
2025-04-10,10.660612855078671
2025-04-11,16.695604172272272
2025-04-12,12.748933143106106
2025-04-13,24.431439551767394
2025-04-14,4.068567660068502
2025-04-15,2.071131029918871
2025-04-16,2.3329078549177877
2025-04-17,7.2426678940025475
2025-04-18,4.458827026438526
2025-04-19,0.5622531869442151
2025-04-20,1.7370093471570018
2025-04-21,2.077827893377273
2025-04-22,4.386160650319697
2025-04-23,5.332457447571893
2025-04-24,8.755040090117657
2025-04-25,11.884356408769072
2025-04-26,14.141026779933453
2025-04-27,13.184843040637706
2025-04-28,19.16581330884107
2025-04-29,3.964956504978706
2025-04-30,7.45955274121185
2025-05-01,9.694796328953673
2025-05-02,3.643257033754445
2025-05-03,2.73695190151638
2025-05-04,5.726818822130337
2025-05-05,9.472230943951452
2025-05-06,6.586812680173013
2025-05-07,2.5064963322878175
2025-05-08,1.4271016240091303
2025-05-09,0.667419234748934
2025-05-10,7.340483313014911
2025-05-11,9.229270454523133
2025-05-12,17.53191915252647
2025-05-13,4.875551659869974
2025-05-14,1.7557353702363827
2025-05-15,3.395973613577873
2025-05-16,6.117336082233066
2025-05-17,14.9272005535859
2025-05-18,10.649366934817053
2025-05-19,8.535050961786625
2025-05-20,3.704758942180655
2025-05-21,11.207382672451969
2025-05-22,3.29462962891411
2025-05-23,4.062185711619504
2025-05-24,2.7662145419778787
2025-05-25,3.679252843558449
2025-05-26,3.520437188622474
2025-05-27,2.501884893525406
2025-05-28,3.199716270246034
2025-05-29,3.236128903438293
2025-05-30,5.2752532390230495
2025-05-31,4.569251344323122
2025-06-01,3.3805424264489545
2025-06-02,0.5735916164960735
2025-06-03,1.0806413054896278
2025-06-04,2.5801572808051483
2025-06-05,2.2804469924751936
2025-06-06,6.84028223345895
2025-06-07,14.715008309652124
2025-06-08,1.339972112428921
2025-06-09,4.089087822180675
2025-06-10,2.4982324587138924
2025-06-11,1.3691122305674743
2025-06-12,2.0647044926413374
2025-06-13,3.9623209915907074
2025-06-14,3.114444970851552
2025-06-15,10.807688070214438
2025-06-16,4.771699564183904
2025-06-17,4.995151277020774
2025-06-18,12.03948981788937
2025-06-19,1.3418241727686167
2025-06-20,7.788011527579833
2025-06-21,2.1837627668319923
2025-06-22,0.42800769979938513
2025-06-23,4.554258250141506
2025-06-24,1.709647389128408
2025-06-25,1.7006086423731852
2025-06-26,2.8116266917907176
2025-06-27,4.4191704043332525
2025-06-28,1.8062924453594773
2025-06-29,1.4359343187674485
2025-06-30,6.820704902984969
2025-07-01,24.5722752887374
2025-07-02,36.37228865499726
2025-07-03,11.768438128177076
2025-07-04,3.3743640561492425
2025-07-05,1.3348715842035077
2025-07-06,0.42932330442907846
2025-07-07,0.4204127079570235
2025-07-08,5.02825915876812
2025-07-09,9.491413357424344
2025-07-10,11.172430085924205
2025-07-11,8.42837862231931
2025-07-12,14.216757652536467
2025-07-13,5.3265283310343
2025-07-14,0.20206574970392802
2025-07-15,0.343085187819315
2025-07-16,1.2895764148032882
2025-07-17,5.0494839276716394
2025-07-18,19.130965453569797
2025-07-19,17.39973480213419
2025-07-20,2.566902320556886
2025-07-21,0.15765519178903073
2025-07-22,2.2120681866506686
2025-07-23,3.147231168726846
2025-07-24,7.06453680442148
2025-07-25,1.7850233700328102
2025-07-26,2.1819813040215466
2025-07-27,2.8316217202859257
2025-07-28,1.7470086962425937
2025-07-29,4.402265696076942
2025-07-30,1.2287194608999317
2025-07-31,0.3000856290387007
2025-08-01,0.5821787766961325
2025-08-02,1.4530628631509868
2025-08-03,7.527796283009698
2025-08-04,6.1055089751716505
2025-08-05,6.390989236058027
2025-08-06,2.7977975596758013
2025-08-07,0.32071996165447936
2025-08-08,0.9436917038856059
2025-08-09,0.532095622933369
2025-08-10,3.669621368883003
2025-08-11,6.016677324280703
2025-08-12,3.656794583480411
2025-08-13,1.9147409596723022
2025-08-14,5.735881139928567
2025-08-15,5.53654265078687
2025-08-16,6.110719776633847
2025-08-17,3.303467669540588
2025-08-18,2.8385338070105774
2025-08-19,0.3400189277268962
2025-08-20,0.9573822656292348
2025-08-21,0.5770931710570227
2025-08-22,1.7448940224324898
2025-08-23,3.260126868124974
2025-08-24,2.607279268680884
2025-08-25,8.708632311885072
2025-08-26,2.862046501041562
2025-08-27,7.326834203080058
2025-08-28,3.44556065889256
2025-08-29,0.5090173777929309
2025-08-30,1.040702194145487
2025-08-31,1.1396935772806176
2025-09-01,1.177765255648473
2025-09-02,4.739239124380995
2025-09-03,1.5533242974038575
2025-09-04,1.4060016346051156
2025-09-05,1.4484275042743668
2025-09-06,2.50059169044717
2025-09-07,0.8129744332244465
2025-09-08,1.0246393508733067
2025-09-09,1.2785682288680487
2025-09-10,3.1481109514044605
2025-09-11,4.44507883797022
2025-09-12,5.832285012239466
2025-09-13,5.836541286956106
2025-09-14,0.6929122968929324
2025-09-15,1.991225213827422
2025-09-16,4.279337455076892
2025-09-17,4.085945241105801
2025-09-18,5.34897635440021
2025-09-19,9.611468516215625
2025-09-20,5.405080645452664
2025-09-21,8.96162478867761
2025-09-22,5.538767727752156
2025-09-23,4.40910912649046
2025-09-24,3.9523331846876912
2025-09-25,6.9854755826705714
2025-09-26,7.163090886549835
2025-09-27,1.701583776489207
2025-09-28,2.6139358974516753
2025-09-29,2.2437632456512784
2025-09-30,3.8704620995574834
2025-10-01,2.246087607811284
2025-10-02,5.530937664638708
2025-10-03,4.21737037796518
2025-10-04,9.126272602405882
2025-10-05,0.8283076427980469
2025-10-06,1.1802257261266846
2025-10-07,1.5959161901557275
2025-10-08,1.9130053656390766
2025-10-09,5.421164887885203
2025-10-10,8.816314800217043
2025-10-11,8.029343974009118
2025-10-12,12.072896433410357
2025-10-13,15.003015460794364
2025-10-14,9.366865584136995
2025-10-15,6.312573839360047
2025-10-16,6.814623434746497
2025-10-17,6.282337672867118
2025-10-18,7.670360468567969
2025-10-19,2.1256713445713995
2025-10-20,0.38796831623584893
2025-10-21,3.668524294908319
2025-10-22,6.309995899375567
2025-10-23,9.419539226041065
2025-10-24,4.810248387333407
2025-10-25,5.472867840224784
2025-10-26,7.970250719123544
2025-10-27,15.700434146116223
2025-10-28,14.048788686282835
2025-10-29,6.937599175463697
2025-10-30,6.453617868311003
2025-10-31,7.918240812375356
2025-11-01,6.796064127519853
2025-11-02,9.2532238548089
2025-11-03,11.910400297431918
2025-11-04,19.964048546249824
2025-11-05,17.058448772459045
2025-11-06,10.979394615159947
2025-11-07,0.8579729806228126
2025-11-08,3.037901126853606
2025-11-09,3.9644604720856123
2025-11-10,4.588118073237212
2025-11-11,5.946745642433793
2025-11-12,4.1729014827227315
2025-11-13,9.540158771818614
2025-11-14,12.440587045403014
2025-11-15,12.535294991562814
2025-11-16,12.516221916103822
2025-11-17,9.207547871592492
2025-11-18,16.463616086788754
2025-11-19,13.76105070145321
2025-11-20,14.025486336136913
2025-11-21,5.154879235813751
2025-11-22,4.484900820623199
2025-11-23,5.664207138009674
2025-11-24,10.106031968142977
2025-11-25,7.8714059528692415
2025-11-26,2.8196162963494658
2025-11-27,7.715216917358561
2025-11-28,19.474184981156515
2025-11-29,8.914178177153454
2025-11-30,13.065358267004969
2025-12-01,5.62187878116405
2025-12-02,0.9355632496862926
2025-12-03,0.6829777284937006
2025-12-04,0.41648147295181975
2025-12-05,0.3617349925784569
2025-12-06,0.5798231284451272
2025-12-07,0.35674444411677847
2025-12-08,0.4798481885135304
2025-12-09,1.1414449111196332
2025-12-10,4.133999231941751
2025-12-11,3.5358890093344186
2025-12-12,3.4604479896849063
2025-12-13,5.225734149780857
2025-12-14,7.942207063258997
2025-12-15,10.657559917497812
2025-12-16,29.63394690518571
2025-12-17,17.11714273581823
2025-12-18,8.097448165351045
2025-12-19,11.739308858459774
2025-12-20,20.26752602510636
2025-12-21,6.497654907862972
2025-12-22,6.532699377005122
2025-12-23,5.9032123545315
2025-12-24,3.939294716167471
2025-12-25,4.919549014801629
2025-12-26,3.4611834689427172
2025-12-27,10.26646878264682
2025-12-28,2.9170498395164937
2025-12-29,1.0301920549021424
2025-12-30,2.451642924003179
2025-12-31,2.0171545596002916
