date,precipitation_mm
2015-01-01,0.059072096050773855
2015-01-02,0.0
2015-01-03,0.0
2015-01-04,0.0
2015-01-05,0.0
2015-01-06,0.0
2015-01-07,0.0
2015-01-08,0.0
2015-01-09,0.0
2015-01-10,0.0
2015-01-11,0.0
2015-01-12,0.0
2015-01-13,0.0
2015-01-14,0.0026457253817075356
2015-01-15,0.7496610370533889
2015-01-16,0.0
2015-01-17,14.784930369572752
2015-01-18,14.144225315706588
2015-01-19,0.11279580091650822
2015-01-20,2.3580818591327932
2015-01-21,1.03193261068842
2015-01-22,1.7049867024866685
2015-01-23,14.699258919972939
2015-01-24,27.956700653444816
2015-01-25,6.115968340553417
2015-01-26,0.04752890536255434
2015-01-27,20.184283752567904
2015-01-28,5.331547321498479
2015-01-29,0.0
2015-01-30,0.599281141171801
2015-01-31,1.2108836570434351
2015-02-01,3.017737940892627
2015-02-02,0.339332716716855
2015-02-03,1.1110481317999916
2015-02-04,0.0
2015-02-05,0.0
2015-02-06,0.03244557283546958
2015-02-07,3.1288188479625476
2015-02-08,11.0304258501061
2015-02-09,5.9152855681108125
2015-02-10,0.19729711782418402
2015-02-11,1.9293311786900083
2015-02-12,0.9090082973792394
2015-02-13,1.0539454875654206
2015-02-14,6.854553238467998
2015-02-15,6.164523869654061
2015-02-16,1.6907599140038034
2015-02-17,0.39207517383562795
2015-02-18,2.9244326502155324
2015-02-19,4.807415188742385
2015-02-20,13.417576606891439
2015-02-21,2.7789649500320563
2015-02-22,0.5993116099876231
2015-02-23,0.694319226373603
2015-02-24,0.9070148963264131
2015-02-25,9.113031369258533
2015-02-26,3.4185420074264115
2015-02-27,0.09034815240053136
2015-02-28,0.7081529408594491
2015-03-01,4.9201825129257335
2015-03-02,5.042545537483293
2015-03-03,11.669985297843215
2015-03-04,1.4833551738455308
2015-03-05,3.0344844486746165
2015-03-06,4.035095888085412
2015-03-07,2.6891532888462173
2015-03-08,0.0011836678312040518
2015-03-09,0.0
2015-03-10,0.000683030433871632
2015-03-11,0.0
2015-03-12,0.0
2015-03-13,0.0
2015-03-14,0.1217078138222236
2015-03-15,0.027147471650637255
2015-03-16,0.03924238738263744
2015-03-17,3.2504210869659467
2015-03-18,9.320139196008261
2015-03-19,4.548972351073317
2015-03-20,26.623537901169545
2015-03-21,5.0897857138806755
2015-03-22,36.97806645749813
2015-03-23,0.17109991932638105
2015-03-24,3.015131954161944
2015-03-25,5.76707989629667
2015-03-26,10.165249384053793
2015-03-27,5.652309845375938
2015-03-28,2.048951738990917
2015-03-29,32.59725980157821
2015-03-30,0.6830950390948103
2015-03-31,1.4280751753282572
2015-04-01,1.247788011830094
2015-04-02,10.720780873852059
2015-04-03,0.0730015614878674
2015-04-04,0.9275379037473057
2015-04-05,16.165427896661374
2015-04-06,0.358369289671059
2015-04-07,0.07686156167175352
2015-04-08,0.0
2015-04-09,0.0
2015-04-10,0.0
2015-04-11,0.0
2015-04-12,0.06742141394748445
2015-04-13,0.3835207877256248
2015-04-14,6.286241931183427
2015-04-15,2.353793662512602
2015-04-16,15.546614583212861
2015-04-17,5.774630534823954
2015-04-18,9.5732495431254
2015-04-19,5.472233631666212
2015-04-20,2.618457328420519
2015-04-21,11.230379355117531
2015-04-22,1.5366729451603711
2015-04-23,0.10043516090163572
2015-04-24,0.0007124147049232096
2015-04-25,0.0
2015-04-26,0.2788936457098632
2015-04-27,1.885007981551535
2015-04-28,1.477510283931857
2015-04-29,0.34041714521450556
2015-04-30,2.252029853316632
2015-05-01,7.143860382810129
2015-05-02,2.710716762005125
2015-05-03,8.94968210199556
2015-05-04,22.197705901781568
2015-05-05,19.142304785948465
2015-05-06,5.362741144614896
2015-05-07,0.8555691076194659
2015-05-08,0.0
2015-05-09,0.0
2015-05-10,0.0
2015-05-11,0.0
2015-05-12,0.0019720017430004157
2015-05-13,0.6957903229077809
2015-05-14,0.016744024405712096
2015-05-15,16.307782155086173
2015-05-16,0.1177935918774553
2015-05-17,0.0
2015-05-18,0.0
2015-05-19,0.0
2015-05-20,0.0
2015-05-21,2.286958534815819
2015-05-22,0.3104261647237528
2015-05-23,4.259505445502032
2015-05-24,2.5009071922934716
2015-05-25,4.578565000075971
2015-05-26,1.603024228270841
2015-05-27,0.476804904043251
2015-05-28,0.22422495852822327
2015-05-29,1.2268762724030253
2015-05-30,0.0
2015-05-31,2.9356128594594115
2015-06-01,0.0
2015-06-02,0.0
2015-06-03,0.0
2015-06-04,0.3573425840507013
2015-06-05,0.0
2015-06-06,0.6379351324517826
2015-06-07,0.0
2015-06-08,0.43882612423103945
2015-06-09,0.0
2015-06-10,30.759961006710288
2015-06-11,0.0
2015-06-12,10.058317197549407
2015-06-13,5.723616319039262
2015-06-14,2.5307517114943776
2015-06-15,0.012316759815152819
2015-06-16,31.437116219047578
2015-06-17,6.085354565896451
2015-06-18,0.0
2015-06-19,0.0
2015-06-20,0.0
2015-06-21,0.0
2015-06-22,0.0
2015-06-23,0.0
2015-06-24,0.0
2015-06-25,0.00812734760192264
2015-06-26,0.0
2015-06-27,0.0
2015-06-28,0.0
2015-06-29,0.0
2015-06-30,1.569775308268379
2015-07-01,0.0
2015-07-02,2.99169114865945
2015-07-03,0.0
2015-07-04,0.0
2015-07-05,0.11518105868760134
2015-07-06,0.7640456665414931
2015-07-07,1.0865769379515042
2015-07-08,0.008414476756968244
2015-07-09,0.6627309267016059
2015-07-10,0.010513555715570852
2015-07-11,0.0
2015-07-12,0.011155370398755889
2015-07-13,0.0
2015-07-14,0.0
2015-07-15,0.006655359200423841
2015-07-16,0.49044510585219314
2015-07-17,0.0
2015-07-18,1.357399451230048
2015-07-19,0.0
2015-07-20,0.5364400241568099
2015-07-21,0.005737891077487066
2015-07-22,8.124798635124089
2015-07-23,0.0
2015-07-24,0.0
2015-07-25,1.0452356876100426
2015-07-26,0.0
2015-07-27,0.0
2015-07-28,0.17292717247424902
2015-07-29,0.30467336339331647
2015-07-30,0.328009771205192
2015-07-31,0.0
2015-08-01,0.0
2015-08-02,0.0
2015-08-03,0.0
2015-08-04,0.009348649766308503
2015-08-05,0.0
2015-08-06,0.0
2015-08-07,0.0
2015-08-08,0.0
2015-08-09,0.4531997570433588
2015-08-10,0.15843259909885973
2015-08-11,0.00638412616084617
2015-08-12,0.0
2015-08-13,0.0
2015-08-14,3.3579662828748122
2015-08-15,0.0023212134696927924
2015-08-16,0.0
2015-08-17,5.657675589729068
2015-08-18,0.0
2015-08-19,0.0
2015-08-20,0.0
2015-08-21,0.0
2015-08-22,0.08920755277929122
2015-08-23,0.09356088245270773
2015-08-24,0.016107480145359086
2015-08-25,2.5554921665444645
2015-08-26,0.0
2015-08-27,0.2793650945630021
2015-08-28,9.86263746155884
2015-08-29,5.094461581764601
2015-08-30,0.0
2015-08-31,0.0
2015-09-01,0.0
2015-09-02,0.0
2015-09-03,0.0
2015-09-04,0.2745751620807223
2015-09-05,0.1313487591194576
2015-09-06,0.5952698566630124
2015-09-07,0.0027259838406026565
2015-09-08,0.0
2015-09-09,0.0
2015-09-10,0.0
2015-09-11,5.0733251814478555
2015-09-12,1.6314283567037362
2015-09-13,0.17746359666113265
2015-09-14,0.0
2015-09-15,0.0
2015-09-16,0.0
2015-09-17,0.928894686845737
2015-09-18,3.3753492718678078
2015-09-19,0.24785557113965503
2015-09-20,1.3088163398894472
2015-09-21,0.010186163975920287
2015-09-22,0.0
2015-09-23,0.0
2015-09-24,0.0
2015-09-25,0.07329373165421553
2015-09-26,6.4412993725189835
2015-09-27,0.0
2015-09-28,0.00493141708075859
2015-09-29,0.41212569272444755
2015-09-30,0.2167921697624709
2015-10-01,3.8152858290498375
2015-10-02,0.3281913176355403
2015-10-03,0.07298569496295737
2015-10-04,2.1556367358004866
2015-10-05,0.04857007946690244
2015-10-06,0.0022279737911649025
2015-10-07,0.0
2015-10-08,0.0
2015-10-09,0.12278266511557512
2015-10-10,0.10044891209694969
2015-10-11,0.5916418399871781
2015-10-12,5.048476828946033
2015-10-13,1.4048976313723371
2015-10-14,6.3951904036207035
2015-10-15,3.57574669346884
2015-10-16,1.206165902313041
2015-10-17,0.888827077815003
2015-10-18,0.2640901843499709
2015-10-19,1.5992052544919537
2015-10-20,0.015531447813557203
2015-10-21,0.8466825539441203
2015-10-22,0.22318783307854795
2015-10-23,0.06755024530717063
2015-10-24,1.8628303742081225
2015-10-25,1.7077965594083424
2015-10-26,0.10870977828198845
2015-10-27,0.4960626461730643
2015-10-28,0.00331135320753805
2015-10-29,10.663744022472388
2015-10-30,9.690328325721564
2015-10-31,10.60427065225418
2015-11-01,3.4512901094387862
2015-11-02,1.794985745993343
2015-11-03,1.294989172342771
2015-11-04,2.577125084225119
2015-11-05,11.057373233566574
2015-11-06,19.70370653532851
2015-11-07,34.507787123498964
2015-11-08,0.5558966306615701
2015-11-09,1.1280692398745773
2015-11-10,0.25311587323853335
2015-11-11,0.24526593358750481
2015-11-12,0.43440883496201815
2015-11-13,0.0
2015-11-14,0.0
2015-11-15,0.7754099315966775
2015-11-16,0.21158455588251765
2015-11-17,1.4337504635993366
2015-11-18,1.1397353163379902
2015-11-19,0.10973542925872155
2015-11-20,0.0
2015-11-21,0.6642982969629659
2015-11-22,6.021322105124008
2015-11-23,2.181650478147546
2015-11-24,1.2770542460615066
2015-11-25,0.39621025433985335
2015-11-26,1.9857973825135313
2015-11-27,0.0
2015-11-28,0.2806934246176625
2015-11-29,0.0
2015-11-30,0.016318755825228855
2015-12-01,0.0
2015-12-02,0.004856357637709885
2015-12-03,0.0
2015-12-04,0.14985555046150215
2015-12-05,0.749288432353032
2015-12-06,0.017587678232558926
2015-12-07,0.0
2015-12-08,0.0
2015-12-09,0.9626027454645473
2015-12-10,5.362078557360065
2015-12-11,0.0
2015-12-12,0.0
2015-12-13,0.1337826366054114
2015-12-14,0.00232027696241761
2015-12-15,38.679586770126804
2015-12-16,0.0
2015-12-17,0.0
2015-12-18,0.6998622756273134
2015-12-19,1.5665173959754646
2015-12-20,0.0
2015-12-21,0.0
2015-12-22,0.0
2015-12-23,0.0
2015-12-24,0.0
2015-12-25,0.0
2015-12-26,0.0
2015-12-27,0.0
2015-12-28,0.0
2015-12-29,0.28383456717617195
2015-12-30,0.0
2015-12-31,0.0
2016-01-01,0.0
2016-01-02,0.0
2016-01-03,27.998020929276016
2016-01-04,0.0
2016-01-05,0.0
2016-01-06,0.2923635430157552
2016-01-07,0.0
2016-01-08,2.2778773298200305
2016-01-09,14.61574037015184
2016-01-10,2.782439650658012
2016-01-11,5.476202449771479
2016-01-12,10.800978626927062
2016-01-13,36.11590731940187
2016-01-14,2.290692922347308
2016-01-15,0.0
2016-01-16,0.9933590974812259
2016-01-17,3.0732155932684413
2016-01-18,2.108041580115264
2016-01-19,3.026732223624587
2016-01-20,26.854350584256938
2016-01-21,4.192886820792701
2016-01-22,0.12161285331722461
2016-01-23,0.4847455689942086
2016-01-24,0.0
2016-01-25,1.6752072691860953
2016-01-26,1.651122543722575
2016-01-27,0.2982326242834513
2016-01-28,5.311332660170881
2016-01-29,2.386644767845259
2016-01-30,1.765148249580532
2016-01-31,2.995783944990555
2016-02-01,6.605385079196368
2016-02-02,1.1346899348375978
2016-02-03,5.831445746939084
2016-02-04,3.010248964175067
2016-02-05,1.6006069269184817
2016-02-06,0.2804415559158796
2016-02-07,0.32892425994294794
2016-02-08,0.09707152928181138
2016-02-09,0.015361691808768327
2016-02-10,0.0
2016-02-11,2.012092856562347
2016-02-12,0.5131729337515171
2016-02-13,0.004797069905550771
2016-02-14,0.0
2016-02-15,0.0
2016-02-16,0.0
2016-02-17,0.0017217632042520255
2016-02-18,0.6809655583791404
2016-02-19,0.20273658620526253
2016-02-20,0.08083887435654678
2016-02-21,0.06447854057864971
2016-02-22,0.4680505740817607
2016-02-23,1.6638037984205165
2016-02-24,1.1373555442836263
2016-02-25,2.239626737862953
2016-02-26,6.000340400742785
2016-02-27,0.2584110590475309
2016-02-28,43.149110518491206
2016-02-29,49.797099306367684
2016-03-01,1.1458495208461499
2016-03-02,1.4744072656730858
2016-03-03,9.68774875630027
2016-03-04,0.7228627481318266
2016-03-05,21.187035347826953
2016-03-06,10.821806849150343
2016-03-07,51.30600458973678
2016-03-08,13.315430254012364
2016-03-09,20.213123279970894
2016-03-10,16.557800852252882
2016-03-11,12.657646982887806
2016-03-12,15.113680647538771
2016-03-13,7.665001468486778
2016-03-14,0.9742997874020966
2016-03-15,0.0
2016-03-16,0.0
2016-03-17,2.488045261517231
2016-03-18,1.1420496958570419
2016-03-19,0.058770740387960395
2016-03-20,3.1668098947268875
2016-03-21,2.878644301845022
2016-03-22,0.017619094256821656
2016-03-23,1.0541656506055908
2016-03-24,0.0
2016-03-25,0.0
2016-03-26,0.12320436447618811
2016-03-27,0.6382902933206112
2016-03-28,0.0
2016-03-29,3.332982682549293
2016-03-30,24.575231917149534
2016-03-31,1.170091092417106
2016-04-01,3.766795118179214
2016-04-02,2.147226582766144
2016-04-03,19.658110796134658
2016-04-04,0.495387894347176
2016-04-05,8.457135948170311
2016-04-06,6.150199001855277
2016-04-07,0.0020835236992558163
2016-04-08,0.0
2016-04-09,0.0
2016-04-10,2.8098649434261787
2016-04-11,0.6466672601772113
2016-04-12,4.290814840415259
2016-04-13,43.689295452051056
2016-04-14,5.173530284740642
2016-04-15,4.635853885361958
2016-04-16,0.16613453948514714
2016-04-17,0.0013690864458178978
2016-04-18,0.0
2016-04-19,0.0
2016-04-20,0.7566602783483221
2016-04-21,1.869546268913544
2016-04-22,0.4381334545035207
2016-04-23,6.594826297136575
2016-04-24,2.1751858728409723
2016-04-25,1.109996604727434
2016-04-26,3.195210981939371
2016-04-27,2.2175414489943064
2016-04-28,32.545249290231396
2016-04-29,0.4838500793428572
2016-04-30,0.7190358727986866
2016-05-01,0.48877401060540787
2016-05-02,1.2072592807121043
2016-05-03,0.0
2016-05-04,0.0
2016-05-05,1.8324100962186642
2016-05-06,0.07821378206427433
2016-05-07,1.3287830494524235
2016-05-08,0.46903079067683806
2016-05-09,11.751074110597642
2016-05-10,2.25259433002734
2016-05-11,0.5730191386745531
2016-05-12,0.009235086287440197
2016-05-13,13.625379916109333
2016-05-14,2.610561358426093
2016-05-15,0.32264866460730607
2016-05-16,0.0
2016-05-17,0.0
2016-05-18,0.0
2016-05-19,0.0
2016-05-20,0.7560548016608243
2016-05-21,0.0
2016-05-22,0.011784340746873706
2016-05-23,0.0
2016-05-24,2.9755363123273475
2016-05-25,2.074588518580912
2016-05-26,0.11525781828890704
2016-05-27,0.0
2016-05-28,0.16982990302840778
2016-05-29,0.0
2016-05-30,5.250328183174133
2016-05-31,3.7598017053771287
2016-06-01,9.38699112272782
2016-06-02,2.5418373317528764
2016-06-03,2.547400059602883
2016-06-04,6.5628440006261535
2016-06-05,0.4116843091204855
2016-06-06,15.772193583421153
2016-06-07,0.00671669026225283
2016-06-08,41.68316411497694
2016-06-09,9.543598892902208
2016-06-10,27.20682735163022
2016-06-11,6.937106120648513
2016-06-12,10.754330072172559
2016-06-13,0.12049495953623576
2016-06-14,1.310729545758608
2016-06-15,0.0
2016-06-16,0.0
2016-06-17,0.0
2016-06-18,0.008662182140666578
2016-06-19,0.10770513953783117
2016-06-20,1.5643799886608627
2016-06-21,0.0
2016-06-22,0.004882085159569203
2016-06-23,0.10994898228213891
2016-06-24,0.21797467452663205
2016-06-25,0.0
2016-06-26,0.24931107782628625
2016-06-27,0.3227889075882342
2016-06-28,0.0023738674957116375
2016-06-29,0.0
2016-06-30,1.4054541881476348
2016-07-01,9.506434377252859
2016-07-02,4.661423290131614
2016-07-03,0.0
2016-07-04,0.0
2016-07-05,0.0
2016-07-06,0.0
2016-07-07,0.7701388697441244
2016-07-08,0.011976148437290383
2016-07-09,3.816512425891149
2016-07-10,0.0
2016-07-11,0.0
2016-07-12,0.00147027508560824
2016-07-13,0.006392747403772337
2016-07-14,15.168519525152991
2016-07-15,0.0
2016-07-16,2.218548604630001
2016-07-17,15.723677560651776
2016-07-18,10.345154486240116
2016-07-19,0.6806017531427033
2016-07-20,4.558987708071407
2016-07-21,0.8950754735550007
2016-07-22,0.18354942311838532
2016-07-23,0.0
2016-07-24,0.0
2016-07-25,0.0030653983820450362
2016-07-26,0.49458421163229177
2016-07-27,0.0
2016-07-28,6.878442757392823
2016-07-29,0.0
2016-07-30,0.0
2016-07-31,0.0
2016-08-01,0.0
2016-08-02,0.0
2016-08-03,1.8794711806208306
2016-08-04,5.537571045641988
2016-08-05,1.7404342205927648
2016-08-06,0.0
2016-08-07,12.898848202938947
2016-08-08,0.2669229738975464
2016-08-09,0.0030846927810878567
2016-08-10,0.028674825680080833
2016-08-11,1.2544830606651214
2016-08-12,0.0
2016-08-13,0.0
2016-08-14,0.0
2016-08-15,0.0
2016-08-16,6.428474878033774
2016-08-17,0.7788611486137677
2016-08-18,0.14901333587082685
2016-08-19,0.0
2016-08-20,0.0
2016-08-21,0.10394322403456464
2016-08-22,5.402616026050273
2016-08-23,1.6686010226317913
2016-08-24,0.0
2016-08-25,0.17102014662698795
2016-08-26,0.23953158885932324
2016-08-27,3.572923750179405
2016-08-28,0.0
2016-08-29,1.910092571684107
2016-08-30,0.02944221783452326
2016-08-31,0.005290677343031514
2016-09-01,24.54852839297788
2016-09-02,0.0006264721483260408
2016-09-03,2.182710647583008
2016-09-04,0.0
2016-09-05,1.6824703908881442
2016-09-06,0.2472562773540539
2016-09-07,0.08234568819057768
2016-09-08,0.0
2016-09-09,0.42911603715057234
2016-09-10,2.5897113334392836
2016-09-11,3.837845277808843
2016-09-12,1.8446733819427568
2016-09-13,0.0
2016-09-14,9.881789420239455
2016-09-15,17.908884749600023
2016-09-16,3.409795285400651
2016-09-17,0.3461519465069249
2016-09-18,3.588224677438705
2016-09-19,4.268672956668161
2016-09-20,1.198108855693163
2016-09-21,0.0328320431969054
2016-09-22,0.053168641623023115
2016-09-23,0.18048313385725362
2016-09-24,0.954653943900755
2016-09-25,0.6607870817297391
2016-09-26,0.0
2016-09-27,0.0
2016-09-28,1.7151249825587382
2016-09-29,1.9546129905403877
2016-09-30,0.5239824581236594
2016-10-01,2.9133880032232615
2016-10-02,15.305769242250996
2016-10-03,0.6845944384046778
2016-10-04,0.5076514004757482
2016-10-05,1.1312381753363583
2016-10-06,0.5252734108425215
2016-10-07,2.0749392607719175
2016-10-08,0.03344379881443655
2016-10-09,0.15314963472674437
2016-10-10,0.009907737550776133
2016-10-11,0.8220570196703338
2016-10-12,0.06684955278317098
2016-10-13,5.648767774673166
2016-10-14,2.472800300337025
2016-10-15,0.04347812135543715
2016-10-16,0.3567839899880804
2016-10-17,0.0
2016-10-18,0.09456473992707774
2016-10-19,0.045528404735829926
2016-10-20,0.017257038533885237
2016-10-21,0.12321167931574772
2016-10-22,0.001177831150129021
2016-10-23,0.10549643747279115
2016-10-24,5.919132405804662
2016-10-25,1.1945805548492172
2016-10-26,0.2386066090264404
2016-10-27,1.4252508677108093
2016-10-28,20.88265090664096
2016-10-29,0.6746783602130407
2016-10-30,0.0
2016-10-31,0.8933971435862208
2016-11-01,0.2256197915264692
2016-11-02,1.392983303314021
2016-11-03,3.289281042590067
2016-11-04,0.32004394309885525
2016-11-05,0.13989973240472425
2016-11-06,0.00819881540630057
2016-11-07,0.0
2016-11-08,0.052392471011698055
2016-11-09,0.07727548376975157
2016-11-10,0.0
2016-11-11,8.397955304466112
2016-11-12,10.568700044260156
2016-11-13,8.674428898031143
2016-11-14,14.216136180637347
2016-11-15,1.3097229525693952
2016-11-16,0.4831422624967496
2016-11-17,0.0024835287197570222
2016-11-18,7.468168776162933
2016-11-19,8.0862703879599
2016-11-20,0.1778243492136404
2016-11-21,0.0
2016-11-22,0.0
2016-11-23,0.11701286691785821
2016-11-24,0.0021000939457973336
2016-11-25,0.4932658565603462
2016-11-26,0.3617709441130786
2016-11-27,10.102844059495553
2016-11-28,1.0100563676478118
2016-11-29,0.18315943046408997
2016-11-30,0.04810278859538301
2016-12-01,0.0
2016-12-02,0.32472381338808903
2016-12-03,1.7351077201523415
2016-12-04,1.093503635226692
2016-12-05,0.0
2016-12-06,0.0
2016-12-07,0.9345297920709535
2016-12-08,4.561516097912231
2016-12-09,0.061184639729690016
2016-12-10,1.6319137555849266
2016-12-11,1.5053402774992402
2016-12-12,0.9198533995690248
2016-12-13,2.163984317171918
2016-12-14,1.1994535875568906
2016-12-15,2.1894368821554764
2016-12-16,2.242134848515155
2016-12-17,2.2961458582722254
2016-12-18,0.0
2016-12-19,9.9058900265714
2016-12-20,0.30889354171147565
2016-12-21,5.826570831390988
2016-12-22,0.24304750074655848
2016-12-23,0.18552700008390532
2016-12-24,0.06441882835751403
2016-12-25,0.04590916509370791
2016-12-26,0.006637103746198242
2016-12-27,2.1226185586202884
2016-12-28,2.21236219241234
2016-12-29,2.059877614283777
2016-12-30,10.720684708830648
2016-12-31,0.0
2017-01-01,1.2879775231170294
2017-01-02,32.836464934753394
2017-01-03,0.3688531299159179
2017-01-04,0.0010673695974923716
2017-01-05,6.645340332314055
2017-01-06,2.846038846820523
2017-01-07,0.42839586740418784
2017-01-08,0.7200100314046806
2017-01-09,3.8901151829226666
2017-01-10,1.0180084477211842
2017-01-11,1.0836580761345234
2017-01-12,0.055595019144901225
2017-01-13,2.4832023387269238
2017-01-14,6.328121343702573
2017-01-15,44.02138151731722
2017-01-16,4.716145674914673
2017-01-17,0.04816232971081177
2017-01-18,0.7983431463724966
2017-01-19,0.06814566544027252
2017-01-20,74.90680389910273
2017-01-21,7.036466940722155
2017-01-22,4.046767146030573
2017-01-23,0.6068502487813281
2017-01-24,1.398407201301651
2017-01-25,2.2390930842924095
2017-01-26,7.9285693152828385
2017-01-27,1.807957313796007
2017-01-28,1.1055051681838404
2017-01-29,0.21512743772798554
2017-01-30,0.6971097611974395
2017-01-31,1.3047869627592068
2017-02-01,0.0
2017-02-02,1.0536555562297185
2017-02-03,0.3207502758429549
2017-02-04,2.1892369737392467
2017-02-05,8.687300307329433
2017-02-06,1.2907386055945897
2017-02-07,2.2149231405633145
2017-02-08,0.2154883646332557
2017-02-09,3.3017648575374836
2017-02-10,11.335666791119886
2017-02-11,16.04578951126814
2017-02-12,4.943801706631226
2017-02-13,0.01607984055957767
2017-02-14,11.498464626816425
2017-02-15,3.072777764710247
2017-02-16,0.5100949812364601
2017-02-17,2.0761554012474774
2017-02-18,1.5806017158043888
2017-02-19,1.6177762348693678
2017-02-20,7.5284912340000645
2017-02-21,15.808105081136285
2017-02-22,38.52854989908816
2017-02-23,4.246202078096001
2017-02-24,7.301048908793831
2017-02-25,14.31997781949606
2017-02-26,6.946502209387364
2017-02-27,1.3290296705454687
2017-02-28,4.15743455991029
2017-03-01,1.4573382520382017
2017-03-02,1.2389429856792327
2017-03-03,2.0822526361353875
2017-03-04,1.5243914936572556
2017-03-05,0.7251541974814454
2017-03-06,2.4532065384764064
2017-03-07,2.4795440364256685
2017-03-08,3.096419928848659
2017-03-09,12.743284694846917
2017-03-10,15.867903451454243
2017-03-11,7.177830034271342
2017-03-12,3.7004357851381724
2017-03-13,0.6698339510619048
2017-03-14,12.384096405394326
2017-03-15,6.195445558348295
2017-03-16,5.142151228910598
2017-03-17,15.829273389222669
2017-03-18,7.968814276564691
2017-03-19,4.65179768019748
2017-03-20,0.9373864308176082
2017-03-21,4.895397459144901
2017-03-22,8.608385629983717
2017-03-23,3.27084652929157
2017-03-24,4.678358420666108
2017-03-25,18.959134564022502
2017-03-26,10.453251941008684
2017-03-27,38.15426557496622
2017-03-28,9.388250168665278
2017-03-29,21.875954573327252
2017-03-30,4.381201597425624
2017-03-31,20.209449638861834
2017-04-01,3.398625515976657
2017-04-02,1.3443008778164143
2017-04-03,0.9853234330041327
2017-04-04,2.625592089331811
2017-04-05,0.29872212586161206
2017-04-06,1.7404121462906896
2017-04-07,0.07714850594228279
2017-04-08,0.5984849581951105
2017-04-09,3.148340856786138
2017-04-10,1.8228492034887716
2017-04-11,4.415206953452584
2017-04-12,9.484194483140362
2017-04-13,4.75964258350732
2017-04-14,0.22244986150570814
2017-04-15,0.06990419734094676
2017-04-16,1.3135916901843239
2017-04-17,0.0
2017-04-18,6.719872937164057
2017-04-19,0.5539606207640236
2017-04-20,6.232215609272641
2017-04-21,29.948729642021437
2017-04-22,2.6135385064703778
2017-04-23,4.252851616540039
2017-04-24,2.1662222828587216
2017-04-25,4.055669329139307
2017-04-26,17.049290412864885
2017-04-27,15.098997542102548
2017-04-28,8.075110777019608
2017-04-29,0.13178858227325468
2017-04-30,0.850127526619377
2017-05-01,0.0
2017-05-02,0.9540006719116689
2017-05-03,0.39152302690051516
2017-05-04,8.601439303665126
2017-05-05,0.6641411107335257
2017-05-06,1.4952866196462973
2017-05-07,4.205037920692983
2017-05-08,14.268955529780824
2017-05-09,6.432794874734305
2017-05-10,18.725311232313395
2017-05-11,6.003724967174088
2017-05-12,9.118185336981718
2017-05-13,3.9287841365214278
2017-05-14,56.39806176045111
2017-05-15,5.276071419031459
2017-05-16,5.487557345462151
2017-05-17,6.848831556917424
2017-05-18,0.6111302839981216
2017-05-19,1.5003418715742176
2017-05-20,0.12318975797822158
2017-05-21,1.0071131997286908
2017-05-22,0.11839951270567418
2017-05-23,0.0
2017-05-24,0.23754081899438748
2017-05-25,0.029755627188508632
2017-05-26,0.19872491716039745
2017-05-27,0.006735143815098866
2017-05-28,1.957140809266503
2017-05-29,0.0
2017-05-30,0.0
2017-05-31,0.07176836979214132
2017-06-01,0.0
2017-06-02,0.0022077072519422537
2017-06-03,6.1015754249749845
2017-06-04,0.054175727574083274
2017-06-05,0.0
2017-06-06,0.0
2017-06-07,4.596691005775456
2017-06-08,34.37262983516403
2017-06-09,75.35214383745578
2017-06-10,50.322309239223515
2017-06-11,2.0470777475003783
2017-06-12,12.320890872978815
2017-06-13,96.39546692964309
2017-06-14,6.897090594274972
2017-06-15,5.667645035847168
2017-06-16,0.0028239236178413947
2017-06-17,0.1327327986228867
2017-06-18,0.49991446600768996
2017-06-19,4.823196711330153
2017-06-20,20.8342584296461
2017-06-21,22.516305873316085
2017-06-22,0.0
2017-06-23,0.0
2017-06-24,0.0
2017-06-25,0.26189380039936105
2017-06-26,0.6831825243698258
2017-06-27,0.0
2017-06-28,22.36434650466319
2017-06-29,1.6946816914231786
2017-06-30,0.0
2017-07-01,5.022140727230634
2017-07-02,2.022207414409325
2017-07-03,11.375061797056645
2017-07-04,0.6609574913809166
2017-07-05,0.0
2017-07-06,0.0
2017-07-07,0.0
2017-07-08,0.0
2017-07-09,0.0
2017-07-10,0.0
2017-07-11,11.564128240100134
2017-07-12,3.958573672286937
2017-07-13,14.26106209802379
2017-07-14,0.0
2017-07-15,0.0
2017-07-16,0.0
2017-07-17,16.420895466246577
2017-07-18,36.39862468761046
2017-07-19,9.576634802788936
2017-07-20,0.0
2017-07-21,0.0
2017-07-22,0.0
2017-07-23,0.0
2017-07-24,0.0
2017-07-25,0.0
2017-07-26,1.3068034986589037
2017-07-27,0.0
2017-07-28,0.0
2017-07-29,0.0
2017-07-30,0.0
2017-07-31,0.0
2017-08-01,0.01818824966390909
2017-08-02,0.0
2017-08-03,0.0
2017-08-04,0.0
2017-08-05,1.6800641244421182
2017-08-06,0.0
2017-08-07,0.0
2017-08-08,0.0687621001777125
2017-08-09,0.010614515593242783
2017-08-10,0.004130134306943344
2017-08-11,0.05592631158643513
2017-08-12,0.330571036720547
2017-08-13,0.538215219776871
2017-08-14,0.11602280818698872
2017-08-15,0.0007026237879020804
2017-08-16,7.931546062160476
2017-08-17,0.0
2017-08-18,0.6674364704704014
2017-08-19,9.877825324086997
2017-08-20,5.76985369672825
2017-08-21,7.875023456954777
2017-08-22,4.484723114843111
2017-08-23,0.7742396415776408
2017-08-24,0.0898632993070168
2017-08-25,4.2305007829083365
2017-08-26,2.331551090341674
2017-08-27,1.3074473729352716
2017-08-28,4.818106225744236
2017-08-29,1.2142366751964937
2017-08-30,3.151634620185827
2017-08-31,0.0
2017-09-01,1.2176754120004964
2017-09-02,0.0794870903118139
2017-09-03,0.04536260834580517
2017-09-04,0.19055710201407994
2017-09-05,0.0
2017-09-06,0.5619919015467874
2017-09-07,0.0
2017-09-08,0.0
2017-09-09,1.4736580396929606
2017-09-10,1.4454733610774377
2017-09-11,5.378015175977063
2017-09-12,4.706402520668106
2017-09-13,8.612268399085442
2017-09-14,1.2947785186857932
2017-09-15,5.430496941579569
2017-09-16,1.4347145858956198
2017-09-17,0.30766483812408957
2017-09-18,0.7187726000427128
2017-09-19,0.0
2017-09-20,0.0
2017-09-21,0.0
2017-09-22,2.943557933968201
2017-09-23,0.9428006595257391
2017-09-24,2.234042845140527
2017-09-25,0.21905292464002848
2017-09-26,0.0
2017-09-27,0.0
2017-09-28,4.590573408884891
2017-09-29,7.259594376309684
2017-09-30,2.419217235835341
2017-10-01,1.3143253465615874
2017-10-02,0.0
2017-10-03,0.03460080044239068
2017-10-04,10.708430812461634
2017-10-05,3.0266124401426837
2017-10-06,0.7656073111146054
2017-10-07,0.9257005110898328
2017-10-08,3.338687743467496
2017-10-09,3.354739043905745
2017-10-10,0.183869567656054
2017-10-11,0.014791273410034543
2017-10-12,0.9609840966581115
2017-10-13,0.0
2017-10-14,0.0
2017-10-15,0.19675734745050033
2017-10-16,0.0
2017-10-17,0.0
2017-10-18,0.0
2017-10-19,0.0
2017-10-20,0.0
2017-10-21,0.0
2017-10-22,0.0004929030805557953
2017-10-23,0.4397169865459585
2017-10-24,0.0
2017-10-25,0.5375166551189252
2017-10-26,0.5789654281172127
2017-10-27,1.0999235165226469
2017-10-28,22.979274999581484
2017-10-29,4.6258455312178635
2017-10-30,8.668183792941893
2017-10-31,3.4555310087145257
2017-11-01,1.9610677563935193
2017-11-02,4.187644297395596
2017-11-03,5.481837847175219
2017-11-04,1.0995488072503299
2017-11-05,2.335125518827741
2017-11-06,0.06255374221313854
2017-11-07,0.5981346748271638
2017-11-08,0.37178209741665597
2017-11-09,0.0
2017-11-10,1.289230839159183
2017-11-11,0.647418156329742
2017-11-12,0.01954257684485826
2017-11-13,1.0420386502664838
2017-11-14,3.0754443931669955
2017-11-15,5.557105214829584
2017-11-16,2.982941148632344
2017-11-17,8.949784249956718
2017-11-18,0.6361588290493277
2017-11-19,2.4376604896425245
2017-11-20,2.6004592301663716
2017-11-21,7.312830037948704
2017-11-22,0.23217413735751122
2017-11-23,9.065291638286235
2017-11-24,0.2139552046427056
2017-11-25,0.0018636641599509686
2017-11-26,0.9156210037951559
2017-11-27,3.6936860948532813
2017-11-28,1.5620427979557847
2017-11-29,3.6881085971925343
2017-11-30,0.3221375269948561
2017-12-01,7.050241732416647
2017-12-02,12.782791338052759
2017-12-03,1.9365384174940545
2017-12-04,0.17915148714716997
2017-12-05,0.0
2017-12-06,0.0
2017-12-07,0.0016015636474811768
2017-12-08,0.17316746813377915
2017-12-09,1.7064858447426816
2017-12-10,8.574626374617393
2017-12-11,4.230193564926827
2017-12-12,43.63740131155906
2017-12-13,0.38978976392452336
2017-12-14,0.0
2017-12-15,0.0
2017-12-16,0.0
2017-12-17,0.0
2017-12-18,0.0
2017-12-19,0.0
2017-12-20,0.0
2017-12-21,0.0
2017-12-22,0.0060547854537819305
2017-12-23,0.0007217551565238053
2017-12-24,0.08047596121331294
2017-12-25,0.5437158653940538
2017-12-26,0.6396782052624231
2017-12-27,1.207979019757754
2017-12-28,4.840456068544015
2017-12-29,9.719311421429135
2017-12-30,9.1724116399016
2017-12-31,22.300668002643164
2018-01-01,28.393204086824145
2018-01-02,9.286198029186082
2018-01-03,4.455917821569727
2018-01-04,2.9236449737336496
2018-01-05,15.356571367824884
2018-01-06,9.952901737207714
2018-01-07,1.0128755655293213
2018-01-08,1.9327605181765863
2018-01-09,5.774179196143139
2018-01-10,9.430012899685225
2018-01-11,9.219837376654628
2018-01-12,1.5210799905486945
2018-01-13,3.90061551832238
2018-01-14,3.4315029923128675
2018-01-15,10.477602008618998
2018-01-16,1.7537384164779464
2018-01-17,2.5687767406709385
2018-01-18,1.041059777387676
2018-01-19,0.2231226053242433
2018-01-20,0.0033555279575440064
2018-01-21,0.0
2018-01-22,0.0
2018-01-23,0.09656997056777646
2018-01-24,0.0
2018-01-25,0.0
2018-01-26,0.0
2018-01-27,0.0
2018-01-28,0.0
2018-01-29,0.0
2018-01-30,0.0
2018-01-31,0.0
2018-02-01,0.0
2018-02-02,0.0
2018-02-03,0.5269234957484938
2018-02-04,0.0
2018-02-05,0.43844296524503235
2018-02-06,0.29507215640828377
2018-02-07,0.5881473996638122
2018-02-08,0.0
2018-02-09,1.6855299071868075
2018-02-10,0.011677621157459602
2018-02-11,0.0
2018-02-12,0.0
2018-02-13,0.0
2018-02-14,0.0018633790967138048
2018-02-15,1.5254784043170673
2018-02-16,0.315225388867095
2018-02-17,0.23624838047940153
2018-02-18,4.79312318357344
2018-02-19,8.62777421102881
2018-02-20,19.149985745753906
2018-02-21,17.527140233371004
2018-02-22,37.911184654253915
2018-02-23,2.6980918561717675
2018-02-24,0.6092957438365479
2018-02-25,0.0
2018-02-26,16.861097740596197
2018-02-27,0.9466914823415551
2018-02-28,0.31979290154916545
2018-03-01,0.1545028860452671
2018-03-02,7.16687618641422
2018-03-03,0.838214632009003
2018-03-04,0.0
2018-03-05,0.26400832122448553
2018-03-06,2.375478613099912
2018-03-07,0.8787317224612795
2018-03-08,1.3164182381853564
2018-03-09,3.708659086674664
2018-03-10,0.0
2018-03-11,0.07506959221477139
2018-03-12,4.600465793510231
2018-03-13,12.746224440426017
2018-03-14,1.2987496329957644
2018-03-15,8.125192558974351
2018-03-16,0.07902390066903105
2018-03-17,1.3360360263366375
2018-03-18,0.42443940730978114
2018-03-19,3.96412805175962
2018-03-20,2.0730566794360663
2018-03-21,0.1771034973032494
2018-03-22,2.2101012835961162
2018-03-23,10.184348146591296
2018-03-24,12.140963848932612
2018-03-25,1.39850465345586
2018-03-26,20.28750656160457
2018-03-27,2.621312024298578
2018-03-28,2.413846867449303
2018-03-29,0.879745940866204
2018-03-30,3.733298337442623
2018-03-31,16.824047188914715
2018-04-01,14.354917466612239
2018-04-02,11.179556558167185
2018-04-03,3.3529024364709974
2018-04-04,3.627447592031894
2018-04-05,3.6538422506378487
2018-04-06,20.649918269343082
2018-04-07,13.054548556293035
2018-04-08,7.436564295058114
2018-04-09,3.6497407141368807
2018-04-10,3.1110342646142084
2018-04-11,1.0570700242586015
2018-04-12,0.0
2018-04-13,22.551198868094215
2018-04-14,1.5550704798614854
2018-04-15,0.33753258331530134
2018-04-16,0.44036525564135004
2018-04-17,2.2250946602060133
2018-04-18,0.03906411539599095
2018-04-19,0.0
2018-04-20,0.0
2018-04-21,0.0
2018-04-22,0.20270588159674102
2018-04-23,0.000633494089362408
2018-04-24,0.0
2018-04-25,0.3834127003070248
2018-04-26,0.0
2018-04-27,0.023540840844642717
2018-04-28,7.840287631860226
2018-04-29,3.713231777591426
2018-04-30,4.551306879503476
2018-05-01,3.0311724438818644
2018-05-02,6.832851196453505
2018-05-03,4.581378076721401
2018-05-04,0.0
2018-05-05,13.38177066535986
2018-05-06,4.024458460421542
2018-05-07,5.529460283886592
2018-05-08,2.5908580553695413
2018-05-09,1.3026316946346803
2018-05-10,9.972941255411342
2018-05-11,10.836793637061108
2018-05-12,0.3874308843287401
2018-05-13,0.3143682837881561
2018-05-14,7.601188592919803
2018-05-15,21.442630176914644
2018-05-16,8.40025376866972
2018-05-17,0.0
2018-05-18,0.001135230911450045
2018-05-19,0.46854473188103013
2018-05-20,0.0779463671101941
2018-05-21,0.26161831292649806
2018-05-22,0.0
2018-05-23,0.09675386176748561
2018-05-24,6.837238282854668
2018-05-25,0.003041621917009015
2018-05-26,0.0
2018-05-27,0.0
2018-05-28,0.0
2018-05-29,0.31361358349834895
2018-05-30,3.2316897191011984
2018-05-31,0.3246037440523612
2018-06-01,0.0
2018-06-02,0.0
2018-06-03,0.004730830425224503
2018-06-04,0.558696408228872
2018-06-05,0.0
2018-06-06,0.0
2018-06-07,0.0
2018-06-08,5.794490097485014
2018-06-09,0.0
2018-06-10,0.0
2018-06-11,0.0
2018-06-12,5.833038881682266
2018-06-13,2.094191615810783
2018-06-14,10.222875874057195
2018-06-15,0.0
2018-06-16,0.0
2018-06-17,0.5916597552911641
2018-06-18,0.0
2018-06-19,0.12846549931774204
2018-06-20,0.0
2018-06-21,0.0
2018-06-22,0.0
2018-06-23,0.27302152542410624
2018-06-24,0.04053682492616221
2018-06-25,10.501824944124355
2018-06-26,14.12828586475367
2018-06-27,1.334388315479996
2018-06-28,0.0
2018-06-29,2.665374598645419
2018-06-30,1.2659306727219173
2018-07-01,0.0
2018-07-02,0.0
2018-07-03,0.1256835116192607
2018-07-04,1.9148076209678635
2018-07-05,0.004997699309276326
2018-07-06,0.0
2018-07-07,0.0
2018-07-08,0.0
2018-07-09,0.0
2018-07-10,0.0
2018-07-11,9.150891710603933
2018-07-12,0.0
2018-07-13,0.0
2018-07-14,0.0
2018-07-15,0.0
2018-07-16,0.0
2018-07-17,0.0
2018-07-18,0.0
2018-07-19,0.0
2018-07-20,0.44561012680075396
2018-07-21,0.0
2018-07-22,9.514071433818607
2018-07-23,5.297500804158424
2018-07-24,0.0
2018-07-25,0.16207272969168662
2018-07-26,0.00497468598698734
2018-07-27,0.0
2018-07-28,0.8409234737683564
2018-07-29,0.0
2018-07-30,0.6059202734523902
2018-07-31,14.244081602001687
2018-08-01,2.987496643820853
2018-08-02,5.498749315089267
2018-08-03,0.0
2018-08-04,17.49540696173469
2018-08-05,0.0
2018-08-06,0.0
2018-08-07,0.004429660889279046
2018-08-08,1.6279606466776726
2018-08-09,0.24637909801804814
2018-08-10,0.0012465491220319742
2018-08-11,0.0014780683576185408
2018-08-12,0.162795959971404
2018-08-13,0.0
2018-08-14,0.0052974040561352565
2018-08-15,1.1645815943948807
2018-08-16,0.13767279329485155
2018-08-17,0.18229322295683587
2018-08-18,0.026234234412774723
2018-08-19,0.17256254293748072
2018-08-20,0.0012672638678539426
2018-08-21,1.475378673825429
2018-08-22,0.0014902498416006144
2018-08-23,0.11209760182054054
2018-08-24,0.0
2018-08-25,0.009092594311170701
2018-08-26,0.0
2018-08-27,0.07691852044630029
2018-08-28,0.0
2018-08-29,0.04122179947098191
2018-08-30,0.20834186956928785
2018-08-31,1.420634502824705
2018-09-01,0.00213204693421545
2018-09-02,0.0006507583728394538
2018-09-03,1.782083255061037
2018-09-04,8.884454420876699
2018-09-05,0.04352852443788132
2018-09-06,0.0
2018-09-07,0.0
2018-09-08,0.0543360371320861
2018-09-09,0.0
2018-09-10,0.00047302164211481006
2018-09-11,0.1822425706981766
2018-09-12,0.07175128276965903
2018-09-13,0.16128466960549187
2018-09-14,1.2177063293899764
2018-09-15,1.4550151929986361
2018-09-16,5.096033509225995
2018-09-17,4.289389377857825
2018-09-18,2.3242499677562307
2018-09-19,0.04249294105721334
2018-09-20,1.4398668138182373
2018-09-21,0.22840631618029922
2018-09-22,0.041855801061000494
2018-09-23,0.043700223085384474
2018-09-24,0.06191425662874216
2018-09-25,0.006436482361287994
2018-09-26,0.0030682935131945807
2018-09-27,0.02637948322386496
2018-09-28,0.02745263187425615
2018-09-29,6.0970174633795935
2018-09-30,0.9296297120121858
2018-10-01,5.926272675303249
2018-10-02,4.677238770651626
2018-10-03,0.243505766836742
2018-10-04,0.320181670458833
2018-10-05,0.38701132712122505
2018-10-06,2.577505526752734
2018-10-07,0.38234701107486857
2018-10-08,6.0830201556026395
2018-10-09,5.600618352939708
2018-10-10,5.910116538116007
2018-10-11,2.011413435414186
2018-10-12,2.3039562813425905
2018-10-13,1.7186231112830286
2018-10-14,0.3792299611598945
2018-10-15,0.41849807562674474
2018-10-16,1.43439759834295
2018-10-17,1.4069901094906483
2018-10-18,2.465151181101291
2018-10-19,3.5579415328804207
2018-10-20,8.341293360485617
2018-10-21,6.507660611666306
2018-10-22,1.4995437693900826
2018-10-23,1.0303600351429847
2018-10-24,2.767123379565031
2018-10-25,5.966918011967577
2018-10-26,2.2951420079978493
2018-10-27,0.7757477112597959
2018-10-28,0.0
2018-10-29,0.00030309083279926374
2018-10-30,0.0
2018-10-31,0.42366037625432973
2018-11-01,0.6668844643727913
2018-11-02,0.01749242035374716
2018-11-03,0.7309711345390707
2018-11-04,1.3742967159586574
2018-11-05,10.33509820787221
2018-11-06,4.088031846954042
2018-11-07,2.745237674152947
2018-11-08,3.539239694020693
2018-11-09,0.16690926408383702
2018-11-10,0.8968877308688308
2018-11-11,6.057879256332504
2018-11-12,1.0146631800919448
2018-11-13,0.30868185546261506
2018-11-14,5.0239230355963445
2018-11-15,0.34183488227868186
2018-11-16,7.235442030322547
2018-11-17,2.8708802363930133
2018-11-18,2.314495045220552
2018-11-19,8.571674994753753
2018-11-20,11.994275058744533
2018-11-21,4.050686635094647
2018-11-22,7.164085566178706
2018-11-23,5.491233037580873
2018-11-24,6.307800697975394
2018-11-25,1.008801799258707
2018-11-26,1.0761176672438093
2018-11-27,7.792280742422997
2018-11-28,5.423536156546388
2018-11-29,7.132731017768243
2018-11-30,4.154734151615232
2018-12-01,2.3109604556771717
2018-12-02,10.545936518515079
2018-12-03,20.568064243744928
2018-12-04,18.73838584607159
2018-12-05,6.353021153111642
2018-12-06,3.1463263319432033
2018-12-07,2.1084540111653793
2018-12-08,1.0534589618147974
2018-12-09,0.0009649126295905608
2018-12-10,0.059363917229244466
2018-12-11,7.645037353801141
2018-12-12,1.863652035953986
2018-12-13,6.282726315060594
2018-12-14,1.048176592980895
2018-12-15,0.0
2018-12-16,0.0
2018-12-17,1.6044657060965608
2018-12-18,0.0
2018-12-19,1.3112169289012927
2018-12-20,0.0
2018-12-21,0.10647413178339553
2018-12-22,0.679714138109161
2018-12-23,0.0
2018-12-24,1.3588665749777105
2018-12-25,0.053002202753657024
2018-12-26,0.0
2018-12-27,0.0
2018-12-28,0.0
2018-12-29,0.0
2018-12-30,0.002171188889381051
2018-12-31,0.0
2019-01-01,0.0
2019-01-02,0.0
2019-01-03,0.0
2019-01-04,0.0
2019-01-05,0.6293739713181372
2019-01-06,1.5273774641489657
2019-01-07,10.163601689065368
2019-01-08,19.137918333146654
2019-01-09,1.2545559243080686
2019-01-10,6.86837626881421
2019-01-11,20.692189707681504
2019-01-12,3.6737017508425014
2019-01-13,0.9839316460545288
2019-01-14,0.0042704364689872595
2019-01-15,0.0
2019-01-16,0.002288023367248854
2019-01-17,0.06325720080489065
2019-01-18,0.0052250856926293245
2019-01-19,0.0
2019-01-20,0.0016862108830533735
2019-01-21,0.0
2019-01-22,0.03774876461273006
2019-01-23,0.0
2019-01-24,0.0
2019-01-25,0.0
2019-01-26,0.079416031071723
2019-01-27,0.0
2019-01-28,33.87488051377897
2019-01-29,25.193802404832862
2019-01-30,17.054379369228837
2019-01-31,17.930417698291397
2019-02-01,10.398486642914325
2019-02-02,0.904870956726743
2019-02-03,36.33146966909809
2019-02-04,7.554963931603662
2019-02-05,0.003412470948577549
2019-02-06,0.033210517895950184
2019-02-07,0.02758748460188685
2019-02-08,0.0006562092472511917
2019-02-09,0.03467014749600164
2019-02-10,0.0
2019-02-11,0.0
2019-02-12,0.38862002827668296
2019-02-13,0.22279547512785397
2019-02-14,0.13451168148622644
2019-02-15,3.5461675028335655
2019-02-16,7.22725392381821
2019-02-17,0.5759706544627629
2019-02-18,1.8763632695858994
2019-02-19,0.17850329219758485
2019-02-20,1.9239709749994318
2019-02-21,10.740334737137108
2019-02-22,1.606665621488256
2019-02-23,2.9749882897738886
2019-02-24,9.017692888025877
2019-02-25,6.57219143311371
2019-02-26,8.892889686242938
2019-02-27,1.5718879610483594
2019-02-28,0.05059596725348216
2019-03-01,4.618468904653358
2019-03-02,4.411983295279845
2019-03-03,1.6669506355237762
2019-03-04,3.7140850126319793
2019-03-05,17.168325071366464
2019-03-06,19.60265888212305
2019-03-07,6.040064616770273
2019-03-08,6.7732658458512764
2019-03-09,1.0234365617703738
2019-03-10,8.097214357709502
2019-03-11,1.1319559744075258
2019-03-12,0.2457830891514322
2019-03-13,4.411936806367507
2019-03-14,2.9811589901958917
2019-03-15,9.95813814512874
2019-03-16,0.4418406702511009
2019-03-17,2.5322352175687737
2019-03-18,0.41751262298527064
2019-03-19,7.096505074069604
2019-03-20,5.2324844868134575
2019-03-21,3.2595093159357105
2019-03-22,4.813524534328467
2019-03-23,0.17079759581514806
2019-03-24,1.8867687655534298
2019-03-25,6.725274987268201
2019-03-26,1.1166623648113125
2019-03-27,2.0633455312743343
2019-03-28,5.154790181110731
2019-03-29,0.5676550136138795
2019-03-30,1.0309904895648747
2019-03-31,0.4344587741108203
2019-04-01,0.13127572662962494
2019-04-02,2.7899224766054074
2019-04-03,29.75170911538663
2019-04-04,2.7823920717514956
2019-04-05,7.195730862601682
2019-04-06,10.526772699667797
2019-04-07,11.985455400962957
2019-04-08,1.7281309597190668
2019-04-09,0.0
2019-04-10,0.24841019961575322
2019-04-11,0.3334208235024616
2019-04-12,4.886603223944321
2019-04-13,1.1925870400929781
2019-04-14,0.2520686158180689
2019-04-15,1.1534068814841905
2019-04-16,0.08363758134141686
2019-04-17,0.034162342294252974
2019-04-18,3.0052990353203453
2019-04-19,2.894865914522783
2019-04-20,0.7117286198289404
2019-04-21,3.7557496485807285
2019-04-22,2.9132366559901883
2019-04-23,3.6924904634014006
2019-04-24,11.687017136758566
2019-04-25,2.964292549623917
2019-04-26,0.15438133842399596
2019-04-27,1.2982451572117792
2019-04-28,0.7952524027176122
2019-04-29,1.2639430312396567
2019-04-30,1.7892643637930485
2019-05-01,5.405739783337196
2019-05-02,0.0007106486455573115
2019-05-03,0.00346884652372222
2019-05-04,0.07854875965967725
2019-05-05,0.21200434148509265
2019-05-06,1.4858507873999574
2019-05-07,0.0
2019-05-08,0.0
2019-05-09,0.5165718669633853
2019-05-10,1.3444531208132753
2019-05-11,0.0
2019-05-12,15.931278940740215
2019-05-13,9.213513820671688
2019-05-14,9.658210304889112
2019-05-15,1.2525468683254095
2019-05-16,0.0
2019-05-17,0.0
2019-05-18,0.0
2019-05-19,1.2349098379269756
2019-05-20,1.4983972798925282
2019-05-21,0.9336042556080532
2019-05-22,0.0
2019-05-23,0.0035322235411007446
2019-05-24,14.439447959527651
2019-05-25,0.24411659735404506
2019-05-26,8.046286857167676
2019-05-27,0.2590029393254384
2019-05-28,2.148225729977108
2019-05-29,18.56291713741706
2019-05-30,7.169465181331734
2019-05-31,2.323863931991997
2019-06-01,20.362860015081264
2019-06-02,14.296154099920248
2019-06-03,39.083029693249344
2019-06-04,5.099624101610786
2019-06-05,2.3432651339747346
2019-06-06,0.0954136068026978
2019-06-07,0.0
2019-06-08,0.21648590669762974
2019-06-09,0.3686017904277099
2019-06-10,0.0
2019-06-11,0.7838491087894992
2019-06-12,1.9060262587329102
2019-06-13,0.0
2019-06-14,0.0
2019-06-15,0.0
2019-06-16,4.697966517796736
2019-06-17,0.0
2019-06-18,0.42921947698805474
2019-06-19,0.0
2019-06-20,0.0
2019-06-21,0.08919621948267487
2019-06-22,0.08639878246356164
2019-06-23,0.21883417847369982
2019-06-24,0.6876888230534767
2019-06-25,2.5739851315289193
2019-06-26,0.0
2019-06-27,0.9552248031366837
2019-06-28,4.029564203667111
2019-06-29,2.474108148332684
2019-06-30,1.6949540964521432
2019-07-01,7.56863277729853
2019-07-02,8.709784409266861
2019-07-03,0.0
2019-07-04,0.01913592195352747
2019-07-05,1.0691923289884049
2019-07-06,5.513295577974017
2019-07-07,1.27755281305155
2019-07-08,0.25932348152858176
2019-07-09,0.0
2019-07-10,0.0
2019-07-11,0.0
2019-07-12,0.009497555326590997
2019-07-13,0.002450834569745807
2019-07-14,0.07091292449503021
2019-07-15,0.0
2019-07-16,0.0
2019-07-17,6.149252317348175
2019-07-18,0.0
2019-07-19,0.0
2019-07-20,0.0
2019-07-21,0.0
2019-07-22,0.0
2019-07-23,0.0
2019-07-24,0.0
2019-07-25,0.0
2019-07-26,0.7062713084543899
2019-07-27,13.354721740205838
2019-07-28,2.9570290813057527
2019-07-29,0.0
2019-07-30,0.14546055321668575
2019-07-31,0.0
2019-08-01,0.10227740759648514
2019-08-02,0.0
2019-08-03,3.2677838862196418
2019-08-04,13.333712672238553
2019-08-05,0.1561150684112737
2019-08-06,0.0
2019-08-07,0.26618420552552347
2019-08-08,0.0
2019-08-09,0.39763323315394994
2019-08-10,0.4551480011260098
2019-08-11,0.3563206788771868
2019-08-12,0.0
2019-08-13,0.0
2019-08-14,0.06410611200987701
2019-08-15,0.0
2019-08-16,0.0
2019-08-17,0.09740084282655054
2019-08-18,0.0
2019-08-19,2.5945212471716665
2019-08-20,5.214588603946283
2019-08-21,2.4478639137795737
2019-08-22,2.077332364840849
2019-08-23,1.0672319183299914
2019-08-24,9.246590133867576
2019-08-25,0.6133172964948098
2019-08-26,0.5487262370856325
2019-08-27,0.3204561190151141
2019-08-28,2.663602689384341
2019-08-29,2.581402628300937
2019-08-30,0.19102120839945236
2019-08-31,0.0
2019-09-01,0.004408850708260801
2019-09-02,0.014876337482826456
2019-09-03,0.06020920385912323
2019-09-04,0.22181676064888375
2019-09-05,1.0608133700773767
2019-09-06,0.032216212778845885
2019-09-07,0.06936929865168036
2019-09-08,0.1562702380639578
2019-09-09,0.0
2019-09-10,0.0
2019-09-11,0.7228538848279721
2019-09-12,0.11220042660924172
2019-09-13,0.042287503498417124
2019-09-14,0.26493519225542944
2019-09-15,0.12876514553289628
2019-09-16,0.14273518942250626
2019-09-17,0.33589740369287163
2019-09-18,7.147062985155042
2019-09-19,9.549926131215496
2019-09-20,19.88071010848009
2019-09-21,6.165001750161783
2019-09-22,3.5190178127663785
2019-09-23,5.977770857763539
2019-09-24,3.040395122859671
2019-09-25,0.3687014128996942
2019-09-26,0.1833490383732325
2019-09-27,1.5712704588484847
2019-09-28,1.8063977321478388
2019-09-29,0.2700650125586665
2019-09-30,6.075839460997264
2019-10-01,14.756085629375104
2019-10-02,11.388010192177186
2019-10-03,11.927963280327683
2019-10-04,3.999734165543123
2019-10-05,3.816768623877905
2019-10-06,7.796194942570141
2019-10-07,0.8234503792395023
2019-10-08,13.824028056699031
2019-10-09,0.0
2019-10-10,0.42531332798559823
2019-10-11,0.4983627510996918
2019-10-12,1.9196247066270116
2019-10-13,1.5823624603333828
2019-10-14,0.1784054065755847
2019-10-15,0.21152172180105308
2019-10-16,5.4754484324362656
2019-10-17,0.5086978741134869
2019-10-18,4.380072131308262
2019-10-19,5.447548648521608
2019-10-20,3.3245375342755343
2019-10-21,0.02517164301273666
2019-10-22,3.4886717775431597
2019-10-23,11.429654208589426
2019-10-24,1.827799278432755
2019-10-25,3.7504818639389326
2019-10-26,0.7116727793120706
2019-10-27,0.13512366850587335
2019-10-28,2.2308453743856482
2019-10-29,0.13419967970256277
2019-10-30,5.645840667876402
2019-10-31,3.2746242426515817
2019-11-01,1.2162055917285397
2019-11-02,2.1975913892589665
2019-11-03,0.7677080649326674
2019-11-04,0.002274455475276367
2019-11-05,0.0
2019-11-06,0.08877725151690868
2019-11-07,3.6391129110843186
2019-11-08,0.0
2019-11-09,0.032175023131661935
2019-11-10,0.855580273706842
2019-11-11,1.4503456076870933
2019-11-12,1.869657509886558
2019-11-13,1.7581719221915189
2019-11-14,0.25217366896213256
2019-11-15,20.55969106727503
2019-11-16,10.012739874524906
2019-11-17,4.955102167596528
2019-11-18,3.43712205922982
2019-11-19,2.3559851807929055
2019-11-20,5.228647405194312
2019-11-21,0.0430691467253081
2019-11-22,0.07352902035417291
2019-11-23,35.19261583249641
2019-11-24,2.5133520425467175
2019-11-25,0.7481978359746458
2019-11-26,0.040473991324697166
2019-11-27,0.0736148002756427
2019-11-28,0.621824972469171
2019-11-29,3.3261885168088217
2019-11-30,0.003018808246280051
2019-12-01,21.507557869409283
2019-12-02,2.1479151942107646
2019-12-03,0.006353537768676122
2019-12-04,0.9588424944301626
2019-12-05,7.357956647985868
2019-12-06,7.414458991791162
2019-12-07,2.9288637949244665
2019-12-08,3.7102342683633096
2019-12-09,6.143386656500503
2019-12-10,0.5548419625428208
2019-12-11,4.198221149008628
2019-12-12,8.379949806878377
2019-12-13,9.607641663273498
2019-12-14,4.696479666577535
2019-12-15,21.468611402344443
2019-12-16,3.6858220745860995
2019-12-17,0.022529646380147574
2019-12-18,0.3942293736506616
2019-12-19,2.8310879372353246
2019-12-20,0.0
2019-12-21,0.0
2019-12-22,0.0
2019-12-23,0.0010712287935359056
2019-12-24,0.0
2019-12-25,0.0
2019-12-26,0.0
2019-12-27,0.7856790593087193
2019-12-28,0.00047550603486191663
2019-12-29,0.0
2019-12-30,3.0316177873688255
2019-12-31,2.1147464797825455
2020-01-01,5.655001337411901
2020-01-02,1.779982096772802
2020-01-03,0.0
2020-01-04,0.0
2020-01-05,0.09964566668985243
2020-01-06,0.038193668871906235
2020-01-07,0.0
2020-01-08,0.21425929130507218
2020-01-09,0.020634366685550173
2020-01-10,0.0
2020-01-11,0.0
2020-01-12,0.0
2020-01-13,0.0
2020-01-14,0.0
2020-01-15,0.0
2020-01-16,0.0
2020-01-17,0.0
2020-01-18,0.0005633999871055643
2020-01-19,0.0
2020-01-20,0.0
2020-01-21,20.810357417726
2020-01-22,1.8314923880959733
2020-01-23,17.388656684879102
2020-01-24,15.801816848599477
2020-01-25,14.06804616007405
2020-01-26,8.245081930011443
2020-01-27,0.034888778236566255
2020-01-28,20.156667593698945
2020-01-29,29.926556026579817
2020-01-30,8.051555475879201
2020-01-31,5.261271924331029
2020-02-01,11.741354612082118
2020-02-02,7.886620447456075
2020-02-03,7.879437482057733
2020-02-04,3.828690929584513
2020-02-05,7.37697220481103
2020-02-06,0.8422401140561776
2020-02-07,0.0
2020-02-08,0.09103268071522029
2020-02-09,1.6704514433229667
2020-02-10,0.0004799960067293646
2020-02-11,0.0
2020-02-12,0.0004842816117475068
2020-02-13,0.0
2020-02-14,0.45105422531355616
2020-02-15,3.4710427982894134
2020-02-16,0.0
2020-02-17,0.0
2020-02-18,0.0
2020-02-19,0.0
2020-02-20,2.915237746070427
2020-02-21,5.255088329879892
2020-02-22,12.029382310394766
2020-02-23,8.75566819289012
2020-02-24,11.957076027968212
2020-02-25,0.0
2020-02-26,14.249779472414323
2020-02-27,10.667897187381605
2020-02-28,10.222740501320684
2020-02-29,2.658194177244468
2020-03-01,7.0071127438421
2020-03-02,11.813086232321348
2020-03-03,0.12176538050202951
2020-03-04,0.11556613801046325
2020-03-05,0.4772244343990288
2020-03-06,0.9872017147585095
2020-03-07,0.06879759083309202
2020-03-08,17.658251587331495
2020-03-09,0.11752928866136136
2020-03-10,0.12696668504256878
2020-03-11,2.1538358148326813
2020-03-12,3.006030023069757
2020-03-13,0.4556506748506663
2020-03-14,4.100130042889738
2020-03-15,0.0853170904713409
2020-03-16,0.7284219058584344
2020-03-17,25.4991827711343
2020-03-18,8.986374917159088
2020-03-19,4.673794675246058
2020-03-20,7.317434378564783
2020-03-21,5.982913606599405
2020-03-22,0.001547524342882526
2020-03-23,1.03172996093853
2020-03-24,3.201855922524594
2020-03-25,0.0
2020-03-26,0.7348020351198488
2020-03-27,0.46146166307674324
2020-03-28,6.547264792127443
2020-03-29,0.1927292913353765
2020-03-30,0.01525707043837959
2020-03-31,0.0
2020-04-01,0.9778910119180035
2020-04-02,2.4638033383325175
2020-04-03,0.0
2020-04-04,0.0
2020-04-05,0.12601991893555078
2020-04-06,0.06719626074772433
2020-04-07,5.53387120017391
2020-04-08,1.5474175573355322
2020-04-09,26.103400587753235
2020-04-10,1.1580591780605165
2020-04-11,40.63312907650368
2020-04-12,7.295456064080583
2020-04-13,5.182418738310512
2020-04-14,5.266170756334607
2020-04-15,22.832089533912015
2020-04-16,9.221312465514128
2020-04-17,2.3692372988208903
2020-04-18,0.10474621363015946
2020-04-19,0.0
2020-04-20,0.0
2020-04-21,0.0
2020-04-22,0.176638898664264
2020-04-23,0.10237620679872515
2020-04-24,0.1199433435370492
2020-04-25,2.7769099243553486
2020-04-26,3.611391714995984
2020-04-27,4.290353822007895
2020-04-28,0.2753596923070065
2020-04-29,0.30055672634782976
2020-04-30,0.437463714521906
2020-05-01,0.2580785974119016
2020-05-02,0.0009741801212659553
2020-05-03,0.30597946080253463
2020-05-04,3.2148052988770677
2020-05-05,0.0
2020-05-06,0.0
2020-05-07,1.5692274909288273
2020-05-08,0.6156127924943977
2020-05-09,0.0
2020-05-10,0.0
2020-05-11,0.0
2020-05-12,4.172361602155251
2020-05-13,27.562289663989755
2020-05-14,0.0
2020-05-15,0.0
2020-05-16,14.20149405428382
2020-05-17,0.0
2020-05-18,0.0
2020-05-19,0.26214499763830307
2020-05-20,0.001020935348626394
2020-05-21,10.766238521818075
2020-05-22,0.0059052628400143945
2020-05-23,0.0
2020-05-24,1.5066581508210914
2020-05-25,0.0
2020-05-26,0.0019187035011714356
2020-05-27,0.0
2020-05-28,0.10139329283229553
2020-05-29,0.3181421250768433
2020-05-30,5.908465028995026
2020-05-31,12.582245181150089
2020-06-01,17.643674811612136
2020-06-02,0.13129966677449315
2020-06-03,1.329910820437404
2020-06-04,2.5458702670629982
2020-06-05,11.203908859299915
2020-06-06,2.510690714837477
2020-06-07,0.19439971246520588
2020-06-08,9.37968825300064
2020-06-09,1.748151375749336
2020-06-10,0.0
2020-06-11,0.0008873642479170561
2020-06-12,0.08136638653103294
2020-06-13,0.002434350257233837
2020-06-14,11.82082649476717
2020-06-15,0.27994409927763914
2020-06-16,0.01499247830493481
2020-06-17,0.0
2020-06-18,0.12768459523362272
2020-06-19,0.5516836975830418
2020-06-20,0.32395515982317513
2020-06-21,6.425047475994622
2020-06-22,0.2956388065002926
2020-06-23,0.953669070350452
2020-06-24,0.5231061273138425
2020-06-25,0.0
2020-06-26,1.543926805808385
2020-06-27,0.9856808697765104
2020-06-28,1.1119920718393188
2020-06-29,9.395634753508682
2020-06-30,0.0
2020-07-01,2.5726757556665913
2020-07-02,8.132718864745408
2020-07-03,1.119991552767625
2020-07-04,0.04498907922286663
2020-07-05,4.365029337280793
2020-07-06,1.031883165769699
2020-07-07,3.0582441616148706
2020-07-08,0.002091076406806863
2020-07-09,1.5688976971586979
2020-07-10,0.8081339248149446
2020-07-11,2.082505475283234
2020-07-12,2.8131912185478307
2020-07-13,4.908198894905515
2020-07-14,7.0439408104434404
2020-07-15,0.3971308804642585
2020-07-16,0.22298585967620027
2020-07-17,0.0
2020-07-18,0.0
2020-07-19,0.0
2020-07-20,0.011392661826071838
2020-07-21,0.0
2020-07-22,0.08208413609166329
2020-07-23,0.09109236684697096
2020-07-24,7.381885909175828
2020-07-25,0.26991762153800775
2020-07-26,9.521177897234205
2020-07-27,0.0016433090917423745
2020-07-28,0.0
2020-07-29,1.227308958302963
2020-07-30,0.07654941844352893
2020-07-31,0.1605437202851166
2020-08-01,0.0
2020-08-02,0.0
2020-08-03,0.0
2020-08-04,0.0
2020-08-05,0.0
2020-08-06,0.04128291744126465
2020-08-07,0.0003865731942715774
2020-08-08,0.0
2020-08-09,0.0
2020-08-10,0.021627601996692426
2020-08-11,0.0
2020-08-12,0.0
2020-08-13,0.9872010371403805
2020-08-14,4.443980258994056
2020-08-15,0.580788252281386
2020-08-16,0.8366653748961322
2020-08-17,1.400281878683252
2020-08-18,6.790449006700901
2020-08-19,1.8676926973079517
2020-08-20,4.597988201170271
2020-08-21,13.428769757204405
2020-08-22,4.8184181269397675
2020-08-23,0.0
2020-08-24,0.0
2020-08-25,0.0
2020-08-26,0.0
2020-08-27,0.0
2020-08-28,0.4783107677888441
2020-08-29,2.0564991510744512
2020-08-30,2.506492778736514
2020-08-31,5.411839454222608
2020-09-01,10.761448847067294
2020-09-02,0.3735945526032242
2020-09-03,0.3129093967755787
2020-09-04,0.0017175949449959329
2020-09-05,3.4242829537854726
2020-09-06,0.0
2020-09-07,0.18586090033453034
2020-09-08,1.9769098433991963
2020-09-09,4.26462981521321
2020-09-10,0.4803302935207698
2020-09-11,1.0716314555513302
2020-09-12,1.6958603476642264
2020-09-13,0.0
2020-09-14,1.4347087278404491
2020-09-15,2.093687385419487
2020-09-16,1.861029506294381
2020-09-17,1.1494224697196165
2020-09-18,4.081397599826092
2020-09-19,5.243480321639298
2020-09-20,2.7796542512359683
2020-09-21,0.05041667941846537
2020-09-22,0.745459394509168
2020-09-23,7.608407392822585
2020-09-24,1.231803396650538
2020-09-25,0.0
2020-09-26,0.14890064119106786
2020-09-27,1.1293922202500162
2020-09-28,0.549732849870119
2020-09-29,1.5405258429327153
2020-09-30,1.868526106251184
2020-10-01,0.9442617101502158
2020-10-02,0.00026662075254150276
2020-10-03,1.753677605509702
2020-10-04,0.1216325805205296
2020-10-05,0.6640646494377965
2020-10-06,0.03412833788676151
2020-10-07,0.0
2020-10-08,1.1265441678475006
2020-10-09,0.4228641573341466
2020-10-10,0.18041893940071316
2020-10-11,0.01669333834944038
2020-10-12,0.0
2020-10-13,0.016761869488593702
2020-10-14,0.16406029095755886
2020-10-15,0.6271954372504039
2020-10-16,0.0
2020-10-17,0.23258917769906876
2020-10-18,0.0
2020-10-19,0.9171883427294891
2020-10-20,0.07615378325384185
2020-10-21,1.1300928721717052
2020-10-22,0.17831898266418691
2020-10-23,0.7309232295999478
2020-10-24,0.3555353413482009
2020-10-25,2.5363724950025115
2020-10-26,0.6152086287016895
2020-10-27,8.287893515749037
2020-10-28,5.161215587003373
2020-10-29,15.280874901052789
2020-10-30,16.33860159981934
2020-10-31,1.563721922210809
2020-11-01,0.4655514633073903
2020-11-02,0.0084514156555689
2020-11-03,0.03355851454624121
2020-11-04,0.01814731078823276
2020-11-05,0.24293097276249415
2020-11-06,0.34785498552331434
2020-11-07,2.3220261228643624
2020-11-08,0.5359261012766272
2020-11-09,0.08789885591862047
2020-11-10,0.0
2020-11-11,1.5467425645216564
2020-11-12,0.7369706115695551
2020-11-13,1.6158678874422852
2020-11-14,3.2239448288954144
2020-11-15,5.621891940391103
2020-11-16,2.1484296496927544
2020-11-17,2.4744372026776884
2020-11-18,4.73878860693868
2020-11-19,3.9307523001883626
2020-11-20,1.6617469237574694
2020-11-21,2.1584689514380617
2020-11-22,0.4416285183180119
2020-11-23,2.053814838588775
2020-11-24,0.027922015289512648
2020-11-25,0.021010167872041737
2020-11-26,0.9894999371270671
2020-11-27,7.268992992782413
2020-11-28,1.7275002251468754
2020-11-29,0.2850628691027934
2020-11-30,0.7394851304410702
2020-12-01,2.479177303305174
2020-12-02,2.2212956206937475
2020-12-03,0.7529299795091124
2020-12-04,1.9146837413395712
2020-12-05,2.7161880143724417
2020-12-06,0.9535265778659477
2020-12-07,1.0591287139409644
2020-12-08,11.733587597513134
2020-12-09,1.926057575043769
2020-12-10,4.480921422006508
2020-12-11,4.144745352368737
2020-12-12,5.500572689163465
2020-12-13,3.089986589044149
2020-12-14,2.6763914429932503
2020-12-15,0.6897377678140652
2020-12-16,0.7908915173719415
2020-12-17,2.8170156583352326
2020-12-18,0.9604777254972454
2020-12-19,0.031206093061484197
2020-12-20,0.0
2020-12-21,0.0954849363954527
2020-12-22,1.5327401610134568
2020-12-23,3.556106622328639
2020-12-24,5.665020980862067
2020-12-25,6.353841578774068
2020-12-26,5.899020853227825
2020-12-27,2.6927998362983483
2020-12-28,10.121242412962886
2020-12-29,1.4496033241374977
2020-12-30,3.602250998531796
2020-12-31,1.4184651440322709
2021-01-01,5.938167823654168
2021-01-02,4.327517156180812
2021-01-03,6.28270496863542
2021-01-04,8.954127187245495
2021-01-05,3.1445494510166347
2021-01-06,1.3884363954861205
2021-01-07,0.7104681533188235
2021-01-08,1.2802852249326218
2021-01-09,1.7416618160024635
2021-01-10,0.0033788059854439685
2021-01-11,0.001101940743226341
2021-01-12,0.36188205166034715
2021-01-13,0.2688213560266102
2021-01-14,1.4550190133429548
2021-01-15,0.968953224224595
2021-01-16,11.021804796920915
2021-01-17,0.08655255702591125
2021-01-18,0.0
2021-01-19,3.141580644064975
2021-01-20,11.380227380316159
2021-01-21,0.833751671125628
2021-01-22,2.9246287012710104
2021-01-23,1.1717762157624507
2021-01-24,4.429753337748975
2021-01-25,2.3260782321218856
2021-01-26,8.502204182813202
2021-01-27,3.707189219645108
2021-01-28,0.0009988618089033497
2021-01-29,0.23308505299304802
2021-01-30,0.0
2021-01-31,0.0
2021-02-01,0.5634458229362201
2021-02-02,0.0
2021-02-03,0.0
2021-02-04,5.2028532690032865
2021-02-05,3.6497456352047766
2021-02-06,8.304491733838349
2021-02-07,0.5249200376048014
2021-02-08,7.538819198752964
2021-02-09,4.319773212703469
2021-02-10,8.589347441802936
2021-02-11,4.3147589714252685
2021-02-12,0.23865340460199477
2021-02-13,0.0
2021-02-14,0.34732506620776654
2021-02-15,3.1458900964469048
2021-02-16,10.058515151153522
2021-02-17,0.6854800670873155
2021-02-18,2.9338742392371473
2021-02-19,1.3646747495031426
2021-02-20,0.12795826158835277
2021-02-21,8.014406285089432
2021-02-22,6.961930279819845
2021-02-23,11.231547698089154
2021-02-24,0.5007092149434977
2021-02-25,0.19681341602360683
2021-02-26,0.5593410819020672
2021-02-27,1.645740724016512
2021-02-28,7.41361086789831
2021-03-01,3.2800036028966364
2021-03-02,0.9031108033030251
2021-03-03,2.0058094533005915
2021-03-04,0.5087348048238606
2021-03-05,4.133769077551078
2021-03-06,4.850403729686801
2021-03-07,0.5488770287333932
2021-03-08,3.578530171085793
2021-03-09,2.0355570468220425
2021-03-10,8.691028428269698
2021-03-11,15.163989169176359
2021-03-12,6.6490594091600626
2021-03-13,6.933068096101257
2021-03-14,9.855777868101914
2021-03-15,10.726547954546678
2021-03-16,6.6569391806958045
2021-03-17,4.9006723729652695
2021-03-18,11.309038871953073
2021-03-19,12.564807801041091
2021-03-20,4.439405520794686
2021-03-21,31.235339131755104
2021-03-22,0.7589808757527641
2021-03-23,3.60611564748268
2021-03-24,19.210307202142655
2021-03-25,5.032375725114137
2021-03-26,0.3419765235687647
2021-03-27,4.031117519062879
2021-03-28,0.1448865732216033
2021-03-29,1.1101532892162118
2021-03-30,0.31650959330111084
2021-03-31,0.0
2021-04-01,1.071373656145039
2021-04-02,2.3154825671257875
2021-04-03,7.255396402034643
2021-04-04,1.5934435063659838
2021-04-05,2.655323820620112
2021-04-06,0.6266482931242799
2021-04-07,0.3951433298995517
2021-04-08,0.8117244230633607
2021-04-09,0.5485711630799093
2021-04-10,0.14092625926761818
2021-04-11,1.5020129404492655
2021-04-12,3.1442099531246903
2021-04-13,2.557883665833864
2021-04-14,3.2107006927510113
2021-04-15,0.6007471956499716
2021-04-16,5.958310883963407
2021-04-17,5.882310369465375
2021-04-18,1.3271154069832751
2021-04-19,15.481454373309536
2021-04-20,1.8385202199121835
2021-04-21,0.6642422925121465
2021-04-22,0.212804166246285
2021-04-23,2.1659048092641973
2021-04-24,2.433216386132758
2021-04-25,0.7090396911032898
2021-04-26,0.2824622699854104
2021-04-27,3.3168956737617705
2021-04-28,14.68277875917436
2021-04-29,0.06312669142339537
2021-04-30,27.74903652691717
2021-05-01,3.5844108903650875
2021-05-02,1.0107273395622811
2021-05-03,20.048055221434737
2021-05-04,3.4731563182308576
2021-05-05,0.03274595054163859
2021-05-06,4.142920781514591
2021-05-07,39.35802386169579
2021-05-08,15.613430850825456
2021-05-09,0.0
2021-05-10,0.07749907318758549
2021-05-11,0.0
2021-05-12,0.3262222283036717
2021-05-13,0.0
2021-05-14,0.0
2021-05-15,0.004465767751085651
2021-05-16,0.0602374808701335
2021-05-17,1.369496130028476
2021-05-18,19.393350347304786
2021-05-19,3.7902157436553368
2021-05-20,0.0
2021-05-21,0.0
2021-05-22,0.0011455017715085462
2021-05-23,0.0
2021-05-24,0.0
2021-05-25,0.0042894251930493425
2021-05-26,0.04976609192545072
2021-05-27,0.09650355998174324
2021-05-28,0.0
2021-05-29,0.11071526196713362
2021-05-30,5.109041185302229
2021-05-31,2.560067952046288
2021-06-01,1.9825498865205269
2021-06-02,0.0
2021-06-03,4.098188088325346
2021-06-04,1.497435486243269
2021-06-05,1.8385701955409484
2021-06-06,0.950622305266951
2021-06-07,0.6883542653453798
2021-06-08,2.180225152531149
2021-06-09,2.933221865694199
2021-06-10,3.0761902206941336
2021-06-11,9.09973704493029
2021-06-12,0.7563877577806526
2021-06-13,33.735624430813196
2021-06-14,0.6178055352816816
2021-06-15,8.716551504220966
2021-06-16,1.7657663775303534
2021-06-17,0.0
2021-06-18,1.4129107488607808
2021-06-19,3.0504196221542728
2021-06-20,1.0323952687741005
2021-06-21,1.0817416098263524
2021-06-22,0.0
2021-06-23,0.2968087556067376
2021-06-24,3.1869557580356065
2021-06-25,0.6923057133978662
2021-06-26,0.07127005107478473
2021-06-27,1.339817730864322
2021-06-28,4.9975887248438156
2021-06-29,8.632888154473028
2021-06-30,4.197194437120041
2021-07-01,0.0
2021-07-02,0.0
2021-07-03,0.1835300535005961
2021-07-04,0.0
2021-07-05,0.0
2021-07-06,0.18752774487508528
2021-07-07,0.0
2021-07-09,0.2945566362591504
2021-07-10,0.0
2021-07-11,3.298088844214385
2021-07-12,7.892222633976217
2021-07-13,2.404752391822414
2021-07-14,0.7565679355912275
2021-07-15,0.6320479120591532
2021-07-16,0.12510635704860934
2021-07-17,0.06836600735084755
2021-07-18,0.0
2021-07-19,0.32209884476627804
2021-07-20,0.0
2021-07-21,0.0
2021-07-22,0.1991573805382104
2021-07-23,0.0
2021-07-24,0.0
2021-07-25,0.0
2021-07-26,0.0
2021-07-27,2.7600332241609506
2021-07-28,3.97105428925175
2021-07-29,2.731360483824614
2021-07-30,6.487354356719668
2021-07-31,0.0
2021-08-01,0.00030135156870001253
2021-08-02,0.0
2021-08-03,0.05009115778513285
2021-08-04,0.0
2021-08-05,0.05611241578152258
2021-08-06,0.0
2021-08-07,0.0
2021-08-08,0.0017020855397197774
2021-08-09,3.364044099947334
2021-08-10,2.289778236753282
2021-08-11,2.5117270625750074
2021-08-12,0.0
2021-08-13,4.603567247761194
2021-08-14,0.28298586527920633
2021-08-15,2.1643298369118074
2021-08-16,1.1135910616447326
2021-08-17,0.5620268453980216
2021-08-18,2.36189982124213
2021-08-19,1.6241581760724537
2021-08-20,0.03890068787412586
2021-08-21,1.0329359954479802
2021-08-22,0.763590336325947
2021-08-23,0.900242030705281
2021-08-24,0.0008618266223336441
2021-08-25,3.3335004108091035
2021-08-26,1.3899817343347733
2021-08-27,8.952207610032277
2021-08-28,1.8953549776072756
2021-08-29,3.6703601798306478
2021-08-30,5.8558900834033425
2021-08-31,0.9428473081085028
2021-09-01,1.3180022877237345
2021-09-02,6.122950111390968
2021-09-03,0.6486900728610612
2021-09-04,3.9778219780499544
2021-09-05,0.0
2021-09-06,11.322647252392285
2021-09-07,0.7986231218689938
2021-09-08,1.3889987857801438
2021-09-09,0.7038455722965601
2021-09-10,6.053450015866321
2021-09-11,3.1954814793655855
2021-09-12,1.2983557552819227
2021-09-13,0.5286905950756788
2021-09-14,0.0
2021-09-15,2.5664400154242077
2021-09-16,0.30405784980316747
2021-09-17,2.1890443093626493
2021-09-18,0.6367130233235181
2021-09-19,0.0
2021-09-20,0.0005282637407744683
2021-09-21,0.0004091603334680772
2021-09-22,4.566728166921734
2021-09-23,0.1253277006899221
2021-09-24,0.1335305252497595
2021-09-25,2.557000688555568
2021-09-26,0.6957281373056514
2021-09-27,0.05707963602286501
2021-09-28,0.00042193408037237174
2021-09-29,2.486903873341505
2021-09-30,1.2866964679033144
2021-10-01,0.7043689300329525
2021-10-02,1.1663954470576638
2021-10-03,0.09283771061998926
2021-10-04,0.19525174225523034
2021-10-05,0.07511442049822499
2021-10-06,2.3138575095353344
2021-10-07,0.4297167689582287
2021-10-08,0.16950557052326795
2021-10-09,0.9082474753451202
2021-10-10,7.87981764370093
2021-10-11,0.05554679060140419
2021-10-12,2.3924017730113856
2021-10-13,1.9970897569977129
2021-10-14,3.383559735563342
2021-10-15,12.072534668225355
2021-10-16,2.3822311662712803
2021-10-17,4.424982232936804
2021-10-18,5.588321537386462
2021-10-19,5.17710489980534
2021-10-20,6.67674248255807
2021-10-21,5.938123890033326
2021-10-22,4.97388643723763
2021-10-23,6.63436799295589
2021-10-24,2.8179984081418303
2021-10-25,6.418533909326481
2021-10-26,12.153705925808197
2021-10-27,0.5092243504772702
2021-10-28,0.5075540337332162
2021-10-29,1.8288666185526306
2021-10-30,0.2644080152476585
2021-10-31,0.5509686038455711
2021-11-01,4.888796050985636
2021-11-02,2.016815208360969
2021-11-03,10.524590356719264
2021-11-04,1.5146156858347541
2021-11-05,1.4658984498975403
2021-11-06,2.845060970928928
2021-11-07,0.0
2021-11-08,9.432620535298923
2021-11-09,2.466527459069148
2021-11-10,0.9574653868819798
2021-11-11,3.8908632869462956
2021-11-12,1.3042751735897782
2021-11-13,0.0572169843526431
2021-11-14,1.4552844815602073
2021-11-15,4.381189943828158
2021-11-16,0.6471278967308467
2021-11-17,6.558769829518306
2021-11-18,5.601164718647807
2021-11-19,6.775737828408753
2021-11-20,0.5113926140520033
2021-11-21,3.297120682044597
2021-11-22,0.5179589945012955
2021-11-23,0.43532131696300796
2021-11-24,3.3308702061832496
2021-11-25,12.497741857787997
2021-11-26,2.8042149202680213
2021-11-27,1.3947851446102941
2021-11-28,0.034957525573144986
2021-11-29,6.501509899101458
2021-11-30,1.4136429948865492
2021-12-01,2.8355520612986833
2021-12-02,0.45191586271726036
2021-12-03,7.480631659800044
2021-12-04,2.289121527064191
2021-12-05,13.083423320403433
2021-12-06,10.650704956687157
2021-12-07,0.7021166704549208
2021-12-08,0.07332148968693433
2021-12-09,0.0
2021-12-10,0.64212043852334
2021-12-11,4.795734773733671
2021-12-12,0.1734593216980989
2021-12-13,0.11320879164604936
2021-12-14,0.0
2021-12-15,0.0
2021-12-16,0.0010333852370391803
2021-12-17,0.07013213902725987
2021-12-18,0.0843523281663021
2021-12-19,0.11565468614556564
2021-12-20,0.0
2021-12-21,0.0
2021-12-22,7.264712011345412
2021-12-23,0.7596588981823581
2021-12-24,0.10160452006045026
2021-12-25,2.006300625841745
2021-12-26,0.24074888895722382
2021-12-27,10.246319726540094
2021-12-28,16.271760704730823
2021-12-29,36.550384633521915
2021-12-30,0.15598618317870155
2021-12-31,0.19247407678290607
2022-01-01,0.5257488081433772
2022-01-02,1.7268916228437583
2022-01-03,0.04489174538853608
2022-01-04,0.0
2022-01-05,0.0
2022-01-06,0.0
2022-01-07,0.0
2022-01-08,0.0
2022-01-09,0.0
2022-01-10,0.2756460171522884
2022-01-11,0.0
2022-01-12,5.6277590166161495
2022-01-13,0.43566556154185154
2022-01-14,4.9968306418563
2022-01-15,8.847754143697287
2022-01-16,0.7657626134306827
2022-01-17,0.0
2022-01-18,0.6058585118874732
2022-01-19,0.28002698463266473
2022-01-20,0.1432238072933376
2022-01-21,0.00041363116182573936
2022-01-22,0.0
2022-01-23,0.0
2022-01-24,3.347427433218114
2022-01-25,15.996248027488894
2022-01-26,45.90481841874767
2022-01-27,2.100223320459992
2022-01-28,8.061681455709763
2022-01-29,5.968420370446174
2022-01-30,24.883508235004374
2022-01-31,5.672009811193555
2022-02-01,0.3363736097081924
2022-02-02,0.14256978001090828
2022-02-03,0.0020487893819244258
2022-02-04,2.793484819268571
2022-02-05,6.205915270344108
2022-02-06,15.106203466837357
2022-02-07,10.075424779370632
2022-02-08,5.596162157903516
2022-02-09,1.0092645328737222
2022-02-10,0.046188323433395816
2022-02-11,3.998965999516534
2022-02-12,3.6096958408193087
2022-02-13,7.754521340117643
2022-02-14,13.204100207659035
2022-02-15,31.92387267527904
2022-02-16,24.63720477784996
2022-02-17,9.828286675580129
2022-02-18,9.215922847510177
2022-02-19,6.297360637412712
2022-02-20,0.3345265922699987
2022-02-21,0.05786985901507763
2022-02-22,0.5898647891125482
2022-02-23,0.02360143485310969
2022-02-24,0.0
2022-02-25,1.703689202772165
2022-02-26,6.898554698938672
2022-02-27,2.5017397879198904
2022-02-28,0.2453006615519016
2022-03-01,0.527994559422199
2022-03-02,4.8088387523652925
2022-03-03,1.9667321535604703
2022-03-04,3.4100062792925745
2022-03-05,3.2122676554363188
2022-03-06,2.3541217677009327
2022-03-07,4.056241822265326
2022-03-08,3.0494556770342776
2022-03-09,4.74439932660772
2022-03-10,7.052776662617823
2022-03-11,2.5695501787015353
2022-03-12,11.19394019202337
2022-03-13,1.6905824781198293
2022-03-14,16.74842287250629
2022-03-15,7.792404069995386
2022-03-16,1.9148170422852637
2022-03-17,4.245850373082452
2022-03-18,0.2827907481898295
2022-03-19,14.58306368308743
2022-03-20,2.2759723605165436
2022-03-21,15.765448130684854
2022-03-22,1.5581957535515572
2022-03-23,2.169804074085476
2022-03-24,0.44226398749240825
2022-03-25,0.4055719438010288
2022-03-26,7.412027021089135
2022-03-27,4.730506211646301
2022-03-28,4.954752680138353
2022-03-29,6.421676693116247
2022-03-30,3.459797324190091
2022-03-31,5.27510054475151
2022-04-01,2.1682829005579314
2022-04-02,10.989879385434525
2022-04-03,1.5812234044470306
2022-04-04,0.05499802393576706
2022-04-05,0.6759662340738829
2022-04-06,5.264270958997582
2022-04-07,2.0615671918833787
2022-04-08,0.03581518779033623
2022-04-09,25.406217792823615
2022-04-10,1.844004002130184
2022-04-11,1.3689030464200376
2022-04-12,0.4049772675259879
2022-04-13,4.094994821236745
2022-04-14,3.8093709713020125
2022-04-15,3.0171079503479072
2022-04-16,0.2383312413275722
2022-04-17,9.429898878682119
2022-04-18,2.8579030490949338
2022-04-19,1.9017704460983422
2022-04-20,5.06748949752945
2022-04-21,6.732877265102545
2022-04-22,5.777450382850681
2022-04-23,5.390757940550768
2022-04-24,6.853311712173761
2022-04-25,0.6284435340037905
2022-04-26,0.006075147541141917
2022-04-27,1.587044733048389
2022-04-28,8.010856661283817
2022-04-29,4.697454386895893
2022-04-30,6.002951522621145
2022-05-01,0.4489113676892475
2022-05-02,0.0
2022-05-03,0.2725461310879533
2022-05-04,3.0624102084685254
2022-05-05,3.3496530678305008
2022-05-06,1.6787236856657544
2022-05-07,0.057590308656968084
2022-05-08,4.948827579539855
2022-05-09,2.6326661065877306
2022-05-10,0.03265765739921596
2022-05-11,0.03227457555195327
2022-05-12,0.7171994976837001
2022-05-13,0.0034176226985900685
2022-05-14,0.5081789813183993
2022-05-15,1.024458827028225
2022-05-16,5.625084913155301
2022-05-17,10.442532774736847
2022-05-18,25.2801532130962
2022-05-19,3.505344859518072
2022-05-20,0.2715730265044082
2022-05-21,0.0
2022-05-22,0.9544873422833204
2022-05-23,0.8432469807321684
2022-05-24,0.46318058897566877
2022-05-25,0.0
2022-05-26,0.12382194929244901
2022-05-27,0.0010128495592689243
2022-05-28,2.5587175546354284
2022-05-29,0.1651658148971117
2022-05-30,0.09192138122529682
2022-05-31,0.0017144436070502286
2022-06-01,1.4818456898589434
2022-06-02,2.140975736487482
2022-06-03,13.05378786978819
2022-06-04,11.565213998535244
2022-06-05,5.289814583558373
2022-06-06,2.584372798394728
2022-06-07,7.064494092788588
2022-06-08,14.089051847037744
2022-06-09,2.56659538110022
2022-06-10,8.12226098501982
2022-06-11,1.9795923113314702
2022-06-12,0.2534027180079881
2022-06-13,0.01247688618275522
2022-06-14,0.0
2022-06-15,0.04421447804052082
2022-06-16,0.0
2022-06-17,0.0022969931462882877
2022-06-18,5.804397931318045
2022-06-19,14.707665351712272
2022-06-20,0.9120957150045926
2022-06-21,2.3977985225092007
2022-06-22,2.6270951260214788
2022-06-23,0.5999380243383614
2022-06-24,1.0246335474138069
2022-06-25,1.6489156567615562
2022-06-26,0.9534182885934368
2022-06-27,0.6334861821893379
2022-06-28,0.0
2022-06-29,0.9405599359029394
2022-06-30,1.4176904548688392
2022-07-01,0.0
2022-07-02,0.0
2022-07-03,0.7121013442468216
2022-07-04,0.0
2022-07-05,0.0
2022-07-06,0.1589477737612885
2022-07-07,0.0
2022-07-08,0.8035247245709065
2022-07-09,9.470279746459935
2022-07-10,3.95904662280442
2022-07-11,5.51912392083642
2022-07-12,0.2487896035373748
2022-07-13,1.1348454729746102
2022-07-14,0.3249610514507538
2022-07-15,1.2768969490651214
2022-07-16,3.1576828193122437
2022-07-17,4.446384521526841
2022-07-18,9.241307195810728
2022-07-19,5.57933114106934
2022-07-20,1.2565648268885323
2022-07-21,0.1506520751978424
2022-07-22,0.0
2022-07-23,1.399041427926733
2022-07-24,2.004593534528334
2022-07-25,2.7753012272940043
2022-07-26,13.940147301417742
2022-07-27,3.2043117412962885
2022-07-28,3.018687323900491
2022-07-29,0.0
2022-07-30,0.0016142141756882663
2022-07-31,0.003671584678227051
2022-08-01,0.0007128371044901637
2022-08-02,0.0011095085848795189
2022-08-03,0.9683655342859209
2022-08-04,0.07687018839232113
2022-08-05,4.779324234068423
2022-08-06,6.291650885713435
2022-08-07,0.0
2022-08-08,0.0
2022-08-09,0.002174795323330777
2022-08-10,0.6412620944527302
2022-08-11,10.876119418711191
2022-08-12,0.0
2022-08-13,0.0
2022-08-14,0.13647747689206022
2022-08-15,0.7138693987730272
2022-08-16,0.03665356221553671
2022-08-17,1.5714364867253305
2022-08-18,0.809806408050895
2022-08-19,7.9694710279290355
2022-08-20,14.300096129196508
2022-08-21,0.06505408460977574
2022-08-22,0.0
2022-08-23,0.052889241787112205
2022-08-24,0.010954931357188115
2022-08-25,0.03762164210776254
2022-08-26,0.0
2022-08-27,0.0
2022-08-28,0.36778715898052095
2022-08-29,16.896515871099478
2022-08-30,4.440709486102561
2022-08-31,0.0
2022-09-01,0.055038916675020096
2022-09-02,0.0
2022-09-03,1.459648827448212
2022-09-04,0.43416628073539176
2022-09-05,0.0
2022-09-06,0.384980067829564
2022-09-07,0.03449214905260413
2022-09-08,0.0
2022-09-09,0.0
2022-09-10,3.7496170759313996
2022-09-11,0.5448394211927674
2022-09-12,0.14356099621823817
2022-09-13,0.1157301050800105
2022-09-14,3.499874043442073
2022-09-15,6.711014962433527
2022-09-16,14.955231565821517
2022-09-17,0.4006645900838357
2022-09-18,2.392043387167039
2022-09-19,2.0345399313659707
2022-09-20,5.919611106038603
2022-09-21,4.636070627332694
2022-09-22,4.43572279038671
2022-09-23,7.109405340486543
2022-09-24,8.248828766866636
2022-09-25,3.025840873573698
2022-09-26,1.5137399581019657
2022-09-27,0.25177293665767114
2022-09-28,1.1098213555518064
2022-09-29,1.3469479566273224
2022-09-30,9.678604637147805
2022-10-01,4.035954959468218
2022-10-02,0.8845510210035427
2022-10-03,0.1292246467535782
2022-10-04,0.4902197138950307
2022-10-05,0.38710728735225797
2022-10-06,2.9307467704810906
2022-10-07,14.235811930140972
2022-10-08,2.165088317677739
2022-10-09,0.0
2022-10-10,0.23417818481354058
2022-10-11,0.903082732395333
2022-10-12,0.7436766540309594
2022-10-13,1.7226052436711157
2022-10-14,0.0025240709746635003
2022-10-15,12.108014881526163
2022-10-16,0.7890017787493107
2022-10-17,0.0
2022-10-18,1.054509046404128
2022-10-19,6.709697974569592
2022-10-20,2.751545289634586
2022-10-21,0.8370909219751534
2022-10-22,3.1988698328235943
2022-10-23,1.5102680764566492
2022-10-24,12.304008819095786
2022-10-25,3.8193471117756035
2022-10-26,3.6562427566380147
2022-10-27,7.439462248378883
2022-10-28,17.55500196269879
2022-10-29,4.784187988780902
2022-10-30,0.7089778417125805
2022-10-31,0.20039253022251732
2022-11-01,0.6499166070200832
2022-11-02,9.319620008211125
2022-11-03,1.1363477414391834
2022-11-04,1.4156146599240127
2022-11-05,0.6373356453957912
2022-11-06,0.0
2022-11-07,0.0
2022-11-08,1.414167562744054
2022-11-09,3.509552364155107
2022-11-10,2.8398745854789764
2022-11-11,3.342686147048314
2022-11-12,3.6936054723288763
2022-11-13,0.7859925585355537
2022-11-14,1.034516424039482
2022-11-15,7.088694979488315
2022-11-16,5.122377410989867
2022-11-17,1.6979453620160718
2022-11-18,0.0
2022-11-19,0.029499878311880053
2022-11-20,1.110397171488536
2022-11-21,4.723997777471719
2022-11-22,0.9566437014749638
2022-11-23,3.410817421877458
2022-11-24,0.0
2022-11-25,0.00039228033195000476
2022-11-26,4.25510288967673
2022-11-27,2.48719965705709
2022-11-28,0.6166695985168376
2022-11-29,0.7679536598150001
2022-11-30,5.516718552949473
2022-12-01,3.5403743255539344
2022-12-02,2.5920945813112612
2022-12-03,0.6807556838743046
2022-12-04,0.00035818399043514626
2022-12-05,0.0005931580930680023
2022-12-06,0.0
2022-12-07,0.1176703080697288
2022-12-08,0.0
2022-12-09,0.002086442929204185
2022-12-10,1.017611568598655
2022-12-11,4.860006793196988
2022-12-12,0.26247645991495694
2022-12-13,8.179301609421499
2022-12-14,5.416845336563496
2022-12-15,0.2747952583162551
2022-12-16,5.518409416608932
2022-12-17,2.2925222117660287
2022-12-18,0.4733950307673044
2022-12-19,0.19538080305468128
2022-12-20,0.8661943580911149
2022-12-21,0.6629858980072669
2022-12-22,0.5154271125228753
2022-12-23,2.706418956303021
2022-12-24,0.0006797950677767799
2022-12-25,1.4394636109563088
2022-12-26,0.1385099350813157
2022-12-27,0.17669441806146288
2022-12-28,0.0
2022-12-29,0.0
2022-12-30,2.0755423220736557
2022-12-31,10.66601649374264
2023-01-01,7.351096920129081
2023-01-02,8.704282652196701
2023-01-03,0.21707317313556138
2023-01-04,1.2576877066502918
2023-01-05,21.434610255687286
2023-01-06,4.303650845288667
2023-01-07,8.694464363231868
2023-01-08,0.10886574003268396
2023-01-09,0.03528615667152496
2023-01-10,0.5538525443007065
2023-01-11,6.304881636930383
2023-01-12,2.0693704832339956
2023-01-13,2.9887964117306773
2023-01-14,2.1841741516261464
2023-01-15,21.018368440010946
2023-01-16,4.881528905645359
2023-01-17,9.078385378161297
2023-01-18,9.532491914811493
2023-01-19,14.421547600128596
2023-01-20,2.646065249933219
2023-01-21,0.0
2023-01-22,0.0
2023-01-23,0.0
2023-01-24,0.12434036940096228
2023-01-25,0.0
2023-01-26,0.0
2023-01-27,0.0
2023-01-28,0.0
2023-01-29,0.2252072037988678
2023-01-30,0.03977924500636613
2023-01-31,0.16781190067374385
2023-02-01,2.2177207617328265
2023-02-02,0.0
2023-02-03,0.0
2023-02-04,0.3136904066290013
2023-02-05,0.5017271037070123
2023-02-06,0.0014857357003461803
2023-02-07,0.0
2023-02-08,0.0
2023-02-09,0.11371841988592904
2023-02-10,0.003916140898095099
2023-02-11,0.7578164569465317
2023-02-12,0.4058608763989313
2023-02-13,2.071026804547692
2023-02-14,0.6843656334816027
2023-02-15,15.216783992490857
2023-02-16,4.874552348505994
2023-02-17,7.9189444346656055
2023-02-18,2.983516947458503
2023-02-19,1.7820338285799449
2023-02-20,0.2090310600909618
2023-02-21,6.438453623492928
2023-02-22,2.0034266790751882
2023-02-23,0.5657698344924561
2023-02-24,0.8100604396586959
2023-02-25,11.09429075852326
2023-02-26,4.035175902986911
2023-02-27,28.92833003338227
2023-02-28,9.713324100696779
2023-03-01,1.428884153341242
2023-03-02,0.9834582883562878
2023-03-03,0.001008550683676152
2023-03-04,2.198111339860028
2023-03-05,2.8063866009027807
2023-03-06,4.608771143790842
2023-03-07,2.0215047936990667
2023-03-08,8.716991258311308
2023-03-09,17.60332486483792
2023-03-10,28.244555740320305
2023-03-11,3.6352849674134506
2023-03-12,6.572057351745286
2023-03-13,9.687519146446252
2023-03-14,15.419865520121306
2023-03-15,4.189767255652071
2023-03-16,5.157878131394363
2023-03-17,14.922973196408245
2023-03-18,7.836280698405801
2023-03-19,15.499207223325703
2023-03-20,4.256358347928451
2023-03-21,7.63089682806278
2023-03-22,0.5059753543305093
2023-03-23,3.064784960744507
2023-03-24,10.527325410178804
2023-03-25,7.409337036308098
2023-03-26,0.4999203922510261
2023-03-27,0.1796378780461668
2023-03-28,0.43409415507757065
2023-03-29,0.2734926666822664
2023-03-30,1.7247626365840523
2023-03-31,3.732564218345834
2023-04-01,0.961651030209662
2023-04-02,0.03747866341199202
2023-04-03,2.362849740945915
2023-04-04,6.119490077742917
2023-04-05,5.973187328740244
2023-04-06,14.92860379121926
2023-04-07,0.924678741417356
2023-04-08,16.61076479577047
2023-04-09,1.286397997658719
2023-04-10,6.006838198580034
2023-04-11,0.110796164175957
2023-04-12,5.040080264048348
2023-04-13,3.605051821749791
2023-04-14,17.443616474934068
2023-04-15,5.39878079011394
2023-04-16,15.86584105914038
2023-04-17,29.468450985379498
2023-04-18,1.1442878713601015
2023-04-19,2.535531493398828
2023-04-20,6.262915538533047
2023-04-21,4.492601108460672
2023-04-22,5.7477588052718005
2023-04-23,29.321855820620137
2023-04-24,4.319367381759528
2023-04-25,10.656938795566786
2023-04-26,1.6445764173607536
2023-04-27,1.2961338160163365
2023-04-28,1.0229128584484533
2023-04-29,0.0
2023-04-30,0.4022174986235513
2023-05-01,0.2060929370796099
2023-05-02,2.5757374371018584
2023-05-03,1.1904802770763705
2023-05-04,0.05680193679697534
2023-05-05,0.0
2023-05-06,1.588383347148977
2023-05-07,0.6842027226086196
2023-05-08,0.0
2023-05-09,0.9540281852575798
2023-05-10,0.03453862429907514
2023-05-11,3.7309963513414535
2023-05-12,9.464857617129313
2023-05-13,0.8131750969172993
2023-05-14,0.2994870393268309
2023-05-15,0.48638034216999626
2023-05-16,0.616061064204239
2023-05-17,0.0
2023-05-18,0.06909942248600572
2023-05-19,0.0005201859137617769
2023-05-20,6.933767190876307
2023-05-21,0.1457717308835473
2023-05-22,0.04739223572384515
2023-05-23,38.443707981588496
2023-05-24,1.7152632970145847
2023-05-25,1.4308101978701815
2023-05-26,0.4064982989736781
2023-05-27,1.7481377819373902
2023-05-28,12.168824169659489
2023-05-29,0.0
2023-05-30,0.0
2023-05-31,6.500681053795899
2023-06-01,0.0
2023-06-02,0.0
2023-06-03,0.0
2023-06-04,15.652076055516796
2023-06-05,1.4749709285869808
2023-06-06,0.32693265818239453
2023-06-07,0.0
2023-06-08,0.29629959782284626
2023-06-09,0.06508007641371705
2023-06-10,0.0
2023-06-11,1.872825895875961
2023-06-12,0.3600905535628817
2023-06-13,0.0
2023-06-14,0.5375815515323931
2023-06-15,0.0036199226135441845
2023-06-16,0.0
2023-06-17,0.0
2023-06-18,0.0
2023-06-19,0.0
2023-06-20,0.0
2023-06-21,0.0
2023-06-22,2.549478742309455
2023-06-23,0.4038399782637069
2023-06-24,0.001709961315174907
2023-06-25,0.03067984698452356
2023-06-26,4.052214932746653
2023-06-27,0.0
2023-06-28,0.0
2023-06-29,2.8430758532276097
2023-06-30,4.532638329117856
2023-07-01,0.3380027598873918
2023-07-02,0.0
2023-07-03,0.0
2023-07-04,0.8208097465113972
2023-07-05,3.1175192580410567
2023-07-06,3.1236771842643924
2023-07-07,0.6596232508664333
2023-07-08,35.680215847317164
2023-07-09,14.556817053393246
2023-07-10,1.5828046655270909
2023-07-11,0.0034597531589271335
2023-07-12,0.0
2023-07-13,0.0
2023-07-14,0.0056636786359229516
2023-07-15,4.707138347490206
2023-07-16,0.0
2023-07-17,0.11614226820569422
2023-07-18,0.6225759530169092
2023-07-19,0.0
2023-07-20,0.15604188678277042
2023-07-21,0.0
2023-07-22,0.2918844408245801
2023-07-23,0.11361026650974956
2023-07-24,0.0
2023-07-25,0.0
2023-07-26,0.0
2023-07-27,2.9630925637294423
2023-07-28,2.3671960783253243
2023-07-29,1.4422745230863132
2023-07-30,0.0015341524036503245
2023-07-31,0.0
2023-08-01,0.0
2023-08-02,0.0
2023-08-03,0.05828278869997547
2023-08-04,0.06158836912284357
2023-08-05,0.0
2023-08-06,0.0
2023-08-07,0.0021516992152443098
2023-08-08,0.3620775715540168
2023-08-09,1.1243569201510535
2023-08-10,0.004288285956570235
2023-08-11,0.0
2023-08-12,0.0
2023-08-13,0.0
2023-08-14,0.03700495556822777
2023-08-15,0.0
2023-08-16,0.0
2023-08-17,0.0
2023-08-18,0.0
2023-08-19,0.0
2023-08-20,8.058991232058384
2023-08-21,6.650984599656938
2023-08-22,5.512933323587755
2023-08-23,3.866744318374352
2023-08-24,0.38688513976824
2023-08-25,7.143615847343183
2023-08-26,0.0736085382020626
2023-08-27,0.012431780403115525
2023-08-28,22.50906264640776
2023-08-29,3.4553372831154867
2023-08-30,5.913924832301138
2023-08-31,2.562623255290109
2023-09-01,0.0690945707639209
2023-09-02,0.0
2023-09-03,0.1593178682336306
2023-09-04,0.10542367542032832
2023-09-05,0.25716844874499023
2023-09-06,0.11100515679463796
2023-09-07,0.0
2023-09-08,0.0
2023-09-09,0.0
2023-09-10,0.8158799966665763
2023-09-11,0.6650559260968292
2023-09-12,0.7425165148156337
2023-09-13,1.5880725849075714
2023-09-14,2.3433311813987867
2023-09-15,2.457583493047956
2023-09-16,0.07738900087219684
2023-09-17,0.019319327789028357
2023-09-18,0.00048145526170391775
2023-09-19,2.3364755007849105
2023-09-20,2.9587203248424707
2023-09-21,5.549255687780485
2023-09-22,0.6885764954893131
2023-09-23,0.35667993897004807
2023-09-24,0.09587552814560445
2023-09-25,3.74532546899941
2023-09-26,0.616887126486768
2023-09-27,2.5382859091349883
2023-09-28,3.6949820981552004
2023-09-29,0.7206361075816478
2023-09-30,2.384686753683213
2023-10-01,0.8920293436379075
2023-10-02,0.06191403725484942
2023-10-03,0.09924817263148285
2023-10-04,2.9973057785738937
2023-10-05,1.4329115683464348
2023-10-06,3.9579979687830344
2023-10-07,3.0376172831475254
2023-10-08,3.952660404975129
2023-10-09,3.0484330107509563
2023-10-10,4.217983102696815
2023-10-11,0.01173134832120179
2023-10-12,0.063711604339034
2023-10-13,0.03168124709435404
2023-10-14,11.913081324083555
2023-10-15,0.015091465751687709
2023-10-16,0.01714217400929195
2023-10-17,0.014177573258026356
2023-10-18,0.16027758939324935
2023-10-19,0.01753058480403255
2023-10-20,0.0
2023-10-21,0.29933538277642757
2023-10-22,0.6531226360673646
2023-10-23,0.5649052417882525
2023-10-24,1.2702716354903654
2023-10-25,2.0104234912620234
2023-10-26,1.8694157094426882
2023-10-27,9.093840074787655
2023-10-28,5.478069973579238
2023-10-29,21.780761770251125
2023-10-30,3.595378036580342
2023-10-31,6.4539720202328095
2023-11-01,6.925371737459834
2023-11-02,11.89827424866619
2023-11-03,0.17337511716324933
2023-11-04,8.913845976400806
2023-11-05,2.4615328880013707
2023-11-06,0.25056928571283615
2023-11-07,0.0
2023-11-08,0.0004993197704479628
2023-11-09,1.1763553106632352
2023-11-10,0.07254564195998413
2023-11-11,0.0
2023-11-12,0.0004331934005939696
2023-11-13,0.0015359562700362865
2023-11-14,2.4135736295929573
2023-11-15,2.225990544671078
2023-11-16,1.9978468559297664
2023-11-17,0.3443174708911673
2023-11-18,3.3833588462822366
2023-11-19,1.9884118002661593
2023-11-20,10.549657437655668
2023-11-21,3.0223732585875362
2023-11-22,4.544256726354856
2023-11-23,7.278207096314894
2023-11-24,5.685557416240958
2023-11-25,2.5070202867886517
2023-11-26,2.2072866497193404
2023-11-27,3.5738281662686644
2023-11-28,0.05518487934420201
2023-11-29,0.04901690657587201
2023-11-30,0.033255538094501144
2023-12-01,4.024386341116656
2023-12-02,0.7795702491762062
2023-12-03,0.004159897438782982
2023-12-04,0.0
2023-12-05,0.053701002329009116
2023-12-06,0.11337475576766687
2023-12-07,0.06506503565737219
2023-12-08,0.003446100843511787
2023-12-09,0.0
2023-12-10,0.0
2023-12-11,0.0
2023-12-12,0.0
2023-12-13,0.0
2023-12-14,0.0
2023-12-15,0.1260018084411766
2023-12-16,3.5316064306934094
2023-12-17,31.078488440719166
2023-12-18,10.874901290416494
2023-12-19,7.860506947940699
2023-12-20,5.880815017596064
2023-12-21,8.596372266902229
2023-12-22,11.89919957658342
2023-12-23,1.5088351061986784
2023-12-24,3.802937661003355
2023-12-25,2.2095193540468316
2023-12-26,5.649961204932009
2023-12-27,11.26462267022289
2023-12-28,3.4663643699187006
2023-12-29,3.998661064977389
2023-12-30,4.841623412834304
2023-12-31,33.24328351800107
2024-01-01,28.271019842092713
2024-01-02,32.13267282443496
2024-01-03,14.487134504747413
2024-01-04,5.2192915191813025
2024-01-05,10.012188717969952
2024-01-06,2.6847072042655404
2024-01-07,0.47278989208416605
2024-01-08,0.0
2024-01-09,0.17929497131065758
2024-01-10,0.07181250546454028
2024-01-11,9.891806246036042
2024-01-12,14.384346296074604
2024-01-13,4.5426695006879685
2024-01-14,11.563669343403538
2024-01-15,12.059236243684843
2024-01-16,0.19699864735370676
2024-01-17,0.0
2024-01-18,0.0
2024-01-19,0.5300194554168544
2024-01-20,3.4801196218496924
2024-01-21,0.0012030009690306867
2024-01-22,0.0
2024-01-23,0.0
2024-01-24,0.0
2024-01-25,0.0
2024-01-26,0.0
2024-01-27,0.0
2024-01-28,2.9392387790738663
2024-01-29,4.243062997643613
2024-01-30,3.5688033275613287
2024-01-31,27.044812914885828
2024-02-01,26.43732258856777
2024-02-02,1.7118645715013265
2024-02-03,15.1334198888926
2024-02-04,7.2687653765640015
2024-02-05,6.3699360390739495
2024-02-06,0.8389019870690295
2024-02-07,0.0038896212358714177
2024-02-08,2.6651016501440705
2024-02-09,21.965094879869604
2024-02-10,2.107375757889633
2024-02-11,0.004357907852252363
2024-02-12,1.57949355957577
2024-02-13,0.3325358464332736
2024-02-14,0.001719850095625118
2024-02-15,0.35556127292632167
2024-02-16,0.0
2024-02-17,0.19176405464964758
2024-02-18,0.012605191999450788
2024-02-19,1.49396271781298
2024-02-20,15.176976043993916
2024-02-21,5.951480409422514
2024-02-22,0.5066459261371535
2024-02-23,10.451044417398906
2024-02-24,3.454556549064134
2024-02-25,0.07228605934140357
2024-02-26,5.393862774788855
2024-02-27,4.799664654476503
2024-02-28,1.326939105055785
2024-02-29,9.926911079392283
2024-03-01,9.384839632114716
2024-03-02,1.636832393158787
2024-03-03,0.23393004285617222
2024-03-04,4.92284625867485
2024-03-05,0.7324401345483392
2024-03-06,0.301912690552983
2024-03-07,0.1165960280322622
2024-03-08,3.3829620305761123
2024-03-09,0.0
2024-03-10,0.0
2024-03-11,0.11154191881375877
2024-03-12,0.0
2024-03-13,2.9334514813646786
2024-03-14,0.02528050455760188
2024-03-15,0.09312404811467001
2024-03-16,0.09216633408005234
2024-03-17,0.0
2024-03-18,9.520251406475813
2024-03-19,5.3495450171177445
2024-03-20,1.1236919712704092
2024-03-21,6.769211355626782
2024-03-22,29.905439764444782
2024-03-23,3.09990741448739
2024-03-24,8.629899542346381
2024-03-25,2.4345579191385887
2024-03-26,11.678142669132008
2024-03-27,2.5499557246533917
2024-03-28,1.9901867696652762
2024-03-29,5.286009345106581
2024-03-30,0.000479056337104483
2024-03-31,0.04306266611077559
2024-04-01,16.303674902073418
2024-04-02,16.330641958398427
2024-04-03,2.277334522602402
2024-04-04,3.299449721200384
2024-04-05,1.945478200714829
2024-04-06,0.4870862611827553
2024-04-07,0.03135773337661007
2024-04-08,1.0292818914483024
2024-04-09,0.10073318268551415
2024-04-10,0.0024060393780229897
2024-04-11,1.9337841852306479
2024-04-12,0.002098113820768544
2024-04-13,0.0
2024-04-14,0.0
2024-04-15,0.0
2024-04-16,2.0523738538637257
2024-04-17,0.6394248262845416
2024-04-18,0.0
2024-04-19,32.09945079490846
2024-04-20,1.0897819568962919
2024-04-21,2.9248593731098187
2024-04-22,11.21022133440951
2024-04-23,4.897283184533998
2024-04-24,9.357601308528986
2024-04-25,5.424840204301235
2024-04-26,0.0
2024-04-27,2.7528479719037757
2024-04-28,3.405372721275861
2024-04-29,4.9482192924270025
2024-04-30,5.62824294715061
2024-05-01,0.3052364220443014
2024-05-02,0.12916625511697097
2024-05-03,2.4108964522152596
2024-05-04,0.7412355138983336
2024-05-05,5.0933647056373585
2024-05-06,0.9690177329396366
2024-05-07,0.19476687908172607
2024-05-08,4.174473795942761
2024-05-09,2.304355749243643
2024-05-10,4.603488475211365
2024-05-11,3.8112437643184878
2024-05-12,0.04549291118633573
2024-05-13,8.028870499907711
2024-05-14,2.520119624361502
2024-05-15,1.2508903816942356
2024-05-16,0.38644115979046917
2024-05-17,0.15983878555370137
2024-05-18,0.2476824224983443
2024-05-19,12.452333896208692
2024-05-20,0.3029858653209945
2024-05-21,0.0
2024-05-22,0.0
2024-05-23,0.0
2024-05-24,0.0027875155422259486
2024-05-25,27.091999765032
2024-05-26,2.2937592436837004
2024-05-27,0.0
2024-05-28,0.49491548092090826
2024-05-29,0.0
2024-05-30,0.0
2024-05-31,0.0
2024-06-01,0.0
2024-06-02,0.0
2024-06-03,0.0
2024-06-04,0.0
2024-06-05,0.0504222090127964
2024-06-06,0.0
2024-06-07,0.0
2024-06-08,0.0
2024-06-09,0.010762007978503484
2024-06-10,0.8052338063011009
2024-06-11,1.2985932757537098
2024-06-12,1.4569093214285311
2024-06-13,1.2794437346329686
2024-06-14,0.0
2024-06-15,14.16295270273777
2024-06-16,35.60597803828729
2024-06-17,0.09621628084096905
2024-06-18,0.013323720175753494
2024-06-19,0.6485073679942535
2024-06-20,0.6659383410698202
2024-06-21,3.854623798056837
2024-06-22,0.0
2024-06-23,0.46686904354718894
2024-06-24,2.484165977946055
2024-06-25,13.197325704223113
2024-06-26,0.4693202949823898
2024-06-27,0.6027576388312088
2024-06-28,0.0
2024-06-29,1.216212705885952
2024-06-30,4.7132005374163946
2024-07-01,0.9658916773586013
2024-07-02,1.7805798572140927
2024-07-03,0.5781359656734639
2024-07-04,0.0
2024-07-05,0.003069250801624929
2024-07-06,18.010070480480405
2024-07-07,11.668376395737372
2024-07-08,1.4853842487723723
2024-07-09,0.20217684375793663
2024-07-10,0.16804022960671877
2024-07-11,0.0
2024-07-12,0.0026850567107966367
2024-07-13,30.43467096105564
2024-07-14,7.890522566749722
2024-07-15,0.0
2024-07-16,0.0
2024-07-17,0.0
2024-07-18,0.519633403947036
2024-07-19,0.0
2024-07-20,0.0
2024-07-21,0.0
2024-07-22,0.26169000966240596
2024-07-23,0.0
2024-07-24,0.0
2024-07-25,0.0
2024-07-26,0.0
2024-07-27,0.16284972511157783
2024-07-28,0.0014946380535723872
2024-07-29,0.9471177784880437
2024-07-30,0.9536157036098696
2024-07-31,0.0
2024-08-01,0.0015797741545257498
2024-08-02,0.12517576429980565
2024-08-03,0.0
2024-08-04,0.0019861101144188
2024-08-05,0.0
2024-08-06,4.488739278857485
2024-08-07,0.6841261621788746
2024-08-08,0.5659373080995851
2024-08-09,5.303218376009683
2024-08-10,7.299536054928345
2024-08-11,6.307404334485278
2024-08-12,0.0
2024-08-13,0.5075962982828275
2024-08-14,0.0
2024-08-15,0.0
2024-08-16,0.0
2024-08-17,0.11046674702191231
2024-08-18,0.28864966377382995
2024-08-19,0.12145731868138533
2024-08-20,0.6449582466069471
2024-08-21,1.6162226707209126
2024-08-22,0.06212124899065027
2024-08-23,0.3992529483498809
2024-08-24,5.195148884318328
2024-08-25,0.40408206562022364
2024-08-26,16.590018151327083
2024-08-27,0.04288010956381578
2024-08-28,0.08831551779733911
2024-08-29,0.0009949538223216004
2024-08-30,0.0027855557324704488
2024-08-31,0.0
2024-09-01,0.004061000655466548
2024-09-02,0.0
2024-09-03,0.18274925823518873
2024-09-04,0.006442288181218194
2024-09-05,0.47081885480135327
2024-09-06,0.7762329567387906
2024-09-07,0.0
2024-09-08,0.0015117790618816975
2024-09-09,0.10718707036542871
2024-09-10,0.0
2024-09-11,0.0
2024-09-12,0.04750340240987655
2024-09-13,0.29002354127826535
2024-09-14,0.0009073026933584209
2024-09-15,1.6962280439319686
2024-09-16,12.942302346963674
2024-09-17,0.2987359178992371
2024-09-18,0.5087284940162128
2024-09-19,0.4937300688279629
2024-09-20,0.0
2024-09-21,0.07483422137842762
2024-09-22,0.0
2024-09-23,0.08052633411225862
2024-09-24,0.1045494381989534
2024-09-25,0.6017553467764102
2024-09-26,0.6914116467332908
2024-09-27,15.104413482940691
2024-09-28,12.649019957831099
2024-09-29,4.883331405896252
2024-09-30,7.539139706057321
2024-10-01,3.917851906825671
2024-10-02,5.252094554539712
2024-10-03,4.6006697144682285
2024-10-04,3.628230056283826
2024-10-05,4.8701647632441665
2024-10-06,0.0
2024-10-07,0.013195286170954054
2024-10-08,1.7174999031168994
2024-10-09,2.0831723184113478
2024-10-10,2.111102061721173
2024-10-11,8.482199024216706
2024-10-12,0.78728529575141
2024-10-13,0.30265230139473054
2024-10-14,1.2882647413825719
2024-10-15,0.314568367093618
2024-10-16,0.0
2024-10-17,0.021105099633540774
2024-10-18,0.9007666576309602
2024-10-19,0.04820604012482317
2024-10-20,0.5056979429207952
2024-10-21,0.03769545778738047
2024-10-22,0.1037295955524011
2024-10-23,3.732836163252917
2024-10-24,0.09045767898471475
2024-10-25,0.5857159172342266
2024-10-26,0.08826106908139547
2024-10-27,0.4411063035875065
2024-10-28,17.542816846080438
2024-10-29,0.8267706183532244
2024-10-30,0.1449294769046771
2024-10-31,0.4755444824554411
2024-11-01,4.328847694826148
2024-11-02,8.279364680746955
2024-11-03,9.629677390329425
2024-11-04,6.2360051223758495
2024-11-05,6.412543682846512
2024-11-06,8.16682518460298
2024-11-07,1.170912756337085
2024-11-08,11.829820904896646
2024-11-09,3.631101249575559
2024-11-10,5.25501294115718
2024-11-11,0.6973058843093144
2024-11-12,1.7927030644276765
2024-11-13,1.230363610681907
2024-11-14,6.764969224898186
2024-11-15,0.0886978873394497
2024-11-16,0.5579022774194892
2024-11-17,0.4993904154343608
2024-11-18,0.42309449671682514
2024-11-19,0.7822503083015381
2024-11-20,0.6125824248858507
2024-11-21,11.860402582720635
2024-11-22,3.0152061631588056
2024-11-23,2.0379054338544655
2024-11-24,1.4881405764877487
2024-11-25,0.5331683299344956
2024-11-26,1.6739762912480995
2024-11-27,5.909773301649073
2024-11-28,2.230408802579106
2024-11-29,0.4205849076661382
2024-11-30,0.6295938956573754
2024-12-01,0.17666812391430212
2024-12-02,0.0
2024-12-03,0.0
2024-12-04,1.4319515715612163
2024-12-05,9.71247029880504
2024-12-06,4.942860886249877
2024-12-07,7.658226885992112
2024-12-08,0.030838337570273558
2024-12-09,2.1310982481104004
2024-12-10,8.816157885831098
2024-12-11,0.2585856847885038
2024-12-12,0.17364023670321221
2024-12-13,3.3518379365929154
2024-12-14,6.9078289081224735
2024-12-15,1.1443469324477868
2024-12-16,1.6656069419554544
2024-12-17,0.8263765356654751
2024-12-18,0.0
2024-12-19,0.07781195674446284
2024-12-20,1.1048925072590021
2024-12-21,0.8944286532110651
2024-12-22,0.002620467271131681
2024-12-23,0.576279210118195
2024-12-24,1.1046442531511604
2024-12-25,3.2631800066289722
2024-12-26,1.1147861253136657
2024-12-27,25.388257422869607
2024-12-28,7.878057538361869
2024-12-29,2.081871335622769
2024-12-30,0.28846031531853905
2024-12-31,0.5548605953896006
2025-01-01,0.003028738617275858
2025-01-02,1.0852832748448324
2025-01-03,0.0
2025-01-04,0.0
2025-01-05,1.5933217334837668
2025-01-06,20.374811107883065
2025-01-07,6.427914974306614
2025-01-08,39.814443323522994
2025-01-09,10.191520835030763
2025-01-10,12.255574537193196
2025-01-11,5.805168251356544
2025-01-12,19.6887904148653
2025-01-13,15.695432041788031
2025-01-14,11.022517028774262
2025-01-15,13.617562383907435
2025-01-16,24.158845375635682
2025-01-17,29.161704947518157
2025-01-18,20.37481309971161
2025-01-19,0.0
2025-01-20,2.0456826395188843
2025-01-21,0.42313106519698196
2025-01-22,0.8154982914579023
2025-01-23,0.07575006634067553
2025-01-24,1.9566902132296327
2025-01-25,0.13892074040133262
2025-01-26,0.0
2025-01-27,0.0
2025-01-28,0.006531541915597198
2025-01-29,0.0
2025-01-30,0.0
2025-01-31,0.04201567551356704
2025-02-01,0.0
2025-02-02,0.0
2025-02-03,0.04864281842291836
2025-02-04,0.2943252820304535
2025-02-05,0.18354215694230522
2025-02-06,0.1387777826561289
2025-02-07,0.10200886023885998
2025-02-08,1.788782194517959
2025-02-09,1.9857027357870347
2025-02-10,2.148273299283634
2025-02-11,6.710635203538152
2025-02-12,11.027652178709683
2025-02-13,2.0306436089981457
2025-02-14,4.591324648321775
2025-02-15,10.641663096403974
2025-02-16,14.968118955828126
2025-02-17,5.249485922108212
2025-02-18,21.045763455765446
2025-02-19,9.383019474206634
2025-02-20,4.45024133824105
2025-02-21,8.061954474799276
2025-02-22,8.044666410904256
2025-02-23,4.275156994331285
2025-02-24,0.42677441545709627
2025-02-25,1.2447928080678496
2025-02-26,8.811332825064829
2025-02-27,1.7564833589438182
2025-02-28,0.599787702836001
2025-03-01,2.6226594210913374
2025-03-02,4.838416167312977
2025-03-03,7.67687127489662
2025-03-04,11.833369140317803
2025-03-05,17.64193429590006
2025-03-06,14.599299926884308
2025-03-07,6.46042976261936
2025-03-08,8.327277743268612
2025-03-09,17.765859565030112
2025-03-10,1.2649126400150212
2025-03-11,17.417853244725475
2025-03-12,6.697038021205105
2025-03-13,30.285527929091902
2025-03-14,2.8960550956283346
2025-03-15,20.663410608715385
2025-03-16,0.7691289349959848
2025-03-17,2.8584379619018327
2025-03-18,0.853979381635143
2025-03-19,4.746633450265521
2025-03-20,0.008509092608202921
2025-03-21,4.0526543798631876
2025-03-22,2.678033920669375
2025-03-23,0.6182302372933339
2025-03-24,0.0694805850693537
2025-03-25,1.1463413793066002
2025-03-26,0.5403268875131558
2025-03-27,6.665681878744511
2025-03-28,3.6774956244871215
2025-03-29,4.934594595788047
2025-03-30,2.876752017460294
2025-03-31,2.763182648376852
2025-04-01,2.7278526291244134
2025-04-02,11.761585276254486
2025-04-03,4.198242710981817
2025-04-04,2.833436036945688
2025-04-05,2.9416095541303955
2025-04-06,2.8798565918492343
2025-04-07,0.34897458638020007
2025-04-08,2.229135216722439
2025-04-09,1.3546453919358756
2025-04-10,5.11356959236792
2025-04-11,15.336692585983533
2025-04-12,8.609892293549668
2025-04-13,10.804704890664528
2025-04-14,3.505401674010414
2025-04-15,3.435528570190531
2025-04-16,0.20615564675649609
2025-04-17,13.450105738944774
2025-04-18,7.121661878885787
2025-04-19,0.0
2025-04-20,1.4545801859340188
2025-04-21,2.170746169232577
2025-04-22,1.3772332846751323
2025-04-23,4.231648378945934
2025-04-24,12.46796451796293
2025-04-25,3.055114127063797
2025-04-26,3.8430032584408576
2025-04-27,2.2547858115735635
2025-04-28,11.548275941697867
2025-04-29,0.010425292756646689
2025-04-30,1.3352138149631023
2025-05-01,3.924223410354752
2025-05-02,4.889705611879031
2025-05-03,8.05172591839623
2025-05-04,5.509989773927848
2025-05-05,3.813499052340473
2025-05-06,0.17366525947285286
2025-05-07,0.0
2025-05-08,2.5055340258559022
2025-05-09,0.25540667673469664
2025-05-10,0.41097679809053506
2025-05-11,0.0
2025-05-12,0.6121326386222677
2025-05-13,0.028887907965157285
2025-05-14,0.0
2025-05-15,0.0
2025-05-16,0.34308350876799587
2025-05-17,4.026656759174895
2025-05-18,1.0474102881100438
2025-05-19,14.683904499196714
2025-05-20,0.951070079866714
2025-05-21,1.6274893851372825
2025-05-22,0.37210496530212095
2025-05-23,1.841583678926805
2025-05-24,0.0
2025-05-25,0.0034721810238330865
2025-05-26,0.3316042693177427
2025-05-27,0.0
2025-05-28,3.056822208587958
2025-05-29,0.07174276594074346
2025-05-30,0.0
2025-05-31,0.12662253499539305
2025-06-01,0.0
2025-06-02,0.0
2025-06-03,0.0015320233517153916
2025-06-04,0.05639563054058125
2025-06-05,0.0
2025-06-06,3.650131162790708
2025-06-07,4.343592843925824
2025-06-08,0.16501591929549125
2025-06-09,0.2243678200476433
2025-06-10,3.712173243598993
2025-06-11,1.013542024855476
2025-06-12,5.604754832388383
2025-06-13,0.0
2025-06-14,1.113018687304475
2025-06-15,20.591234340875538
2025-06-16,13.87374524446756
2025-06-17,1.6568978527381715
2025-06-18,3.2676729314533923
2025-06-19,0.966171913156008
2025-06-20,0.5786752211770873
2025-06-21,0.0
2025-06-22,0.0
2025-06-23,0.2216076726655947
2025-06-24,0.6869048138243053
2025-06-25,33.17377600495932
2025-06-26,4.018644308716356
2025-06-27,7.2021597390601775
2025-06-28,0.8985357293581184
2025-06-29,0.0023597823901517537
2025-06-30,0.07137464330637981
2025-07-01,7.735002055545377
2025-07-02,0.0
2025-07-03,0.0
2025-07-04,0.3724191061188858
2025-07-05,0.0
2025-07-06,0.0
2025-07-07,0.0
2025-07-08,0.003047253722999967
2025-07-09,0.1885447590230258
2025-07-10,0.0
2025-07-11,0.0
2025-07-12,0.2149238179837963
2025-07-13,0.0
2025-07-14,0.0
2025-07-15,0.0
2025-07-16,0.0
2025-07-17,0.0
2025-07-18,0.0
2025-07-19,0.009274588891647825
2025-07-20,0.0
2025-07-21,5.1083189839155745
2025-07-22,59.9411373400451
2025-07-23,0.0
2025-07-24,0.0
2025-07-25,0.0
2025-07-26,0.0
2025-07-27,4.697162365698802
2025-07-28,4.302140805801471
2025-07-29,9.76854580807381
2025-07-30,1.1452523289783936
2025-07-31,0.3078188238862226
2025-08-01,0.05151037032544359
2025-08-02,0.004977003255199901
2025-08-03,0.14427695187953116
2025-08-04,0.0
2025-08-05,0.0
2025-08-06,0.330888372894036
2025-08-07,0.0
2025-08-08,0.0803585206090077
2025-08-09,4.354363773118711
2025-08-10,4.389783070698445
2025-08-11,0.8741476113397555
2025-08-12,3.982823083887503
2025-08-13,0.5806406816562055
2025-08-14,0.7353053480344383
2025-08-15,2.386664370121633
2025-08-16,0.8501966799790688
2025-08-17,0.6846714031069496
2025-08-18,13.817412915810316
2025-08-19,0.8759122184530247
2025-08-20,4.078704588789333
2025-08-21,3.415164092320054
2025-08-22,5.621578952928451
2025-08-23,1.3159730635452813
2025-08-24,1.1562061566190662
2025-08-25,13.11232059321546
2025-08-26,3.3693122004288067
2025-08-27,0.5431221166192384
2025-08-28,0.0
2025-08-29,0.11288755479891231
2025-08-30,0.0
2025-08-31,0.14421670846835183
2025-09-01,0.13772319329965177
2025-09-02,1.9826396077461912
2025-09-03,0.5539078932133743
2025-09-04,0.0
2025-09-05,0.0
2025-09-06,3.445288040919194
2025-09-07,0.7210052215985244
2025-09-08,0.036064027215224885
2025-09-09,3.667565307364199
2025-09-10,5.067696936827372
2025-09-11,2.222865794858115
2025-09-12,0.03904225109370046
2025-09-13,0.0676343577668205
2025-09-14,0.0323110178487101
2025-09-15,0.34972342773954324
2025-09-16,0.08432118399117243
2025-09-17,0.19521541928070416
2025-09-18,7.103525195399602
2025-09-19,12.090848358024193
2025-09-20,7.483736871487154
2025-09-21,5.108882374697984
2025-09-22,3.0114487941544077
2025-09-23,8.817569077833747
2025-09-24,2.131029649234846
2025-09-25,2.435313199719565
2025-09-26,1.0084597779811135
2025-09-27,0.5435662804085856
2025-09-28,0.7767865109477547
2025-09-29,3.390743500132631
2025-09-30,6.887306665820797
2025-10-01,1.3511014640303034
2025-10-02,2.780122904854327
2025-10-03,7.4902608221823
2025-10-04,3.718222191524641
2025-10-05,0.07784966580227393
2025-10-06,3.8738988263524585
2025-10-07,0.16620299597025937
2025-10-08,3.9666990867896654
2025-10-09,8.177739327465511
2025-10-10,4.360345224586498
2025-10-11,1.3257542817528247
2025-10-12,9.457732624377421
2025-10-13,15.779563349945636
2025-10-14,6.186527904093069
2025-10-15,0.5139775118066598
2025-10-16,5.69029575227731
2025-10-17,7.912744901124927
2025-10-18,3.180863227735815
2025-10-19,0.6541177835977231
2025-10-20,0.26851869787101446
2025-10-21,0.3369261582334818
2025-10-22,1.2901795018854327
2025-10-23,1.87504589478589
2025-10-24,2.3000210766993336
2025-10-25,0.08484325811005725
2025-10-26,4.541184395763446
2025-10-27,2.7563724380034174
2025-10-28,8.663484118889432
2025-10-29,16.044641246280648
2025-10-30,0.942370512173787
2025-10-31,1.0289541626925267
2025-11-01,1.3645387679578456
2025-11-02,0.08489875514492612
2025-11-03,2.780727015237343
2025-11-04,5.371588156608427
2025-11-05,18.361636122500705
2025-11-06,0.7964926134743776
2025-11-07,0.0048732065239657394
2025-11-08,1.5684458902807161
2025-11-09,0.0007346999526645041
2025-11-10,0.015441937448853062
2025-11-11,0.20162694926286753
2025-11-12,0.41577228213418216
2025-11-13,0.07389066669399963
2025-11-14,0.6146095678287906
2025-11-15,1.4405871647220834
2025-11-16,1.4162205878675183
2025-11-17,10.20625883434012
2025-11-18,1.7093278113726136
2025-11-19,3.7522869460224713
2025-11-20,17.94589354064667
2025-11-21,1.887373806344904
2025-11-22,3.433716102665152
2025-11-23,0.13176796646380187
2025-11-24,0.002421573912685147
2025-11-25,0.0
2025-11-26,0.0
2025-11-27,0.0006334395388300981
2025-11-28,0.2735345538675588
2025-11-29,3.588402469821137
2025-11-30,0.8573968293033242
2025-12-01,0.0
2025-12-02,0.0
2025-12-03,0.0
2025-12-04,0.0
2025-12-05,0.0
2025-12-06,0.0
2025-12-07,0.0
2025-12-08,0.0
2025-12-09,0.0
2025-12-10,0.0
2025-12-11,0.0
2025-12-12,0.0
2025-12-13,0.0
2025-12-14,0.0
2025-12-15,0.0
2025-12-16,0.0
2025-12-17,0.0
2025-12-18,0.0
2025-12-19,0.0
2025-12-20,0.0
2025-12-21,0.0
2025-12-22,0.0
2025-12-23,0.0
2025-12-24,0.0
2025-12-25,0.0
2025-12-26,0.0
2025-12-27,0.0
2025-12-28,0.0
2025-12-29,0.0
2025-12-30,0.0
2025-12-31,0.0
