archivo_origen,Date,sensor_vwc_mean,sensor_mean,sensor_std,tdr_z_score,site,sensor_label
1,2015-01-01,0.7010277777777777,0.679930630973241,0.04557128169458804,0.4629482871674888,Chirimachaya,Sensor 1
1,2015-01-02,0.6737465277777779,0.679930630973241,0.04557128169458804,-0.13570176140552911,Chirimachaya,Sensor 1
1,2015-01-03,0.6655173611111111,0.679930630973241,0.04557128169458804,-0.31627966838250166,Chirimachaya,Sensor 1
1,2015-01-04,0.6607743055555555,0.679930630973241,0.04557128169458804,-0.42035959282577073,Chirimachaya,Sensor 1
1,2015-01-05,0.6590486111111111,0.679930630973241,0.04557128169458804,-0.4582276180441466,Chirimachaya,Sensor 1
1,2015-01-06,0.6560069444444445,0.679930630973241,0.04557128169458804,-0.5249728697368993,Chirimachaya,Sensor 1
1,2015-01-07,0.6520520833333333,0.679930630973241,0.04557128169458804,-0.6117569355794203,Chirimachaya,Sensor 1
1,2015-01-08,0.6481875,0.679930630973241,0.04557128169458804,-0.6965599779698702,Chirimachaya,Sensor 1
1,2015-01-09,0.6473125000000001,0.679930630973241,0.04557128169458804,-0.7157606668129903,Chirimachaya,Sensor 1
1,2015-01-10,0.6725243055555556,0.679930630973241,0.04557128169458804,-0.16252177121814285,Chirimachaya,Sensor 1
1,2015-01-11,0.6837222222222222,0.679930630973241,0.04557128169458804,0.083201330047987,Chirimachaya,Sensor 1
1,2015-01-12,0.6764409722222223,0.679930630973241,0.04557128169458804,-0.07657583068226768,Chirimachaya,Sensor 1
1,2015-01-13,0.6680694444444445,0.679930630973241,0.04557128169458804,-0.2602776592567319,Chirimachaya,Sensor 1
1,2015-01-14,0.6625104166666667,0.679930630973241,0.04557128169458804,-0.3822629879783074,Chirimachaya,Sensor 1
1,2015-01-15,0.6563402777777778,0.679930630973241,0.04557128169458804,-0.5176583216061873,Chirimachaya,Sensor 1
1,2015-01-16,0.6504791666666666,0.679930630973241,0.04557128169458804,-0.6462724595712219,Chirimachaya,Sensor 1
1,2015-01-17,0.6444548611111112,0.679930630973241,0.04557128169458804,-0.7784676783919136,Chirimachaya,Sensor 1
1,2015-01-18,0.6400208333333333,0.679930630973241,0.04557128169458804,-0.875766407172335,Chirimachaya,Sensor 1
1,2015-01-19,0.6399826388888888,0.679930630973241,0.04557128169458804,-0.8766045324789785,Chirimachaya,Sensor 1
1,2015-01-20,0.6816076388888889,0.679930630973241,0.04557128169458804,0.03679966534377728,Chirimachaya,Sensor 1
1,2015-01-21,0.7528541666666667,0.679930630973241,0.04557128169458804,1.6002081350739352,Chirimachaya,Sensor 1
1,2015-01-22,0.7576701388888889,0.679930630973241,0.04557128169458804,1.705888116920795,Chirimachaya,Sensor 1
1,2015-01-23,0.7607118055555556,0.679930630973241,0.04557128169458804,1.7726333686135498,Chirimachaya,Sensor 1
1,2015-01-24,0.7631284722222222,0.679930630973241,0.04557128169458804,1.8256638425612164,Chirimachaya,Sensor 1
1,2015-01-25,0.7640069444444444,0.679930630973241,0.04557128169458804,1.8449407246140308,Chirimachaya,Sensor 1
1,2015-01-26,0.7529652777777778,0.679930630973241,0.04557128169458804,1.6026463177841719,Chirimachaya,Sensor 1
1,2015-01-27,0.7180104166666665,0.679930630973241,0.04557128169458804,0.8356092757853638,Chirimachaya,Sensor 1
1,2015-01-28,0.7288159722222223,0.679930630973241,0.04557128169458804,1.072722544355973,Chirimachaya,Sensor 1
1,2015-01-29,0.6870972222222222,0.679930630973241,0.04557128169458804,0.15726112987145402,Chirimachaya,Sensor 1
1,2015-01-30,0.6745208333333333,0.679930630973241,0.04557128169458804,-0.11871067564356291,Chirimachaya,Sensor 1
1,2015-01-31,0.6851493055555555,0.679930630973241,0.04557128169458804,0.11451673923260028,Chirimachaya,Sensor 1
1,2015-02-01,0.7021215277777777,0.679930630973241,0.04557128169458804,0.4869491482213902,Chirimachaya,Sensor 1
1,2015-02-02,0.6909409722222222,0.679930630973241,0.04557128169458804,0.2416070130037338,Chirimachaya,Sensor 1
1,2015-02-03,0.6783229166666668,0.679930630973241,0.04557128169458804,-0.035279111027618465,Chirimachaya,Sensor 1
1,2015-02-04,0.6754027777777778,0.679930630973241,0.04557128169458804,-0.09935760038105197,Chirimachaya,Sensor 1
1,2015-02-05,0.6737083333333334,0.679930630973241,0.04557128169458804,-0.13653988671217512,Chirimachaya,Sensor 1
1,2015-02-06,0.6666458333333334,0.679930630973241,0.04557128169458804,-0.291516875231651,Chirimachaya,Sensor 1
1,2015-02-07,0.6619097222222222,0.679930630973241,0.04557128169458804,-0.3954444132555292,Chirimachaya,Sensor 1
1,2015-02-08,0.676545138888889,0.679930630973241,0.04557128169458804,-0.0742900343914196,Chirimachaya,Sensor 1
1,2015-02-09,0.6755729166666667,0.679930630973241,0.04557128169458804,-0.09562413310599936,Chirimachaya,Sensor 1
1,2015-02-10,0.6663854166666667,0.679930630973241,0.04557128169458804,-0.29723136595877,Chirimachaya,Sensor 1
1,2015-02-11,0.6605763888888889,0.679930630973241,0.04557128169458804,-0.4247026057783794,Chirimachaya,Sensor 1
1,2015-02-12,0.6555659722222222,0.679930630973241,0.04557128169458804,-0.5346494073681559,Chirimachaya,Sensor 1
1,2015-02-13,0.6512430555555555,0.679930630973241,0.04557128169458804,-0.6295099534383384,Chirimachaya,Sensor 1
1,2015-02-14,0.6486458333333334,0.679930630973241,0.04557128169458804,-0.6865024742901401,Chirimachaya,Sensor 1
1,2015-02-15,0.6525694444444444,0.679930630973241,0.04557128169458804,-0.6004041473348766,Chirimachaya,Sensor 1
1,2015-02-16,0.6663402777777778,0.679930630973241,0.04557128169458804,-0.2982218776848044,Chirimachaya,Sensor 1
1,2015-02-17,0.6608854166666667,0.679930630973241,0.04557128169458804,-0.4179214101155318,Chirimachaya,Sensor 1
1,2015-02-18,0.6552500000000001,0.679930630973241,0.04557128169458804,-0.541582989450392,Chirimachaya,Sensor 1
1,2015-02-19,0.65015625,0.679930630973241,0.04557128169458804,-0.6533584280728488,Chirimachaya,Sensor 1
1,2015-02-20,0.6451840277777778,0.679930630973241,0.04557128169458804,-0.7624671043559793,Chirimachaya,Sensor 1
1,2015-02-21,0.6392430555555556,0.679930630973241,0.04557128169458804,-0.8928336861439954,Chirimachaya,Sensor 1
1,2015-02-22,0.6332951388888889,0.679930630973241,0.04557128169458804,-1.0233526543514022,Chirimachaya,Sensor 1
1,2015-02-23,0.6268125,0.679930630973241,0.04557128169458804,-1.1656053768518264,Chirimachaya,Sensor 1
1,2015-02-24,0.62153125,0.679930630973241,0.04557128169458804,-1.281495248797807,Chirimachaya,Sensor 1
1,2015-02-25,0.729548611111111,0.679930630973241,0.04557128169458804,1.0887993116015988,Chirimachaya,Sensor 1
1,2015-02-26,0.6786215277777778,0.679930630973241,0.04557128169458804,-0.028726494993855878,Chirimachaya,Sensor 1
1,2015-02-27,0.6615694444444444,0.679930630973241,0.04557128169458804,-0.402911347805632,Chirimachaya,Sensor 1
1,2015-02-28,0.6548750000000001,0.679930630973241,0.04557128169458804,-0.5498118560974441,Chirimachaya,Sensor 1
1,2015-03-01,0.6517291666666667,0.679930630973241,0.04557128169458804,-0.6188429040810473,Chirimachaya,Sensor 1
1,2015-03-02,0.6757673611111111,0.679930630973241,0.04557128169458804,-0.09135731336308486,Chirimachaya,Sensor 1
1,2015-03-03,0.7177881944444444,0.679930630973241,0.04557128169458804,0.8307329103648908,Chirimachaya,Sensor 1
1,2015-03-04,0.7508194444444444,0.679930630973241,0.04557128169458804,1.5555589141927069,Chirimachaya,Sensor 1
1,2015-03-05,0.6884166666666667,0.679930630973241,0.04557128169458804,0.186214549555525,Chirimachaya,Sensor 1
1,2015-03-06,0.6660972222222222,0.679930630973241,0.04557128169458804,-0.30355540236344997,Chirimachaya,Sensor 1
1,2015-03-07,0.6605902777777778,0.679930630973241,0.04557128169458804,-0.42439783293960015,Chirimachaya,Sensor 1
1,2015-03-08,0.6595486111111112,0.679930630973241,0.04557128169458804,-0.44725579584807623,Chirimachaya,Sensor 1
1,2015-03-09,0.6571770833333334,0.679930630973241,0.04557128169458804,-0.49929575806971077,Chirimachaya,Sensor 1
1,2015-03-10,0.6996180555555556,0.679930630973241,0.04557128169458804,0.43201384403135146,Chirimachaya,Sensor 1
1,2015-03-11,0.7521875,0.679930630973241,0.04557128169458804,1.585579038812509,Chirimachaya,Sensor 1
1,2015-03-12,0.7285173611111111,0.679930630973241,0.04557128169458804,1.066169928322208,Chirimachaya,Sensor 1
1,2015-03-13,0.6964479166666666,0.679930630973241,0.04557128169458804,0.362449443579884,Chirimachaya,Sensor 1
1,2015-03-14,0.6948923611111111,0.679930630973241,0.04557128169458804,0.3283148856365583,Chirimachaya,Sensor 1
1,2015-03-15,0.7304270833333333,0.679930630973241,0.04557128169458804,1.1080761936544157,Chirimachaya,Sensor 1
1,2015-03-16,0.6900416666666667,0.679930630973241,0.04557128169458804,0.2218729716927494,Chirimachaya,Sensor 1
1,2015-03-17,0.6904236111111111,0.679930630973241,0.04557128169458804,0.23025422475918997,Chirimachaya,Sensor 1
1,2015-03-18,0.7513229166666666,0.679930630973241,0.04557128169458804,1.5666069295984715,Chirimachaya,Sensor 1
1,2015-03-19,0.7589236111111111,0.679930630973241,0.04557128169458804,1.7333938656206613,Chirimachaya,Sensor 1
1,2015-03-20,0.7602222222222222,0.679930630973241,0.04557128169458804,1.7618901260465647,Chirimachaya,Sensor 1
1,2015-03-21,0.7608784722222223,0.679930630973241,0.04557128169458804,1.7762906426789058,Chirimachaya,Sensor 1
1,2015-03-22,0.7065034722222222,0.679930630973241,0.04557128169458804,0.5831049788563863,Chirimachaya,Sensor 1
1,2015-03-23,0.6813506944444445,0.679930630973241,0.04557128169458804,0.031161367826354907,Chirimachaya,Sensor 1
1,2015-03-24,0.6751805555555556,0.679930630973241,0.04557128169458804,-0.10423396580152743,Chirimachaya,Sensor 1
1,2015-03-25,0.7486145833333333,0.679930630973241,0.04557128169458804,1.5071762260364308,Chirimachaya,Sensor 1
1,2015-03-26,0.74209375,0.679930630973241,0.04557128169458804,1.3640853782293632,Chirimachaya,Sensor 1
1,2015-03-27,0.6836875,0.679930630973241,0.04557128169458804,0.08243939795103764,Chirimachaya,Sensor 1
1,2015-03-28,0.6766944444444445,0.679930630973241,0.04557128169458804,-0.07101372637453951,Chirimachaya,Sensor 1
1,2015-03-29,0.7569027777777778,0.679930630973241,0.04557128169458804,1.6890494175782171,Chirimachaya,Sensor 1
1,2015-03-30,0.7585104166666666,0.679930630973241,0.04557128169458804,1.7243268736669655,Chirimachaya,Sensor 1
1,2015-03-31,0.6989930555555555,0.679930630973241,0.04557128169458804,0.4182990662862629,Chirimachaya,Sensor 1
1,2015-04-01,0.6816388888888889,0.679930630973241,0.04557128169458804,0.03748540423103244,Chirimachaya,Sensor 1
1,2015-04-02,0.7065347222222222,0.679930630973241,0.04557128169458804,0.5837907177436414,Chirimachaya,Sensor 1
1,2015-04-03,0.7606631944444444,0.679930630973241,0.04557128169458804,1.771566663677819,Chirimachaya,Sensor 1
1,2015-04-04,0.7020763888888889,0.679930630973241,0.04557128169458804,0.4859586364953582,Chirimachaya,Sensor 1
1,2015-04-05,0.6748055555555557,0.679930630973241,0.04557128169458804,-0.11246283244857715,Chirimachaya,Sensor 1
1,2015-04-06,0.6700625,0.679930630973241,0.04557128169458804,-0.21654275689184618,Chirimachaya,Sensor 1
1,2015-04-07,0.668357638888889,0.679930630973241,0.04557128169458804,-0.253953622852052,Chirimachaya,Sensor 1
1,2015-04-08,0.6690173611111112,0.679930630973241,0.04557128169458804,-0.23947691301001647,Chirimachaya,Sensor 1
1,2015-04-09,0.66609375,0.679930630973241,0.04557128169458804,-0.3036315955731442,Chirimachaya,Sensor 1
1,2015-04-10,0.6619305555555556,0.679930630973241,0.04557128169458804,-0.39498725399735907,Chirimachaya,Sensor 1
1,2015-04-11,0.659,0.679930630973241,0.04557128169458804,-0.4592943229798752,Chirimachaya,Sensor 1
1,2015-04-12,0.659,0.679930630973241,0.04557128169458804,-0.4592943229798752,Chirimachaya,Sensor 1
1,2015-04-13,0.6586597222222222,0.679930630973241,0.04557128169458804,-0.466761257529978,Chirimachaya,Sensor 1
1,2015-04-14,0.6596909722222223,0.679930630973241,0.04557128169458804,-0.4441318742505846,Chirimachaya,Sensor 1
1,2015-04-15,0.6692847222222222,0.679930630973241,0.04557128169458804,-0.23361003586350904,Chirimachaya,Sensor 1
1,2015-04-16,0.7209444444444445,0.679930630973241,0.04557128169458804,0.8999925379775789,Chirimachaya,Sensor 1
1,2015-04-17,0.7516284722222222,0.679930630973241,0.04557128169458804,1.573311932051625,Chirimachaya,Sensor 1
1,2015-04-18,0.7614826388888889,0.679930630973241,0.04557128169458804,1.789548261165822,Chirimachaya,Sensor 1
1,2015-04-19,0.7611875,0.679930630973241,0.04557128169458804,1.7830718383417534,Chirimachaya,Sensor 1
1,2015-04-20,0.6898055555555556,0.679930630973241,0.04557128169458804,0.21669183343349468,Chirimachaya,Sensor 1
1,2015-04-21,0.6744340277777778,0.679930630973241,0.04557128169458804,-0.1206155058859351,Chirimachaya,Sensor 1
1,2015-04-22,0.6835312500000001,0.679930630973241,0.04557128169458804,0.07901070351476915,Chirimachaya,Sensor 1
1,2015-04-23,0.6912673611111111,0.679930630973241,0.04557128169458804,0.24876917471505733,Chirimachaya,Sensor 1
1,2015-04-24,0.7376111111111111,0.679930630973241,0.04557128169458804,1.2657199445132155,Chirimachaya,Sensor 1
1,2015-04-25,0.7625416666666667,0.679930630973241,0.04557128169458804,1.812787190122774,Chirimachaya,Sensor 1
1,2015-04-26,0.764170138888889,0.679930630973241,0.04557128169458804,1.8485218054696948,Chirimachaya,Sensor 1
1,2015-04-27,0.7656423611111111,0.679930630973241,0.04557128169458804,1.8808277263803401,Chirimachaya,Sensor 1
1,2015-04-28,0.7558888888888888,0.679930630973241,0.04557128169458804,1.666801000347297,Chirimachaya,Sensor 1
1,2015-04-29,0.7015347222222222,0.679930630973241,0.04557128169458804,0.4740724957829501,Chirimachaya,Sensor 1
1,2015-04-30,0.6914166666666666,0.679930630973241,0.04557128169458804,0.2520454827319374,Chirimachaya,Sensor 1
1,2015-05-01,0.6786180555555555,0.679930630973241,0.04557128169458804,-0.028802688203552522,Chirimachaya,Sensor 1
1,2015-05-02,0.6711805555555556,0.679930630973241,0.04557128169458804,-0.19200854337008055,Chirimachaya,Sensor 1
1,2015-05-03,0.6874791666666666,0.679930630973241,0.04557128169458804,0.1656423829378946,Chirimachaya,Sensor 1
1,2015-05-04,0.7604166666666666,0.679930630973241,0.04557128169458804,1.766156945789479,Chirimachaya,Sensor 1
1,2015-05-05,0.7637256944444445,0.679930630973241,0.04557128169458804,1.838769074628744,Chirimachaya,Sensor 1
1,2015-05-06,0.7213020833333332,0.679930630973241,0.04557128169458804,0.9078404385761528,Chirimachaya,Sensor 1
1,2015-05-07,0.6785381944444445,0.679930630973241,0.04557128169458804,-0.030555132026533868,Chirimachaya,Sensor 1
1,2015-05-08,0.6702777777777779,0.679930630973241,0.04557128169458804,-0.21181877789075917,Chirimachaya,Sensor 1
1,2015-05-09,0.6651145833333333,0.679930630973241,0.04557128169458804,-0.3251180807071148,Chirimachaya,Sensor 1
1,2015-05-10,0.661607638888889,0.679930630973241,0.04557128169458804,-0.40207322249898597,Chirimachaya,Sensor 1
1,2015-05-11,0.6584409722222222,0.679930630973241,0.04557128169458804,-0.47156142974075926,Chirimachaya,Sensor 1
1,2015-05-12,0.6747673611111111,0.679930630973241,0.04557128169458804,-0.11330095775522316,Chirimachaya,Sensor 1
1,2015-05-13,0.7430104166666667,0.679930630973241,0.04557128169458804,1.3842003855888234,Chirimachaya,Sensor 1
1,2015-05-14,0.7617881944444445,0.679930630973241,0.04557128169458804,1.7962532636189754,Chirimachaya,Sensor 1
1,2015-05-15,0.7569895833333333,0.679930630973241,0.04557128169458804,1.6909542478205892,Chirimachaya,Sensor 1
1,2015-05-16,0.6923055555555555,0.679930630973241,0.04557128169458804,0.2715509444138392,Chirimachaya,Sensor 1
1,2015-05-17,0.6940972222222221,0.679930630973241,0.04557128169458804,0.31086664061641955,Chirimachaya,Sensor 1
1,2015-05-18,0.6919236111111111,0.679930630973241,0.04557128169458804,0.2631696913473986,Chirimachaya,Sensor 1
1,2015-05-19,0.6990833333333333,0.679930630973241,0.04557128169458804,0.42028008973833175,Chirimachaya,Sensor 1
1,2015-05-20,0.6771423611111111,0.679930630973241,0.04557128169458804,-0.06118480232389442,Chirimachaya,Sensor 1
1,2015-05-21,0.67640625,0.679930630973241,0.04557128169458804,-0.07733776277921948,Chirimachaya,Sensor 1
1,2015-05-22,0.6783368055555556,0.679930630973241,0.04557128169458804,-0.03497433818883921,Chirimachaya,Sensor 1
1,2015-05-23,0.6722361111111111,0.679930630973241,0.04557128169458804,-0.1688458076228228,Chirimachaya,Sensor 1
1,2015-05-24,0.67084375,0.679930630973241,0.04557128169458804,-0.19939928471048915,Chirimachaya,Sensor 1
1,2015-05-25,0.6701250000000001,0.679930630973241,0.04557128169458804,-0.21517127911733588,Chirimachaya,Sensor 1
1,2015-05-26,0.67896875,0.679930630973241,0.04557128169458804,-0.02110717402436467,Chirimachaya,Sensor 1
1,2015-05-27,0.6713402777777778,0.679930630973241,0.04557128169458804,-0.18850365572411298,Chirimachaya,Sensor 1
1,2015-05-28,0.6673854166666667,0.679930630973241,0.04557128169458804,-0.2752877215666317,Chirimachaya,Sensor 1
1,2015-05-29,0.6654722222222222,0.679930630973241,0.04557128169458804,-0.3172701801085361,Chirimachaya,Sensor 1
1,2015-05-30,0.6646597222222222,0.679930630973241,0.04557128169458804,-0.3350993911771483,Chirimachaya,Sensor 1
1,2015-05-31,0.6631944444444444,0.679930630973241,0.04557128169458804,-0.36725292566840756,Chirimachaya,Sensor 1
1,2015-06-01,0.6655625000000001,0.679930630973241,0.04557128169458804,-0.3152891566564673,Chirimachaya,Sensor 1
1,2015-06-02,0.6654826388888889,0.679930630973241,0.04557128169458804,-0.31704160047945107,Chirimachaya,Sensor 1
1,2015-06-03,0.6662604166666667,0.679930630973241,0.04557128169458804,-0.2999743215077882,Chirimachaya,Sensor 1
1,2015-06-04,0.6799305555555555,0.679930630973241,0.04557128169458804,-1.6549388723917957e-06,Chirimachaya,Sensor 1
1,2015-06-05,0.7545,0.679930630973241,0.04557128169458804,1.6363237164693274,Chirimachaya,Sensor 1
1,2015-06-06,0.7666319444444444,0.679930630973241,0.04557128169458804,1.9025427911433934,Chirimachaya,Sensor 1
1,2015-06-07,0.7685486111111112,0.679930630973241,0.04557128169458804,1.9446014428949945,Chirimachaya,Sensor 1
1,2015-06-08,0.7698125,0.679930630973241,0.04557128169458804,1.972335771223946,Chirimachaya,Sensor 1
1,2015-06-09,0.7620034722222222,0.679930630973241,0.04557128169458804,1.8009772426200599,Chirimachaya,Sensor 1
1,2015-06-10,0.69209375,0.679930630973241,0.04557128169458804,0.2669031586224488,Chirimachaya,Sensor 1
1,2015-06-11,0.6812777777777779,0.679930630973241,0.04557128169458804,0.029561310422761975,Chirimachaya,Sensor 1
1,2015-06-12,0.6770138888888889,0.679930630973241,0.04557128169458804,-0.06400395108260683,Chirimachaya,Sensor 1
1,2015-06-13,0.6909756944444445,0.679930630973241,0.04557128169458804,0.2423689451006856,Chirimachaya,Sensor 1
1,2015-06-14,0.6850659722222222,0.679930630973241,0.04557128169458804,0.11268810219992229,Chirimachaya,Sensor 1
1,2015-06-15,0.6734305555555555,0.679930630973241,0.04557128169458804,-0.14263534348777002,Chirimachaya,Sensor 1
1,2015-06-16,0.6674027777777778,0.679930630973241,0.04557128169458804,-0.27490675551815824,Chirimachaya,Sensor 1
1,2015-06-17,0.6671111111111112,0.679930630973241,0.04557128169458804,-0.28130698513253,Chirimachaya,Sensor 1
1,2015-06-18,0.6703958333333334,0.679930630973241,0.04557128169458804,-0.20922820876113182,Chirimachaya,Sensor 1
1,2015-06-19,0.7451666666666666,0.679930630973241,0.04557128169458804,1.4315163688093708,Chirimachaya,Sensor 1
1,2015-06-20,0.7670277777777778,0.679930630973241,0.04557128169458804,1.9112288170486156,Chirimachaya,Sensor 1
1,2015-06-21,0.7700312500000001,0.679930630973241,0.04557128169458804,1.977135943434727,Chirimachaya,Sensor 1
1,2015-06-22,0.735125,0.679930630973241,0.04557128169458804,1.2111656063716503,Chirimachaya,Sensor 1
1,2015-06-23,0.6837152777777777,0.679930630973241,0.04557128169458804,0.08304894362859615,Chirimachaya,Sensor 1
1,2015-06-24,0.6953229166666667,0.679930630973241,0.04557128169458804,0.33776284363872994,Chirimachaya,Sensor 1
1,2015-06-25,0.7646458333333334,0.679930630973241,0.04557128169458804,1.8589602751978984,Chirimachaya,Sensor 1
1,2015-06-26,0.7681493055555556,0.679930630973241,0.04557128169458804,1.935839223780078,Chirimachaya,Sensor 1
1,2015-06-27,0.7706736111111111,0.679930630973241,0.04557128169458804,1.9912316872282867,Chirimachaya,Sensor 1
1,2015-06-28,0.7702847222222222,0.679930630973241,0.04557128169458804,1.9826980477424554,Chirimachaya,Sensor 1
1,2015-06-29,0.7083715277777778,0.679930630973241,0.04557128169458804,0.6240969256722563,Chirimachaya,Sensor 1
1,2015-06-30,0.6862395833333333,0.679930630973241,0.04557128169458804,0.13844140707680738,Chirimachaya,Sensor 1
1,2015-07-01,0.6766388888888889,0.679930630973241,0.04557128169458804,-0.07223281772965899,Chirimachaya,Sensor 1
1,2015-07-02,0.6705729166666666,0.679930630973241,0.04557128169458804,-0.2053423550666932,Chirimachaya,Sensor 1
1,2015-07-03,0.6655104166666667,0.679930630973241,0.04557128169458804,-0.3164320548018925,Chirimachaya,Sensor 1
1,2015-07-04,0.6611631944444445,0.679930630973241,0.04557128169458804,-0.4118259533399369,Chirimachaya,Sensor 1
1,2015-07-05,0.7177743055555555,0.679930630973241,0.04557128169458804,0.8304281375261116,Chirimachaya,Sensor 1
1,2015-07-06,0.7608888888888888,0.679930630973241,0.04557128169458804,1.7765192223079884,Chirimachaya,Sensor 1
1,2015-07-07,0.7633194444444444,0.679930630973241,0.04557128169458804,1.8298544690944367,Chirimachaya,Sensor 1
1,2015-07-08,0.7643888888888889,0.679930630973241,0.04557128169458804,1.8533219776804737,Chirimachaya,Sensor 1
1,2015-07-09,0.7477118055555556,0.679930630973241,0.04557128169458804,1.4873659915157522,Chirimachaya,Sensor 1
1,2015-07-10,0.7129027777777778,0.679930630973241,0.04557128169458804,0.7235290643241326,Chirimachaya,Sensor 1
1,2015-07-11,0.7027916666666667,0.679930630973241,0.04557128169458804,0.5016544376925132,Chirimachaya,Sensor 1
1,2015-07-12,0.6857673611111111,0.679930630973241,0.04557128169458804,0.12807913055829798,Chirimachaya,Sensor 1
1,2015-07-13,0.6872430555555555,0.679930630973241,0.04557128169458804,0.1604612446786399,Chirimachaya,Sensor 1
1,2015-07-14,0.6767673611111111,0.679930630973241,0.04557128169458804,-0.06941366897094658,Chirimachaya,Sensor 1
1,2015-07-15,0.6695763888888889,0.679930630973241,0.04557128169458804,-0.22720980624913487,Chirimachaya,Sensor 1
1,2015-07-16,0.6667118055555555,0.679930630973241,0.04557128169458804,-0.2900692042474489,Chirimachaya,Sensor 1
1,2015-07-17,0.6686388888888889,0.679930630973241,0.04557128169458804,-0.24778197286676526,Chirimachaya,Sensor 1
1,2015-07-18,0.6679791666666667,0.679930630973241,0.04557128169458804,-0.26225868270880076,Chirimachaya,Sensor 1
1,2015-07-19,0.6755243055555556,0.679930630973241,0.04557128169458804,-0.09669083804172798,Chirimachaya,Sensor 1
1,2015-07-20,0.67359375,0.679930630973241,0.04557128169458804,-0.13905426263210827,Chirimachaya,Sensor 1
1,2015-07-21,0.6688958333333335,0.679930630973241,0.04557128169458804,-0.24214367534933803,Chirimachaya,Sensor 1
1,2015-07-22,0.742,0.679930630973241,0.04557128169458804,1.3620281615676,Chirimachaya,Sensor 1
1,2015-07-23,0.7661111111111112,0.679930630973241,0.04557128169458804,1.8911138096891578,Chirimachaya,Sensor 1
1,2015-07-24,0.7695069444444445,0.679930630973241,0.04557128169458804,1.9656307687707926,Chirimachaya,Sensor 1
1,2015-07-25,0.7256388888888888,0.679930630973241,0.04557128169458804,1.0030057574851146,Chirimachaya,Sensor 1
1,2015-07-26,0.6804583333333334,0.679930630973241,0.04557128169458804,0.011579712934758922,Chirimachaya,Sensor 1
1,2015-07-27,0.674625,0.679930630973241,0.04557128169458804,-0.11642487935271481,Chirimachaya,Sensor 1
1,2015-07-28,0.7541493055555555,0.679930630973241,0.04557128169458804,1.6286282022901395,Chirimachaya,Sensor 1
1,2015-07-29,0.7662951388888889,0.679930630973241,0.04557128169458804,1.8951520498029872,Chirimachaya,Sensor 1
1,2015-07-30,0.7687777777777778,0.679930630973241,0.04557128169458804,1.9496301947348582,Chirimachaya,Sensor 1
1,2015-07-31,0.7709131944444444,0.679930630973241,0.04557128169458804,1.9964890186972357,Chirimachaya,Sensor 1
1,2015-08-01,0.772,0.679930630973241,0.04557128169458804,2.0203374933317484,Chirimachaya,Sensor 1
1,2015-08-02,0.7453958333333334,0.679930630973241,0.04557128169458804,1.4365451206492372,Chirimachaya,Sensor 1
1,2015-08-03,0.6893333333333334,0.679930630973241,0.04557128169458804,0.20632955691498528,Chirimachaya,Sensor 1
1,2015-08-04,0.677232638888889,0.679930630973241,0.04557128169458804,-0.05920377887182558,Chirimachaya,Sensor 1
1,2015-08-05,0.67253125,0.679930630973241,0.04557128169458804,-0.16236938479875443,Chirimachaya,Sensor 1
1,2015-08-06,0.6684270833333333,0.679930630973241,0.04557128169458804,-0.25242975865815565,Chirimachaya,Sensor 1
1,2015-08-07,0.6642083333333333,0.679930630973241,0.04557128169458804,-0.34500450843749003,Chirimachaya,Sensor 1
1,2015-08-08,0.6600173611111111,0.679930630973241,0.04557128169458804,-0.4369697125392635,Chirimachaya,Sensor 1
1,2015-08-09,0.6562256944444445,0.679930630973241,0.04557128169458804,-0.5201726975261204,Chirimachaya,Sensor 1
1,2015-08-10,0.6567916666666667,0.679930630973241,0.04557128169458804,-0.5077532043458479,Chirimachaya,Sensor 1
1,2015-08-11,0.658,0.679930630973241,0.04557128169458804,-0.4812379673720135,Chirimachaya,Sensor 1
1,2015-08-12,0.6575763888888889,0.679930630973241,0.04557128169458804,-0.4905335389547943,Chirimachaya,Sensor 1
1,2015-08-13,0.6569583333333333,0.679930630973241,0.04557128169458804,-0.504095930280492,Chirimachaya,Sensor 1
1,2015-08-14,0.6560868055555555,0.679930630973241,0.04557128169458804,-0.5232204259139179,Chirimachaya,Sensor 1
1,2015-08-15,0.6693611111111112,0.679930630973241,0.04557128169458804,-0.23193378525021946,Chirimachaya,Sensor 1
1,2015-08-16,0.6888784722222222,0.679930630973241,0.04557128169458804,0.19634824644494936,Chirimachaya,Sensor 1
1,2015-08-17,0.6842743055555556,0.679930630973241,0.04557128169458804,0.09531605038948018,Chirimachaya,Sensor 1
1,2015-08-18,0.6755208333333333,0.679930630973241,0.04557128169458804,-0.09676703125142462,Chirimachaya,Sensor 1
1,2015-08-19,0.6695451388888889,0.679930630973241,0.04557128169458804,-0.22789554513639002,Chirimachaya,Sensor 1
1,2015-08-20,0.6663541666666667,0.679930630973241,0.04557128169458804,-0.2979171048460252,Chirimachaya,Sensor 1
1,2015-08-21,0.6626319444444445,0.679930630973241,0.04557128169458804,-0.3795962256389834,Chirimachaya,Sensor 1
1,2015-08-22,0.6587291666666667,0.679930630973241,0.04557128169458804,-0.4652373933360793,Chirimachaya,Sensor 1
1,2015-08-23,0.6544861111111112,0.679930630973241,0.04557128169458804,-0.5583454955832755,Chirimachaya,Sensor 1
1,2015-08-24,0.6505277777777778,0.679930630973241,0.04557128169458804,-0.6452057546354909,Chirimachaya,Sensor 1
1,2015-08-25,0.6471527777777778,0.679930630973241,0.04557128169458804,-0.7192655544589579,Chirimachaya,Sensor 1
1,2015-08-26,0.6450243055555556,0.679930630973241,0.04557128169458804,-0.7659719920019469,Chirimachaya,Sensor 1
1,2015-08-27,0.6422951388888889,0.679930630973241,0.04557128169458804,-0.8258598548221577,Chirimachaya,Sensor 1
1,2015-08-28,0.6397638888888889,0.679930630973241,0.04557128169458804,-0.8814047046897573,Chirimachaya,Sensor 1
1,2015-08-29,0.63953125,0.679930630973241,0.04557128169458804,-0.8865096497393178,Chirimachaya,Sensor 1
1,2015-08-30,0.6453506944444445,0.679930630973241,0.04557128169458804,-0.7588098302906233,Chirimachaya,Sensor 1
1,2015-08-31,0.6541180555555556,0.679930630973241,0.04557128169458804,-0.5664219758109393,Chirimachaya,Sensor 1
1,2015-09-01,0.7208715277777777,0.679930630973241,0.04557128169458804,0.8983924805739836,Chirimachaya,Sensor 1
1,2015-09-02,0.7600381944444444,0.679930630973241,0.04557128169458804,1.7578518859327328,Chirimachaya,Sensor 1
1,2015-09-03,0.76334375,0.679930630973241,0.04557128169458804,1.830387821562301,Chirimachaya,Sensor 1
1,2015-09-04,0.7334861111111111,0.679930630973241,0.04557128169458804,1.175202411395644,Chirimachaya,Sensor 1
1,2015-09-05,0.6902638888888889,0.679930630973241,0.04557128169458804,0.22674933711322484,Chirimachaya,Sensor 1
1,2015-09-06,0.680307116104869,0.679930630973241,0.04557128169458804,0.008261455847372721,Chirimachaya,Sensor 1
1,2015-09-07,0.7127655502392344,0.679930630973241,0.04557128169458804,0.7205177920175279,Chirimachaya,Sensor 1
1,2015-09-08,0.70575,0.679930630973241,0.04557128169458804,0.5665710523525878,Chirimachaya,Sensor 1
1,2015-09-09,0.6810208333333334,0.679930630973241,0.04557128169458804,0.023923012905337163,Chirimachaya,Sensor 1
1,2015-09-10,0.6720381944444446,0.679930630973241,0.04557128169458804,-0.1731888205754315,Chirimachaya,Sensor 1
1,2015-09-11,0.6655347222222222,0.679930630973241,0.04557128169458804,-0.3158987023340282,Chirimachaya,Sensor 1
1,2015-09-12,0.6595312500000001,0.679930630973241,0.04557128169458804,-0.4476367618965497,Chirimachaya,Sensor 1
1,2015-09-13,0.6532569444444445,0.679930630973241,0.04557128169458804,-0.5853178918152802,Chirimachaya,Sensor 1
1,2015-09-14,0.6467777777777778,0.679930630973241,0.04557128169458804,-0.72749442110601,Chirimachaya,Sensor 1
1,2015-09-15,0.6407604166666667,0.679930630973241,0.04557128169458804,-0.8595372535073132,Chirimachaya,Sensor 1
1,2015-09-16,0.6353993055555556,0.679930630973241,0.04557128169458804,-0.9771795692762776,Chirimachaya,Sensor 1
1,2015-09-17,0.6304444444444445,0.679930630973241,0.04557128169458804,-1.0859072795109346,Chirimachaya,Sensor 1
1,2015-09-18,0.6259236111111111,0.679930630973241,0.04557128169458804,-1.1851108385337281,Chirimachaya,Sensor 1
1,2015-09-19,0.6229131944444445,0.679930630973241,0.04557128169458804,-1.2511703513392256,Chirimachaya,Sensor 1
1,2015-09-20,0.6208472222222222,0.679930630973241,0.04557128169458804,-1.2965053111077067,Chirimachaya,Sensor 1
1,2015-09-21,0.6188958333333333,0.679930630973241,0.04557128169458804,-1.3393258949562548,Chirimachaya,Sensor 1
1,2015-09-22,0.6162881944444444,0.679930630973241,0.04557128169458804,-1.396546995437144,Chirimachaya,Sensor 1
1,2015-09-23,0.6129583333333334,0.679930630973241,0.04557128169458804,-1.469616283534574,Chirimachaya,Sensor 1
1,2015-09-24,0.6107743055555556,0.679930630973241,0.04557128169458804,-1.5175418124326825,Chirimachaya,Sensor 1
1,2015-09-25,0.6081493055555556,0.679930630973241,0.04557128169458804,-1.5751438789620453,Chirimachaya,Sensor 1
1,2015-09-26,0.6056145833333333,0.679930630973241,0.04557128169458804,-1.6307649220393416,Chirimachaya,Sensor 1
1,2015-09-27,0.6034444444444444,0.679930630973241,0.04557128169458804,-1.6783856780986683,Chirimachaya,Sensor 1
1,2015-09-28,0.6012673611111111,0.679930630973241,0.04557128169458804,-1.726158820577386,Chirimachaya,Sensor 1
1,2015-09-29,0.5986944444444444,0.679930630973241,0.04557128169458804,-1.7826179889613258,Chirimachaya,Sensor 1
1,2015-09-30,0.5943888888888889,0.679930630973241,0.04557128169458804,-1.8770975689830323,Chirimachaya,Sensor 1
1,2015-10-01,0.58975,0.679930630973241,0.04557128169458804,-1.9788916971354509,Chirimachaya,Sensor 1
1,2015-10-02,0.5856805555555555,0.679930630973241,0.04557128169458804,-2.068190138897903,Chirimachaya,Sensor 1
1,2015-10-03,0.5819340277777777,0.679930630973241,0.04557128169458804,-2.150402612158728,Chirimachaya,Sensor 1
1,2015-10-04,0.5832256944444444,0.679930630973241,0.04557128169458804,-2.1220587381522154,Chirimachaya,Sensor 1
1,2015-10-05,0.6355902777777778,0.679930630973241,0.04557128169458804,-0.9729889427430573,Chirimachaya,Sensor 1
1,2015-10-06,0.6717222222222223,0.679930630973241,0.04557128169458804,-0.18012240265767,Chirimachaya,Sensor 1
1,2015-10-07,0.6783958333333334,0.679930630973241,0.04557128169458804,-0.033679053624025526,Chirimachaya,Sensor 1
1,2015-10-08,0.6696562500000001,0.679930630973241,0.04557128169458804,-0.22545736242615108,Chirimachaya,Sensor 1
1,2015-10-09,0.6621388888888888,0.679930630973241,0.04557128169458804,-0.39041566141566536,Chirimachaya,Sensor 1
1,2015-10-10,0.6618784722222223,0.679930630973241,0.04557128169458804,-0.3961301521427819,Chirimachaya,Sensor 1
1,2015-10-11,0.6636562500000001,0.679930630973241,0.04557128169458804,-0.3571192287789808,Chirimachaya,Sensor 1
1,2015-10-12,0.6639652777777778,0.679930630973241,0.04557128169458804,-0.35033803311613315,Chirimachaya,Sensor 1
1,2015-10-13,0.6693854166666667,0.679930630973241,0.04557128169458804,-0.23140043278235514,Chirimachaya,Sensor 1
1,2015-10-14,0.751,0.679930630973241,0.04557128169458804,1.5595209610968446,Chirimachaya,Sensor 1
1,2015-10-15,0.7598090277777777,0.679930630973241,0.04557128169458804,1.7528231340928664,Chirimachaya,Sensor 1
1,2015-10-16,0.762795138888889,0.679930630973241,0.04557128169458804,1.8183492944305044,Chirimachaya,Sensor 1
1,2015-10-17,0.7617326388888889,0.679930630973241,0.04557128169458804,1.7950341722638559,Chirimachaya,Sensor 1
1,2015-10-18,0.7483715277777778,0.679930630973241,0.04557128169458804,1.5018427013577877,Chirimachaya,Sensor 1
1,2015-10-19,0.7330416666666666,0.679930630973241,0.04557128169458804,1.1654496805546932,Chirimachaya,Sensor 1
1,2015-10-20,0.69321875,0.679930630973241,0.04557128169458804,0.2915897585636053,Chirimachaya,Sensor 1
1,2015-10-21,0.6838020833333334,0.679930630973241,0.04557128169458804,0.08495377387097078,Chirimachaya,Sensor 1
1,2015-10-22,0.6725937500000001,0.679930630973241,0.04557128169458804,-0.1609979070242441,Chirimachaya,Sensor 1
1,2015-10-23,0.6669340277777778,0.679930630973241,0.04557128169458804,-0.28519283882697344,Chirimachaya,Sensor 1
1,2015-10-24,0.6620208333333334,0.679930630973241,0.04557128169458804,-0.39300623054529027,Chirimachaya,Sensor 1
1,2015-10-25,0.6601944444444444,0.679930630973241,0.04557128169458804,-0.4330838588448224,Chirimachaya,Sensor 1
1,2015-10-26,0.6606423611111112,0.679930630973241,0.04557128169458804,-0.4232549347941749,Chirimachaya,Sensor 1
1,2015-10-27,0.6583541666666667,0.679930630973241,0.04557128169458804,-0.47346625998313147,Chirimachaya,Sensor 1
1,2015-10-28,0.65490625,0.679930630973241,0.04557128169458804,-0.5491261172101914,Chirimachaya,Sensor 1
1,2015-10-29,0.6513229166666668,0.679930630973241,0.04557128169458804,-0.6277575096153521,Chirimachaya,Sensor 1
1,2015-10-30,0.6492013888888889,0.679930630973241,0.04557128169458804,-0.6743115607389527,Chirimachaya,Sensor 1
1,2015-10-31,0.6463333333333333,0.679930630973241,0.04557128169458804,-0.737247151946961,Chirimachaya,Sensor 1
1,2015-11-01,0.6436909722222223,0.679930630973241,0.04557128169458804,-0.7952301845247971,Chirimachaya,Sensor 1
1,2015-11-02,0.6415555555555555,0.679930630973241,0.04557128169458804,-0.8420890084871769,Chirimachaya,Sensor 1
1,2015-11-03,0.6375937500000001,0.679930630973241,0.04557128169458804,-0.9290254607490841,Chirimachaya,Sensor 1
1,2015-11-04,0.6325034722222223,0.679930630973241,0.04557128169458804,-1.0407247061618443,Chirimachaya,Sensor 1
1,2015-11-05,0.6269270833333334,0.679930630973241,0.04557128169458804,-1.1630910009318933,Chirimachaya,Sensor 1
1,2015-11-06,0.6219166666666667,0.679930630973241,0.04557128169458804,-1.2730378025216698,Chirimachaya,Sensor 1
1,2015-11-07,0.6180972222222222,0.679930630973241,0.04557128169458804,-1.3568503331860877,Chirimachaya,Sensor 1
1,2015-11-08,0.6142673611111111,0.679930630973241,0.04557128169458804,-1.440891443479588,Chirimachaya,Sensor 1
1,2015-11-09,0.6106527777777777,0.679930630973241,0.04557128169458804,-1.5202085747720064,Chirimachaya,Sensor 1
1,2015-11-10,0.6138680555555556,0.679930630973241,0.04557128169458804,-1.4496536625945047,Chirimachaya,Sensor 1
1,2015-11-11,0.6158576388888889,0.679930630973241,0.04557128169458804,-1.4059949534393132,Chirimachaya,Sensor 1
1,2015-11-12,0.61671875,0.679930630973241,0.04557128169458804,-1.3870990374349723,Chirimachaya,Sensor 1
1,2015-11-13,0.6165763888888889,0.679930630973241,0.04557128169458804,-1.390222959032464,Chirimachaya,Sensor 1
1,2015-11-14,0.616,0.679930630973241,0.04557128169458804,-1.4028710318418214,Chirimachaya,Sensor 1
1,2015-11-15,0.6152118055555555,0.679930630973241,0.04557128169458804,-1.4201668904425693,Chirimachaya,Sensor 1
1,2015-11-16,0.6146875,0.679930630973241,0.04557128169458804,-1.4316720651065016,Chirimachaya,Sensor 1
1,2015-11-17,0.6141736111111111,0.679930630973241,0.04557128169458804,-1.4429486601413513,Chirimachaya,Sensor 1
1,2015-11-18,0.6187638888888889,0.679930630973241,0.04557128169458804,-1.3422212369246613,Chirimachaya,Sensor 1
1,2015-11-19,0.6377638888888889,0.679930630973241,0.04557128169458804,-0.9252919934740339,Chirimachaya,Sensor 1
1,2015-11-20,0.6448784722222222,0.679930630973241,0.04557128169458804,-0.7691721068091352,Chirimachaya,Sensor 1
1,2015-11-21,0.646795138888889,0.679930630973241,0.04557128169458804,-0.7271134550575342,Chirimachaya,Sensor 1
1,2015-11-22,0.7426145833333333,0.679930630973241,0.04557128169458804,1.375514359683601,Chirimachaya,Sensor 1
1,2015-11-23,0.7149895833333333,0.679930630973241,0.04557128169458804,0.7693211833507813,Chirimachaya,Sensor 1
1,2015-11-24,0.7532222222222222,0.679930630973241,0.04557128169458804,1.6082846153015966,Chirimachaya,Sensor 1
1,2015-11-25,0.7568715277777778,0.679930630973241,0.04557128169458804,1.688363678690962,Chirimachaya,Sensor 1
1,2015-11-26,0.7541909722222222,0.679930630973241,0.04557128169458804,1.6295425208064798,Chirimachaya,Sensor 1
1,2015-11-27,0.6936111111111111,0.679930630973241,0.04557128169458804,0.3001995912591309,Chirimachaya,Sensor 1
1,2015-11-28,0.6788263888888889,0.679930630973241,0.04557128169458804,-0.024231095621856335,Chirimachaya,Sensor 1
1,2015-11-29,0.6701006944444444,0.679930630973241,0.04557128169458804,-0.21570463158520262,Chirimachaya,Sensor 1
1,2015-11-30,0.6634027777777778,0.679930630973241,0.04557128169458804,-0.3626813330867114,Chirimachaya,Sensor 1
1,2015-12-01,0.6591180555555556,0.679930630973241,0.04557128169458804,-0.45670375385024786,Chirimachaya,Sensor 1
1,2015-12-02,0.67528125,0.679930630973241,0.04557128169458804,-0.10202436272037353,Chirimachaya,Sensor 1
1,2015-12-03,0.6730243055555556,0.679930630973241,0.04557128169458804,-0.15154994902207491,Chirimachaya,Sensor 1
1,2015-12-04,0.6634826388888889,0.679930630973241,0.04557128169458804,-0.3609288892637276,Chirimachaya,Sensor 1
1,2015-12-05,0.6581493055555555,0.679930630973241,0.04557128169458804,-0.4779616593551334,Chirimachaya,Sensor 1
1,2015-12-06,0.6531111111111111,0.679930630973241,0.04557128169458804,-0.5885180066224684,Chirimachaya,Sensor 1
1,2015-12-07,0.6477291666666667,0.679930630973241,0.04557128169458804,-0.7066174816496004,Chirimachaya,Sensor 1
1,2015-12-08,0.6427430555555556,0.679930630973241,0.04557128169458804,-0.8160309307715126,Chirimachaya,Sensor 1
1,2015-12-09,0.6383263888888888,0.679930630973241,0.04557128169458804,-0.9129486935034581,Chirimachaya,Sensor 1
1,2015-12-10,0.6348854166666666,0.679930630973241,0.04557128169458804,-0.9884561643111272,Chirimachaya,Sensor 1
1,2015-12-11,0.6318888888888889,0.679930630973241,0.04557128169458804,-1.0542109042778454,Chirimachaya,Sensor 1
1,2015-12-12,0.6286666666666667,0.679930630973241,0.04557128169458804,-1.1249182028747358,Chirimachaya,Sensor 1
1,2015-12-13,0.6244131944444444,0.679930630973241,0.04557128169458804,-1.2182548847510195,Chirimachaya,Sensor 1
1,2015-12-14,0.6211388888888889,0.679930630973241,0.04557128169458804,-1.2901050814933326,Chirimachaya,Sensor 1
1,2015-12-15,0.62740625,0.679930630973241,0.04557128169458804,-1.152576337993993,Chirimachaya,Sensor 1
1,2015-12-16,0.6411354166666666,0.679930630973241,0.04557128169458804,-0.8513083868602636,Chirimachaya,Sensor 1
1,2015-12-17,0.64246875,0.679930630973241,0.04557128169458804,-0.8220501943374109,Chirimachaya,Sensor 1
1,2015-12-18,0.6419479166666666,0.679930630973241,0.04557128169458804,-0.8334791757916513,Chirimachaya,Sensor 1
1,2015-12-19,0.6412291666666667,0.679930630973241,0.04557128169458804,-0.849251170198498,Chirimachaya,Sensor 1
1,2015-12-20,0.6408055555555555,0.679930630973241,0.04557128169458804,-0.8585467417812813,Chirimachaya,Sensor 1
1,2015-12-21,0.6394722222222222,0.679930630973241,0.04557128169458804,-0.8878049343041315,Chirimachaya,Sensor 1
1,2015-12-22,0.6373472222222223,0.679930630973241,0.04557128169458804,-0.9344351786374239,Chirimachaya,Sensor 1
1,2015-12-23,0.6350069444444445,0.679930630973241,0.04557128169458804,-0.9857894019718032,Chirimachaya,Sensor 1
1,2015-12-24,0.6334097222222222,0.679930630973241,0.04557128169458804,-1.0208382784314691,Chirimachaya,Sensor 1
1,2015-12-25,0.6315972222222223,0.679930630973241,0.04557128169458804,-1.0606111338922195,Chirimachaya,Sensor 1
1,2015-12-26,0.6294826388888889,0.679930630973241,0.04557128169458804,-1.1070127985964293,Chirimachaya,Sensor 1
1,2015-12-27,0.6274965277777778,0.679930630973241,0.04557128169458804,-1.1505953145419265,Chirimachaya,Sensor 1
1,2015-12-28,0.6251006944444444,0.679930630973241,0.04557128169458804,-1.2031686292314254,Chirimachaya,Sensor 1
1,2015-12-29,0.6226215277777778,0.679930630973241,0.04557128169458804,-1.2575705809535997,Chirimachaya,Sensor 1
1,2015-12-30,0.6199409722222222,0.679930630973241,0.04557128169458804,-1.316391738838082,Chirimachaya,Sensor 1
1,2015-12-31,0.6182256944444444,0.679930630973241,0.04557128169458804,-1.3540311844273754,Chirimachaya,Sensor 1
2,2016-01-01,0.6164409722222222,0.6677469723089601,0.05127956376570087,-1.0005155332669722,Chirimachaya,Sensor 2
2,2016-01-02,0.6138576388888889,0.6677469723089601,0.05127956376570087,-1.0508929769039084,Chirimachaya,Sensor 2
2,2016-01-03,0.6094375,0.6677469723089601,0.05127956376570087,-1.1370898663525937,Chirimachaya,Sensor 2
2,2016-01-04,0.6034895833333334,0.6677469723089601,0.05127956376570087,-1.2530798676295734,Chirimachaya,Sensor 2
2,2016-01-05,0.5962465277777778,0.6677469723089601,0.05127956376570087,-1.3943263023428154,Chirimachaya,Sensor 2
2,2016-01-06,0.5893923611111112,0.6677469723089601,0.05127956376570087,-1.5279890358633983,Chirimachaya,Sensor 2
2,2016-01-07,0.5844722222222223,0.6677469723089601,0.05127956376570087,-1.6239363982740702,Chirimachaya,Sensor 2
2,2016-01-08,0.5799895833333333,0.6677469723089601,0.05127956376570087,-1.7113520968430056,Chirimachaya,Sensor 2
2,2016-01-09,0.57809375,0.6677469723089601,0.05127956376570087,-1.7483226401572094,Chirimachaya,Sensor 2
2,2016-01-10,0.5762013888888888,0.6677469723089601,0.05127956376570087,-1.7852254718536222,Chirimachaya,Sensor 2
2,2016-01-11,0.5741736111111111,0.6677469723089601,0.05127956376570087,-1.8247690566439057,Chirimachaya,Sensor 2
2,2016-01-12,0.5716319444444444,0.6677469723089601,0.05127956376570087,-1.874333960867344,Chirimachaya,Sensor 2
2,2016-01-13,0.5697118055555556,0.6677469723089601,0.05127956376570087,-1.9117784855060886,Chirimachaya,Sensor 2
2,2016-01-14,0.569142361111111,0.6677469723089601,0.05127956376570087,-1.9228831908239095,Chirimachaya,Sensor 2
2,2016-01-15,0.5689930555555555,0.6677469723089601,0.05127956376570087,-1.9257947903889483,Chirimachaya,Sensor 2
2,2016-01-16,0.5681319444444444,0.6677469723089601,0.05127956376570087,-1.9425872716012602,Chirimachaya,Sensor 2
2,2016-01-17,0.5650138888888888,0.6677469723089601,0.05127956376570087,-2.0033923043781012,Chirimachaya,Sensor 2
2,2016-01-18,0.5628402777777777,0.6677469723089601,0.05127956376570087,-2.0457797771156327,Chirimachaya,Sensor 2
2,2016-01-19,0.5662430555555555,0.6677469723089601,0.05127956376570087,-1.97942239167988,Chirimachaya,Sensor 2
2,2016-01-20,0.6315902777777778,0.6677469723089601,0.05127956376570087,-0.7050897448422967,Chirimachaya,Sensor 2
2,2016-01-21,0.7010590277777777,0.6677469723089601,0.05127956376570087,0.6496165923138945,Chirimachaya,Sensor 2
2,2016-01-22,0.7288923611111111,0.6677469723089601,0.05127956376570087,1.192392920531221,Chirimachaya,Sensor 2
2,2016-01-23,0.6833229166666667,0.6677469723089601,0.05127956376570087,0.3037456486344918,Chirimachaya,Sensor 2
2,2016-01-24,0.6665902777777778,0.6677469723089601,0.05127956376570087,-0.022556637503144118,Chirimachaya,Sensor 2
2,2016-01-25,0.6728090277777778,0.6677469723089601,0.05127956376570087,0.09871486996158119,Chirimachaya,Sensor 2
2,2016-01-26,0.7314513888888888,0.6677469723089601,0.05127956376570087,1.2422963828436162,Chirimachaya,Sensor 2
2,2016-01-27,0.67871875,0.6677469723089601,0.05127956376570087,0.21396004344285405,Chirimachaya,Sensor 2
2,2016-01-28,0.6599444444444446,0.6677469723089601,0.05127956376570087,-0.15215667395623125,Chirimachaya,Sensor 2
2,2016-01-29,0.6508090277777777,0.6677469723089601,0.05127956376570087,-0.3303059403658883,Chirimachaya,Sensor 2
2,2016-01-30,0.6539965277777777,0.6677469723089601,0.05127956376570087,-0.26814667523321534,Chirimachaya,Sensor 2
2,2016-01-31,0.6643333333333333,0.6677469723089601,0.05127956376570087,-0.06656918906767315,Chirimachaya,Sensor 2
2,2016-02-01,0.6604583333333334,0.6677469723089601,0.05127956376570087,-0.14213535452307852,Chirimachaya,Sensor 2
2,2016-02-02,0.6541006944444444,0.6677469723089601,0.05127956376570087,-0.2661153266994675,Chirimachaya,Sensor 2
2,2016-02-03,0.6609791666666667,0.6677469723089601,0.05127956376570087,-0.1319786118543417,Chirimachaya,Sensor 2
2,2016-02-04,0.7495555555555556,0.6677469723089601,0.05127956376570087,1.5953447580089304,Chirimachaya,Sensor 2
2,2016-02-05,0.7528541666666667,0.6677469723089601,0.05127956376570087,1.659670794910933,Chirimachaya,Sensor 2
2,2016-02-06,0.7565277777777778,0.6677469723089601,0.05127956376570087,1.7313096865344269,Chirimachaya,Sensor 2
2,2016-02-07,0.7431354166666666,0.6677469723089601,0.05127956376570087,1.4701459767122913,Chirimachaya,Sensor 2
2,2016-02-08,0.6929444444444444,0.6677469723089601,0.05127956376570087,0.4913745415349654,Chirimachaya,Sensor 2
2,2016-02-09,0.7556041666666666,0.6677469723089601,0.05127956376570087,1.7132983962018649,Chirimachaya,Sensor 2
2,2016-02-10,0.7594444444444445,0.6677469723089601,0.05127956376570087,1.7881874454793563,Chirimachaya,Sensor 2
2,2016-02-11,0.7606458333333334,0.6677469723089601,0.05127956376570087,1.8116156652352438,Chirimachaya,Sensor 2
2,2016-02-12,0.7609652777777778,0.6677469723089601,0.05127956376570087,1.817845134072069,Chirimachaya,Sensor 2
2,2016-02-13,0.7079479166666667,0.6677469723089601,0.05127956376570087,0.7839564420123953,Chirimachaya,Sensor 2
2,2016-02-14,0.6755416666666667,0.6677469723089601,0.05127956376570087,0.1520039131635561,Chirimachaya,Sensor 2
2,2016-02-15,0.66821875,0.6677469723089601,0.05127956376570087,0.00920011124110721,Chirimachaya,Sensor 2
2,2016-02-16,0.6652986111111112,0.6677469723089601,0.05127956376570087,-0.04774535932161113,Chirimachaya,Sensor 2
2,2016-02-17,0.6607847222222223,0.6677469723089601,0.05127956376570087,-0.1357704624506692,Chirimachaya,Sensor 2
2,2016-02-18,0.6566388888888889,0.6677469723089601,0.05127956376570087,-0.21661813409382014,Chirimachaya,Sensor 2
2,2016-02-19,0.6534895833333334,0.6677469723089601,0.05127956376570087,-0.278032571430784,Chirimachaya,Sensor 2
2,2016-02-20,0.6506805555555556,0.6677469723089601,0.05127956376570087,-0.33281127022417484,Chirimachaya,Sensor 2
2,2016-02-21,0.6481006944444445,0.6677469723089601,0.05127956376570087,-0.38312100224332013,Chirimachaya,Sensor 2
2,2016-02-22,0.6449652777777778,0.6677469723089601,0.05127956376570087,-0.44426459310912025,Chirimachaya,Sensor 2
2,2016-02-23,0.6414756944444444,0.6677469723089601,0.05127956376570087,-0.5123147689896616,Chirimachaya,Sensor 2
2,2016-02-24,0.6387638888888889,0.6677469723089601,0.05127956376570087,-0.5651975424848865,Chirimachaya,Sensor 2
2,2016-02-25,0.63659375,0.6677469723089601,0.05127956376570087,-0.6075173036046269,Chirimachaya,Sensor 2
2,2016-02-26,0.6351284722222222,0.6677469723089601,0.05127956376570087,-0.6360916063126735,Chirimachaya,Sensor 2
2,2016-02-27,0.6440416666666667,0.6677469723089601,0.05127956376570087,-0.46227588344168014,Chirimachaya,Sensor 2
2,2016-02-28,0.646,0.6677469723089601,0.05127956376570087,-0.42408653100722854,Chirimachaya,Sensor 2
2,2016-02-29,0.6474583333333334,0.6677469723089601,0.05127956376570087,-0.3956476515347638,Chirimachaya,Sensor 2
2,2016-03-01,0.648,0.6677469723089601,0.05127956376570087,-0.385084639159277,Chirimachaya,Sensor 2
2,2016-03-02,0.6476666666666667,0.6677469723089601,0.05127956376570087,-0.39158495446726815,Chirimachaya,Sensor 2
2,2016-03-03,0.6464548611111112,0.6677469723089601,0.05127956376570087,-0.4152163090765305,Chirimachaya,Sensor 2
2,2016-03-04,0.6485763888888889,0.6677469723089601,0.05127956376570087,-0.37384451060587426,Chirimachaya,Sensor 2
2,2016-03-05,0.7483402777777778,0.6677469723089601,0.05127956376570087,1.5716456917818749,Chirimachaya,Sensor 2
2,2016-03-06,0.7527673611111111,0.6677469723089601,0.05127956376570087,1.657978004466142,Chirimachaya,Sensor 2
2,2016-03-07,0.755920138888889,0.6677469723089601,0.05127956376570087,1.7194601534209013,Chirimachaya,Sensor 2
2,2016-03-08,0.7173090277777778,0.6677469723089601,0.05127956376570087,0.9665069635785026,Chirimachaya,Sensor 2
2,2016-03-09,0.7256909722222222,0.6677469723089601,0.05127956376570087,1.129962808927382,Chirimachaya,Sensor 2
2,2016-03-10,0.7564583333333333,0.6677469723089601,0.05127956376570087,1.7299554541785949,Chirimachaya,Sensor 2
2,2016-03-11,0.7178576388888889,0.6677469723089601,0.05127956376570087,0.9772053991895714,Chirimachaya,Sensor 2
2,2016-03-12,0.67515625,0.6677469723089601,0.05127956376570087,0.14448792358868992,Chirimachaya,Sensor 2
2,2016-03-13,0.74346875,0.6677469723089601,0.05127956376570087,1.4766462920202847,Chirimachaya,Sensor 2
2,2016-03-14,0.7212708333333333,0.6677469723089601,0.05127956376570087,1.0437659194786968,Chirimachaya,Sensor 2
2,2016-03-15,0.6716458333333334,0.6677469723089601,0.05127956376570087,0.07603147800140074,Chirimachaya,Sensor 2
2,2016-03-16,0.6958090277777778,0.6677469723089601,0.05127956376570087,0.5472366262130222,Chirimachaya,Sensor 2
2,2016-03-17,0.7567048611111111,0.6677469723089601,0.05127956376570087,1.7347629790417973,Chirimachaya,Sensor 2
2,2016-03-18,0.7596909722222223,0.6677469723089601,0.05127956376570087,1.7929949703425587,Chirimachaya,Sensor 2
2,2016-03-19,0.7610833333333333,0.6677469723089601,0.05127956376570087,1.8201473290769827,Chirimachaya,Sensor 2
2,2016-03-20,0.7587118055555556,0.6677469723089601,0.05127956376570087,1.773900294125333,Chirimachaya,Sensor 2
2,2016-03-21,0.7193159722222222,0.6677469723089601,0.05127956376570087,1.005644278662036,Chirimachaya,Sensor 2
2,2016-03-22,0.6814513888888889,0.6677469723089601,0.05127956376570087,0.267249086644829,Chirimachaya,Sensor 2
2,2016-03-23,0.6691805555555557,0.6677469723089601,0.05127956376570087,0.027956229369378287,Chirimachaya,Sensor 2
2,2016-03-24,0.6641041666666667,0.6677469723089601,0.05127956376570087,-0.07103815584191657,Chirimachaya,Sensor 2
2,2016-03-25,0.6595625,0.6677469723089601,0.05127956376570087,-0.1596049519133065,Chirimachaya,Sensor 2
2,2016-03-26,0.6556458333333334,0.6677469723089601,0.05127956376570087,-0.23598365678221186,Chirimachaya,Sensor 2
2,2016-03-27,0.6533506944444445,0.6677469723089601,0.05127956376570087,-0.2807410361424478,Chirimachaya,Sensor 2
2,2016-03-28,0.6558819444444445,0.6677469723089601,0.05127956376570087,-0.23137926677238438,Chirimachaya,Sensor 2
2,2016-03-29,0.6707048611111112,0.6677469723089601,0.05127956376570087,0.05768162957988182,Chirimachaya,Sensor 2
2,2016-03-30,0.6811319444444445,0.6677469723089601,0.05127956376570087,0.2610196178080037,Chirimachaya,Sensor 2
2,2016-03-31,0.6919722222222222,0.6677469723089601,0.05127956376570087,0.47241528855332365,Chirimachaya,Sensor 2
2,2016-04-01,0.69290625,0.6677469723089601,0.05127956376570087,0.4906297137392585,Chirimachaya,Sensor 2
2,2016-04-02,0.6825104166666667,0.6677469723089601,0.05127956376570087,0.2879011300712616,Chirimachaya,Sensor 2
2,2016-04-03,0.7321041666666667,0.6677469723089601,0.05127956376570087,1.2550261669884348,Chirimachaya,Sensor 2
2,2016-04-04,0.7598541666666666,0.6677469723089601,0.05127956376570087,1.7961774163787614,Chirimachaya,Sensor 2
2,2016-04-05,0.7617673611111111,0.6677469723089601,0.05127956376570087,1.8334865177819242,Chirimachaya,Sensor 2
2,2016-04-06,0.7407951388888888,0.6677469723089601,0.05127956376570087,1.4245083463207644,Chirimachaya,Sensor 2
2,2016-04-07,0.7609131944444445,0.6677469723089601,0.05127956376570087,1.8168294598051962,Chirimachaya,Sensor 2
2,2016-04-08,0.7095208333333334,0.6677469723089601,0.05127956376570087,0.8146298048719829,Chirimachaya,Sensor 2
2,2016-04-09,0.7141805555555556,0.6677469723089601,0.05127956376570087,0.9054987959482865,Chirimachaya,Sensor 2
2,2016-04-10,0.7112916666666667,0.6677469723089601,0.05127956376570087,0.8491627299456889,Chirimachaya,Sensor 2
2,2016-04-11,0.7596805555555556,0.6677469723089601,0.05127956376570087,1.7927918354891839,Chirimachaya,Sensor 2
2,2016-04-12,0.736,0.6677469723089601,0.05127956376570087,1.3309986021505902,Chirimachaya,Sensor 2
2,2016-04-13,0.7307291666666667,0.6677469723089601,0.05127956376570087,1.2282123663429678,Chirimachaya,Sensor 2
2,2016-04-14,0.6759097222222222,0.6677469723089601,0.05127956376570087,0.15918134464946324,Chirimachaya,Sensor 2
2,2016-04-15,0.6656180555555555,0.6677469723089601,0.05127956376570087,-0.04151589048478803,Chirimachaya,Sensor 2
2,2016-04-16,0.6620833333333334,0.6677469723089601,0.05127956376570087,-0.11044631739661813,Chirimachaya,Sensor 2
2,2016-04-17,0.6727638888888889,0.6677469723089601,0.05127956376570087,0.09783461893029026,Chirimachaya,Sensor 2
2,2016-04-18,0.68715625,0.6677469723089601,0.05127956376570087,0.3784992746763994,Chirimachaya,Sensor 2
2,2016-04-19,0.7251979166666667,0.6677469723089601,0.05127956376570087,1.1203477592009772,Chirimachaya,Sensor 2
2,2016-04-20,0.7023263888888889,0.6677469723089601,0.05127956376570087,0.6743313328078228,Chirimachaya,Sensor 2
2,2016-04-21,0.6701006944444444,0.6677469723089601,0.05127956376570087,0.04589980808414505,Chirimachaya,Sensor 2
2,2016-04-22,0.6629652777777778,0.6677469723089601,0.05127956376570087,-0.09324756647755608,Chirimachaya,Sensor 2
2,2016-04-23,0.6615763888888889,0.6677469723089601,0.05127956376570087,-0.120332213594189,Chirimachaya,Sensor 2
2,2016-04-24,0.6861076388888889,0.6677469723089601,0.05127956376570087,0.3580503661033417,Chirimachaya,Sensor 2
2,2016-04-25,0.7113125,0.6677469723089601,0.05127956376570087,0.8495689996524389,Chirimachaya,Sensor 2
2,2016-04-26,0.6894652777777778,0.6677469723089601,0.05127956376570087,0.4235275005078012,Chirimachaya,Sensor 2
2,2016-04-27,0.6913194444444444,0.6677469723089601,0.05127956376570087,0.45968550440850503,Chirimachaya,Sensor 2
2,2016-04-28,0.7555590277777777,0.6677469723089601,0.05127956376570087,1.7124181451705738,Chirimachaya,Sensor 2
2,2016-04-29,0.7324861111111111,0.6677469723089601,0.05127956376570087,1.2624744449455079,Chirimachaya,Sensor 2
2,2016-04-30,0.6762986111111111,0.6677469723089601,0.05127956376570087,0.16676504584212037,Chirimachaya,Sensor 2
2,2016-05-01,0.676513888888889,0.6677469723089601,0.05127956376570087,0.17096316614520002,Chirimachaya,Sensor 2
2,2016-05-02,0.6715104166666667,0.6677469723089601,0.05127956376570087,0.07339072490752796,Chirimachaya,Sensor 2
2,2016-05-03,0.6636458333333334,0.6677469723089601,0.05127956376570087,-0.07997608939040556,Chirimachaya,Sensor 2
2,2016-05-04,0.6583020833333334,0.6677469723089601,0.05127956376570087,-0.1841842691716507,Chirimachaya,Sensor 2
2,2016-05-05,0.6552013888888889,0.6677469723089601,0.05127956376570087,-0.24465074385953492,Chirimachaya,Sensor 2
2,2016-05-06,0.6545243055555556,0.6677469723089601,0.05127956376570087,-0.2578545093288923,Chirimachaya,Sensor 2
2,2016-05-07,0.6652152777777779,0.6677469723089601,0.05127956376570087,-0.04937043814860893,Chirimachaya,Sensor 2
2,2016-05-08,0.6656180555555555,0.6677469723089601,0.05127956376570087,-0.04151589048478803,Chirimachaya,Sensor 2
2,2016-05-09,0.6725069444444445,0.6677469723089601,0.05127956376570087,0.09282395921371281,Chirimachaya,Sensor 2
2,2016-05-10,0.6738854166666667,0.6677469723089601,0.05127956376570087,0.11970547147697072,Chirimachaya,Sensor 2
2,2016-05-11,0.6742847222222222,0.6677469723089601,0.05127956376570087,0.12749230752300286,Chirimachaya,Sensor 2
2,2016-05-12,0.6673715277777778,0.6677469723089601,0.05127956376570087,-0.007321523500038914,Chirimachaya,Sensor 2
2,2016-05-13,0.6648194444444445,0.6677469723089601,0.05127956376570087,-0.05708956257685011,Chirimachaya,Sensor 2
2,2016-05-14,0.6646354166666667,0.6677469723089601,0.05127956376570087,-0.06067827831980477,Chirimachaya,Sensor 2
2,2016-05-15,0.6651909722222222,0.6677469723089601,0.05127956376570087,-0.04984441947315203,Chirimachaya,Sensor 2
2,2016-05-16,0.7184965277777777,0.6677469723089601,0.05127956376570087,0.9896643368632219,Chirimachaya,Sensor 2
2,2016-05-17,0.7605173611111111,0.6677469723089601,0.05127956376570087,1.8091103353769549,Chirimachaya,Sensor 2
2,2016-05-18,0.7455590277777778,0.6677469723089601,0.05127956376570087,1.517408685930818,Chirimachaya,Sensor 2
2,2016-05-19,0.6807152777777778,0.6677469723089601,0.05127956376570087,0.2528942236730147,Chirimachaya,Sensor 2
2,2016-05-20,0.6687465277777779,0.6677469723089601,0.05127956376570087,0.01949227714543023,Chirimachaya,Sensor 2
2,2016-05-21,0.6637152777777778,0.6677469723089601,0.05127956376570087,-0.0786218570345737,Chirimachaya,Sensor 2
2,2016-05-22,0.66228125,0.6677469723089601,0.05127956376570087,-0.10658675518249754,Chirimachaya,Sensor 2
2,2016-05-23,0.6663715277777779,0.6677469723089601,0.05127956376570087,-0.026822469424012535,Chirimachaya,Sensor 2
2,2016-05-24,0.6741874999999999,0.6677469723089601,0.05127956376570087,0.12559638222483696,Chirimachaya,Sensor 2
2,2016-05-25,0.7513298611111111,0.6677469723089601,0.05127956376570087,1.6299453947004272,Chirimachaya,Sensor 2
2,2016-05-26,0.7043923611111111,0.6677469723089601,0.05127956376570087,0.7146197453938152,Chirimachaya,Sensor 2
2,2016-05-27,0.6717986111111112,0.6677469723089601,0.05127956376570087,0.0790107891842304,Chirimachaya,Sensor 2
2,2016-05-28,0.6642013888888889,0.6677469723089601,0.05127956376570087,-0.06914223054375282,Chirimachaya,Sensor 2
2,2016-05-29,0.6821041666666666,0.6677469723089601,0.05127956376570087,0.27997887078964545,Chirimachaya,Sensor 2
2,2016-05-30,0.6974861111111111,0.6677469723089601,0.05127956376570087,0.5799413376063575,Chirimachaya,Sensor 2
2,2016-05-31,0.7554131944444444,0.6677469723089601,0.05127956376570087,1.7095742572233281,Chirimachaya,Sensor 2
2,2016-06-01,0.742017361111111,0.6677469723089601,0.05127956376570087,1.4483428357834018,Chirimachaya,Sensor 2
2,2016-06-02,0.6875694444444445,0.6677469723089601,0.05127956376570087,0.38655695719359745,Chirimachaya,Sensor 2
2,2016-06-03,0.6999027777777777,0.6677469723089601,0.05127956376570087,0.6270686235892959,Chirimachaya,Sensor 2
2,2016-06-04,0.7104479166666667,0.6677469723089601,0.05127956376570087,0.8327088068223358,Chirimachaya,Sensor 2
2,2016-06-05,0.7193888888888889,0.6677469723089601,0.05127956376570087,1.0070662226356588,Chirimachaya,Sensor 2
2,2016-06-06,0.6897013888888889,0.6677469723089601,0.05127956376570087,0.4281318905176287,Chirimachaya,Sensor 2
2,2016-06-07,0.6763645833333334,0.6677469723089601,0.05127956376570087,0.1680515665801613,Chirimachaya,Sensor 2
2,2016-06-08,0.6684444444444444,0.6677469723089601,0.05127956376570087,0.01360136639755968,Chirimachaya,Sensor 2
2,2016-06-09,0.6650486111111111,0.6677469723089601,0.05127956376570087,-0.0526205958026067,Chirimachaya,Sensor 2
2,2016-06-10,0.6614375,0.6677469723089601,0.05127956376570087,-0.12304067830585272,Chirimachaya,Sensor 2
2,2016-06-11,0.6583090277777779,0.6677469723089601,0.05127956376570087,-0.18404884593606666,Chirimachaya,Sensor 2
2,2016-06-12,0.6568819444444445,0.6677469723089601,0.05127956376570087,-0.2118783208484086,Chirimachaya,Sensor 2
2,2016-06-13,0.7525555555555555,0.6677469723089601,0.05127956376570087,1.6538475957808556,Chirimachaya,Sensor 2
2,2016-06-14,0.7583090277777778,0.6677469723089601,0.05127956376570087,1.7660457464615078,Chirimachaya,Sensor 2
2,2016-06-15,0.7406770833333334,0.6677469723089601,0.05127956376570087,1.4222061513158528,Chirimachaya,Sensor 2
2,2016-06-16,0.7193055555555555,0.6677469723089601,0.05127956376570087,1.0054411438086612,Chirimachaya,Sensor 2
2,2016-06-17,0.7599583333333333,0.6677469723089601,0.05127956376570087,1.7982087649125091,Chirimachaya,Sensor 2
2,2016-06-18,0.7627743055555556,0.6677469723089601,0.05127956376570087,1.853122886941484,Chirimachaya,Sensor 2
2,2016-06-19,0.7630034722222222,0.6677469723089601,0.05127956376570087,1.8575918537157274,Chirimachaya,Sensor 2
2,2016-06-20,0.7656354166666667,0.6677469723089601,0.05127956376570087,1.9089172600017477,Chirimachaya,Sensor 2
2,2016-06-21,0.766625,0.6677469723089601,0.05127956376570087,1.9282150710723485,Chirimachaya,Sensor 2
2,2016-06-22,0.7665173611111111,0.6677469723089601,0.05127956376570087,1.9261160109208098,Chirimachaya,Sensor 2
2,2016-06-23,0.7677152777777778,0.6677469723089601,0.05127956376570087,1.949476519058906,Chirimachaya,Sensor 2
2,2016-06-24,0.7594340277777778,0.6677469723089601,0.05127956376570087,1.7879843106259814,Chirimachaya,Sensor 2
2,2016-06-25,0.693954861111111,0.6677469723089601,0.05127956376570087,0.5110786223123162,Chirimachaya,Sensor 2
2,2016-06-26,0.6776597222222223,0.6677469723089601,0.05127956376570087,0.1933080000164214,Chirimachaya,Sensor 2
2,2016-06-27,0.6703055555555556,0.6677469723089601,0.05127956376570087,0.04989479353384969,Chirimachaya,Sensor 2
2,2016-06-28,0.6673576388888889,0.6677469723089601,0.05127956376570087,-0.007592369971204853,Chirimachaya,Sensor 2
2,2016-06-29,0.6949375,0.6677469723089601,0.05127956376570087,0.530241010147335,Chirimachaya,Sensor 2
2,2016-06-30,0.6886944444444444,0.6677469723089601,0.05127956376570087,0.4084955213580688,Chirimachaya,Sensor 2
2,2016-07-01,0.6735000000000001,0.6677469723089601,0.05127956376570087,0.1121894819021067,Chirimachaya,Sensor 2
2,2016-07-02,0.6681423611111111,0.6677469723089601,0.05127956376570087,0.00771045564969346,Chirimachaya,Sensor 2
2,2016-07-03,0.6656111111111112,0.6677469723089601,0.05127956376570087,-0.04165131372036991,Chirimachaya,Sensor 2
2,2016-07-04,0.6630347222222223,0.6677469723089601,0.05127956376570087,-0.09189333412172422,Chirimachaya,Sensor 2
2,2016-07-05,0.66015625,0.6677469723089601,0.05127956376570087,-0.1480262652709469,Chirimachaya,Sensor 2
2,2016-07-06,0.6573958333333334,0.6677469723089601,0.05127956376570087,-0.2018570014152537,Chirimachaya,Sensor 2
2,2016-07-07,0.6551493055555556,0.6677469723089601,0.05127956376570087,-0.24566641812640772,Chirimachaya,Sensor 2
2,2016-07-08,0.6554756944444445,0.6677469723089601,0.05127956376570087,-0.2393015260539984,Chirimachaya,Sensor 2
2,2016-07-09,0.6605104166666667,0.6677469723089601,0.05127956376570087,-0.1411196802562057,Chirimachaya,Sensor 2
2,2016-07-10,0.6618125,0.6677469723089601,0.05127956376570087,-0.11572782358436152,Chirimachaya,Sensor 2
2,2016-07-11,0.6615833333333333,0.6677469723089601,0.05127956376570087,-0.12019679035860711,Chirimachaya,Sensor 2
2,2016-07-12,0.6603472222222222,0.6677469723089601,0.05127956376570087,-0.14430212629241035,Chirimachaya,Sensor 2
2,2016-07-13,0.6589236111111112,0.6677469723089601,0.05127956376570087,-0.17206388958695704,Chirimachaya,Sensor 2
2,2016-07-14,0.6573541666666667,0.6677469723089601,0.05127956376570087,-0.20266954082875369,Chirimachaya,Sensor 2
2,2016-07-15,0.6563020833333334,0.6677469723089601,0.05127956376570087,-0.22318616101960229,Chirimachaya,Sensor 2
2,2016-07-16,0.6552361111111111,0.6677469723089601,0.05127956376570087,-0.24397362768161898,Chirimachaya,Sensor 2
2,2016-07-17,0.6534166666666666,0.6677469723089601,0.05127956376570087,-0.279454515404409,Chirimachaya,Sensor 2
2,2016-07-18,0.6560381944444446,0.6677469723089601,0.05127956376570087,-0.2283322439717616,Chirimachaya,Sensor 2
2,2016-07-19,0.6591770833333334,0.6677469723089601,0.05127956376570087,-0.1671209414881727,Chirimachaya,Sensor 2
2,2016-07-20,0.6716597222222223,0.6677469723089601,0.05127956376570087,0.07630232447256668,Chirimachaya,Sensor 2
2,2016-07-21,0.6752152777777778,0.6677469723089601,0.05127956376570087,0.1456390210911468,Chirimachaya,Sensor 2
2,2016-07-22,0.6697916666666667,0.6677469723089601,0.05127956376570087,0.03987347410069478,Chirimachaya,Sensor 2
2,2016-07-23,0.666138888888889,0.6677469723089601,0.05127956376570087,-0.03135914781604906,Chirimachaya,Sensor 2
2,2016-07-24,0.6631875,0.6677469723089601,0.05127956376570087,-0.08891402293889455,Chirimachaya,Sensor 2
2,2016-07-25,0.6604965277777778,0.6677469723089601,0.05127956376570087,-0.14139052672737165,Chirimachaya,Sensor 2
2,2016-07-26,0.6577465277777779,0.6677469723089601,0.05127956376570087,-0.19501812801830343,Chirimachaya,Sensor 2
2,2016-07-27,0.6553888888888889,0.6677469723089601,0.05127956376570087,-0.24099431649878933,Chirimachaya,Sensor 2
2,2016-07-28,0.655,0.6677469723089601,0.05127956376570087,-0.24857801769144644,Chirimachaya,Sensor 2
2,2016-07-29,0.660326388888889,0.6677469723089601,0.05127956376570087,-0.1447083959991582,Chirimachaya,Sensor 2
2,2016-07-30,0.7393263888888888,0.6677469723089601,0.05127956376570087,1.3958663319949247,Chirimachaya,Sensor 2
2,2016-07-31,0.7567534722222222,0.6677469723089601,0.05127956376570087,1.7357109416908794,Chirimachaya,Sensor 2
2,2016-08-01,0.7074236111111111,0.6677469723089601,0.05127956376570087,0.7737319877258654,Chirimachaya,Sensor 2
2,2016-08-02,0.6800277777777778,0.6677469723089601,0.05127956376570087,0.2394873233502801,Chirimachaya,Sensor 2
2,2016-08-03,0.6722395833333334,0.6677469723089601,0.05127956376570087,0.08761016464376252,Chirimachaya,Sensor 2
2,2016-08-04,0.669,0.6677469723089601,0.05127956376570087,0.02443522524421458,Chirimachaya,Sensor 2
2,2016-08-05,0.6655520833333334,0.6677469723089601,0.05127956376570087,-0.04280241122282678,Chirimachaya,Sensor 2
2,2016-08-06,0.6619236111111112,0.6677469723089601,0.05127956376570087,-0.11356105181502968,Chirimachaya,Sensor 2
2,2016-08-07,0.6582187500000001,0.6677469723089601,0.05127956376570087,-0.1858093479986485,Chirimachaya,Sensor 2
2,2016-08-08,0.6574270833333333,0.6677469723089601,0.05127956376570087,-0.20124759685513086,Chirimachaya,Sensor 2
2,2016-08-09,0.6579375000000001,0.6677469723089601,0.05127956376570087,-0.19129398903976688,Chirimachaya,Sensor 2
2,2016-08-10,0.6570520833333333,0.6677469723089601,0.05127956376570087,-0.20856045157662206,Chirimachaya,Sensor 2
2,2016-08-11,0.6705277777777778,0.6677469723089601,0.05127956376570087,0.05422833707251122,Chirimachaya,Sensor 2
2,2016-08-12,0.6759479166666666,0.6677469723089601,0.05127956376570087,0.1599261724451701,Chirimachaya,Sensor 2
2,2016-08-13,0.6697812500000001,0.6677469723089601,0.05127956376570087,0.03967033924732195,Chirimachaya,Sensor 2
2,2016-08-14,0.6641493055555556,0.6677469723089601,0.05127956376570087,-0.07015790481062564,Chirimachaya,Sensor 2
2,2016-08-15,0.6599965277777778,0.6677469723089601,0.05127956376570087,-0.15114099968935846,Chirimachaya,Sensor 2
2,2016-08-16,0.6563020833333334,0.6677469723089601,0.05127956376570087,-0.22318616101960229,Chirimachaya,Sensor 2
2,2016-08-17,0.6541840277777777,0.6677469723089601,0.05127956376570087,-0.2644902478724698,Chirimachaya,Sensor 2
2,2016-08-18,0.6532777777777778,0.6677469723089601,0.05127956376570087,-0.28216298011607055,Chirimachaya,Sensor 2
2,2016-08-19,0.6565659722222222,0.6677469723089601,0.05127956376570087,-0.21804007806744294,Chirimachaya,Sensor 2
2,2016-08-20,0.6572777777777778,0.6677469723089601,0.05127956376570087,-0.20415919642016742,Chirimachaya,Sensor 2
2,2016-08-21,0.6562465277777778,0.6677469723089601,0.05127956376570087,-0.2242695469042682,Chirimachaya,Sensor 2
2,2016-08-22,0.66646875,0.6677469723089601,0.05127956376570087,-0.024926544125848795,Chirimachaya,Sensor 2
2,2016-08-23,0.6763958333333334,0.6677469723089601,0.05127956376570087,0.16866097114028628,Chirimachaya,Sensor 2
2,2016-08-24,0.6681979166666667,0.6677469723089601,0.05127956376570087,0.008793841534359383,Chirimachaya,Sensor 2
2,2016-08-25,0.6629722222222223,0.6677469723089601,0.05127956376570087,-0.09311214324197202,Chirimachaya,Sensor 2
2,2016-08-26,0.6586840277777779,0.6677469723089601,0.05127956376570087,-0.17673599121457545,Chirimachaya,Sensor 2
2,2016-08-27,0.6563090277777778,0.6677469723089601,0.05127956376570087,-0.22305073778402038,Chirimachaya,Sensor 2
2,2016-08-28,0.6541423611111111,0.6677469723089601,0.05127956376570087,-0.26530278728596757,Chirimachaya,Sensor 2
2,2016-08-29,0.6513055555555556,0.6677469723089601,0.05127956376570087,-0.32062317902169024,Chirimachaya,Sensor 2
2,2016-08-30,0.6480659722222222,0.6677469723089601,0.05127956376570087,-0.38379811842123823,Chirimachaya,Sensor 2
2,2016-08-31,0.6453506944444445,0.6677469723089601,0.05127956376570087,-0.43674860353425404,Chirimachaya,Sensor 2
2,2016-09-01,0.644,0.6677469723089601,0.05127956376570087,-0.4630884228551801,Chirimachaya,Sensor 2
2,2016-09-02,0.644,0.6677469723089601,0.05127956376570087,-0.4630884228551801,Chirimachaya,Sensor 2
2,2016-09-03,0.644,0.6677469723089601,0.05127956376570087,-0.4630884228551801,Chirimachaya,Sensor 2
2,2016-09-04,0.6433437500000001,0.6677469723089601,0.05127956376570087,-0.4758859186177875,Chirimachaya,Sensor 2
2,2016-09-05,0.6493472222222222,0.6677469723089601,0.05127956376570087,-0.358812531456144,Chirimachaya,Sensor 2
2,2016-09-06,0.6734270833333333,0.6677469723089601,0.05127956376570087,0.11076753792848174,Chirimachaya,Sensor 2
2,2016-09-07,0.6693680555555557,0.6677469723089601,0.05127956376570087,0.03161265673012388,Chirimachaya,Sensor 2
2,2016-09-08,0.6645659722222222,0.6677469723089601,0.05127956376570087,-0.06203251067563663,Chirimachaya,Sensor 2
2,2016-09-09,0.6605173611111111,0.6677469723089601,0.05127956376570087,-0.14098425702062164,Chirimachaya,Sensor 2
2,2016-09-10,0.6572604166666667,0.6677469723089601,0.05127956376570087,-0.20449775450912647,Chirimachaya,Sensor 2
2,2016-09-11,0.6835243055555555,0.6677469723089601,0.05127956376570087,0.3076729224664034,Chirimachaya,Sensor 2
2,2016-09-12,0.6866736111111111,0.6677469723089601,0.05127956376570087,0.36908735980336943,Chirimachaya,Sensor 2
2,2016-09-13,0.6717118055555555,0.6677469723089601,0.05127956376570087,0.0773179987394395,Chirimachaya,Sensor 2
2,2016-09-14,0.6924097222222223,0.6677469723089601,0.05127956376570087,0.4809469523950648,Chirimachaya,Sensor 2
2,2016-09-15,0.7577395833333334,0.6677469723089601,0.05127956376570087,1.7549410411436892,Chirimachaya,Sensor 2
2,2016-09-16,0.7343020833333332,0.6677469723089601,0.05127956376570087,1.2978876210505048,Chirimachaya,Sensor 2
2,2016-09-17,0.6851145833333334,0.6677469723089601,0.05127956376570087,0.33868484341495,Chirimachaya,Sensor 2
2,2016-09-18,0.6837395833333333,0.6677469723089601,0.05127956376570087,0.3118710427694808,Chirimachaya,Sensor 2
2,2016-09-19,0.6885034722222223,0.6677469723089601,0.05127956376570087,0.4047713823795345,Chirimachaya,Sensor 2
2,2016-09-20,0.6997013888888888,0.6677469723089601,0.05127956376570087,0.6231413497573843,Chirimachaya,Sensor 2
2,2016-09-21,0.6798368055555556,0.6677469723089601,0.05127956376570087,0.2357631843717436,Chirimachaya,Sensor 2
2,2016-09-22,0.6713819444444444,0.6677469723089601,0.05127956376570087,0.07088539504923923,Chirimachaya,Sensor 2
2,2016-09-23,0.6670381944444445,0.6677469723089601,0.05127956376570087,-0.013821838808030121,Chirimachaya,Sensor 2
2,2016-09-24,0.6678472222222223,0.6677469723089601,0.05127956376570087,0.001954968137409127,Chirimachaya,Sensor 2
2,2016-09-25,0.6674375,0.6677469723089601,0.05127956376570087,-0.006035002761997995,Chirimachaya,Sensor 2
2,2016-09-26,0.6667604166666667,0.6677469723089601,0.05127956376570087,-0.019238768231355407,Chirimachaya,Sensor 2
2,2016-09-27,0.6645069444444445,0.6677469723089601,0.05127956376570087,-0.0631836081780935,Chirimachaya,Sensor 2
2,2016-09-28,0.6618020833333333,0.6677469723089601,0.05127956376570087,-0.11593095843773653,Chirimachaya,Sensor 2
2,2016-09-29,0.6598368055555556,0.6677469723089601,0.05127956376570087,-0.15425573410777216,Chirimachaya,Sensor 2
2,2016-09-30,0.68078125,0.6677469723089601,0.05127956376570087,0.2541807444110534,Chirimachaya,Sensor 2
2,2016-10-01,0.7584861111111111,0.6677469723089601,0.05127956376570087,1.7694990389688783,Chirimachaya,Sensor 2
2,2016-10-02,0.7049375,0.6677469723089601,0.05127956376570087,0.7252504693870929,Chirimachaya,Sensor 2
2,2016-10-03,0.6762534722222223,0.6677469723089601,0.05127956376570087,0.1658847948108316,Chirimachaya,Sensor 2
2,2016-10-04,0.6678159722222223,0.6677469723089601,0.05127956376570087,0.0013455635772863046,Chirimachaya,Sensor 2
2,2016-10-05,0.6637916666666667,0.6677469723089601,0.05127956376570087,-0.07713220144315995,Chirimachaya,Sensor 2
2,2016-10-06,0.6602743055555557,0.6677469723089601,0.05127956376570087,-0.145724070266031,Chirimachaya,Sensor 2
2,2016-10-07,0.6568333333333334,0.6677469723089601,0.05127956376570087,-0.21282628349749047,Chirimachaya,Sensor 2
2,2016-10-08,0.6531041666666666,0.6677469723089601,0.05127956376570087,-0.2855485610056524,Chirimachaya,Sensor 2
2,2016-10-09,0.6490486111111111,0.6677469723089601,0.05127956376570087,-0.3646357305862193,Chirimachaya,Sensor 2
2,2016-10-10,0.6500902777777777,0.6677469723089601,0.05127956376570087,-0.3443222452487457,Chirimachaya,Sensor 2
2,2016-10-11,0.6591458333333333,0.6677469723089601,0.05127956376570087,-0.16773034604829767,Chirimachaya,Sensor 2
2,2016-10-12,0.6623368055555556,0.6677469723089601,0.05127956376570087,-0.10550336929783162,Chirimachaya,Sensor 2
2,2016-10-13,0.6621944444444445,0.6677469723089601,0.05127956376570087,-0.10827954562728628,Chirimachaya,Sensor 2
2,2016-10-14,0.6614444444444445,0.6677469723089601,0.05127956376570087,-0.12290525507026867,Chirimachaya,Sensor 2
2,2016-10-15,0.6588055555555556,0.6677469723089601,0.05127956376570087,-0.17436608459187078,Chirimachaya,Sensor 2
2,2016-10-16,0.6550729166666667,0.6677469723089601,0.05127956376570087,-0.24715607371782364,Chirimachaya,Sensor 2
2,2016-10-17,0.6506180555555556,0.6677469723089601,0.05127956376570087,-0.3340300793444227,Chirimachaya,Sensor 2
2,2016-10-18,0.6463472222222222,0.6677469723089601,0.05127956376570087,-0.4173153692280714,Chirimachaya,Sensor 2
2,2016-10-19,0.6424375,0.6677469723089601,0.05127956376570087,-0.49355865086139267,Chirimachaya,Sensor 2
2,2016-10-20,0.6375381944444444,0.6677469723089601,0.05127956376570087,-0.5890997435653169,Chirimachaya,Sensor 2
2,2016-10-21,0.6339791666666668,0.6677469723089601,0.05127956376570087,-0.6585041518016859,Chirimachaya,Sensor 2
2,2016-10-22,0.6301215277777777,0.6677469723089601,0.05127956376570087,-0.7337317591681365,Chirimachaya,Sensor 2
2,2016-10-23,0.6414965277777778,0.6677469723089601,0.05127956376570087,-0.5119084992829116,Chirimachaya,Sensor 2
2,2016-10-24,0.7414756944444444,0.6677469723089601,0.05127956376570087,1.437779823407915,Chirimachaya,Sensor 2
2,2016-10-25,0.6869652777777778,0.6677469723089601,0.05127956376570087,0.3747751356978628,Chirimachaya,Sensor 2
2,2016-10-26,0.6660659722222222,0.6677469723089601,0.05127956376570087,-0.03278109178967403,Chirimachaya,Sensor 2
2,2016-10-27,0.6561284722222223,0.6677469723089601,0.05127956376570087,-0.22657174190918192,Chirimachaya,Sensor 2
2,2016-10-28,0.6488854166666668,0.6677469723089601,0.05127956376570087,-0.3678181766224218,Chirimachaya,Sensor 2
2,2016-10-29,0.6430104166666667,0.6677469723089601,0.05127956376570087,-0.4823862339257809,Chirimachaya,Sensor 2
2,2016-10-30,0.6366909722222222,0.6677469723089601,0.05127956376570087,-0.605621378306463,Chirimachaya,Sensor 2
2,2016-10-31,0.6290451388888889,0.6677469723089601,0.05127956376570087,-0.754722360683526,Chirimachaya,Sensor 2
2,2016-11-01,0.6208611111111111,0.6677469723089601,0.05127956376570087,-0.914318643818287,Chirimachaya,Sensor 2
2,2016-11-02,0.6117013888888888,0.6677469723089601,0.05127956376570087,-1.0929418915524827,Chirimachaya,Sensor 2
2,2016-11-03,0.6038055555555555,0.6677469723089601,0.05127956376570087,-1.2469181104105413,Chirimachaya,Sensor 2
2,2016-11-04,0.5981458333333333,0.6677469723089601,0.05127956376570087,-1.3572880474108207,Chirimachaya,Sensor 2
2,2016-11-05,0.5949270833333333,0.6677469723089601,0.05127956376570087,-1.4200567171036165,Chirimachaya,Sensor 2
2,2016-11-06,0.5935833333333334,0.6677469723089601,0.05127956376570087,-1.4462611131889584,Chirimachaya,Sensor 2
2,2016-11-07,0.5930069444444445,0.6677469723089601,0.05127956376570087,-1.4575012417423612,Chirimachaya,Sensor 2
2,2016-11-08,0.5917152777777778,0.6677469723089601,0.05127956376570087,-1.4826899635608304,Chirimachaya,Sensor 2
2,2016-11-09,0.5890590277777777,0.6677469723089601,0.05127956376570087,-1.5344893511713915,Chirimachaya,Sensor 2
2,2016-11-10,0.5858571428571429,0.6677469723089601,0.05127956376570087,-1.596929135863486,Chirimachaya,Sensor 2
2,2016-11-11,0.59503125,0.6677469723089601,0.05127956376570087,-1.4180253685698687,Chirimachaya,Sensor 2
2,2016-11-12,0.5962881944444445,0.6677469723089601,0.05127956376570087,-1.3935137629293155,Chirimachaya,Sensor 2
2,2016-11-13,0.59509375,0.6677469723089601,0.05127956376570087,-1.4168065594496209,Chirimachaya,Sensor 2
2,2016-11-14,0.5920138888888888,0.6677469723089601,0.05127956376570087,-1.4768667644307552,Chirimachaya,Sensor 2
2,2016-11-15,0.5879652777777777,0.6677469723089601,0.05127956376570087,-1.55581851077574,Chirimachaya,Sensor 2
2,2016-11-16,0.5816770833333333,0.6677469723089601,0.05127956376570087,-1.678444250596295,Chirimachaya,Sensor 2
2,2016-11-17,0.5737881944444444,0.6677469723089601,0.05127956376570087,-1.8322850462187719,Chirimachaya,Sensor 2
2,2016-11-18,0.565375,0.6677469723089601,0.05127956376570087,-1.9963502961277761,Chirimachaya,Sensor 2
2,2016-11-19,0.5570486111111111,0.6677469723089601,0.05127956376570087,-2.1587227555919895,Chirimachaya,Sensor 2
2,2016-11-20,0.5475590277777778,0.6677469723089601,0.05127956376570087,-2.3437786070163855,Chirimachaya,Sensor 2
2,2016-11-21,0.53753125,0.6677469723089601,0.05127956376570087,-2.5393297591984756,Chirimachaya,Sensor 2
2,2016-11-22,0.5274166666666668,0.6677469723089601,0.05127956376570087,-2.7365737018253538,Chirimachaya,Sensor 2
2,2016-11-23,0.5180694444444445,0.6677469723089601,0.05127956376570087,-2.9188533769202953,Chirimachaya,Sensor 2
2,2016-11-24,0.5099826388888888,0.6677469723089601,0.05127956376570087,-3.0765537347568923,Chirimachaya,Sensor 2
2,2016-11-25,0.5025138888888888,0.6677469723089601,0.05127956376570087,-3.222201424626587,Chirimachaya,Sensor 2
2,2016-11-26,0.4971527777777778,0.6677469723089601,0.05127956376570087,-3.326748162496789,Chirimachaya,Sensor 2
2,2016-11-27,0.5093680555555555,0.6677469723089601,0.05127956376570087,-3.088538691106002,Chirimachaya,Sensor 2
2,2016-11-28,0.5437361111111111,0.6677469723089601,0.05127956376570087,-2.4183290982049184,Chirimachaya,Sensor 2
2,2016-11-29,0.575125,0.6677469723089601,0.05127956376570087,-1.8062160733690116,Chirimachaya,Sensor 2
2,2016-11-30,0.668375,0.6677469723089601,0.05127956376570087,0.012247134041729982,Chirimachaya,Sensor 2
2,2016-12-01,0.6537465277777778,0.6677469723089601,0.05127956376570087,-0.27302191171420875,Chirimachaya,Sensor 2
2,2016-12-02,0.6429722222222223,0.6677469723089601,0.05127956376570087,-0.4831310617214878,Chirimachaya,Sensor 2
2,2016-12-03,0.6655694444444444,0.6677469723089601,0.05127956376570087,-0.0424638531338699,Chirimachaya,Sensor 2
2,2016-12-04,0.6635520833333334,0.6677469723089601,0.05127956376570087,-0.08180430307077835,Chirimachaya,Sensor 2
2,2016-12-05,0.6522569444444444,0.6677469723089601,0.05127956376570087,-0.3020701957467985,Chirimachaya,Sensor 2
2,2016-12-06,0.6438923611111111,0.6677469723089601,0.05127956376570087,-0.46518748300671886,Chirimachaya,Sensor 2
2,2016-12-07,0.637625,0.6677469723089601,0.05127956376570087,-0.587406953120526,Chirimachaya,Sensor 2
2,2016-12-08,0.6365798611111111,0.6677469723089601,0.05127956376570087,-0.6077881500757928,Chirimachaya,Sensor 2
2,2016-12-09,0.637,0.6677469723089601,0.05127956376570087,-0.5995950443230106,Chirimachaya,Sensor 2
2,2016-12-10,0.6357951388888889,0.6677469723089601,0.05127956376570087,-0.6230909756966889,Chirimachaya,Sensor 2
2,2016-12-11,0.6311666666666667,0.6677469723089601,0.05127956376570087,-0.7133505622128697,Chirimachaya,Sensor 2
2,2016-12-12,0.6256215277777778,0.6677469723089601,0.05127956376570087,-0.8214860158260264,Chirimachaya,Sensor 2
2,2016-12-13,0.6201944444444444,0.6677469723089601,0.05127956376570087,-0.9273192744342715,Chirimachaya,Sensor 2
2,2016-12-14,0.6309791666666666,0.6677469723089601,0.05127956376570087,-0.7170069895736153,Chirimachaya,Sensor 2
2,2016-12-15,0.7391805555555555,0.6677469723089601,0.05127956376570087,1.393022444047679,Chirimachaya,Sensor 2
2,2016-12-16,0.7407083333333333,0.6677469723089601,0.05127956376570087,1.4228155558759756,Chirimachaya,Sensor 2
2,2016-12-17,0.7427048611111111,0.6677469723089601,0.05127956376570087,1.4617497361061365,Chirimachaya,Sensor 2
2,2016-12-18,0.6915277777777777,0.6677469723089601,0.05127956376570087,0.4637482014760006,Chirimachaya,Sensor 2
2,2016-12-19,0.6781979166666667,0.6677469723089601,0.05127956376570087,0.20380330077411726,Chirimachaya,Sensor 2
2,2016-12-20,0.6937152777777778,0.6677469723089601,0.05127956376570087,0.5064065206846977,Chirimachaya,Sensor 2
2,2016-12-21,0.69440625,0.6677469723089601,0.05127956376570087,0.5198811326252233,Chirimachaya,Sensor 2
2,2016-12-22,0.6791493055555556,0.6677469723089601,0.05127956376570087,0.22235628404901117,Chirimachaya,Sensor 2
2,2016-12-23,0.6703333333333333,0.6677469723089601,0.05127956376570087,0.050436486476181576,Chirimachaya,Sensor 2
2,2016-12-24,0.6695902777777778,0.6677469723089601,0.05127956376570087,0.03594620026878324,Chirimachaya,Sensor 2
2,2016-12-25,0.73453125,0.6677469723089601,0.05127956376570087,1.3023565878247505,Chirimachaya,Sensor 2
2,2016-12-26,0.6892430555555555,0.6677469723089601,0.05127956376570087,0.4191939569691397,Chirimachaya,Sensor 2
2,2016-12-27,0.6941701388888889,0.6677469723089601,0.05127956376570087,0.5152767426153958,Chirimachaya,Sensor 2
2,2016-12-28,0.6754027777777778,0.6677469723089601,0.05127956376570087,0.14929544845189238,Chirimachaya,Sensor 2
2,2016-12-29,0.6764375,0.6677469723089601,0.05127956376570087,0.1694735105537841,Chirimachaya,Sensor 2
2,2016-12-30,0.6716354166666667,0.6677469723089601,0.05127956376570087,0.07582834314802575,Chirimachaya,Sensor 2
2,2016-12-31,0.6654375,0.6677469723089601,0.05127956376570087,-0.04503689460994957,Chirimachaya,Sensor 2
3,2017-01-01,0.6799652777777778,0.6707637552105707,0.046932178207762416,0.1960599937738491,Chirimachaya,Sensor 3
3,2017-01-02,0.7558298611111112,0.6707637552105707,0.046932178207762416,1.812532662003546,Chirimachaya,Sensor 3
3,2017-01-03,0.7004062499999999,0.6707637552105707,0.046932178207762416,0.6316027919736823,Chirimachaya,Sensor 3
3,2017-01-04,0.6726354166666667,0.6707637552105707,0.046932178207762416,0.03988013187477408,Chirimachaya,Sensor 3
3,2017-01-05,0.664451388888889,0.6707637552105707,0.046932178207762416,-0.13449975182779195,Chirimachaya,Sensor 3
3,2017-01-06,0.7157604166666667,0.6707637552105707,0.046932178207762416,0.958759281465731,Chirimachaya,Sensor 3
3,2017-01-07,0.7040972222222223,0.6707637552105707,0.046932178207762416,0.710247601636744,Chirimachaya,Sensor 3
3,2017-01-08,0.6753611111111112,0.6707637552105707,0.046932178207762416,0.09795743722331768,Chirimachaya,Sensor 3
3,2017-01-09,0.6825972222222222,0.6707637552105707,0.046932178207762416,0.2521397357537143,Chirimachaya,Sensor 3
3,2017-01-10,0.7200555555555556,0.6707637552105707,0.046932178207762416,1.050277277282479,Chirimachaya,Sensor 3
3,2017-01-11,0.7239097222222222,0.6707637552105707,0.046932178207762416,1.1323993268836021,Chirimachaya,Sensor 3
3,2017-01-12,0.6987986111111112,0.6707637552105707,0.046932178207762416,0.5973482793923164,Chirimachaya,Sensor 3
3,2017-01-13,0.7484930555555556,0.6707637552105707,0.046932178207762416,1.656204832447531,Chirimachaya,Sensor 3
3,2017-01-14,0.6950138888888888,0.6707637552105707,0.046932178207762416,0.5167059063605787,Chirimachaya,Sensor 3
3,2017-01-15,0.71771875,0.6707637552105707,0.046932178207762416,1.0004861607225173,Chirimachaya,Sensor 3
3,2017-01-16,0.6826666666666666,0.6707637552105707,0.046932178207762416,0.25361941232310414,Chirimachaya,Sensor 3
3,2017-01-17,0.6670381944444445,0.6707637552105707,0.046932178207762416,-0.07938179961803042,Chirimachaya,Sensor 3
3,2017-01-18,0.6572326388888889,0.6707637552105707,0.046932178207762416,-0.28831213121584465,Chirimachaya,Sensor 3
3,2017-01-19,0.6496006944444445,0.6707637552105707,0.046932178207762416,-0.45092858619176535,Chirimachaya,Sensor 3
3,2017-01-20,0.6440069444444445,0.6707637552105707,0.046932178207762416,-0.5701165338560986,Chirimachaya,Sensor 3
3,2017-01-21,0.6431076388888889,0.6707637552105707,0.046932178207762416,-0.5892783454296957,Chirimachaya,Sensor 3
3,2017-01-22,0.6421076388888889,0.6707637552105707,0.046932178207762416,-0.6105856880289063,Chirimachaya,Sensor 3
3,2017-01-23,0.6401076388888889,0.6707637552105707,0.046932178207762416,-0.6532003732273276,Chirimachaya,Sensor 3
3,2017-01-24,0.6347118055555555,0.6707637552105707,0.046932178207762416,-0.7681712426689024,Chirimachaya,Sensor 3
3,2017-01-25,0.6298368055555555,0.6707637552105707,0.046932178207762416,-0.8720445378400533,Chirimachaya,Sensor 3
3,2017-01-26,0.6259097222222222,0.6707637552105707,0.046932178207762416,-0.9557202478390372,Chirimachaya,Sensor 3
3,2017-01-27,0.6227847222222223,0.6707637552105707,0.046932178207762416,-1.0223056934615689,Chirimachaya,Sensor 3
3,2017-01-28,0.7019722222222222,0.6707637552105707,0.046932178207762416,0.6649694986134205,Chirimachaya,Sensor 3
3,2017-01-29,0.751829861111111,0.6707637552105707,0.046932178207762416,1.727303291606701,Chirimachaya,Sensor 3
3,2017-01-30,0.7538680555555556,0.6707637552105707,0.046932178207762416,1.7707317989182885,Chirimachaya,Sensor 3
3,2017-01-31,0.7505520833333333,0.6707637552105707,0.046932178207762416,1.7000772427299333,Chirimachaya,Sensor 3
3,2017-02-01,0.7100972222222222,0.6707637552105707,0.046932178207762416,0.8380916572320054,Chirimachaya,Sensor 3
3,2017-02-02,0.7566909722222221,0.6707637552105707,0.046932178207762416,1.8308806514639746,Chirimachaya,Sensor 3
3,2017-02-03,0.7494618055555555,0.6707637552105707,0.046932178207762416,1.6768463205905155,Chirimachaya,Sensor 3
3,2017-02-04,0.6982777777777778,0.6707637552105707,0.046932178207762416,0.5862507051218925,Chirimachaya,Sensor 3
3,2017-02-05,0.6817048611111112,0.6707637552105707,0.046932178207762416,0.2331258918370596,Chirimachaya,Sensor 3
3,2017-02-06,0.6749305555555556,0.6707637552105707,0.046932178207762416,0.08878344249310105,Chirimachaya,Sensor 3
3,2017-02-07,0.6692118055555556,0.6707637552105707,0.046932178207762416,-0.03306792299613452,Chirimachaya,Sensor 3
3,2017-02-08,0.6628611111111111,0.6707637552105707,0.046932178207762416,-0.16838434526681637,Chirimachaya,Sensor 3
3,2017-02-09,0.6577534722222222,0.6707637552105707,0.046932178207762416,-0.2772145569454231,Chirimachaya,Sensor 3
3,2017-02-10,0.6530034722222222,0.6707637552105707,0.046932178207762416,-0.37842443429167416,Chirimachaya,Sensor 3
3,2017-02-11,0.6500729166666667,0.6707637552105707,0.046932178207762416,-0.4408667855199162,Chirimachaya,Sensor 3
3,2017-02-12,0.6495104166666666,0.6707637552105707,0.046932178207762416,-0.4528521657319726,Chirimachaya,Sensor 3
3,2017-02-13,0.6474131944444445,0.6707637552105707,0.046932178207762416,-0.4975383981275387,Chirimachaya,Sensor 3
3,2017-02-14,0.6441076388888889,0.6707637552105707,0.046932178207762416,-0.5679710028304851,Chirimachaya,Sensor 3
3,2017-02-15,0.6410972222222222,0.6707637552105707,0.046932178207762416,-0.6321149821135257,Chirimachaya,Sensor 3
3,2017-02-16,0.6391423611111111,0.6707637552105707,0.046932178207762416,-0.6737678775418432,Chirimachaya,Sensor 3
3,2017-02-17,0.6473194444444444,0.6707637552105707,0.046932178207762416,-0.49953596149621476,Chirimachaya,Sensor 3
3,2017-02-18,0.6492465277777778,0.6707637552105707,0.046932178207762416,-0.45847493669565215,Chirimachaya,Sensor 3
3,2017-02-19,0.6478680555555556,0.6707637552105707,0.046932178207762416,-0.48784651659803585,Chirimachaya,Sensor 3
3,2017-02-20,0.647888888888889,0.6707637552105707,0.046932178207762416,-0.48740261362721843,Chirimachaya,Sensor 3
3,2017-02-21,0.6498715277777778,0.6707637552105707,0.046932178207762416,-0.44515784757114585,Chirimachaya,Sensor 3
3,2017-02-22,0.75553125,0.6707637552105707,0.046932178207762416,1.8061700527551692,Chirimachaya,Sensor 3
3,2017-02-23,0.7623819444444444,0.6707637552105707,0.046932178207762416,1.952140146325455,Chirimachaya,Sensor 3
3,2017-02-24,0.7644861111111111,0.6707637552105707,0.046932178207762416,1.9969743463779612,Chirimachaya,Sensor 3
3,2017-02-25,0.7669375,0.6707637552105707,0.046932178207762416,2.0492069292774167,Chirimachaya,Sensor 3
3,2017-02-26,0.7687673611111111,0.6707637552105707,0.046932178207762416,2.088196406880832,Chirimachaya,Sensor 3
3,2017-02-27,0.7702569444444445,0.6707637552105707,0.046932178207762416,2.1199354692942403,Chirimachaya,Sensor 3
3,2017-02-28,0.72290625,0.6707637552105707,0.046932178207762416,1.1110180004559227,Chirimachaya,Sensor 3
3,2017-03-01,0.6913229166666667,0.6707637552105707,0.046932178207762416,0.4380610966975217,Chirimachaya,Sensor 3
3,2017-03-02,0.6870104166666667,0.6707637552105707,0.046932178207762416,0.34617318173842715,Chirimachaya,Sensor 3
3,2017-03-03,0.6982916666666666,0.6707637552105707,0.046932178207762416,0.58654664043577,Chirimachaya,Sensor 3
3,2017-03-04,0.6901111111111111,0.6707637552105707,0.046932178207762416,0.4122407405616727,Chirimachaya,Sensor 3
3,2017-03-05,0.6788888888888889,0.6707637552105707,0.046932178207762416,0.1731250069483087,Chirimachaya,Sensor 3
3,2017-03-06,0.6710590277777778,0.6707637552105707,0.046932178207762416,0.0062914737496295265,Chirimachaya,Sensor 3
3,2017-03-07,0.6662222222222223,0.6707637552105707,0.046932178207762416,-0.0967679993083577,Chirimachaya,Sensor 3
3,2017-03-08,0.6643402777777778,0.6707637552105707,0.046932178207762416,-0.13686723433881667,Chirimachaya,Sensor 3
3,2017-03-09,0.6938333333333333,0.6707637552105707,0.046932178207762416,0.49155140468095576,Chirimachaya,Sensor 3
3,2017-03-10,0.7505798611111111,0.6707637552105707,0.046932178207762416,1.7006691133576883,Chirimachaya,Sensor 3
3,2017-03-11,0.7260868055555556,0.6707637552105707,0.046932178207762416,1.178787187333969,Chirimachaya,Sensor 3
3,2017-03-12,0.7024409722222222,0.6707637552105707,0.046932178207762416,0.6749573154568008,Chirimachaya,Sensor 3
3,2017-03-13,0.7079131944444444,0.6707637552105707,0.046932178207762416,0.7915558291247031,Chirimachaya,Sensor 3
3,2017-03-14,0.7626875,0.6707637552105707,0.046932178207762416,1.9586507232307695,Chirimachaya,Sensor 3
3,2017-03-15,0.7628402777777779,0.6707637552105707,0.046932178207762416,1.961906011683429,Chirimachaya,Sensor 3
3,2017-03-16,0.6943263888888889,0.6707637552105707,0.046932178207762416,0.5020571083236224,Chirimachaya,Sensor 3
3,2017-03-17,0.6739097222222222,0.6707637552105707,0.046932178207762416,0.06703219692307298,Chirimachaya,Sensor 3
3,2017-03-18,0.6644618055555556,0.6707637552105707,0.046932178207762416,-0.1342778003423856,Chirimachaya,Sensor 3
3,2017-03-19,0.6593819444444445,0.6707637552105707,0.046932178207762416,-0.24251614139323496,Chirimachaya,Sensor 3
3,2017-03-20,0.6569340277777778,0.6707637552105707,0.046932178207762416,-0.2946747404642215,Chirimachaya,Sensor 3
3,2017-03-21,0.6590312500000001,0.6707637552105707,0.046932178207762416,-0.24998850806865303,Chirimachaya,Sensor 3
3,2017-03-22,0.6639965277777777,0.6707637552105707,0.046932178207762416,-0.14419163335729718,Chirimachaya,Sensor 3
3,2017-03-23,0.7078333333333333,0.6707637552105707,0.046932178207762416,0.7898542010699046,Chirimachaya,Sensor 3
3,2017-03-24,0.7568819444444445,0.6707637552105707,0.046932178207762416,1.8349497620297979,Chirimachaya,Sensor 3
3,2017-03-25,0.7264930555555555,0.6707637552105707,0.046932178207762416,1.1874432952648972,Chirimachaya,Sensor 3
3,2017-03-26,0.6857083333333334,0.6707637552105707,0.046932178207762416,0.3184292460623709,Chirimachaya,Sensor 3
3,2017-03-27,0.6795659722222223,0.6707637552105707,0.046932178207762416,0.18755185349985862,Chirimachaya,Sensor 3
3,2017-03-28,0.6695451388888889,0.6707637552105707,0.046932178207762416,-0.0259654754630651,Chirimachaya,Sensor 3
3,2017-03-29,0.6919236111111111,0.6707637552105707,0.046932178207762416,0.45086029902274183,Chirimachaya,Sensor 3
3,2017-03-30,0.7544930555555556,0.6707637552105707,0.046932178207762416,1.7840488880427947,Chirimachaya,Sensor 3
3,2017-03-31,0.7617951388888888,0.6707637552105707,0.046932178207762416,1.9396368793141125,Chirimachaya,Sensor 3
3,2017-04-01,0.7313680555555555,0.6707637552105707,0.046932178207762416,1.2913165904360482,Chirimachaya,Sensor 3
3,2017-04-02,0.6789305555555556,0.6707637552105707,0.046932178207762416,0.17401281288994355,Chirimachaya,Sensor 3
3,2017-04-03,0.6673506944444445,0.6707637552105707,0.046932178207762416,-0.07272325505577606,Chirimachaya,Sensor 3
3,2017-04-04,0.6610659722222222,0.6707637552105707,0.046932178207762416,-0.2066339845855392,Chirimachaya,Sensor 3
3,2017-04-05,0.6566041666666667,0.6707637552105707,0.046932178207762416,-0.3017032041688221,Chirimachaya,Sensor 3
3,2017-04-06,0.6532604166666667,0.6707637552105707,0.046932178207762416,-0.37294963098493217,Chirimachaya,Sensor 3
3,2017-04-07,0.652,0.6707637552105707,0.046932178207762416,-0.3998057607193536,Chirimachaya,Sensor 3
3,2017-04-08,0.6903958333333333,0.6707637552105707,0.046932178207762416,0.4183074144961697,Chirimachaya,Sensor 3
3,2017-04-09,0.7080590277777777,0.6707637552105707,0.046932178207762416,0.7946631499204204,Chirimachaya,Sensor 3
3,2017-04-10,0.6758194444444445,0.6707637552105707,0.046932178207762416,0.10772330258128932,Chirimachaya,Sensor 3
3,2017-04-11,0.6696562500000001,0.6707637552105707,0.046932178207762416,-0.02359799295204038,Chirimachaya,Sensor 3
3,2017-04-12,0.7034548611111111,0.6707637552105707,0.046932178207762416,0.696560593369889,Chirimachaya,Sensor 3
3,2017-04-13,0.7190104166666667,0.6707637552105707,0.046932178207762416,1.0280081449131648,Chirimachaya,Sensor 3
3,2017-04-14,0.7578159722222222,0.6707637552105707,0.046932178207762416,1.8548514118880874,Chirimachaya,Sensor 3
3,2017-04-15,0.7495520833333333,0.6707637552105707,0.046932178207762416,1.6787699001307228,Chirimachaya,Sensor 3
3,2017-04-16,0.6979513888888889,0.6707637552105707,0.046932178207762416,0.5792962252457606,Chirimachaya,Sensor 3
3,2017-04-17,0.6870034722222222,0.6707637552105707,0.046932178207762416,0.34602521408148723,Chirimachaya,Sensor 3
3,2017-04-18,0.6721354166666668,0.6707637552105707,0.046932178207762416,0.029226460575169946,Chirimachaya,Sensor 3
3,2017-04-19,0.6643888888888889,0.6707637552105707,0.046932178207762416,-0.13583146074024424,Chirimachaya,Sensor 3
3,2017-04-20,0.7412951388888889,0.6707637552105707,0.046932178207762416,1.5028363560302958,Chirimachaya,Sensor 3
3,2017-04-21,0.7605729166666667,0.6707637552105707,0.046932178207762416,1.913594571692857,Chirimachaya,Sensor 3
3,2017-04-22,0.7328854166666666,0.6707637552105707,0.046932178207762416,1.3236475234772116,Chirimachaya,Sensor 3
3,2017-04-23,0.6875694444444445,0.6707637552105707,0.046932178207762416,0.35808457812201244,Chirimachaya,Sensor 3
3,2017-04-24,0.6853680555555556,0.6707637552105707,0.046932178207762416,0.31117883087236153,Chirimachaya,Sensor 3
3,2017-04-25,0.6698194444444445,0.6707637552105707,0.046932178207762416,-0.02012075301397445,Chirimachaya,Sensor 3
3,2017-04-26,0.6668958333333334,0.6707637552105707,0.046932178207762416,-0.08241513658527892,Chirimachaya,Sensor 3
3,2017-04-27,0.6967743055555555,0.6707637552105707,0.046932178207762416,0.5542157073946066,Chirimachaya,Sensor 3
3,2017-04-28,0.68103125,0.6707637552105707,0.046932178207762416,0.21877302911397845,Chirimachaya,Sensor 3
3,2017-04-29,0.6753784722222222,0.6707637552105707,0.046932178207762416,0.09832735636566396,Chirimachaya,Sensor 3
3,2017-04-30,0.7549583333333333,0.6707637552105707,0.046932178207762416,1.793962721057704,Chirimachaya,Sensor 3
3,2017-05-01,0.7235347222222221,0.6707637552105707,0.046932178207762416,1.1244090734088978,Chirimachaya,Sensor 3
3,2017-05-02,0.6835,0.6707637552105707,0.046932178207762416,0.27137553115578006,Chirimachaya,Sensor 3
3,2017-05-03,0.6741076388888889,0.6707637552105707,0.046932178207762416,0.07124927514583385,Chirimachaya,Sensor 3
3,2017-05-04,0.670045138888889,0.6707637552105707,0.046932178207762416,-0.0153118041634586,Chirimachaya,Sensor 3
3,2017-05-05,0.6796562500000001,0.6707637552105707,0.046932178207762416,0.18947543304006592,Chirimachaya,Sensor 3
3,2017-05-06,0.7062465277777777,0.6707637552105707,0.046932178207762416,0.7560435914593513,Chirimachaya,Sensor 3
3,2017-05-07,0.7615277777777778,0.6707637552105707,0.046932178207762416,1.933940124521964,Chirimachaya,Sensor 3
3,2017-05-08,0.7256458333333333,0.6707637552105707,0.046932178207762416,1.1693912411183438,Chirimachaya,Sensor 3
3,2017-05-09,0.7483125,0.6707637552105707,0.046932178207762416,1.6523576733671188,Chirimachaya,Sensor 3
3,2017-05-10,0.6885347222222222,0.6707637552105707,0.046932178207762416,0.37865208243652815,Chirimachaya,Sensor 3
3,2017-05-11,0.6815694444444444,0.6707637552105707,0.046932178207762416,0.23024052252674868,Chirimachaya,Sensor 3
3,2017-05-12,0.7374479166666666,0.6707637552105707,0.046932178207762416,1.4208622740861105,Chirimachaya,Sensor 3
3,2017-05-13,0.6784756944444444,0.6707637552105707,0.046932178207762416,0.1643209313604407,Chirimachaya,Sensor 3
3,2017-05-14,0.7225763888888889,0.6707637552105707,0.046932178207762416,1.103989536751322,Chirimachaya,Sensor 3
3,2017-05-15,0.7453819444444444,0.6707637552105707,0.046932178207762416,1.5899153221388744,Chirimachaya,Sensor 3
3,2017-05-16,0.7371458333333334,0.6707637552105707,0.046932178207762416,1.4144256810092672,Chirimachaya,Sensor 3
3,2017-05-17,0.6859791666666667,0.6707637552105707,0.046932178207762416,0.3241999846829904,Chirimachaya,Sensor 3
3,2017-05-18,0.6751076388888889,0.6707637552105707,0.046932178207762416,0.09255661774504446,Chirimachaya,Sensor 3
3,2017-05-19,0.6673368055555556,0.6707637552105707,0.046932178207762416,-0.07301919036965356,Chirimachaya,Sensor 3
3,2017-05-20,0.663,0.6707637552105707,0.046932178207762416,-0.16542499212803666,Chirimachaya,Sensor 3
3,2017-05-21,0.6603541666666667,0.6707637552105707,0.046932178207762416,-0.22180066942178167,Chirimachaya,Sensor 3
3,2017-05-22,0.6602152777777778,0.6707637552105707,0.046932178207762416,-0.2247600225605614,Chirimachaya,Sensor 3
3,2017-05-23,0.6636909722222222,0.6707637552105707,0.046932178207762416,-0.1507022102626116,Chirimachaya,Sensor 3
3,2017-05-24,0.6625868055555556,0.6707637552105707,0.046932178207762416,-0.17422906771590463,Chirimachaya,Sensor 3
3,2017-05-25,0.6629618055555556,0.6707637552105707,0.046932178207762416,-0.16623881424120035,Chirimachaya,Sensor 3
3,2017-05-26,0.6766770833333333,0.6707637552105707,0.046932178207762416,0.1259973082132491,Chirimachaya,Sensor 3
3,2017-05-27,0.6748125,0.6707637552105707,0.046932178207762416,0.08626799232513876,Chirimachaya,Sensor 3
3,2017-05-28,0.6675798611111111,0.6707637552105707,0.046932178207762416,-0.06784032237679143,Chirimachaya,Sensor 3
3,2017-05-29,0.6631597222222223,0.6707637552105707,0.046932178207762416,-0.1620217360184395,Chirimachaya,Sensor 3
3,2017-05-30,0.6594791666666667,0.6707637552105707,0.046932178207762416,-0.2404445941960901,Chirimachaya,Sensor 3
3,2017-05-31,0.6570833333333334,0.6707637552105707,0.046932178207762416,-0.29149343584003307,Chirimachaya,Sensor 3
3,2017-06-01,0.6592916666666667,0.6707637552105707,0.046932178207762416,-0.24443972093344224,Chirimachaya,Sensor 3
3,2017-06-02,0.6599548611111111,0.6707637552105707,0.046932178207762416,-0.23030880969577217,Chirimachaya,Sensor 3
3,2017-06-03,0.6584062500000001,0.6707637552105707,0.046932178207762416,-0.2633055971931594,Chirimachaya,Sensor 3
3,2017-06-04,0.6581215277777779,0.6707637552105707,0.046932178207762416,-0.2693722711276564,Chirimachaya,Sensor 3
3,2017-06-05,0.6604236111111111,0.6707637552105707,0.046932178207762416,-0.22032099285239182,Chirimachaya,Sensor 3
3,2017-06-06,0.6624861111111112,0.6707637552105707,0.046932178207762416,-0.17637459874151828,Chirimachaya,Sensor 3
3,2017-06-07,0.6601458333333334,0.6707637552105707,0.046932178207762416,-0.2262396991299489,Chirimachaya,Sensor 3
3,2017-06-08,0.6572430555555555,0.6707637552105707,0.046932178207762416,-0.28809017973043827,Chirimachaya,Sensor 3
3,2017-06-09,0.7278611111111111,0.6707637552105707,0.046932178207762416,1.2165929236818722,Chirimachaya,Sensor 3
3,2017-06-10,0.6822812500000001,0.6707637552105707,0.046932178207762416,0.2454072073629935,Chirimachaya,Sensor 3
3,2017-06-11,0.6699097222222222,0.6707637552105707,0.046932178207762416,-0.01819717347376953,Chirimachaya,Sensor 3
3,2017-06-12,0.6629340277777778,0.6707637552105707,0.046932178207762416,-0.16683068486895772,Chirimachaya,Sensor 3
3,2017-06-13,0.7332395833333334,0.6707637552105707,0.046932178207762416,1.3311938739811007,Chirimachaya,Sensor 3
3,2017-06-14,0.7609548611111111,0.6707637552105707,0.046932178207762416,1.921732792824499,Chirimachaya,Sensor 3
3,2017-06-15,0.7275173611111111,0.6707637552105707,0.046932178207762416,1.209268524663394,Chirimachaya,Sensor 3
3,2017-06-16,0.7606597222222222,0.6707637552105707,0.046932178207762416,1.9154441674045932,Chirimachaya,Sensor 3
3,2017-06-17,0.7073819444444445,0.6707637552105707,0.046932178207762416,0.7802363033688728,Chirimachaya,Sensor 3
3,2017-06-18,0.6736354166666667,0.6707637552105707,0.046932178207762416,0.061187474473984704,Chirimachaya,Sensor 3
3,2017-06-19,0.6647847222222222,0.6707637552105707,0.046932178207762416,-0.1273973042947249,Chirimachaya,Sensor 3
3,2017-06-20,0.6981145833333334,0.6707637552105707,0.046932178207762416,0.5827734651838289,Chirimachaya,Sensor 3
3,2017-06-21,0.7602465277777778,0.6707637552105707,0.046932178207762416,1.9066400918167252,Chirimachaya,Sensor 3
3,2017-06-22,0.7247743055555556,0.6707637552105707,0.046932178207762416,1.150821300172504,Chirimachaya,Sensor 3
3,2017-06-23,0.67909375,0.6707637552105707,0.046932178207762416,0.17749005282800948,Chirimachaya,Sensor 3
3,2017-06-24,0.6674618055555556,0.6707637552105707,0.046932178207762416,-0.07035577254475371,Chirimachaya,Sensor 3
3,2017-06-25,0.6614027777777778,0.6707637552105707,0.046932178207762416,-0.19945755322399863,Chirimachaya,Sensor 3
3,2017-06-26,0.6570034722222222,0.6707637552105707,0.046932178207762416,-0.29319506389483163,Chirimachaya,Sensor 3
3,2017-06-27,0.6536284722222222,0.6707637552105707,0.046932178207762416,-0.3651073451671678,Chirimachaya,Sensor 3
3,2017-06-28,0.6507743055555556,0.6707637552105707,0.046932178207762416,-0.42592205216908,Chirimachaya,Sensor 3
3,2017-06-29,0.648451388888889,0.6707637552105707,0.046932178207762416,-0.475417233415162,Chirimachaya,Sensor 3
3,2017-06-30,0.6487777777777778,0.6707637552105707,0.046932178207762416,-0.46846275353903255,Chirimachaya,Sensor 3
3,2017-07-01,0.6481423611111111,0.6707637552105707,0.046932178207762416,-0.48200179414894756,Chirimachaya,Sensor 3
3,2017-07-02,0.6472569444444445,0.6707637552105707,0.046932178207762416,-0.5008676704086648,Chirimachaya,Sensor 3
3,2017-07-03,0.6665,0.6707637552105707,0.046932178207762416,-0.09084929303080062,Chirimachaya,Sensor 3
3,2017-07-04,0.6810347222222223,0.6707637552105707,0.046932178207762416,0.2188470129424496,Chirimachaya,Sensor 3
3,2017-07-05,0.6750034722222222,0.6707637552105707,0.046932178207762416,0.09033710289095968,Chirimachaya,Sensor 3
3,2017-07-06,0.6820555555555556,0.6707637552105707,0.046932178207762416,0.24059825851247765,Chirimachaya,Sensor 3
3,2017-07-07,0.7492152777777777,0.6707637552105707,0.046932178207762416,1.6715934687691822,Chirimachaya,Sensor 3
3,2017-07-08,0.7268055555555555,0.6707637552105707,0.046932178207762416,1.1941018398271492,Chirimachaya,Sensor 3
3,2017-07-09,0.6852395833333333,0.6707637552105707,0.046932178207762416,0.30844142921899054,Chirimachaya,Sensor 3
3,2017-07-10,0.6759444444444446,0.6707637552105707,0.046932178207762416,0.11038672040619153,Chirimachaya,Sensor 3
3,2017-07-11,0.6679513888888889,0.6707637552105707,0.046932178207762416,-0.05992405273055593,Chirimachaya,Sensor 3
3,2017-07-12,0.6625069444444445,0.6707637552105707,0.046932178207762416,-0.17593069577070322,Chirimachaya,Sensor 3
3,2017-07-13,0.6577361111111111,0.6707637552105707,0.046932178207762416,-0.2775844760877717,Chirimachaya,Sensor 3
3,2017-07-14,0.6531631944444445,0.6707637552105707,0.046932178207762416,-0.37502117818207703,Chirimachaya,Sensor 3
3,2017-07-15,0.6487569444444445,0.6707637552105707,0.046932178207762416,-0.4689066565098476,Chirimachaya,Sensor 3
3,2017-07-16,0.6439097222222222,0.6707637552105707,0.046932178207762416,-0.5721880810532459,Chirimachaya,Sensor 3
3,2017-07-17,0.6396354166666667,0.6707637552105707,0.046932178207762416,-0.6632621738991766,Chirimachaya,Sensor 3
3,2017-07-18,0.6372708333333333,0.6707637552105707,0.046932178207762416,-0.7136451610868935,Chirimachaya,Sensor 3
3,2017-07-19,0.6422395833333333,0.6707637552105707,0.046932178207762416,-0.6077743025470665,Chirimachaya,Sensor 3
3,2017-07-20,0.6547118055555556,0.6707637552105707,0.046932178207762416,-0.3420243906846875,Chirimachaya,Sensor 3
3,2017-07-21,0.6554201388888888,0.6707637552105707,0.046932178207762416,-0.3269316896769161,Chirimachaya,Sensor 3
3,2017-07-22,0.6539513888888888,0.6707637552105707,0.046932178207762416,-0.3582268491195071,Chirimachaya,Sensor 3
3,2017-07-23,0.6573055555555556,0.6707637552105707,0.046932178207762416,-0.286758470817986,Chirimachaya,Sensor 3
3,2017-07-24,0.6603784722222223,0.6707637552105707,0.046932178207762416,-0.2212827826224931,Chirimachaya,Sensor 3
3,2017-07-25,0.6978263888888888,0.6707637552105707,0.046932178207762416,0.5766328074208583,Chirimachaya,Sensor 3
3,2017-07-26,0.7638229166666667,0.6707637552105707,0.046932178207762416,1.982843435140291,Chirimachaya,Sensor 3
3,2017-07-27,0.7655694444444445,0.6707637552105707,0.046932178207762416,2.0200573008604414,Chirimachaya,Sensor 3
3,2017-07-28,0.710736111111111,0.6707637552105707,0.046932178207762416,0.8517046816703893,Chirimachaya,Sensor 3
3,2017-07-29,0.6851145833333334,0.6707637552105707,0.046932178207762416,0.30577801139409067,Chirimachaya,Sensor 3
3,2017-07-30,0.6759618055555556,0.6707637552105707,0.046932178207762416,0.11075663954853782,Chirimachaya,Sensor 3
3,2017-07-31,0.67009375,0.6707637552105707,0.046932178207762416,-0.014276030564886173,Chirimachaya,Sensor 3
3,2017-08-01,0.6653506944444445,0.6707637552105707,0.046932178207762416,-0.11533794025419732,Chirimachaya,Sensor 3
3,2017-08-02,0.6612048611111112,0.6707637552105707,0.046932178207762416,-0.20367463144675713,Chirimachaya,Sensor 3
3,2017-08-03,0.657170138888889,0.6707637552105707,0.046932178207762416,-0.2896438401282946,Chirimachaya,Sensor 3
3,2017-08-04,0.6541111111111112,0.6707637552105707,0.046932178207762416,-0.35482359300990757,Chirimachaya,Sensor 3
3,2017-08-05,0.6514166666666666,0.6707637552105707,0.046932178207762416,-0.4122350439022274,Chirimachaya,Sensor 3
3,2017-08-06,0.6489479166666667,0.6707637552105707,0.046932178207762416,-0.46483754594402665,Chirimachaya,Sensor 3
3,2017-08-07,0.6466666666666667,0.6707637552105707,0.046932178207762416,-0.5134449212484762,Chirimachaya,Sensor 3
3,2017-08-08,0.6464583333333334,0.6707637552105707,0.046932178207762416,-0.5178839509566457,Chirimachaya,Sensor 3
3,2017-08-09,0.650451388888889,0.6707637552105707,0.046932178207762416,-0.43280254821674075,Chirimachaya,Sensor 3
3,2017-08-10,0.652,0.6707637552105707,0.046932178207762416,-0.3998057607193536,Chirimachaya,Sensor 3
3,2017-08-11,0.6515173611111111,0.6707637552105707,0.046932178207762416,-0.41008951287661144,Chirimachaya,Sensor 3
3,2017-08-12,0.65015625,0.6707637552105707,0.046932178207762416,-0.43909117363664885,Chirimachaya,Sensor 3
3,2017-08-13,0.6479305555555556,0.6707637552105707,0.046932178207762416,-0.4865148076855859,Chirimachaya,Sensor 3
3,2017-08-14,0.6454062500000001,0.6707637552105707,0.046932178207762416,-0.5403010509828975,Chirimachaya,Sensor 3
3,2017-08-15,0.6418055555555555,0.6707637552105707,0.046932178207762416,-0.617022281105752,Chirimachaya,Sensor 3
3,2017-08-16,0.6381458333333333,0.6707637552105707,0.046932178207762416,-0.6950012363125851,Chirimachaya,Sensor 3
3,2017-08-17,0.6344548611111112,0.6707637552105707,0.046932178207762416,-0.773646045975642,Chirimachaya,Sensor 3
3,2017-08-18,0.6307881944444444,0.6707637552105707,0.046932178207762416,-0.8517729688394151,Chirimachaya,Sensor 3
3,2017-08-19,0.63465625,0.6707637552105707,0.046932178207762416,-0.7693549839244124,Chirimachaya,Sensor 3
3,2017-08-20,0.6444583333333334,0.6707637552105707,0.046932178207762416,-0.560498636155067,Chirimachaya,Sensor 3
3,2017-08-21,0.6468819444444445,0.6707637552105707,0.046932178207762416,-0.508857923883369,Chirimachaya,Sensor 3
3,2017-08-22,0.6480972222222223,0.6707637552105707,0.046932178207762416,-0.48296358391904887,Chirimachaya,Sensor 3
3,2017-08-23,0.64884375,0.6707637552105707,0.046932178207762416,-0.46705706079811143,Chirimachaya,Sensor 3
3,2017-08-24,0.6476666666666667,0.6707637552105707,0.046932178207762416,-0.4921375786492655,Chirimachaya,Sensor 3
3,2017-08-25,0.6468715277777778,0.6707637552105707,0.046932178207762416,-0.5090798753687777,Chirimachaya,Sensor 3
3,2017-08-26,0.6455381944444444,0.6707637552105707,0.046932178207762416,-0.5374896655010601,Chirimachaya,Sensor 3
3,2017-08-27,0.6445520833333334,0.6707637552105707,0.046932178207762416,-0.5585010727863909,Chirimachaya,Sensor 3
3,2017-08-28,0.6432222222222221,0.6707637552105707,0.046932178207762416,-0.5868368790902045,Chirimachaya,Sensor 3
3,2017-08-29,0.6442673611111112,0.6707637552105707,0.046932178207762416,-0.5645677467208879,Chirimachaya,Sensor 3
3,2017-08-30,0.645,0.6707637552105707,0.046932178207762416,-0.548957158913828,Chirimachaya,Sensor 3
3,2017-08-31,0.645,0.6707637552105707,0.046932178207762416,-0.548957158913828,Chirimachaya,Sensor 3
3,2017-09-01,0.645,0.6707637552105707,0.046932178207762416,-0.548957158913828,Chirimachaya,Sensor 3
3,2017-09-02,0.6443888888888889,0.6707637552105707,0.046932178207762416,-0.5619783127244569,Chirimachaya,Sensor 3
3,2017-09-03,0.6435729166666667,0.6707637552105707,0.046932178207762416,-0.579364512414784,Chirimachaya,Sensor 3
3,2017-09-04,0.6424722222222222,0.6707637552105707,0.046932178207762416,-0.6028173860396108,Chirimachaya,Sensor 3
3,2017-09-05,0.640375,0.6707637552105707,0.046932178207762416,-0.6475036184351768,Chirimachaya,Sensor 3
3,2017-09-06,0.6383819444444445,0.6707637552105707,0.046932178207762416,-0.6899703359766581,Chirimachaya,Sensor 3
3,2017-09-07,0.6375659722222222,0.6707637552105707,0.046932178207762416,-0.7073565356669878,Chirimachaya,Sensor 3
3,2017-09-08,0.6364166666666667,0.6707637552105707,0.046932178207762416,-0.7318451828903845,Chirimachaya,Sensor 3
3,2017-09-09,0.6342569444444445,0.6707637552105707,0.046932178207762416,-0.7778631241984029,Chirimachaya,Sensor 3
3,2017-09-10,0.6325520833333333,0.6707637552105707,0.046932178207762416,-0.8141891839769184,Chirimachaya,Sensor 3
3,2017-09-11,0.6315000000000001,0.6707637552105707,0.046932178207762416,-0.8366062840031703,Chirimachaya,Sensor 3
3,2017-09-12,0.6299236111111112,0.6707637552105707,0.046932178207762416,-0.8701949421283148,Chirimachaya,Sensor 3
3,2017-09-13,0.6285590277777778,0.6707637552105707,0.046932178207762416,-0.899270586716821,Chirimachaya,Sensor 3
3,2017-09-14,0.628,0.6707637552105707,0.046932178207762416,-0.9111819831004087,Chirimachaya,Sensor 3
3,2017-09-15,0.628,0.6707637552105707,0.046932178207762416,-0.9111819831004087,Chirimachaya,Sensor 3
3,2017-09-16,0.6273611111111111,0.6707637552105707,0.046932178207762416,-0.9247950075387925,Chirimachaya,Sensor 3
3,2017-09-17,0.6318784722222222,0.6707637552105707,0.046932178207762416,-0.8285420466999995,Chirimachaya,Sensor 3
3,2017-09-18,0.6589583333333333,0.6707637552105707,0.046932178207762416,-0.251542168466514,Chirimachaya,Sensor 3
3,2017-09-19,0.671,0.6707637552105707,0.046932178207762416,0.005033748665648385,Chirimachaya,Sensor 3
3,2017-09-20,0.664795138888889,0.6707637552105707,0.046932178207762416,-0.1271753528093138,Chirimachaya,Sensor 3
3,2017-09-21,0.6586284722222222,0.6707637552105707,0.046932178207762416,-0.25857063217111464,Chirimachaya,Sensor 3
3,2017-09-22,0.653795138888889,0.6707637552105707,0.046932178207762416,-0.36155612140063076,Chirimachaya,Sensor 3
3,2017-09-23,0.6499722222222223,0.6707637552105707,0.046932178207762416,-0.4430123165455298,Chirimachaya,Sensor 3
3,2017-09-24,0.6468958333333333,0.6707637552105707,0.046932178207762416,-0.5085619885694915,Chirimachaya,Sensor 3
3,2017-09-25,0.6445416666666667,0.6707637552105707,0.046932178207762416,-0.5587230242717997,Chirimachaya,Sensor 3
3,2017-09-26,0.643875,0.6707637552105707,0.046932178207762416,-0.5729279193379408,Chirimachaya,Sensor 3
3,2017-09-27,0.6425937500000001,0.6707637552105707,0.046932178207762416,-0.6002279520431772,Chirimachaya,Sensor 3
3,2017-09-28,0.6403298611111111,0.6707637552105707,0.046932178207762416,-0.6484654082052804,Chirimachaya,Sensor 3
3,2017-09-29,0.6374895833333334,0.6707637552105707,0.046932178207762416,-0.7089841798933152,Chirimachaya,Sensor 3
3,2017-09-30,0.6419375,0.6707637552105707,0.046932178207762416,-0.6142108956239097,Chirimachaya,Sensor 3
3,2017-10-01,0.6607673611111111,0.6707637552105707,0.046932178207762416,-0.2129965938339137,Chirimachaya,Sensor 3
3,2017-10-02,0.6590451388888889,0.6707637552105707,0.046932178207762416,-0.24969257275477552,Chirimachaya,Sensor 3
3,2017-10-03,0.67090625,0.6707637552105707,0.046932178207762416,0.0030361852969723146,Chirimachaya,Sensor 3
3,2017-10-04,0.7654965277777778,0.6707637552105707,0.046932178207762416,2.0185036404625807,Chirimachaya,Sensor 3
3,2017-10-05,0.7686736111111112,0.6707637552105707,0.046932178207762416,2.0861988435121583,Chirimachaya,Sensor 3
3,2017-10-06,0.76096875,0.6707637552105707,0.046932178207762416,1.9220287281383766,Chirimachaya,Sensor 3
3,2017-10-07,0.7150833333333333,0.6707637552105707,0.046932178207762416,0.9443324349141811,Chirimachaya,Sensor 3
3,2017-10-08,0.6899826388888889,0.6707637552105707,0.046932178207762416,0.4095033389083017,Chirimachaya,Sensor 3
3,2017-10-09,0.6818298611111112,0.6707637552105707,0.046932178207762416,0.23578930966196182,Chirimachaya,Sensor 3
3,2017-10-10,0.6684895833333333,0.6707637552105707,0.046932178207762416,-0.048456559317788084,Chirimachaya,Sensor 3
3,2017-10-11,0.6616458333333334,0.6707637552105707,0.046932178207762416,-0.19427868523113412,Chirimachaya,Sensor 3
3,2017-10-12,0.6572291666666668,0.6707637552105707,0.046932178207762416,-0.28838611504431344,Chirimachaya,Sensor 3
3,2017-10-13,0.654607638888889,0.6707637552105707,0.046932178207762416,-0.34424390553877227,Chirimachaya,Sensor 3
3,2017-10-14,0.6516006944444445,0.6707637552105707,0.046932178207762416,-0.4083139009933441,Chirimachaya,Sensor 3
3,2017-10-15,0.6489583333333333,0.6707637552105707,0.046932178207762416,-0.46461559445862033,Chirimachaya,Sensor 3
3,2017-10-16,0.6676666666666667,0.6707637552105707,0.046932178207762416,-0.06599072666505293,Chirimachaya,Sensor 3
3,2017-10-17,0.7442395833333334,0.6707637552105707,0.046932178207762416,1.5655746425724177,Chirimachaya,Sensor 3
3,2017-10-18,0.7594583333333333,0.6707637552105707,0.046932178207762416,1.889845762754153,Chirimachaya,Sensor 3
3,2017-10-19,0.7143229166666667,0.6707637552105707,0.046932178207762416,0.9281299764793661,Chirimachaya,Sensor 3
3,2017-10-20,0.682451388888889,0.6707637552105707,0.046932178207762416,0.24903241495799938,Chirimachaya,Sensor 3
3,2017-10-21,0.7134409722222222,0.6707637552105707,0.046932178207762416,0.9093380840481178,Chirimachaya,Sensor 3
3,2017-10-22,0.7597534722222222,0.6707637552105707,0.046932178207762416,1.8961343881740587,Chirimachaya,Sensor 3
3,2017-10-23,0.7619930555555556,0.6707637552105707,0.046932178207762416,1.9438539575368756,Chirimachaya,Sensor 3
3,2017-10-24,0.7632604166666668,0.6707637552105707,0.046932178207762416,1.970858054928237,Chirimachaya,Sensor 3
3,2017-10-25,0.7077465277777777,0.6707637552105707,0.046932178207762416,0.7880046053581661,Chirimachaya,Sensor 3
3,2017-10-26,0.6788125,0.6707637552105707,0.046932178207762416,0.17149736272198127,Chirimachaya,Sensor 3
3,2017-10-27,0.6673888888888889,0.6707637552105707,0.046932178207762416,-0.07190943294261234,Chirimachaya,Sensor 3
3,2017-10-28,0.6638159722222222,0.6707637552105707,0.046932178207762416,-0.14803879243770937,Chirimachaya,Sensor 3
3,2017-10-29,0.6675937500000001,0.6707637552105707,0.046932178207762416,-0.06754438706291156,Chirimachaya,Sensor 3
3,2017-10-30,0.6613819444444444,0.6707637552105707,0.046932178207762416,-0.19990145619481606,Chirimachaya,Sensor 3
3,2017-10-31,0.6552951388888889,0.6707637552105707,0.046932178207762416,-0.329595107501816,Chirimachaya,Sensor 3
3,2017-11-01,0.6491909722222222,0.6707637552105707,0.046932178207762416,-0.45965867795116455,Chirimachaya,Sensor 3
3,2017-11-02,0.6444652777777777,0.6707637552105707,0.046932178207762416,-0.5603506684981294,Chirimachaya,Sensor 3
3,2017-11-03,0.6409270833333334,0.6707637552105707,0.046932178207762416,-0.6357401897085291,Chirimachaya,Sensor 3
3,2017-11-04,0.6368055555555556,0.6707637552105707,0.046932178207762416,-0.7235589941018027,Chirimachaya,Sensor 3
3,2017-11-05,0.6316701388888889,0.6707637552105707,0.046932178207762416,-0.8329810764081668,Chirimachaya,Sensor 3
3,2017-11-06,0.62646875,0.6707637552105707,0.046932178207762416,-0.9438088514554496,Chirimachaya,Sensor 3
3,2017-11-07,0.6209652777777778,0.6707637552105707,0.046932178207762416,-1.061073219579578,Chirimachaya,Sensor 3
3,2017-11-08,0.6140104166666667,0.6707637552105707,0.046932178207762416,-1.2092628280039488,Chirimachaya,Sensor 3
3,2017-11-09,0.6065972222222222,0.6707637552105707,0.046932178207762416,-1.3672183017862911,Chirimachaya,Sensor 3
3,2017-11-10,0.5983680555555555,0.6707637552105707,0.046932178207762416,-1.5425599752589632,Chirimachaya,Sensor 3
3,2017-11-11,0.5911458333333334,0.6707637552105707,0.046932178207762416,-1.6964463384754822,Chirimachaya,Sensor 3
3,2017-11-12,0.5856423611111111,0.6707637552105707,0.046932178207762416,-1.8137107065996108,Chirimachaya,Sensor 3
3,2017-11-13,0.5809618055555554,0.6707637552105707,0.046932178207762416,-1.9134409073764742,Chirimachaya,Sensor 3
3,2017-11-14,0.5819340277777777,0.6707637552105707,0.046932178207762416,-1.8927254354050187,Chirimachaya,Sensor 3
3,2017-11-15,0.5848645833333334,0.6707637552105707,0.046932178207762416,-1.8302830841767743,Chirimachaya,Sensor 3
3,2017-11-16,0.5868333333333333,0.6707637552105707,0.046932178207762416,-1.7883342534345792,Chirimachaya,Sensor 3
3,2017-11-17,0.5863958333333332,0.6707637552105707,0.046932178207762416,-1.7976562158217357,Chirimachaya,Sensor 3
3,2017-11-18,0.5842951388888888,0.6707637552105707,0.046932178207762416,-1.8424164320457705,Chirimachaya,Sensor 3
3,2017-11-19,0.5809270833333333,0.6707637552105707,0.046932178207762416,-1.9141807456611668,Chirimachaya,Sensor 3
3,2017-11-20,0.5797604166666666,0.6707637552105707,0.046932178207762416,-1.9390393120269145,Chirimachaya,Sensor 3
3,2017-11-21,0.5852951388888888,0.6707637552105707,0.046932178207762416,-1.82110908944656,Chirimachaya,Sensor 3
3,2017-11-22,0.5847951388888889,0.6707637552105707,0.046932178207762416,-1.8317627607461642,Chirimachaya,Sensor 3
3,2017-11-23,0.5829930555555555,0.6707637552105707,0.046932178207762416,-1.8701603677218268,Chirimachaya,Sensor 3
3,2017-11-24,0.5831458333333334,0.6707637552105707,0.046932178207762416,-1.8669050792691673,Chirimachaya,Sensor 3
3,2017-11-25,0.5836215277777778,0.6707637552105707,0.046932178207762416,-1.8567692947688494,Chirimachaya,Sensor 3
3,2017-11-26,0.5829027777777777,0.6707637552105707,0.046932178207762416,-1.872083947262034,Chirimachaya,Sensor 3
3,2017-11-27,0.5815208333333333,0.6707637552105707,0.046932178207762416,-1.9015295109928867,Chirimachaya,Sensor 3
3,2017-11-28,0.5805833333333333,0.6707637552105707,0.046932178207762416,-1.921505144679645,Chirimachaya,Sensor 3
3,2017-11-29,0.58,0.6707637552105707,0.046932178207762416,-1.9339344278625188,Chirimachaya,Sensor 3
3,2017-11-30,0.5790659722222222,0.6707637552105707,0.046932178207762416,-1.9538360777208084,Chirimachaya,Sensor 3
3,2017-12-01,0.5767326388888888,0.6707637552105707,0.046932178207762416,-2.0035532104523015,Chirimachaya,Sensor 3
3,2017-12-02,0.5753055555555555,0.6707637552105707,0.046932178207762416,-2.0339605639532574,Chirimachaya,Sensor 3
3,2017-12-03,0.5770972222222222,0.6707637552105707,0.046932178207762416,-1.995784908463006,Chirimachaya,Sensor 3
3,2017-12-04,0.5789477351916376,0.6707637552105707,0.046932178207762416,-1.9563553946393892,Chirimachaya,Sensor 3
3,2017-12-05,0.5814965277777777,0.6707637552105707,0.046932178207762416,-1.9020473977921728,Chirimachaya,Sensor 3
3,2017-12-06,0.5875520833333333,0.6707637552105707,0.046932178207762416,-1.7730196009413968,Chirimachaya,Sensor 3
3,2017-12-07,0.5922881944444444,0.6707637552105707,0.046932178207762416,-1.6721056589090255,Chirimachaya,Sensor 3
3,2017-12-08,0.5929444444444445,0.6707637552105707,0.046932178207762416,-1.6581227153282907,Chirimachaya,Sensor 3
3,2017-12-09,0.6400104166666667,0.6707637552105707,0.046932178207762416,-0.6552719204244724,Chirimachaya,Sensor 3
3,2017-12-10,0.7509097222222222,0.6707637552105707,0.046932178207762416,1.707697577062289,Chirimachaya,Sensor 3
3,2017-12-11,0.7528541666666667,0.6707637552105707,0.046932178207762416,1.7491285210052003,Chirimachaya,Sensor 3
3,2017-12-12,0.7499548611111111,0.6707637552105707,0.046932178207762416,1.687352024233182,Chirimachaya,Sensor 3
3,2017-12-13,0.6961284722222222,0.6707637552105707,0.046932178207762416,0.5404547152992828,Chirimachaya,Sensor 3
3,2017-12-14,0.6736458333333334,0.6707637552105707,0.046932178207762416,0.06140942595939342,Chirimachaya,Sensor 3
3,2017-12-15,0.6599791666666667,0.6707637552105707,0.046932178207762416,-0.22979092289648598,Chirimachaya,Sensor 3
3,2017-12-16,0.6490451388888889,0.6707637552105707,0.046932178207762416,-0.4627659987468818,Chirimachaya,Sensor 3
3,2017-12-17,0.6410034722222222,0.6707637552105707,0.046932178207762416,-0.6341125454822018,Chirimachaya,Sensor 3
3,2017-12-18,0.6338819444444445,0.6707637552105707,0.046932178207762416,-0.7858533776731071,Chirimachaya,Sensor 3
3,2017-12-19,0.6277708333333334,0.6707637552105707,0.046932178207762416,-0.9160649157793933,Chirimachaya,Sensor 3
3,2017-12-20,0.6226180555555555,0.6707637552105707,0.046932178207762416,-1.025856917228106,Chirimachaya,Sensor 3
3,2017-12-21,0.6177465277777778,0.6707637552105707,0.046932178207762416,-1.1296562285707858,Chirimachaya,Sensor 3
3,2017-12-22,0.6134270833333333,0.6707637552105707,0.046932178207762416,-1.2216921111868226,Chirimachaya,Sensor 3
3,2017-12-23,0.60840625,0.6707637552105707,0.046932178207762416,-1.328672727153691,Chirimachaya,Sensor 3
3,2017-12-24,0.6023229166666666,0.6707637552105707,0.046932178207762416,-1.4582923946322244,Chirimachaya,Sensor 3
3,2017-12-25,0.5970173611111111,0.6707637552105707,0.046932178207762416,-1.5713396845335894,Chirimachaya,Sensor 3
3,2017-12-26,0.6128020833333333,0.6707637552105707,0.046932178207762416,-1.2350092003113289,Chirimachaya,Sensor 3
3,2017-12-27,0.7041805555555556,0.6707637552105707,0.046932178207762416,0.7120232135200113,Chirimachaya,Sensor 3
3,2017-12-28,0.7483784722222222,0.6707637552105707,0.046932178207762416,1.6537633661080375,Chirimachaya,Sensor 3
3,2017-12-29,0.7517048611111111,0.6707637552105707,0.046932178207762416,1.7246398737818012,Chirimachaya,Sensor 3
3,2017-12-30,0.7525798611111111,0.6707637552105707,0.046932178207762416,1.7432837985561096,Chirimachaya,Sensor 3
3,2017-12-31,0.7244618055555555,0.6707637552105707,0.046932178207762416,1.1441627556102498,Chirimachaya,Sensor 3
4,2018-01-01,0.7481909722222223,0.6701849219939117,0.05057375305128216,1.5424216223227873,Chirimachaya,Sensor 4
4,2018-01-02,0.7041458333333332,0.6701849219939117,0.05057375305128216,0.6715125789653177,Chirimachaya,Sensor 4
4,2018-01-03,0.67653125,0.6701849219939117,0.05057375305128216,0.12548659380001206,Chirimachaya,Sensor 4
4,2018-01-04,0.66896875,0.6701849219939117,0.05057375305128216,-0.024047493423682755,Chirimachaya,Sensor 4
4,2018-01-05,0.6806631944444445,0.6701849219939117,0.05057375305128216,0.2071879545879805,Chirimachaya,Sensor 4
4,2018-01-06,0.6690069444444444,0.6701849219939117,0.05057375305128216,-0.023292270760937366,Chirimachaya,Sensor 4
4,2018-01-07,0.65909375,0.6701849219939117,0.05057375305128216,-0.21930688004635726,Chirimachaya,Sensor 4
4,2018-01-08,0.6497916666666668,0.6701849219939117,0.05057375305128216,-0.40323792672784214,Chirimachaya,Sensor 4
4,2018-01-09,0.6409687500000001,0.6701849219939117,0.05057375305128216,-0.5776943618221524,Chirimachaya,Sensor 4
4,2018-01-10,0.6732291666666668,0.6701849219939117,0.05057375305128216,0.06019416177534257,Chirimachaya,Sensor 4
4,2018-01-11,0.7397743055555556,0.6701849219939117,0.05057375305128216,1.3759980100958644,Chirimachaya,Sensor 4
4,2018-01-12,0.6959930555555556,0.6701849219939117,0.05057375305128216,0.5103068687719156,Chirimachaya,Sensor 4
4,2018-01-13,0.6886041666666667,0.6701849219939117,0.05057375305128216,0.3642056118334301,Chirimachaya,Sensor 4
4,2018-01-14,0.7000798611111112,0.6701849219939117,0.05057375305128216,0.5911156936857316,Chirimachaya,Sensor 4
4,2018-01-15,0.7519131944444444,0.6701849219939117,0.05057375305128216,1.6160215036376604,Chirimachaya,Sensor 4
4,2018-01-16,0.7545069444444444,0.6701849219939117,0.05057375305128216,1.6673079880986807,Chirimachaya,Sensor 4
4,2018-01-17,0.7554340277777778,0.6701849219939117,0.05057375305128216,1.6856393018216962,Chirimachaya,Sensor 4
4,2018-01-18,0.7033159722222222,0.6701849219939117,0.05057375305128216,0.6551036502020209,Chirimachaya,Sensor 4
4,2018-01-19,0.6983298611111111,0.6701849219939117,0.05057375305128216,0.5565127644108243,Chirimachaya,Sensor 4
4,2018-01-20,0.7566354166666667,0.6701849219939117,0.05057375305128216,1.7093944873953406,Chirimachaya,Sensor 4
4,2018-01-21,0.7576736111111111,0.6701849219939117,0.05057375305128216,1.7299228125008885,Chirimachaya,Sensor 4
4,2018-01-22,0.7218784722222221,0.6701849219939117,0.05057375305128216,1.0221418642965416,Chirimachaya,Sensor 4
4,2018-01-23,0.6813923611111111,0.6701849219939117,0.05057375305128216,0.22160584178585743,Chirimachaya,Sensor 4
4,2018-01-24,0.670732638888889,0.6701849219939117,0.05057375305128216,0.010830062274040785,Chirimachaya,Sensor 4
4,2018-01-25,0.6692187500000001,0.6701849219939117,0.05057375305128216,-0.019104217812980467,Chirimachaya,Sensor 4
4,2018-01-26,0.6679027777777778,0.6701849219939117,0.05057375305128216,-0.045125071374863324,Chirimachaya,Sensor 4
4,2018-01-27,0.664232638888889,0.6701849219939117,0.05057375305128216,-0.11769510360417698,Chirimachaya,Sensor 4
4,2018-01-28,0.6614722222222222,0.6701849219939117,0.05057375305128216,-0.17227710513899736,Chirimachaya,Sensor 4
4,2018-01-29,0.6562256944444445,0.6701849219939117,0.05057375305128216,-0.27601723635800673,Chirimachaya,Sensor 4
4,2018-01-30,0.6508055555555556,0.6701849219939117,0.05057375305128216,-0.38319019786222325,Chirimachaya,Sensor 4
4,2018-01-31,0.6454236111111111,0.6701849219939117,0.05057375305128216,-0.48960793670369657,Chirimachaya,Sensor 4
4,2018-02-01,0.6402118055555556,0.6701849219939117,0.05057375305128216,-0.5926615018656641,Chirimachaya,Sensor 4
4,2018-02-02,0.6346701388888889,0.6701849219939117,0.05057375305128216,-0.7022374445695282,Chirimachaya,Sensor 4
4,2018-02-03,0.6298506944444444,0.6701849219939117,0.05057375305128216,-0.7975328132869247,Chirimachaya,Sensor 4
4,2018-02-04,0.6261493055555555,0.6701849219939117,0.05057375305128216,-0.8707207549675766,Chirimachaya,Sensor 4
4,2018-02-05,0.6211979166666667,0.6701849219939117,0.05057375305128216,-0.9686250747017291,Chirimachaya,Sensor 4
4,2018-02-06,0.6160555555555556,0.6701849219939117,0.05057375305128216,-1.0703055077496129,Chirimachaya,Sensor 4
4,2018-02-07,0.6124375,0.6701849219939117,0.05057375305128216,-1.141845690893365,Chirimachaya,Sensor 4
4,2018-02-08,0.6072951388888889,0.6701849219939117,0.05057375305128216,-1.2435261239412487,Chirimachaya,Sensor 4
4,2018-02-09,0.60303125,0.6701849219939117,0.05057375305128216,-1.3278364357459753,Chirimachaya,Sensor 4
4,2018-02-10,0.6034409722222223,0.6701849219939117,0.05057375305128216,-1.3197349562728822,Chirimachaya,Sensor 4
4,2018-02-11,0.60259375,0.6701849219939117,0.05057375305128216,-1.336487168064701,Chirimachaya,Sensor 4
4,2018-02-12,0.6001041666666667,0.6701849219939117,0.05057375305128216,-1.3857139543545958,Chirimachaya,Sensor 4
4,2018-02-13,0.5961805555555555,0.6701849219939117,0.05057375305128216,-1.4632959188003152,Chirimachaya,Sensor 4
4,2018-02-14,0.5920590277777777,0.6701849219939117,0.05057375305128216,-1.544791309771171,Chirimachaya,Sensor 4
4,2018-02-15,0.5895833333333332,0.6701849219939117,0.05057375305128216,-1.5937434696382493,Chirimachaya,Sensor 4
4,2018-02-16,0.5875138888888888,0.6701849219939117,0.05057375305128216,-1.6346628066379383,Chirimachaya,Sensor 4
4,2018-02-17,0.5856805555555555,0.6701849219939117,0.05057375305128216,-1.670913494449741,Chirimachaya,Sensor 4
4,2018-02-18,0.585,0.6701849219939117,0.05057375305128216,-1.6843701891677598,Chirimachaya,Sensor 4
4,2018-02-19,0.5854583333333333,0.6701849219939117,0.05057375305128216,-1.6753075172148086,Chirimachaya,Sensor 4
4,2018-02-20,0.6260798611111111,0.6701849219939117,0.05057375305128216,-0.8720938870816581,Chirimachaya,Sensor 4
4,2018-02-21,0.6666319444444445,0.6701849219939117,0.05057375305128216,-0.07025338906259153,Chirimachaya,Sensor 4
4,2018-02-22,0.65834375,0.6701849219939117,0.05057375305128216,-0.23413670687845972,Chirimachaya,Sensor 4
4,2018-02-23,0.6577916666666668,0.6701849219939117,0.05057375305128216,-0.24505310718542161,Chirimachaya,Sensor 4
4,2018-02-24,0.6526284722222222,0.6701849219939117,0.05057375305128216,-0.34714547986753314,Chirimachaya,Sensor 4
4,2018-02-25,0.6458125,0.6701849219939117,0.05057375305128216,-0.481918396864829,Chirimachaya,Sensor 4
4,2018-02-26,0.6396041666666668,0.6701849219939117,0.05057375305128216,-0.6046764078638934,Chirimachaya,Sensor 4
4,2018-02-27,0.6330277777777779,0.6701849219939117,0.05057375305128216,-0.734712019067602,Chirimachaya,Sensor 4
4,2018-02-28,0.626829861111111,0.6701849219939117,0.05057375305128216,-0.8572640602495579,Chirimachaya,Sensor 4
4,2018-03-01,0.6222743055555555,0.6701849219939117,0.05057375305128216,-0.9473415269334358,Chirimachaya,Sensor 4
4,2018-03-02,0.6200138888888889,0.6701849219939117,0.05057375305128216,-0.9920369772468538,Chirimachaya,Sensor 4
4,2018-03-03,0.62,0.6701849219939117,0.05057375305128216,-0.9923116036696701,Chirimachaya,Sensor 4
4,2018-03-04,0.6200277777777778,0.6701849219939117,0.05057375305128216,-0.9917623508240353,Chirimachaya,Sensor 4
4,2018-03-05,0.6202847222222222,0.6701849219939117,0.05057375305128216,-0.9866817620019281,Chirimachaya,Sensor 4
4,2018-03-06,0.6204826388888889,0.6701849219939117,0.05057375305128216,-0.9827683354767898,Chirimachaya,Sensor 4
4,2018-03-07,0.6214409722222222,0.6701849219939117,0.05057375305128216,-0.9638191123024382,Chirimachaya,Sensor 4
4,2018-03-08,0.626826388888889,0.6701849219939117,0.05057375305128216,-0.8573327168552592,Chirimachaya,Sensor 4
4,2018-03-09,0.6557430555555556,0.6701849219939117,0.05057375305128216,-0.2855605045508871,Chirimachaya,Sensor 4
4,2018-03-10,0.6627118055555556,0.6701849219939117,0.05057375305128216,-0.1477666969026053,Chirimachaya,Sensor 4
4,2018-03-11,0.6575763888888889,0.6701849219939117,0.05057375305128216,-0.24930981673908204,Chirimachaya,Sensor 4
4,2018-03-12,0.6531875,0.6701849219939117,0.05057375305128216,-0.3360917663491598,Chirimachaya,Sensor 4
4,2018-03-13,0.6491736111111112,0.6701849219939117,0.05057375305128216,-0.4154588025431864,Chirimachaya,Sensor 4
4,2018-03-14,0.6448159722222222,0.6701849219939117,0.05057375305128216,-0.501622842701928,Chirimachaya,Sensor 4
4,2018-03-15,0.6401041666666667,0.6701849219939117,0.05057375305128216,-0.5947898566424932,Chirimachaya,Sensor 4
4,2018-03-16,0.6357048611111111,0.6701849219939117,0.05057375305128216,-0.6817777760696838,Chirimachaya,Sensor 4
4,2018-03-17,0.6326597222222222,0.6701849219939117,0.05057375305128216,-0.7419896192722462,Chirimachaya,Sensor 4
4,2018-03-18,0.6297638888888889,0.6701849219939117,0.05057375305128216,-0.7992492284295282,Chirimachaya,Sensor 4
4,2018-03-19,0.6358611111111112,0.6701849219939117,0.05057375305128216,-0.6786882288129943,Chirimachaya,Sensor 4
4,2018-03-20,0.6772013888888889,0.6701849219939117,0.05057375305128216,0.13873731870091802,Chirimachaya,Sensor 4
4,2018-03-21,0.6749618055555556,0.6701849219939117,0.05057375305128216,0.09445380802172558,Chirimachaya,Sensor 4
4,2018-03-22,0.6681805555555556,0.6701849219939117,0.05057375305128216,-0.03963254291853062,Chirimachaya,Sensor 4
4,2018-03-23,0.6739479166666666,0.6701849219939117,0.05057375305128216,0.07440607915610452,Chirimachaya,Sensor 4
4,2018-03-24,0.6988923611111111,0.6701849219939117,0.05057375305128216,0.5676351345349012,Chirimachaya,Sensor 4
4,2018-03-25,0.68328125,0.6701849219939117,0.05057375305128216,0.2589550352889277,Chirimachaya,Sensor 4
4,2018-03-26,0.7003402777777777,0.6701849219939117,0.05057375305128216,0.5962649391135423,Chirimachaya,Sensor 4
4,2018-03-27,0.6970763888888889,0.6701849219939117,0.05057375305128216,0.5317277297516182,Chirimachaya,Sensor 4
4,2018-03-28,0.672326388888889,0.6701849219939117,0.05057375305128216,0.042343444292256345,Chirimachaya,Sensor 4
4,2018-03-29,0.6616909722222223,0.6701849219939117,0.05057375305128216,-0.16795173897963342,Chirimachaya,Sensor 4
4,2018-03-30,0.6705347222222222,0.6701849219939117,0.05057375305128216,0.006916635748900193,Chirimachaya,Sensor 4
4,2018-03-31,0.7500416666666667,0.6701849219939117,0.05057375305128216,1.5790155931631122,Chirimachaya,Sensor 4
4,2018-04-01,0.7105590277777778,0.6701849219939117,0.05057375305128216,0.7983213297009318,Chirimachaya,Sensor 4
4,2018-04-02,0.7061493055555556,0.6701849219939117,0.05057375305128216,0.7111274404566285,Chirimachaya,Sensor 4
4,2018-04-03,0.7533263888888889,0.6701849219939117,0.05057375305128216,1.6439647421592618,Chirimachaya,Sensor 4
4,2018-04-04,0.7566006944444444,0.6701849219939117,0.05057375305128216,1.7087079213382987,Chirimachaya,Sensor 4
4,2018-04-05,0.7579444444444445,0.6701849219939117,0.05057375305128216,1.7352780277458164,Chirimachaya,Sensor 4
4,2018-04-06,0.7147256944444443,0.6701849219939117,0.05057375305128216,0.88070925654594,Chirimachaya,Sensor 4
4,2018-04-07,0.6879409722222223,0.6701849219939117,0.05057375305128216,0.3510922001439334,Chirimachaya,Sensor 4
4,2018-04-08,0.68090625,0.6701849219939117,0.05057375305128216,0.21199391698727355,Chirimachaya,Sensor 4
4,2018-04-09,0.6738923611111112,0.6701849219939117,0.05057375305128216,0.07330757346483929,Chirimachaya,Sensor 4
4,2018-04-10,0.6655972222222223,0.6701849219939117,0.05057375305128216,-0.09071305756243596,Chirimachaya,Sensor 4
4,2018-04-11,0.6588680555555556,0.6701849219939117,0.05057375305128216,-0.22376955941712826,Chirimachaya,Sensor 4
4,2018-04-12,0.6532256944444446,0.6701849219939117,0.05057375305128216,-0.33533654368641225,Chirimachaya,Sensor 4
4,2018-04-13,0.6477847222222223,0.6701849219939117,0.05057375305128216,-0.4429214448248565,Chirimachaya,Sensor 4
4,2018-04-14,0.6432430555555555,0.6701849219939117,0.05057375305128216,-0.5327242850859203,Chirimachaya,Sensor 4
4,2018-04-15,0.6397569444444444,0.6701849219939117,0.05057375305128216,-0.6016555172129118,Chirimachaya,Sensor 4
4,2018-04-16,0.71665625,0.6701849219939117,0.05057375305128216,0.9188823293174636,Chirimachaya,Sensor 4
4,2018-04-17,0.7382326388888889,0.6701849219939117,0.05057375305128216,1.3455144771632106,Chirimachaya,Sensor 4
4,2018-04-18,0.6893402777777777,0.6701849219939117,0.05057375305128216,0.3787608122427141,Chirimachaya,Sensor 4
4,2018-04-19,0.6719965277777779,0.6701849219939117,0.05057375305128216,0.035821066750359745,Chirimachaya,Sensor 4
4,2018-04-20,0.6683993055555556,0.6701849219939117,0.05057375305128216,-0.03530717675916666,Chirimachaya,Sensor 4
4,2018-04-21,0.66434375,0.6701849219939117,0.05057375305128216,-0.11549809222164434,Chirimachaya,Sensor 4
4,2018-04-22,0.6657534722222223,0.6701849219939117,0.05057375305128216,-0.08762351030574868,Chirimachaya,Sensor 4
4,2018-04-23,0.6649548611111111,0.6701849219939117,0.05057375305128216,-0.10341452961770932,Chirimachaya,Sensor 4
4,2018-04-24,0.6650729166666667,0.6701849219939117,0.05057375305128216,-0.10108020502376742,Chirimachaya,Sensor 4
4,2018-04-25,0.6692430555555556,0.6701849219939117,0.05057375305128216,-0.01862362157305138,Chirimachaya,Sensor 4
4,2018-04-26,0.7545694444444444,0.6701849219939117,0.05057375305128216,1.6685438070013552,Chirimachaya,Sensor 4
4,2018-04-27,0.7375937499999999,0.6701849219939117,0.05057375305128216,1.3328816617136408,Chirimachaya,Sensor 4
4,2018-04-28,0.7053506944444444,0.6701849219939117,0.05057375305128216,0.6953364211446679,Chirimachaya,Sensor 4
4,2018-04-29,0.7106527777777778,0.6701849219939117,0.05057375305128216,0.8001750580549447,Chirimachaya,Sensor 4
4,2018-04-30,0.7575937500000001,0.6701849219939117,0.05057375305128216,1.7283437105696942,Chirimachaya,Sensor 4
4,2018-05-01,0.7005555555555555,0.6701849219939117,0.05057375305128216,0.6005216486672005,Chirimachaya,Sensor 4
4,2018-05-02,0.7050104166666666,0.6701849219939117,0.05057375305128216,0.6886080737856585,Chirimachaya,Sensor 4
4,2018-05-03,0.6784652777777779,0.6701849219939117,0.05057375305128216,0.16372832317723918,Chirimachaya,Sensor 4
4,2018-05-04,0.68790625,0.6701849219939117,0.05057375305128216,0.3504056340868915,Chirimachaya,Sensor 4
4,2018-05-05,0.7554652777777778,0.6701849219939117,0.05057375305128216,1.6862572112730345,Chirimachaya,Sensor 4
4,2018-05-06,0.7596527777777777,0.6701849219939117,0.05057375305128216,1.769057077752268,Chirimachaya,Sensor 4
4,2018-05-07,0.7508298611111112,0.6701849219939117,0.05057375305128216,1.59460064265796,Chirimachaya,Sensor 4
4,2018-05-08,0.7264444444444444,0.6701849219939117,0.05057375305128216,1.1124253007975344,Chirimachaya,Sensor 4
4,2018-05-09,0.7018020833333334,0.6701849219939117,0.05057375305128216,0.6251693701150018,Chirimachaya,Sensor 4
4,2018-05-10,0.7510486111111111,0.6701849219939117,0.05057375305128216,1.5989260088173218,Chirimachaya,Sensor 4
4,2018-05-11,0.6876770833333334,0.6701849219939117,0.05057375305128216,0.345874298110417,Chirimachaya,Sensor 4
4,2018-05-12,0.6735520833333334,0.6701849219939117,0.05057375305128216,0.06657922610582992,Chirimachaya,Sensor 4
4,2018-05-13,0.6863506944444445,0.6701849219939117,0.05057375305128216,0.31964747473142135,Chirimachaya,Sensor 4
4,2018-05-14,0.75059375,0.6701849219939117,0.05057375305128216,1.5899319934700742,Chirimachaya,Sensor 4
4,2018-05-15,0.698142361111111,0.6701849219939117,0.05057375305128216,0.5528053077027988,Chirimachaya,Sensor 4
4,2018-05-16,0.756736111111111,0.6701849219939117,0.05057375305128216,1.7113855289607605,Chirimachaya,Sensor 4
4,2018-05-17,0.7391597222222221,0.6701849219939117,0.05057375305128216,1.3638457908862236,Chirimachaya,Sensor 4
4,2018-05-18,0.6880486111111112,0.6701849219939117,0.05057375305128216,0.3532205549207625,Chirimachaya,Sensor 4
4,2018-05-19,0.7568402777777777,0.6701849219939117,0.05057375305128216,1.713445227131886,Chirimachaya,Sensor 4
4,2018-05-20,0.7562083333333334,0.6701849219939117,0.05057375305128216,1.7009497248937278,Chirimachaya,Sensor 4
4,2018-05-21,0.7380138888888889,0.6701849219939117,0.05057375305128216,1.3411891110038467,Chirimachaya,Sensor 4
4,2018-05-22,0.6940520833333333,0.6701849219939117,0.05057375305128216,0.4719278261832814,Chirimachaya,Sensor 4
4,2018-05-23,0.7219861111111112,0.6701849219939117,0.05057375305128216,1.0242702190733752,Chirimachaya,Sensor 4
4,2018-05-24,0.7640277777777778,0.6701849219939117,0.05057375305128216,1.8555644009395296,Chirimachaya,Sensor 4
4,2018-05-25,0.765875,0.6701849219939117,0.05057375305128216,1.892089715174151,Chirimachaya,Sensor 4
4,2018-05-26,0.7666909722222223,0.6701849219939117,0.05057375305128216,1.9082240175146337,Chirimachaya,Sensor 4
4,2018-05-27,0.766625,0.6701849219939117,0.05057375305128216,1.9069195420062535,Chirimachaya,Sensor 4
4,2018-05-28,0.7029513888888889,0.6701849219939117,0.05057375305128216,0.6478947066030825,Chirimachaya,Sensor 4
4,2018-05-29,0.7486805555555556,0.6701849219939117,0.05057375305128216,1.5521022037270746,Chirimachaya,Sensor 4
4,2018-05-30,0.7174375,0.6701849219939117,0.05057375305128216,0.9343300656009021,Chirimachaya,Sensor 4
4,2018-05-31,0.6912465277777778,0.6701849219939117,0.05057375305128216,0.41645328877430854,Chirimachaya,Sensor 4
4,2018-06-01,0.6789027777777777,0.6701849219939117,0.05057375305128216,0.1723790554959627,Chirimachaya,Sensor 4
4,2018-06-02,0.6707743055555556,0.6701849219939117,0.05057375305128216,0.011653941542489702,Chirimachaya,Sensor 4
4,2018-06-03,0.6643958333333333,0.6701849219939117,0.05057375305128216,-0.11446824313608264,Chirimachaya,Sensor 4
4,2018-06-04,0.6627395833333334,0.6701849219939117,0.05057375305128216,-0.14721744405697268,Chirimachaya,Sensor 4
4,2018-06-05,0.6717152777777778,0.6701849219939117,0.05057375305128216,0.03025988168832132,Chirimachaya,Sensor 4
4,2018-06-06,0.6697847222222223,0.6701849219939117,0.05057375305128216,-0.007913191083200084,Chirimachaya,Sensor 4
4,2018-06-07,0.6650243055555556,0.6701849219939117,0.05057375305128216,-0.10204139750362559,Chirimachaya,Sensor 4
4,2018-06-08,0.6607500000000001,0.6701849219939117,0.05057375305128216,-0.18655767912546503,Chirimachaya,Sensor 4
4,2018-06-09,0.6570798611111112,0.6701849219939117,0.05057375305128216,-0.2591277113547787,Chirimachaya,Sensor 4
4,2018-06-10,0.6546736111111112,0.6701849219939117,0.05057375305128216,-0.3067067391077712,Chirimachaya,Sensor 4
4,2018-06-11,0.6537777777777778,0.6701849219939117,0.05057375305128216,-0.32442014337945035,Chirimachaya,Sensor 4
4,2018-06-12,0.6535798611111111,0.6701849219939117,0.05057375305128216,-0.3283335699045888,Chirimachaya,Sensor 4
4,2018-06-13,0.6515104166666668,0.6701849219939117,0.05057375305128216,-0.3692529069042754,Chirimachaya,Sensor 4
4,2018-06-14,0.6494340277777778,0.6701849219939117,0.05057375305128216,-0.41030955711537354,Chirimachaya,Sensor 4
4,2018-06-15,0.6508819444444445,0.6701849219939117,0.05057375305128216,-0.3816797525367325,Chirimachaya,Sensor 4
4,2018-06-16,0.6671284722222223,0.6701849219939117,0.05057375305128216,-0.060435494446894875,Chirimachaya,Sensor 4
4,2018-06-17,0.7556319444444445,0.6701849219939117,0.05057375305128216,1.6895527283468346,Chirimachaya,Sensor 4
4,2018-06-18,0.7626111111111111,0.6701849219939117,0.05057375305128216,1.8275525058122268,Chirimachaya,Sensor 4
4,2018-06-19,0.7588472222222222,0.6701849219939117,0.05057375305128216,1.7531287452289004,Chirimachaya,Sensor 4
4,2018-06-20,0.7006180555555556,0.6701849219939117,0.05057375305128216,0.6017574675698771,Chirimachaya,Sensor 4
4,2018-06-21,0.6776840277777778,0.6701849219939117,0.05057375305128216,0.14828058689379836,Chirimachaya,Sensor 4
4,2018-06-22,0.6695069444444445,0.6701849219939117,0.05057375305128216,-0.013405719539534984,Chirimachaya,Sensor 4
4,2018-06-23,0.6640138888888889,0.6701849219939117,0.05057375305128216,-0.12202046976354093,Chirimachaya,Sensor 4
4,2018-06-24,0.6603090277777778,0.6701849219939117,0.05057375305128216,-0.19527706804989647,Chirimachaya,Sensor 4
4,2018-06-25,0.6602847222222222,0.6701849219939117,0.05057375305128216,-0.19575766428982555,Chirimachaya,Sensor 4
4,2018-06-26,0.6845,0.6701849219939117,0.05057375305128216,0.28305350389109424,Chirimachaya,Sensor 4
4,2018-06-27,0.6911875000000001,0.6701849219939117,0.05057375305128216,0.4152861264773376,Chirimachaya,Sensor 4
4,2018-06-28,0.6742361111111111,0.6701849219939117,0.05057375305128216,0.0801045774295522,Chirimachaya,Sensor 4
4,2018-06-29,0.6763923611111111,0.6701849219939117,0.05057375305128216,0.1227403295718446,Chirimachaya,Sensor 4
4,2018-06-30,0.7229861111111111,0.6701849219939117,0.05057375305128216,1.0440433215161755,Chirimachaya,Sensor 4
4,2018-07-01,0.7496493055555555,0.6701849219939117,0.05057375305128216,1.571257396718539,Chirimachaya,Sensor 4
4,2018-07-02,0.6849548611111111,0.6701849219939117,0.05057375305128216,0.292047519238342,Chirimachaya,Sensor 4
4,2018-07-03,0.6695729166666667,0.6701849219939117,0.05057375305128216,-0.012101244031154786,Chirimachaya,Sensor 4
4,2018-07-04,0.6637743055555556,0.6701849219939117,0.05057375305128216,-0.12675777555712825,Chirimachaya,Sensor 4
4,2018-07-05,0.6608784722222222,0.6701849219939117,0.05057375305128216,-0.18401738471441256,Chirimachaya,Sensor 4
4,2018-07-06,0.6586875,0.6701849219939117,0.05057375305128216,-0.22733970291374683,Chirimachaya,Sensor 4
4,2018-07-07,0.65590625,0.6701849219939117,0.05057375305128216,-0.28233364408279055,Chirimachaya,Sensor 4
4,2018-07-08,0.6536840277777778,0.6701849219939117,0.05057375305128216,-0.32627387173346317,Chirimachaya,Sensor 4
4,2018-07-09,0.6527604166666667,0.6701849219939117,0.05057375305128216,-0.34453652885077274,Chirimachaya,Sensor 4
4,2018-07-10,0.6553194444444445,0.6701849219939117,0.05057375305128216,-0.29393661044679653,Chirimachaya,Sensor 4
4,2018-07-11,0.6561597222222223,0.6701849219939117,0.05057375305128216,-0.27732171186638477,Chirimachaya,Sensor 4
4,2018-07-12,0.6580347222222223,0.6701849219939117,0.05057375305128216,-0.24024714478613077,Chirimachaya,Sensor 4
4,2018-07-13,0.660357638888889,0.6701849219939117,0.05057375305128216,-0.1943158755700361,Chirimachaya,Sensor 4
4,2018-07-14,0.6627604166666666,0.6701849219939117,0.05057375305128216,-0.1468055044227493,Chirimachaya,Sensor 4
4,2018-07-15,0.72715625,0.6701849219939117,0.05057375305128216,1.1264999049668893,Chirimachaya,Sensor 4
4,2018-07-16,0.6952256944444444,0.6701849219939117,0.05057375305128216,0.4951337589112911,Chirimachaya,Sensor 4
4,2018-07-17,0.6801666666666667,0.6701849219939117,0.05057375305128216,0.19737005997228385,Chirimachaya,Sensor 4
4,2018-07-18,0.7251666666666666,0.6701849219939117,0.05057375305128216,1.087159669898397,Chirimachaya,Sensor 4
4,2018-07-19,0.6944097222222222,0.6701849219939117,0.05057375305128216,0.4789994565708106,Chirimachaya,Sensor 4
4,2018-07-20,0.6831597222222222,0.6701849219939117,0.05057375305128216,0.2565520540892823,Chirimachaya,Sensor 4
4,2018-07-21,0.6771284722222223,0.6701849219939117,0.05057375305128216,0.13729552998113076,Chirimachaya,Sensor 4
4,2018-07-22,0.7077222222222223,0.6701849219939117,0.05057375305128216,0.7422288828406207,Chirimachaya,Sensor 4
4,2018-07-23,0.7581006944444444,0.6701849219939117,0.05057375305128216,1.7383675750025014,Chirimachaya,Sensor 4
4,2018-07-24,0.6893472222222222,0.6701849219939117,0.05057375305128216,0.3788981254541233,Chirimachaya,Sensor 4
4,2018-07-25,0.6733125000000001,0.6701849219939117,0.05057375305128216,0.0618419203122426,Chirimachaya,Sensor 4
4,2018-07-26,0.6752222222222222,0.6701849219939117,0.05057375305128216,0.09960305344953625,Chirimachaya,Sensor 4
4,2018-07-27,0.6745416666666667,0.6701849219939117,0.05057375305128216,0.0861463587315197,Chirimachaya,Sensor 4
4,2018-07-28,0.6691111111111111,0.6701849219939117,0.05057375305128216,-0.021232572589811777,Chirimachaya,Sensor 4
4,2018-07-29,0.6637326388888889,0.6701849219939117,0.05057375305128216,-0.12758165482557937,Chirimachaya,Sensor 4
4,2018-07-30,0.7198888888888889,0.6701849219939117,0.05057375305128216,0.9828016292280515,Chirimachaya,Sensor 4
4,2018-07-31,0.71059375,0.6701849219939117,0.05057375305128216,0.7990078957579737,Chirimachaya,Sensor 4
4,2018-08-01,0.7047500000000001,0.6701849219939117,0.05057375305128216,0.6834588283578478,Chirimachaya,Sensor 4
4,2018-08-02,0.7555659722222222,0.6701849219939117,0.05057375305128216,1.6882482528384544,Chirimachaya,Sensor 4
4,2018-08-03,0.6972638888888889,0.6701849219939117,0.05057375305128216,0.5354351864596438,Chirimachaya,Sensor 4
4,2018-08-04,0.6710486111111111,0.6701849219939117,0.05057375305128216,0.01707781339311888,Chirimachaya,Sensor 4
4,2018-08-05,0.6635173611111111,0.6701849219939117,0.05057375305128216,-0.1318383643792376,Chirimachaya,Sensor 4
4,2018-08-06,0.6584861111111111,0.6701849219939117,0.05057375305128216,-0.23132178604458875,Chirimachaya,Sensor 4
4,2018-08-07,0.6542222222222223,0.6701849219939117,0.05057375305128216,-0.3156320978493154,Chirimachaya,Sensor 4
4,2018-08-08,0.6523958333333334,0.6701849219939117,0.05057375305128216,-0.3517454724497112,Chirimachaya,Sensor 4
4,2018-08-09,0.7048263888888889,0.6701849219939117,0.05057375305128216,0.6849692736833386,Chirimachaya,Sensor 4
4,2018-08-10,0.7593263888888889,0.6701849219939117,0.05057375305128216,1.7626033568160773,Chirimachaya,Sensor 4
4,2018-08-11,0.7571666666666667,0.6701849219939117,0.05057375305128216,1.719898948068079,Chirimachaya,Sensor 4
4,2018-08-12,0.6996527777777778,0.6701849219939117,0.05057375305128216,0.5826709311841165,Chirimachaya,Sensor 4
4,2018-08-13,0.6773229166666668,0.6701849219939117,0.05057375305128216,0.14114029990056565,Chirimachaya,Sensor 4
4,2018-08-14,0.6697916666666667,0.6701849219939117,0.05057375305128216,-0.007775877871793029,Chirimachaya,Sensor 4
4,2018-08-15,0.6644340277777778,0.6701849219939117,0.05057375305128216,-0.11371302047333506,Chirimachaya,Sensor 4
4,2018-08-16,0.6738958333333334,0.6701849219939117,0.05057375305128216,0.07337623007054282,Chirimachaya,Sensor 4
4,2018-08-17,0.7494409722222222,0.6701849219939117,0.05057375305128216,1.5671380003762878,Chirimachaya,Sensor 4
4,2018-08-18,0.7393229166666667,0.6701849219939117,0.05057375305128216,1.3670726513543225,Chirimachaya,Sensor 4
4,2018-08-19,0.6851666666666667,0.6701849219939117,0.05057375305128216,0.29623557218629665,Chirimachaya,Sensor 4
4,2018-08-20,0.6724826388888889,0.6701849219939117,0.05057375305128216,0.045432991548943626,Chirimachaya,Sensor 4
4,2018-08-21,0.6715972222222223,0.6701849219939117,0.05057375305128216,0.027925557094379425,Chirimachaya,Sensor 4
4,2018-08-22,0.675138888888889,0.6701849219939117,0.05057375305128216,0.09795529491263842,Chirimachaya,Sensor 4
4,2018-08-23,0.6742951388888889,0.6701849219939117,0.05057375305128216,0.08127173972652314,Chirimachaya,Sensor 4
4,2018-08-24,0.6694409722222222,0.6701849219939117,0.05057375305128216,-0.014710195047915181,Chirimachaya,Sensor 4
4,2018-08-25,0.6643125,0.6701849219939117,0.05057375305128216,-0.11611600167298268,Chirimachaya,Sensor 4
4,2018-08-26,0.6647326388888889,0.6701849219939117,0.05057375305128216,-0.1078085523827768,Chirimachaya,Sensor 4
4,2018-08-27,0.6774687500000001,0.6701849219939117,0.05057375305128216,0.14402387734014013,Chirimachaya,Sensor 4
4,2018-08-28,0.6946423611111111,0.6701849219939117,0.05057375305128216,0.48359944915299086,Chirimachaya,Sensor 4
4,2018-08-29,0.6759930555555556,0.6701849219939117,0.05057375305128216,0.11484481991586429,Chirimachaya,Sensor 4
4,2018-08-30,0.6688368055555556,0.6701849219939117,0.05057375305128216,-0.026656444440440952,Chirimachaya,Sensor 4
4,2018-08-31,0.6642430555555556,0.6701849219939117,0.05057375305128216,-0.1174891337870642,Chirimachaya,Sensor 4
4,2018-09-01,0.6605902777777778,0.6701849219939117,0.05057375305128216,-0.18971588298785802,Chirimachaya,Sensor 4
4,2018-09-02,0.6609895833333334,0.6701849219939117,0.05057375305128216,-0.1818203733318777,Chirimachaya,Sensor 4
4,2018-09-03,0.6706180555555555,0.6701849219939117,0.05057375305128216,0.008564394285800223,Chirimachaya,Sensor 4
4,2018-09-04,0.7621458333333333,0.6701849219939117,0.05057375305128216,1.8183525206478663,Chirimachaya,Sensor 4
4,2018-09-05,0.7647256944444445,0.6701849219939117,0.05057375305128216,1.8693643786860703,Chirimachaya,Sensor 4
4,2018-09-06,0.7305694444444444,0.6701849219939117,0.05057375305128216,1.1939893483740938,Chirimachaya,Sensor 4
4,2018-09-07,0.6802256944444445,0.6701849219939117,0.05057375305128216,0.1985372222692548,Chirimachaya,Sensor 4
4,2018-09-08,0.6699791666666667,0.6701849219939117,0.05057375305128216,-0.004068421163767411,Chirimachaya,Sensor 4
4,2018-09-09,0.6642881944444444,0.6701849219939117,0.05057375305128216,-0.11659659791291176,Chirimachaya,Sensor 4
4,2018-09-10,0.6602222222222223,0.6701849219939117,0.05057375305128216,-0.1969934831925,Chirimachaya,Sensor 4
4,2018-09-11,0.6570694444444445,0.6701849219939117,0.05057375305128216,-0.2593336811718915,Chirimachaya,Sensor 4
4,2018-09-12,0.653625,0.6701849219939117,0.05057375305128216,-0.3274410340304341,Chirimachaya,Sensor 4
4,2018-09-13,0.6500659722222222,0.6701849219939117,0.05057375305128216,-0.39781405487721516,Chirimachaya,Sensor 4
4,2018-09-14,0.6467430555555556,0.6701849219939117,0.05057375305128216,-0.4635184265361102,Chirimachaya,Sensor 4
4,2018-09-15,0.6439270833333333,0.6701849219939117,0.05057375305128216,-0.519198933762198,Chirimachaya,Sensor 4
4,2018-09-16,0.6500520833333333,0.6701849219939117,0.05057375305128216,-0.39808868130003144,Chirimachaya,Sensor 4
4,2018-09-17,0.6654756944444444,0.6701849219939117,0.05057375305128216,-0.09311603876208357,Chirimachaya,Sensor 4
4,2018-09-18,0.6641770833333334,0.6701849219939117,0.05057375305128216,-0.1187936092954444,Chirimachaya,Sensor 4
4,2018-09-19,0.6605243055555556,0.6701849219939117,0.05057375305128216,-0.19102035849623603,Chirimachaya,Sensor 4
4,2018-09-20,0.6570347222222223,0.6701849219939117,0.05057375305128216,-0.26002024722893335,Chirimachaya,Sensor 4
4,2018-09-21,0.65328125,0.6701849219939117,0.05057375305128216,-0.334238037995147,Chirimachaya,Sensor 4
4,2018-09-22,0.6529375000000001,0.6701849219939117,0.05057375305128216,-0.3410350419598599,Chirimachaya,Sensor 4
4,2018-09-23,0.6562534722222222,0.6701849219939117,0.05057375305128216,-0.2754679835123741,Chirimachaya,Sensor 4
4,2018-09-24,0.6560868055555555,0.6701849219939117,0.05057375305128216,-0.2787635005861742,Chirimachaya,Sensor 4
4,2018-09-25,0.6536805555555556,0.6701849219939117,0.05057375305128216,-0.3263425283391667,Chirimachaya,Sensor 4
4,2018-09-26,0.6507743055555556,0.6701849219939117,0.05057375305128216,-0.3838081073135616,Chirimachaya,Sensor 4
4,2018-09-27,0.6476354166666667,0.6701849219939117,0.05057375305128216,-0.44587367887013674,Chirimachaya,Sensor 4
4,2018-09-28,0.6446458333333334,0.6701849219939117,0.05057375305128216,-0.5049870163814316,Chirimachaya,Sensor 4
4,2018-09-29,0.64053125,0.6701849219939117,0.05057375305128216,-0.5863450941408803,Chirimachaya,Sensor 4
4,2018-09-30,0.6354791666666667,0.6701849219939117,0.05057375305128216,-0.6862404554404548,Chirimachaya,Sensor 4
4,2018-10-01,0.6305243055555556,0.6701849219939117,0.05057375305128216,-0.784213431780313,Chirimachaya,Sensor 4
4,2018-10-02,0.6281076388888889,0.6701849219939117,0.05057375305128216,-0.8319984293504205,Chirimachaya,Sensor 4
4,2018-10-03,0.6478784722222222,0.6701849219939117,0.05057375305128216,-0.44106771647084586,Chirimachaya,Sensor 4
4,2018-10-04,0.7342638888888888,0.6701849219939117,0.05057375305128216,1.2670399768433365,Chirimachaya,Sensor 4
4,2018-10-05,0.7460069444444444,0.6701849219939117,0.05057375305128216,1.499236617334858,Chirimachaya,Sensor 4
4,2018-10-06,0.73128125,0.6701849219939117,0.05057375305128216,1.208063952543451,Chirimachaya,Sensor 4
4,2018-10-07,0.7675381944444445,0.6701849219939117,0.05057375305128216,1.9249762293064525,Chirimachaya,Sensor 4
4,2018-10-08,0.7550625,0.6701849219939117,0.05057375305128216,1.6782930450113485,Chirimachaya,Sensor 4
4,2018-10-09,0.7459131944444445,0.6701849219939117,0.05057375305128216,1.4973828889808474,Chirimachaya,Sensor 4
4,2018-10-10,0.6965069444444444,0.6701849219939117,0.05057375305128216,0.5204680464161321,Chirimachaya,Sensor 4
4,2018-10-11,0.6789479166666667,0.6701849219939117,0.05057375305128216,0.17327159137011733,Chirimachaya,Sensor 4
4,2018-10-12,0.6672222222222223,0.6701849219939117,0.05057375305128216,-0.05858176609288207,Chirimachaya,Sensor 4
4,2018-10-13,0.6589375,0.6701849219939117,0.05057375305128216,-0.22239642730304673,Chirimachaya,Sensor 4
4,2018-10-14,0.6519548611111111,0.6701849219939117,0.05057375305128216,-0.36046486137414263,Chirimachaya,Sensor 4
4,2018-10-15,0.6459618055555556,0.6701849219939117,0.05057375305128216,-0.4789661628195488,Chirimachaya,Sensor 4
4,2018-10-16,0.6404583333333334,0.6701849219939117,0.05057375305128216,-0.5877868828606675,Chirimachaya,Sensor 4
4,2018-10-17,0.6350451388888889,0.6701849219939117,0.05057375305128216,-0.6948225311534769,Chirimachaya,Sensor 4
4,2018-10-18,0.6293263888888889,0.6701849219939117,0.05057375305128216,-0.8078999607482539,Chirimachaya,Sensor 4
4,2018-10-19,0.6249270833333334,0.6701849219939117,0.05057375305128216,-0.8948878801754445,Chirimachaya,Sensor 4
4,2018-10-20,0.6216458333333333,0.6701849219939117,0.05057375305128216,-0.9597683725658906,Chirimachaya,Sensor 4
4,2018-10-21,0.6173020833333333,0.6701849219939117,0.05057375305128216,-1.045657786301816,Chirimachaya,Sensor 4
4,2018-10-22,0.6113958333333334,0.6701849219939117,0.05057375305128216,-1.1624426726046164,Chirimachaya,Sensor 4
4,2018-10-23,0.6042326388888889,0.6701849219939117,0.05057375305128216,-1.304081250172331,Chirimachaya,Sensor 4
4,2018-10-24,0.5963263888888889,0.6701849219939117,0.05057375305128216,-1.4604123413607386,Chirimachaya,Sensor 4
4,2018-10-25,0.58775,0.6701849219939117,0.05057375305128216,-1.6299941574500523,Chirimachaya,Sensor 4
4,2018-10-26,0.5794166666666666,0.6701849219939117,0.05057375305128216,-1.794770011140075,Chirimachaya,Sensor 4
4,2018-10-27,0.5728194444444443,0.6701849219939117,0.05057375305128216,-1.9252175619780092,Chirimachaya,Sensor 4
4,2018-10-28,0.5686145833333334,0.6701849219939117,0.05057375305128216,-2.008360711485763,Chirimachaya,Sensor 4
4,2018-10-29,0.5631354166666667,0.6701849219939117,0.05057375305128216,-2.1167008352869523,Chirimachaya,Sensor 4
4,2018-10-30,0.5596562500000001,0.6701849219939117,0.05057375305128216,-2.1854947542025345,Chirimachaya,Sensor 4
4,2018-10-31,0.55775,0.6701849219939117,0.05057375305128216,-2.2231872307341294,Chirimachaya,Sensor 4
4,2018-11-01,0.5550659722222222,0.6701849219939117,0.05057375305128216,-2.2762587869434565,Chirimachaya,Sensor 4
4,2018-11-02,0.5523888888888889,0.6701849219939117,0.05057375305128216,-2.329193029941375,Chirimachaya,Sensor 4
4,2018-11-03,0.5479687500000001,0.6701849219939117,0.05057375305128216,-2.416592889002789,Chirimachaya,Sensor 4
4,2018-11-04,0.5420451388888889,0.6701849219939117,0.05057375305128216,-2.5337210583341134,Chirimachaya,Sensor 4
4,2018-11-05,0.54,0.6701849219939117,0.05057375305128216,-2.574159799093873,Chirimachaya,Sensor 4
4,2018-11-06,0.5385833333333334,0.6701849219939117,0.05057375305128216,-2.602171694221176,Chirimachaya,Sensor 4
4,2018-11-07,0.5342708333333334,0.6701849219939117,0.05057375305128216,-2.687443198505763,Chirimachaya,Sensor 4
4,2018-11-08,0.5283854166666667,0.6701849219939117,0.05057375305128216,-2.80381614517434,Chirimachaya,Sensor 4
4,2018-11-09,0.5230833333333333,0.6701849219939117,0.05057375305128216,-2.9086547820846165,Chirimachaya,Sensor 4
4,2018-11-10,0.5240416666666667,0.6701849219939117,0.05057375305128216,-2.889705558910263,Chirimachaya,Sensor 4
4,2018-11-11,0.5373680555555556,0.6701849219939117,0.05057375305128216,-2.626201506217639,Chirimachaya,Sensor 4
4,2018-11-12,0.5532256944444445,0.6701849219939117,0.05057375305128216,-2.312646787966669,Chirimachaya,Sensor 4
4,2018-11-13,0.5634166666666666,0.6701849219939117,0.05057375305128216,-2.1111396502249162,Chirimachaya,Sensor 4
4,2018-11-14,0.6119618055555556,0.6701849219939117,0.05057375305128216,-1.151251645874836,Chirimachaya,Sensor 4
4,2018-11-15,0.7485798611111112,0.6701849219939117,0.05057375305128216,1.5501111621616548,Chirimachaya,Sensor 4
4,2018-11-16,0.7514270833333333,0.6701849219939117,0.05057375305128216,1.6064095788390766,Chirimachaya,Sensor 4
4,2018-11-17,0.7328854166666666,0.6701849219939117,0.05057375305128216,1.2397833043787791,Chirimachaya,Sensor 4
4,2018-11-18,0.7115451388888888,0.6701849219939117,0.05057375305128216,0.817819805720916,Chirimachaya,Sensor 4
4,2018-11-19,0.7506944444444444,0.6701849219939117,0.05057375305128216,1.5919230350354963,Chirimachaya,Sensor 4
4,2018-11-20,0.7501145833333333,0.6701849219939117,0.05057375305128216,1.5804573818828973,Chirimachaya,Sensor 4
4,2018-11-21,0.747375,0.6701849219939117,0.05057375305128216,1.5262873199823046,Chirimachaya,Sensor 4
4,2018-11-22,0.6948993055555556,0.6701849219939117,0.05057375305128216,0.4886800379751002,Chirimachaya,Sensor 4
4,2018-11-23,0.6741111111111111,0.6701849219939117,0.05057375305128216,0.07763293962420105,Chirimachaya,Sensor 4
4,2018-11-24,0.6612013888888889,0.6701849219939117,0.05057375305128216,-0.17763232038392301,Chirimachaya,Sensor 4
4,2018-11-25,0.6523645833333334,0.6701849219939117,0.05057375305128216,-0.35236338190104954,Chirimachaya,Sensor 4
4,2018-11-26,0.6902777777777778,0.6701849219939117,0.05057375305128216,0.39729809578284214,Chirimachaya,Sensor 4
4,2018-11-27,0.7531284722222222,0.6701849219939117,0.05057375305128216,1.6400513156341234,Chirimachaya,Sensor 4
4,2018-11-28,0.7076145833333334,0.6701849219939117,0.05057375305128216,0.7401005280637916,Chirimachaya,Sensor 4
4,2018-11-29,0.6747465277777779,0.6701849219939117,0.05057375305128216,0.09019709846806735,Chirimachaya,Sensor 4
4,2018-11-30,0.67078125,0.6701849219939117,0.05057375305128216,0.011791254753896757,Chirimachaya,Sensor 4
4,2018-12-01,0.6666562500000001,0.6701849219939117,0.05057375305128216,-0.06977279282266245,Chirimachaya,Sensor 4
4,2018-12-02,0.6580798611111112,0.6701849219939117,0.05057375305128216,-0.23935460891197613,Chirimachaya,Sensor 4
4,2018-12-03,0.6510347222222223,0.6701849219939117,0.05057375305128216,-0.3786588618857487,Chirimachaya,Sensor 4
4,2018-12-04,0.6525381944444445,0.6701849219939117,0.05057375305128216,-0.34893055161584025,Chirimachaya,Sensor 4
4,2018-12-05,0.651,0.6701849219939117,0.05057375305128216,-0.3793454279427906,Chirimachaya,Sensor 4
4,2018-12-06,0.6516458333333334,0.6701849219939117,0.05057375305128216,-0.3665752992818137,Chirimachaya,Sensor 4
4,2018-12-07,0.6876909722222222,0.6701849219939117,0.05057375305128216,0.3461489245332311,Chirimachaya,Sensor 4
4,2018-12-08,0.6910590277777777,0.6701849219939117,0.05057375305128216,0.41274583206628074,Chirimachaya,Sensor 4
4,2018-12-09,0.6803333333333333,0.6701849219939117,0.05057375305128216,0.20066557704608393,Chirimachaya,Sensor 4
4,2018-12-10,0.6690729166666667,0.6701849219939117,0.05057375305128216,-0.021987795252557167,Chirimachaya,Sensor 4
4,2018-12-11,0.7053437499999999,0.6701849219939117,0.05057375305128216,0.6951991079332586,Chirimachaya,Sensor 4
4,2018-12-12,0.754642361111111,0.6701849219939117,0.05057375305128216,1.6699855957211425,Chirimachaya,Sensor 4
4,2018-12-13,0.72628125,0.6701849219939117,0.05057375305128216,1.109198440329438,Chirimachaya,Sensor 4
4,2018-12-14,0.6784513888888889,0.6701849219939117,0.05057375305128216,0.16345369675442067,Chirimachaya,Sensor 4
4,2018-12-15,0.6655277777777777,0.6701849219939117,0.05057375305128216,-0.09208618967652188,Chirimachaya,Sensor 4
4,2018-12-16,0.6581805555555555,0.6701849219939117,0.05057375305128216,-0.23736356734655625,Chirimachaya,Sensor 4
4,2018-12-17,0.6529201388888889,0.6701849219939117,0.05057375305128216,-0.34137832498838194,Chirimachaya,Sensor 4
4,2018-12-18,0.6492777777777778,0.6701849219939117,0.05057375305128216,-0.4133991043720608,Chirimachaya,Sensor 4
4,2018-12-19,0.6466979166666667,0.6701849219939117,0.05057375305128216,-0.4644109624102648,Chirimachaya,Sensor 4
4,2018-12-20,0.6455763888888889,0.6701849219939117,0.05057375305128216,-0.4865870460527128,Chirimachaya,Sensor 4
4,2018-12-21,0.645982638888889,0.6701849219939117,0.05057375305128216,-0.47855422318532326,Chirimachaya,Sensor 4
4,2018-12-22,0.6451006944444445,0.6701849219939117,0.05057375305128216,-0.4959930010341839,Chirimachaya,Sensor 4
4,2018-12-23,0.6428159722222222,0.6701849219939117,0.05057375305128216,-0.5411690475875331,Chirimachaya,Sensor 4
4,2018-12-24,0.6401284722222222,0.6701849219939117,0.05057375305128216,-0.5943092604025642,Chirimachaya,Sensor 4
4,2018-12-25,0.6378715277777778,0.6701849219939117,0.05057375305128216,-0.6389360541102785,Chirimachaya,Sensor 4
4,2018-12-26,0.6357743055555556,0.6701849219939117,0.05057375305128216,-0.6804046439556001,Chirimachaya,Sensor 4
4,2018-12-27,0.6340729166666667,0.6701849219939117,0.05057375305128216,-0.714046380750647,Chirimachaya,Sensor 4
4,2018-12-28,0.6345381944444445,0.6701849219939117,0.05057375305128216,-0.7048463955862864,Chirimachaya,Sensor 4
4,2018-12-29,0.6338611111111111,0.6701849219939117,0.05057375305128216,-0.7182344336986016,Chirimachaya,Sensor 4
4,2018-12-30,0.6316145833333333,0.6701849219939117,0.05057375305128216,-0.7626552575892033,Chirimachaya,Sensor 4
4,2018-12-31,0.6288020833333333,0.6701849219939117,0.05057375305128216,-0.8182671082095854,Chirimachaya,Sensor 4
5,2019-01-01,0.6255729166666666,0.6809913452864269,0.04042464583284928,-1.3709069672226297,Chirimachaya,Sensor 5
5,2019-01-02,0.6217986111111111,0.6809913452864269,0.04042464583284928,-1.4642734142945901,Chirimachaya,Sensor 5
5,2019-01-03,0.6182465277777778,0.6809913452864269,0.04042464583284928,-1.5521426648508165,Chirimachaya,Sensor 5
5,2019-01-04,0.6157916666666666,0.6809913452864269,0.04042464583284928,-1.6128695076105943,Chirimachaya,Sensor 5
5,2019-01-05,0.6145937499999999,0.6809913452864269,0.04042464583284928,-1.6425028325782371,Chirimachaya,Sensor 5
5,2019-01-06,0.6118611111111112,0.6809913452864269,0.04042464583284928,-1.7101011709826812,Chirimachaya,Sensor 5
5,2019-01-07,0.6277673611111111,0.6809913452864269,0.04042464583284928,-1.31662215162973,Chirimachaya,Sensor 5
5,2019-01-08,0.6619618055555556,0.6809913452864269,0.04042464583284928,-0.47074103777076975,Chirimachaya,Sensor 5
5,2019-01-09,0.6813958333333334,0.6809913452864269,0.04042464583284928,0.01000597626950205,Chirimachaya,Sensor 5
5,2019-01-10,0.6683368055555556,0.6809913452864269,0.04042464583284928,-0.31304021272557764,Chirimachaya,Sensor 5
5,2019-01-11,0.6593229166666668,0.6809913452864269,0.04042464583284928,-0.5360202463951402,Chirimachaya,Sensor 5
5,2019-01-12,0.6525173611111111,0.6809913452864269,0.04042464583284928,-0.704371889689573,Chirimachaya,Sensor 5
5,2019-01-13,0.64953125,0.6809913452864269,0.04042464583284928,-0.7782404678697832,Chirimachaya,Sensor 5
5,2019-01-14,0.6460312500000001,0.6809913452864269,0.04042464583284928,-0.8648213129926322,Chirimachaya,Sensor 5
5,2019-01-15,0.6430208333333334,0.6809913452864269,0.04042464583284928,-0.9392911470417509,Chirimachaya,Sensor 5
5,2019-01-16,0.6417673611111111,0.6809913452864269,0.04042464583284928,-0.9702987711383285,Chirimachaya,Sensor 5
5,2019-01-17,0.648375,0.6809913452864269,0.04042464583284928,-0.8068430684907241,Chirimachaya,Sensor 5
5,2019-01-18,0.6528506944444445,0.6809913452864269,0.04042464583284928,-0.6961260949159664,Chirimachaya,Sensor 5
5,2019-01-19,0.7128402777777778,0.6809913452864269,0.04042464583284928,0.7878592832462193,Chirimachaya,Sensor 5
5,2019-01-20,0.7563055555555556,0.6809913452864269,0.04042464583284928,1.8630765642460605,Chirimachaya,Sensor 5
5,2019-01-21,0.74578125,0.6809913452864269,0.04042464583284928,1.6027327730085994,Chirimachaya,Sensor 5
5,2019-01-22,0.6896458333333333,0.6809913452864269,0.04042464583284928,0.21408939691621742,Chirimachaya,Sensor 5
5,2019-01-23,0.6701527777777778,0.6809913452864269,0.04042464583284928,-0.2681178099485441,Chirimachaya,Sensor 5
5,2019-01-24,0.6613055555555556,0.6809913452864269,0.04042464583284928,-0.48697494623130483,Chirimachaya,Sensor 5
5,2019-01-25,0.6550659722222223,0.6809913452864269,0.04042464583284928,-0.6413259171497186,Chirimachaya,Sensor 5
5,2019-01-26,0.6511527777777778,0.6809913452864269,0.04042464583284928,-0.7381281120440177,Chirimachaya,Sensor 5
5,2019-01-27,0.6474583333333334,0.6809913452864269,0.04042464583284928,-0.8295190041181375,Chirimachaya,Sensor 5
5,2019-01-28,0.6708611111111111,0.6809913452864269,0.04042464583284928,-0.2505954960546345,Chirimachaya,Sensor 5
5,2019-01-29,0.7506180555555555,0.6809913452864269,0.04042464583284928,1.722382690921427,Chirimachaya,Sensor 5
5,2019-01-30,0.7488020833333333,0.6809913452864269,0.04042464583284928,1.6774602881443934,Chirimachaya,Sensor 5
5,2019-01-31,0.7476215277777778,0.6809913452864269,0.04042464583284928,1.648256431654544,Chirimachaya,Sensor 5
5,2019-02-01,0.7565868055555556,0.6809913452864269,0.04042464583284928,1.8700339535862898,Chirimachaya,Sensor 5
5,2019-02-02,0.7284652777777778,0.6809913452864269,0.04042464583284928,1.174380913258944,Chirimachaya,Sensor 5
5,2019-02-03,0.682857638888889,0.6809913452864269,0.04042464583284928,0.04616722209958074,Chirimachaya,Sensor 5
5,2019-02-04,0.6829722222222222,0.6809913452864269,0.04042464583284928,0.04900171405300536,Chirimachaya,Sensor 5
5,2019-02-05,0.75315625,0.6809913452864269,0.04042464583284928,1.7851709823746058,Chirimachaya,Sensor 5
5,2019-02-06,0.7595416666666667,0.6809913452864269,0.04042464583284928,1.9431294885064736,Chirimachaya,Sensor 5
5,2019-02-07,0.760076388888889,0.6809913452864269,0.04042464583284928,1.9563571176224661,Chirimachaya,Sensor 5
5,2019-02-08,0.7477361111111112,0.6809913452864269,0.04042464583284928,1.6510909236079714,Chirimachaya,Sensor 5
5,2019-02-09,0.7531979166666667,0.6809913452864269,0.04042464583284928,1.7862017067213078,Chirimachaya,Sensor 5
5,2019-02-10,0.7483055555555556,0.6809913452864269,0.04042464583284928,1.6651774896795453,Chirimachaya,Sensor 5
5,2019-02-11,0.6882430555555555,0.6809913452864269,0.04042464583284928,0.1793883439106312,Chirimachaya,Sensor 5
5,2019-02-12,0.6802291666666667,0.6809913452864269,0.04042464583284928,-0.018854305438117037,Chirimachaya,Sensor 5
5,2019-02-13,0.6885625000000001,0.6809913452864269,0.04042464583284928,0.1872905639020048,Chirimachaya,Sensor 5
5,2019-02-14,0.6902708333333334,0.6809913452864269,0.04042464583284928,0.22955026211672883,Chirimachaya,Sensor 5
5,2019-02-15,0.6725868055555556,0.6809913452864269,0.04042464583284928,-0.20790632936211711,Chirimachaya,Sensor 5
5,2019-02-16,0.6634930555555556,0.6809913452864269,0.04042464583284928,-0.4328619180295231,Chirimachaya,Sensor 5
5,2019-02-17,0.65546875,0.6809913452864269,0.04042464583284928,-0.6313622484649468,Chirimachaya,Sensor 5
5,2019-02-18,0.6490208333333334,0.6809913452864269,0.04042464583284928,-0.7908668411168644,Chirimachaya,Sensor 5
5,2019-02-19,0.6468645833333333,0.6809913452864269,0.04042464583284928,-0.8442068260586225,Chirimachaya,Sensor 5
5,2019-02-20,0.7437743055555556,0.6809913452864269,0.04042464583284928,1.5530862169758555,Chirimachaya,Sensor 5
5,2019-02-21,0.6905694444444445,0.6809913452864269,0.04042464583284928,0.23693711993474872,Chirimachaya,Sensor 5
5,2019-02-22,0.6684826388888889,0.6809913452864269,0.04042464583284928,-0.3094326775121266,Chirimachaya,Sensor 5
5,2019-02-23,0.6614895833333334,0.6809913452864269,0.04042464583284928,-0.4824225803667095,Chirimachaya,Sensor 5
5,2019-02-24,0.66278125,0.6809913452864269,0.04042464583284928,-0.4504701256189931,Chirimachaya,Sensor 5
5,2019-02-25,0.7539513888888889,0.6809913452864269,0.04042464583284928,1.804840638657477,Chirimachaya,Sensor 5
5,2019-02-26,0.7567291666666667,0.6809913452864269,0.04042464583284928,1.8735555951041831,Chirimachaya,Sensor 5
5,2019-02-27,0.7250590277777778,0.6809913452864269,0.04042464583284928,1.0901191979161686,Chirimachaya,Sensor 5
5,2019-02-28,0.673545138888889,0.6809913452864269,0.04042464583284928,-0.1841996693880018,Chirimachaya,Sensor 5
5,2019-03-01,0.6693784722222222,0.6809913452864269,0.04042464583284928,-0.2872721040580641,Chirimachaya,Sensor 5
5,2019-03-02,0.6917777777777778,0.6809913452864269,0.04042464583284928,0.2668281259890669,Chirimachaya,Sensor 5
5,2019-03-03,0.7488402777777777,0.6809913452864269,0.04042464583284928,1.6784051187955351,Chirimachaya,Sensor 5
5,2019-03-04,0.7558020833333333,0.6809913452864269,0.04042464583284928,1.8506219783900943,Chirimachaya,Sensor 5
5,2019-03-05,0.7117083333333334,0.6809913452864269,0.04042464583284928,0.759857938494187,Chirimachaya,Sensor 5
5,2019-03-06,0.6710034722222223,0.6809913452864269,0.04042464583284928,-0.2470738545367383,Chirimachaya,Sensor 5
5,2019-03-07,0.6639340277777779,0.6809913452864269,0.04042464583284928,-0.42195341869360703,Chirimachaya,Sensor 5
5,2019-03-08,0.6591597222222223,0.6809913452864269,0.04042464583284928,-0.5400572500863846,Chirimachaya,Sensor 5
5,2019-03-09,0.6552465277777778,0.6809913452864269,0.04042464583284928,-0.6368594449806837,Chirimachaya,Sensor 5
5,2019-03-10,0.6709201388888889,0.6809913452864269,0.04042464583284928,-0.24913530323014202,Chirimachaya,Sensor 5
5,2019-03-11,0.7330277777777777,0.6809913452864269,0.04042464583284928,1.2872452292226575,Chirimachaya,Sensor 5
5,2019-03-12,0.6776111111111112,0.6809913452864269,0.04042464583284928,-0.0836181518891366,Chirimachaya,Sensor 5
5,2019-03-13,0.6633055555555556,0.6809913452864269,0.04042464583284928,-0.437500177589676,Chirimachaya,Sensor 5
5,2019-03-14,0.6631423611111111,0.6809913452864269,0.04042464583284928,-0.4415371812809204,Chirimachaya,Sensor 5
5,2019-03-15,0.6611736111111112,0.6809913452864269,0.04042464583284928,-0.4902389066625228,Chirimachaya,Sensor 5
5,2019-03-16,0.657326388888889,0.6809913452864269,0.04042464583284928,-0.5854091213412115,Chirimachaya,Sensor 5
5,2019-03-17,0.6541041666666667,0.6809913452864269,0.04042464583284928,-0.6651184708193915,Chirimachaya,Sensor 5
5,2019-03-18,0.6558993055555555,0.6809913452864269,0.04042464583284928,-0.620711430215709,Chirimachaya,Sensor 5
5,2019-03-19,0.6933402777777778,0.6809913452864269,0.04042464583284928,0.30548028899033997,Chirimachaya,Sensor 5
5,2019-03-20,0.7402395833333333,0.6809913452864269,0.04042464583284928,1.4656464348974196,Chirimachaya,Sensor 5
5,2019-03-21,0.7029583333333334,0.6809913452864269,0.04042464583284928,0.5434058256870603,Chirimachaya,Sensor 5
5,2019-03-22,0.7532083333333334,0.6809913452864269,0.04042464583284928,1.7864593878079833,Chirimachaya,Sensor 5
5,2019-03-23,0.74753125,0.6809913452864269,0.04042464583284928,1.6460231955700253,Chirimachaya,Sensor 5
5,2019-03-24,0.69803125,0.6809913452864269,0.04042464583284928,0.4215226716897138,Chirimachaya,Sensor 5
5,2019-03-25,0.6871631944444444,0.6809913452864269,0.04042464583284928,0.1526754045919734,Chirimachaya,Sensor 5
5,2019-03-26,0.6688298611111112,0.6809913452864269,0.04042464583284928,-0.30084330795628694,Chirimachaya,Sensor 5
5,2019-03-27,0.6601041666666667,0.6809913452864269,0.04042464583284928,-0.5166941648945051,Chirimachaya,Sensor 5
5,2019-03-28,0.6777638888888888,0.6809913452864269,0.04042464583284928,-0.07983882928457044,Chirimachaya,Sensor 5
5,2019-03-29,0.7587291666666667,0.6809913452864269,0.04042464583284928,1.923030363745812,Chirimachaya,Sensor 5
5,2019-03-30,0.7616076388888888,0.6809913452864269,0.04042464583284928,1.99423623736371,Chirimachaya,Sensor 5
5,2019-03-31,0.7639513888888889,0.6809913452864269,0.04042464583284928,2.052214481865621,Chirimachaya,Sensor 5
5,2019-04-01,0.7220034722222222,0.6809913452864269,0.04042464583284928,1.0145327458247906,Chirimachaya,Sensor 5
5,2019-04-02,0.7602604166666667,0.6809913452864269,0.04042464583284928,1.9609094834870586,Chirimachaya,Sensor 5
5,2019-04-03,0.7624097222222223,0.6809913452864269,0.04042464583284928,2.0140776810376986,Chirimachaya,Sensor 5
5,2019-04-04,0.7642013888888889,0.6809913452864269,0.04042464583284928,2.058398827945824,Chirimachaya,Sensor 5
5,2019-04-05,0.7176770833333334,0.6809913452864269,0.04042464583284928,0.907509201159047,Chirimachaya,Sensor 5
5,2019-04-06,0.6765381944444445,0.6809913452864269,0.04042464583284928,-0.1101593038166765,Chirimachaya,Sensor 5
5,2019-04-07,0.6662083333333334,0.6809913452864269,0.04042464583284928,-0.3656930481028668,Chirimachaya,Sensor 5
5,2019-04-08,0.6606701388888889,0.6809913452864269,0.04042464583284928,-0.5026934925184889,Chirimachaya,Sensor 5
5,2019-04-09,0.6576527777777778,0.6809913452864269,0.04042464583284928,-0.5773351139587255,Chirimachaya,Sensor 5
5,2019-04-10,0.6543472222222222,0.6809913452864269,0.04042464583284928,-0.6591059121303064,Chirimachaya,Sensor 5
5,2019-04-11,0.6526076388888888,0.6809913452864269,0.04042464583284928,-0.7021386536050569,Chirimachaya,Sensor 5
5,2019-04-12,0.6506909722222223,0.6809913452864269,0.04042464583284928,-0.749551973553282,Chirimachaya,Sensor 5
5,2019-04-13,0.6511875,0.6809913452864269,0.04042464583284928,-0.7372691750884337,Chirimachaya,Sensor 5
5,2019-04-14,0.6609513888888889,0.6809913452864269,0.04042464583284928,-0.4957361031782596,Chirimachaya,Sensor 5
5,2019-04-15,0.6593784722222222,0.6809913452864269,0.04042464583284928,-0.5346459472662081,Chirimachaya,Sensor 5
5,2019-04-16,0.6571458333333333,0.6809913452864269,0.04042464583284928,-0.5898755935102492,Chirimachaya,Sensor 5
5,2019-04-17,0.6549305555555556,0.6809913452864269,0.04042464583284928,-0.644675771276497,Chirimachaya,Sensor 5
5,2019-04-18,0.6526111111111111,0.6809913452864269,0.04042464583284928,-0.7020527599094966,Chirimachaya,Sensor 5
5,2019-04-19,0.6519965277777778,0.6809913452864269,0.04042464583284928,-0.7172559440233298,Chirimachaya,Sensor 5
5,2019-04-20,0.6570104166666666,0.6809913452864269,0.04042464583284928,-0.5932254476370274,Chirimachaya,Sensor 5
5,2019-04-21,0.6577708333333334,0.6809913452864269,0.04042464583284928,-0.5744147283097378,Chirimachaya,Sensor 5
5,2019-04-22,0.6594062500000001,0.6809913452864269,0.04042464583284928,-0.5339587977017393,Chirimachaya,Sensor 5
5,2019-04-23,0.7298888888888889,0.6809913452864269,0.04042464583284928,1.2095973284378811,Chirimachaya,Sensor 5
5,2019-04-24,0.6938958333333333,0.6809913452864269,0.04042464583284928,0.31922328027967795,Chirimachaya,Sensor 5
5,2019-04-25,0.6816597222222223,0.6809913452864269,0.04042464583284928,0.016533897131938,Chirimachaya,Sensor 5
5,2019-04-26,0.6701041666666667,0.6809913452864269,0.04042464583284928,-0.2693203216863611,Chirimachaya,Sensor 5
5,2019-04-27,0.6638263888888889,0.6809913452864269,0.04042464583284928,-0.42461612325591924,Chirimachaya,Sensor 5
5,2019-04-28,0.66353125,0.6809913452864269,0.04042464583284928,-0.4319170873783816,Chirimachaya,Sensor 5
5,2019-04-29,0.6607708333333334,0.6809913452864269,0.04042464583284928,-0.5002025753472946,Chirimachaya,Sensor 5
5,2019-04-30,0.6582187500000001,0.6809913452864269,0.04042464583284928,-0.5633344415827065,Chirimachaya,Sensor 5
5,2019-05-01,0.6555208333333334,0.6809913452864269,0.04042464583284928,-0.6300738430315695,Chirimachaya,Sensor 5
5,2019-05-02,0.6528993055555555,0.6809913452864269,0.04042464583284928,-0.6949235831781522,Chirimachaya,Sensor 5
5,2019-05-03,0.6504618055555556,0.6809913452864269,0.04042464583284928,-0.7552209574601367,Chirimachaya,Sensor 5
5,2019-05-04,0.6479374999999999,0.6809913452864269,0.04042464583284928,-0.8176656741310826,Chirimachaya,Sensor 5
5,2019-05-05,0.6459166666666667,0.6809913452864269,0.04042464583284928,-0.8676558049460595,Chirimachaya,Sensor 5
5,2019-05-06,0.647,0.6809913452864269,0.04042464583284928,-0.8408569719318442,Chirimachaya,Sensor 5
5,2019-05-07,0.6808784722222222,0.6809913452864269,0.04042464583284928,-0.0027921843686998784,Chirimachaya,Sensor 5
5,2019-05-08,0.752875,0.6809913452864269,0.04042464583284928,1.7782135930343765,Chirimachaya,Sensor 5
5,2019-05-09,0.7251284722222222,0.6809913452864269,0.04042464583284928,1.0918370718273367,Chirimachaya,Sensor 5
5,2019-05-10,0.7006180555555556,0.6809913452864269,0.04042464583284928,0.48551347488070973,Chirimachaya,Sensor 5
5,2019-05-11,0.68415625,0.6809913452864269,0.04042464583284928,0.07829146423841506,Chirimachaya,Sensor 5
5,2019-05-12,0.7051666666666666,0.6809913452864269,0.04042464583284928,0.5980342160621902,Chirimachaya,Sensor 5
5,2019-05-13,0.7158090277777778,0.6809913452864269,0.04042464583284928,0.8612983929486362,Chirimachaya,Sensor 5
5,2019-05-14,0.7550625,0.6809913452864269,0.04042464583284928,1.8323266212361582,Chirimachaya,Sensor 5
5,2019-05-15,0.7584479166666667,0.6809913452864269,0.04042464583284928,1.9160729744055827,Chirimachaya,Sensor 5
5,2019-05-16,0.7584027777777779,0.6809913452864269,0.04042464583284928,1.914956356363326,Chirimachaya,Sensor 5
5,2019-05-17,0.6900416666666667,0.6809913452864269,0.04042464583284928,0.22388127820987408,Chirimachaya,Sensor 5
5,2019-05-18,0.6725347222222223,0.6809913452864269,0.04042464583284928,-0.2091947347954917,Chirimachaya,Sensor 5
5,2019-05-19,0.6783784722222223,0.6809913452864269,0.04042464583284928,-0.0646356451707345,Chirimachaya,Sensor 5
5,2019-05-20,0.7103159722222222,0.6809913452864269,0.04042464583284928,0.7254145665752735,Chirimachaya,Sensor 5
5,2019-05-21,0.6747986111111112,0.6809913452864269,0.04042464583284928,-0.15319204529142694,Chirimachaya,Sensor 5
5,2019-05-22,0.6656979166666667,0.6809913452864269,0.04042464583284928,-0.37831942134995084,Chirimachaya,Sensor 5
5,2019-05-23,0.6598645833333333,0.6809913452864269,0.04042464583284928,-0.5226208298880353,Chirimachaya,Sensor 5
5,2019-05-24,0.6601423611111111,0.6809913452864269,0.04042464583284928,-0.5157493342433636,Chirimachaya,Sensor 5
5,2019-05-25,0.6600555555555556,0.6809913452864269,0.04042464583284928,-0.5178966766323221,Chirimachaya,Sensor 5
5,2019-05-26,0.6590381944444444,0.6809913452864269,0.04042464583284928,-0.5430635294309298,Chirimachaya,Sensor 5
5,2019-05-27,0.6587916666666667,0.6809913452864269,0.04042464583284928,-0.5491619818155752,Chirimachaya,Sensor 5
5,2019-05-28,0.6555486111111111,0.6809913452864269,0.04042464583284928,-0.6293866934671062,Chirimachaya,Sensor 5
5,2019-05-29,0.7382291666666667,0.6809913452864269,0.04042464583284928,1.4159139851691183,Chirimachaya,Sensor 5
5,2019-05-30,0.7224583333333333,0.6809913452864269,0.04042464583284928,1.0257848199429398,Chirimachaya,Sensor 5
5,2019-05-31,0.6918124999999999,0.6809913452864269,0.04042464583284928,0.26768706294464817,Chirimachaya,Sensor 5
5,2019-06-01,0.6830590277777778,0.6809913452864269,0.04042464583284928,0.05114905644196665,Chirimachaya,Sensor 5
5,2019-06-02,0.6942847222222223,0.6809913452864269,0.04042464583284928,0.3288433741822195,Chirimachaya,Sensor 5
5,2019-06-03,0.6698888888888889,0.6809913452864269,0.04042464583284928,-0.2746457308109828,Chirimachaya,Sensor 5
5,2019-06-04,0.6653611111111112,0.6809913452864269,0.04042464583284928,-0.3866511098191123,Chirimachaya,Sensor 5
5,2019-06-05,0.718,0.6809913452864269,0.04042464583284928,0.9154973148459754,Chirimachaya,Sensor 5
5,2019-06-06,0.7541666666666667,0.6809913452864269,0.04042464583284928,1.8101660477820958,Chirimachaya,Sensor 5
5,2019-06-07,0.689125,0.6809913452864269,0.04042464583284928,0.20120534258246067,Chirimachaya,Sensor 5
5,2019-06-08,0.6677048611111112,0.6809913452864269,0.04042464583284928,-0.3286728653172042,Chirimachaya,Sensor 5
5,2019-06-09,0.6640104166666667,0.6809913452864269,0.04042464583284928,-0.42006375739132396,Chirimachaya,Sensor 5
5,2019-06-10,0.7033923611111111,0.6809913452864269,0.04042464583284928,0.5541425376318585,Chirimachaya,Sensor 5
5,2019-06-11,0.6999618055555555,0.6809913452864269,0.04042464583284928,0.4692795664201747,Chirimachaya,Sensor 5
5,2019-06-12,0.683232638888889,0.6809913452864269,0.04042464583284928,0.05544374121988648,Chirimachaya,Sensor 5
5,2019-06-13,0.6696041666666667,0.6809913452864269,0.04042464583284928,-0.2816890138467697,Chirimachaya,Sensor 5
5,2019-06-14,0.6672187500000001,0.6809913452864269,0.04042464583284928,-0.34069798269537693,Chirimachaya,Sensor 5
5,2019-06-15,0.6695069444444445,0.6809913452864269,0.04042464583284928,-0.2840940373224037,Chirimachaya,Sensor 5
5,2019-06-16,0.7357673611111112,0.6809913452864269,0.04042464583284928,1.3550153550182251,Chirimachaya,Sensor 5
5,2019-06-17,0.7065868055555555,0.6809913452864269,0.04042464583284928,0.6331647375455698,Chirimachaya,Sensor 5
5,2019-06-18,0.7079097222222221,0.6809913452864269,0.04042464583284928,0.6658902355533126,Chirimachaya,Sensor 5
5,2019-06-19,0.6856666666666666,0.6809913452864269,0.04042464583284928,0.11565522180631074,Chirimachaya,Sensor 5
5,2019-06-20,0.736875,0.6809913452864269,0.04042464583284928,1.3824154439013463,Chirimachaya,Sensor 5
5,2019-06-21,0.7614479166666667,0.6809913452864269,0.04042464583284928,1.9902851273680258,Chirimachaya,Sensor 5
5,2019-06-22,0.7467615384615384,0.6809913452864269,0.04042464583284928,1.6269825454269349,Chirimachaya,Sensor 5
5,2019-06-23,0.7394166666666667,0.6809913452864269,0.04042464583284928,1.4452896290500854,Chirimachaya,Sensor 5
5,2019-06-24,0.7408609625668449,0.6809913452864269,0.04042464583284928,1.4810177318057687,Chirimachaya,Sensor 5
5,2019-06-25,0.6809767441860465,0.6809913452864269,0.04042464583284928,-0.0003611930316174653,Chirimachaya,Sensor 5
5,2019-06-26,0.6698402777777779,0.6809913452864269,0.04042464583284928,-0.2758482425487971,Chirimachaya,Sensor 5
5,2019-06-27,0.6628784722222223,0.6809913452864269,0.04042464583284928,-0.4480651021433563,Chirimachaya,Sensor 5
5,2019-06-28,0.6585104166666667,0.6809913452864269,0.04042464583284928,-0.5561193711558046,Chirimachaya,Sensor 5
5,2019-06-29,0.658,0.6809913452864269,0.04042464583284928,-0.5687457444028858,Chirimachaya,Sensor 5
5,2019-06-30,0.6647465277777778,0.6809913452864269,0.04042464583284928,-0.40185429393294825,Chirimachaya,Sensor 5
5,2019-07-01,0.6650173611111111,0.6809913452864269,0.04042464583284928,-0.39515458567939443,Chirimachaya,Sensor 5
5,2019-07-02,0.6620208333333334,0.6809913452864269,0.04042464583284928,-0.4692808449462773,Chirimachaya,Sensor 5
5,2019-07-03,0.6584930555555556,0.6809913452864269,0.04042464583284928,-0.5565488396335951,Chirimachaya,Sensor 5
5,2019-07-04,0.6537326388888889,0.6809913452864269,0.04042464583284928,-0.6743090962441397,Chirimachaya,Sensor 5
5,2019-07-05,0.6491041666666667,0.6809913452864269,0.04042464583284928,-0.7888053924234635,Chirimachaya,Sensor 5
5,2019-07-06,0.64709375,0.6809913452864269,0.04042464583284928,-0.8385378421517677,Chirimachaya,Sensor 5
5,2019-07-07,0.6479201388888889,0.6809913452864269,0.04042464583284928,-0.8180951426088732,Chirimachaya,Sensor 5
5,2019-07-08,0.7249652777777778,0.6809913452864269,0.04042464583284928,1.0878000681360922,Chirimachaya,Sensor 5
5,2019-07-09,0.7551631944444445,0.6809913452864269,0.04042464583284928,1.8348175384073526,Chirimachaya,Sensor 5
5,2019-07-10,0.7054236111111112,0.6809913452864269,0.04042464583284928,0.6043903495335137,Chirimachaya,Sensor 5
5,2019-07-11,0.6768645833333333,0.6809913452864269,0.04042464583284928,-0.10208529643419051,Chirimachaya,Sensor 5
5,2019-07-12,0.6676909722222223,0.6809913452864269,0.04042464583284928,-0.3290164400994372,Chirimachaya,Sensor 5
5,2019-07-13,0.6626423611111112,0.6809913452864269,0.04042464583284928,-0.4539058734413262,Chirimachaya,Sensor 5
5,2019-07-14,0.7207118055555556,0.6809913452864269,0.04042464583284928,0.9825802910770741,Chirimachaya,Sensor 5
5,2019-07-15,0.7596805555555556,0.6809913452864269,0.04042464583284928,1.9465652363288093,Chirimachaya,Sensor 5
5,2019-07-16,0.7081805555555555,0.6809913452864269,0.04042464583284928,0.6725899438068664,Chirimachaya,Sensor 5
5,2019-07-17,0.675,0.6809913452864269,0.04042464583284928,-0.14821021094904102,Chirimachaya,Sensor 5
5,2019-07-18,0.6683923611111111,0.6809913452864269,0.04042464583284928,-0.31166591359664547,Chirimachaya,Sensor 5
5,2019-07-19,0.6636354166666667,0.6809913452864269,0.04042464583284928,-0.4293402765116297,Chirimachaya,Sensor 5
5,2019-07-20,0.6774409722222222,0.6809913452864269,0.04042464583284928,-0.08782694297149886,Chirimachaya,Sensor 5
5,2019-07-21,0.6950763888888889,0.6809913452864269,0.04042464583284928,0.3484271367695301,Chirimachaya,Sensor 5
5,2019-07-22,0.7059166666666666,0.6809913452864269,0.04042464583284928,0.6165872543028017,Chirimachaya,Sensor 5
5,2019-07-23,0.7431840277777778,0.6809913452864269,0.04042464583284928,1.5384842887309307,Chirimachaya,Sensor 5
5,2019-07-24,0.7540625,0.6809913452864269,0.04042464583284928,1.807589236915344,Chirimachaya,Sensor 5
5,2019-07-25,0.6959548611111112,0.6809913452864269,0.04042464583284928,0.3701582417458019,Chirimachaya,Sensor 5
5,2019-07-26,0.675,0.6809913452864269,0.04042464583284928,-0.14821021094904102,Chirimachaya,Sensor 5
5,2019-07-27,0.6673784722222222,0.6809913452864269,0.04042464583284928,-0.3367468726996929,Chirimachaya,Sensor 5
5,2019-07-28,0.6671944444444445,0.6809913452864269,0.04042464583284928,-0.34129923856428546,Chirimachaya,Sensor 5
5,2019-07-29,0.6700312500000001,0.6809913452864269,0.04042464583284928,-0.2711240892930866,Chirimachaya,Sensor 5
5,2019-07-30,0.6648333333333334,0.6809913452864269,0.04042464583284928,-0.39970695154398694,Chirimachaya,Sensor 5
5,2019-07-31,0.6592395833333334,0.6809913452864269,0.04042464583284928,-0.5380816950885412,Chirimachaya,Sensor 5
5,2019-08-01,0.6536944444444445,0.6809913452864269,0.04042464583284928,-0.6752539268952812,Chirimachaya,Sensor 5
5,2019-08-02,0.6485694444444445,0.6809913452864269,0.04042464583284928,-0.8020330215394533,Chirimachaya,Sensor 5
5,2019-08-03,0.6559583333333333,0.6809913452864269,0.04042464583284928,-0.6192512373912165,Chirimachaya,Sensor 5
5,2019-08-04,0.7187118055555556,0.6809913452864269,0.04042464583284928,0.9331055224354454,Chirimachaya,Sensor 5
5,2019-08-05,0.706625,0.6809913452864269,0.04042464583284928,0.6341095681967113,Chirimachaya,Sensor 5
5,2019-08-06,0.6793510204081633,0.6809913452864269,0.04042464583284928,-0.040577346924599716,Chirimachaya,Sensor 5
5,2019-08-07,0.6705208333333333,0.6809913452864269,0.04042464583284928,-0.25901307821935626,Chirimachaya,Sensor 5
5,2019-08-08,0.6646145833333335,0.6809913452864269,0.04042464583284928,-0.4051182543641635,Chirimachaya,Sensor 5
5,2019-08-09,0.6604826388888889,0.6809913452864269,0.04042464583284928,-0.5073317520786418,Chirimachaya,Sensor 5
5,2019-08-10,0.66,0.6809913452864269,0.04042464583284928,-0.519270975761257,Chirimachaya,Sensor 5
5,2019-08-11,0.663888888888889,0.6809913452864269,0.04042464583284928,-0.42307003673586646,Chirimachaya,Sensor 5
5,2019-08-12,0.6710113636363637,0.6809913452864269,0.04042464583284928,-0.24687864159228853,Chirimachaya,Sensor 5
5,2019-08-13,0.6747882352941177,0.6809913452864269,0.04042464583284928,-0.15344871586403708,Chirimachaya,Sensor 5
5,2019-08-14,0.7570967741935484,0.6809913452864269,0.04042464583284928,1.8826492437758797,Chirimachaya,Sensor 5
5,2019-08-16,0.7649891304347827,0.6809913452864269,0.04042464583284928,2.0778854933120705,Chirimachaya,Sensor 5
5,2019-08-17,0.6992013888888889,0.6809913452864269,0.04042464583284928,0.4504688470928905,Chirimachaya,Sensor 5
5,2019-08-18,0.6744340277777778,0.6809913452864269,0.04042464583284928,-0.1622108833250572,Chirimachaya,Sensor 5
5,2019-08-19,0.6658611111111111,0.6809913452864269,0.04042464583284928,-0.3742824176587065,Chirimachaya,Sensor 5
5,2019-08-20,0.6608194444444444,0.6809913452864269,0.04042464583284928,-0.49900006360948035,Chirimachaya,Sensor 5
5,2019-08-21,0.6570277777777779,0.6809913452864269,0.04042464583284928,-0.5927959791592314,Chirimachaya,Sensor 5
5,2019-08-22,0.6611875,0.6809913452864269,0.04042464583284928,-0.4898953318802897,Chirimachaya,Sensor 5
5,2019-08-23,0.6748100358422939,0.6809913452864269,0.04042464583284928,-0.15290942732539692,Chirimachaya,Sensor 5
5,2019-08-24,0.751858695652174,0.6809913452864269,0.04042464583284928,1.7530728817952912,Chirimachaya,Sensor 5
5,2019-08-25,0.6942849462365591,0.6809913452864269,0.04042464583284928,0.3288489157109637,Chirimachaya,Sensor 5
5,2019-08-26,0.676951388888889,0.6809913452864269,0.04042464583284928,-0.09993795404522922,Chirimachaya,Sensor 5
5,2019-08-27,0.6693819444444444,0.6809913452864269,0.04042464583284928,-0.2871862103625065,Chirimachaya,Sensor 5
5,2019-08-28,0.6653125000000001,0.6809913452864269,0.04042464583284928,-0.3878536215569293,Chirimachaya,Sensor 5
5,2019-08-29,0.6871241134751773,0.6809913452864269,0.04042464583284928,0.1517086436355837,Chirimachaya,Sensor 5
5,2019-08-30,0.6773993055555556,0.6809913452864269,0.04042464583284928,-0.08885766731819797,Chirimachaya,Sensor 5
5,2019-08-31,0.6669479166666668,0.6809913452864269,0.04042464583284928,-0.3473976909489308,Chirimachaya,Sensor 5
5,2019-09-01,0.6607638888888889,0.6809913452864269,0.04042464583284928,-0.5003743627384125,Chirimachaya,Sensor 5
5,2019-09-02,0.654982638888889,0.6809913452864269,0.04042464583284928,-0.6433873658431196,Chirimachaya,Sensor 5
5,2019-09-03,0.6495972222222223,0.6809913452864269,0.04042464583284928,-0.7766084876541728,Chirimachaya,Sensor 5
5,2019-09-04,0.6453229166666667,0.6809913452864269,0.04042464583284928,-0.8823436268865419,Chirimachaya,Sensor 5
5,2019-09-05,0.6430625,0.6809913452864269,0.04042464583284928,-0.9382604226950517,Chirimachaya,Sensor 5
5,2019-09-06,0.6420833333333333,0.6809913452864269,0.04042464583284928,-0.9624824448425152,Chirimachaya,Sensor 5
5,2019-09-07,0.6416597222222222,0.6809913452864269,0.04042464583284928,-0.972961475700638,Chirimachaya,Sensor 5
5,2019-09-08,0.6403159722222223,0.6809913452864269,0.04042464583284928,-1.0062023358817318,Chirimachaya,Sensor 5
5,2019-09-09,0.6377777777777778,0.6809913452864269,0.04042464583284928,-1.0689906273349106,Chirimachaya,Sensor 5
5,2019-09-10,0.6347499999999999,0.6809913452864269,0.04042464583284928,-1.1438899298618226,Chirimachaya,Sensor 5
5,2019-09-11,0.6310347222222222,0.6809913452864269,0.04042464583284928,-1.2357961841092906,Chirimachaya,Sensor 5
5,2019-09-12,0.6286458333333333,0.6809913452864269,0.04042464583284928,-1.2948910466534582,Chirimachaya,Sensor 5
5,2019-09-13,0.6342465277777778,0.6809913452864269,0.04042464583284928,-1.156344515717786,Chirimachaya,Sensor 5
5,2019-09-14,0.6429236111111112,0.6809913452864269,0.04042464583284928,-0.9416961705173849,Chirimachaya,Sensor 5
5,2019-09-15,0.6491006944444444,0.6809913452864269,0.04042464583284928,-0.7888912861190238,Chirimachaya,Sensor 5
5,2019-09-16,0.6495694444444444,0.6809913452864269,0.04042464583284928,-0.7772956372186417,Chirimachaya,Sensor 5
5,2019-09-17,0.6477708333333333,0.6809913452864269,0.04042464583284928,-0.8217885715178845,Chirimachaya,Sensor 5
5,2019-09-18,0.6450868055555555,0.6809913452864269,0.04042464583284928,-0.8881843981845144,Chirimachaya,Sensor 5
5,2019-09-19,0.6416736111111111,0.6809913452864269,0.04042464583284928,-0.9726179009184049,Chirimachaya,Sensor 5
5,2019-09-20,0.6415104166666666,0.6809913452864269,0.04042464583284928,-0.9766549046096493,Chirimachaya,Sensor 5
5,2019-09-21,0.6396666666666666,0.6809913452864269,0.04042464583284928,-1.0222644569511516,Chirimachaya,Sensor 5
5,2019-09-22,0.6370173611111112,0.6809913452864269,0.04042464583284928,-1.0878013466621947,Chirimachaya,Sensor 5
5,2019-09-23,0.6335208333333333,0.6809913452864269,0.04042464583284928,-1.174296298089489,Chirimachaya,Sensor 5
5,2019-09-24,0.6305069444444444,0.6809913452864269,0.04042464583284928,-1.2488520258341653,Chirimachaya,Sensor 5
5,2019-09-25,0.6332951388888889,0.6809913452864269,0.04042464583284928,-1.1798793883007834,Chirimachaya,Sensor 5
5,2019-09-26,0.6344618055555555,0.6809913452864269,0.04042464583284928,-1.1510191065931672,Chirimachaya,Sensor 5
5,2019-09-27,0.63271875,0.6809913452864269,0.04042464583284928,-1.194137741763475,Chirimachaya,Sensor 5
5,2019-09-28,0.6294201388888889,0.6809913452864269,0.04042464583284928,-1.2757367525439383,Chirimachaya,Sensor 5
5,2019-09-29,0.6267673611111112,0.6809913452864269,0.04042464583284928,-1.3413595359505417,Chirimachaya,Sensor 5
5,2019-09-30,0.6218854166666667,0.6809913452864269,0.04042464583284928,-1.4621260719056288,Chirimachaya,Sensor 5
5,2019-10-01,0.6160590277777778,0.6809913452864269,0.04042464583284928,-1.6062556930525982,Chirimachaya,Sensor 5
5,2019-10-02,0.6109444444444444,0.6809913452864269,0.04042464583284928,-1.7327771066100974,Chirimachaya,Sensor 5
5,2019-10-03,0.6103402777777778,0.6809913452864269,0.04042464583284928,-1.7477226096372551,Chirimachaya,Sensor 5
5,2019-10-04,0.6115555555555555,0.6809913452864269,0.04042464583284928,-1.717659816191822,Chirimachaya,Sensor 5
5,2019-10-05,0.6088333333333333,0.6809913452864269,0.04042464583284928,-1.7850004735095935,Chirimachaya,Sensor 5
5,2019-10-06,0.6061631944444444,0.6809913452864269,0.04042464583284928,-1.8510527253939901,Chirimachaya,Sensor 5
5,2019-10-07,0.6213333333333333,0.6809913452864269,0.04042464583284928,-1.4757831694994148,Chirimachaya,Sensor 5
5,2019-10-08,0.7508090277777778,0.6809913452864269,0.04042464583284928,1.7271068441771402,Chirimachaya,Sensor 5
5,2019-10-09,0.75540625,0.6809913452864269,0.04042464583284928,1.8408300970964375,Chirimachaya,Sensor 5
5,2019-10-10,0.7161875,0.6809913452864269,0.04042464583284928,0.8706608057644994,Chirimachaya,Sensor 5
5,2019-10-11,0.6930590277777777,0.6809913452864269,0.04042464583284928,0.2985228996501079,Chirimachaya,Sensor 5
5,2019-10-12,0.6847986111111112,0.6809913452864269,0.04042464583284928,0.09418179791671707,Chirimachaya,Sensor 5
5,2019-10-13,0.6867152777777777,0.6809913452864269,0.04042464583284928,0.14159511786494214,Chirimachaya,Sensor 5
5,2019-10-14,0.6813958333333334,0.6809913452864269,0.04042464583284928,0.01000597626950205,Chirimachaya,Sensor 5
5,2019-10-15,0.6724722222222224,0.6809913452864269,0.04042464583284928,-0.21074082131554173,Chirimachaya,Sensor 5
5,2019-10-16,0.6671493055555556,0.6809913452864269,0.04042464583284928,-0.3424158566065449,Chirimachaya,Sensor 5
5,2019-10-17,0.6664305555555556,0.6809913452864269,0.04042464583284928,-0.36019585158712997,Chirimachaya,Sensor 5
5,2019-10-18,0.7529444444444445,0.6809913452864269,0.04042464583284928,1.7799314669455473,Chirimachaya,Sensor 5
5,2019-10-19,0.7611284722222222,0.6809913452864269,0.04042464583284928,1.982382907376655,Chirimachaya,Sensor 5
5,2019-10-20,0.7637222222222222,0.6809913452864269,0.04042464583284928,2.0465454979587663,Chirimachaya,Sensor 5
5,2019-10-21,0.7401805555555555,0.6809913452864269,0.04042464583284928,1.4641862420729272,Chirimachaya,Sensor 5
5,2019-10-22,0.6947638888888888,0.6809913452864269,0.04042464583284928,0.34069670416927433,Chirimachaya,Sensor 5
5,2019-10-23,0.6894270833333334,0.6809913452864269,0.04042464583284928,0.2086780940960409,Chirimachaya,Sensor 5
5,2019-10-24,0.6955902777777778,0.6809913452864269,0.04042464583284928,0.3611394037121717,Chirimachaya,Sensor 5
5,2019-10-25,0.757875,0.6809913452864269,0.04042464583284928,1.9019005146384487,Chirimachaya,Sensor 5
5,2019-10-26,0.7607638888888889,0.6809913452864269,0.04042464583284928,1.9733640693430248,Chirimachaya,Sensor 5
5,2019-10-27,0.7616493055555555,0.6809913452864269,0.04042464583284928,1.9952669617104117,Chirimachaya,Sensor 5
5,2019-10-28,0.7279965277777777,0.6809913452864269,0.04042464583284928,1.162785264358559,Chirimachaya,Sensor 5
5,2019-10-29,0.6975590277777778,0.6809913452864269,0.04042464583284928,0.40984112909377407,Chirimachaya,Sensor 5
5,2019-10-30,0.7586111111111111,0.6809913452864269,0.04042464583284928,1.920109978096827,Chirimachaya,Sensor 5
5,2019-10-31,0.7118055555555556,0.6809913452864269,0.04042464583284928,0.762262961969821,Chirimachaya,Sensor 5
5,2019-11-01,0.6812291666666668,0.6809913452864269,0.04042464583284928,0.005883078882700109,Chirimachaya,Sensor 5
5,2019-11-02,0.6793819444444444,0.6809913452864269,0.04042464583284928,-0.03981236715436253,Chirimachaya,Sensor 5
5,2019-11-03,0.6765972222222223,0.6809913452864269,0.04042464583284928,-0.10869911099218404,Chirimachaya,Sensor 5
5,2019-11-04,0.6754756944444444,0.6809913452864269,0.04042464583284928,-0.1364427746575437,Chirimachaya,Sensor 5
5,2019-11-05,0.6672951388888889,0.6809913452864269,0.04042464583284928,-0.33880832139309386,Chirimachaya,Sensor 5
5,2019-11-06,0.66096875,0.6809913452864269,0.04042464583284928,-0.495306634700469,Chirimachaya,Sensor 5
5,2019-11-07,0.6572430555555555,0.6809913452864269,0.04042464583284928,-0.5874705700346152,Chirimachaya,Sensor 5
5,2019-11-08,0.65759375,0.6809913452864269,0.04042464583284928,-0.578795306783218,Chirimachaya,Sensor 5
5,2019-11-09,0.6566736111111111,0.6809913452864269,0.04042464583284928,-0.601557136106189,Chirimachaya,Sensor 5
5,2019-11-10,0.6635381944444445,0.6809913452864269,0.04042464583284928,-0.4317452999872637,Chirimachaya,Sensor 5
5,2019-11-11,0.6927842323651453,0.6809913452864269,0.04042464583284928,0.2917251799182229,Chirimachaya,Sensor 5
5,2019-11-12,0.7524844444444444,0.6809913452864269,0.04042464583284928,1.7685522701579695,Chirimachaya,Sensor 5
5,2019-11-13,0.7468709677419355,0.6809913452864269,0.04042464583284928,1.6296895395920692,Chirimachaya,Sensor 5
5,2019-11-14,0.6932633744855967,0.6809913452864269,0.04042464583284928,0.30357790269611945,Chirimachaya,Sensor 5
5,2019-11-15,0.6716383928571429,0.6809913452864269,0.04042464583284928,-0.23136757877749334,Chirimachaya,Sensor 5
5,2019-11-16,0.6574020100502513,0.6809913452864269,0.04042464583284928,-0.5835384516098037,Chirimachaya,Sensor 5
5,2019-11-17,0.6502688172043011,0.6809913452864269,0.04042464583284928,-0.759994984474559,Chirimachaya,Sensor 5
5,2019-11-18,0.6418401486988847,0.6809913452864269,0.04042464583284928,-0.9684981966057873,Chirimachaya,Sensor 5
5,2019-11-19,0.6355040650406504,0.6809913452864269,0.04042464583284928,-1.125236333148362,Chirimachaya,Sensor 5
5,2019-11-20,0.6336042402826855,0.6809913452864269,0.04042464583284928,-1.172233028328338,Chirimachaya,Sensor 5
5,2019-11-21,0.6315347222222223,0.6809913452864269,0.04042464583284928,-1.2234274919488821,Chirimachaya,Sensor 5
5,2019-11-22,0.627454861111111,0.6809913452864269,0.04042464583284928,-1.324352584229986,Chirimachaya,Sensor 5
5,2019-11-23,0.6218680555555556,0.6809913452864269,0.04042464583284928,-1.4625555403834223,Chirimachaya,Sensor 5
5,2019-11-24,0.6224861111111112,0.6809913452864269,0.04042464583284928,-1.4472664625740286,Chirimachaya,Sensor 5
5,2019-11-25,0.6631736111111111,0.6809913452864269,0.04042464583284928,-0.44076413802089676,Chirimachaya,Sensor 5
5,2019-11-26,0.6699201388888889,0.6809913452864269,0.04042464583284928,-0.2738726875509564,Chirimachaya,Sensor 5
5,2019-11-27,0.6668125,0.6809913452864269,0.04042464583284928,-0.3507475450757091,Chirimachaya,Sensor 5
5,2019-11-28,0.6719583333333333,0.6809913452864269,0.04042464583284928,-0.22345308825818608,Chirimachaya,Sensor 5
5,2019-11-29,0.6667638888888889,0.6809913452864269,0.04042464583284928,-0.3519500568135261,Chirimachaya,Sensor 5
5,2019-11-30,0.6606840277777778,0.6809913452864269,0.04042464583284928,-0.5023499177362559,Chirimachaya,Sensor 5
5,2019-12-01,0.7278327526132404,0.6809913452864269,0.04042464583284928,1.1587338951711965,Chirimachaya,Sensor 5
5,2019-12-02,0.7018368055555555,0.6809913452864269,0.04042464583284928,0.5156621620217007,Chirimachaya,Sensor 5
5,2019-12-03,0.6786006944444445,0.6809913452864269,0.04042464583284928,-0.05913844865499766,Chirimachaya,Sensor 5
5,2019-12-04,0.6659305555555556,0.6809913452864269,0.04042464583284928,-0.37256454374753856,Chirimachaya,Sensor 5
5,2019-12-05,0.6621388888888888,0.6809913452864269,0.04042464583284928,-0.4663604592972951,Chirimachaya,Sensor 5
5,2019-12-06,0.7513506944444445,0.6809913452864269,0.04042464583284928,1.7405062606842479,Chirimachaya,Sensor 5
5,2019-12-07,0.7564097222222222,0.6809913452864269,0.04042464583284928,1.8656533751128124,Chirimachaya,Sensor 5
5,2019-12-08,0.7540104166666667,0.6809913452864269,0.04042464583284928,1.8063008314819693,Chirimachaya,Sensor 5
5,2019-12-09,0.7059930555555556,0.6809913452864269,0.04042464583284928,0.6184769156050874,Chirimachaya,Sensor 5
5,2019-12-10,0.7056145833333333,0.6809913452864269,0.04042464583284928,0.6091145027892214,Chirimachaya,Sensor 5
5,2019-12-11,0.7387395833333333,0.6809913452864269,0.04042464583284928,1.4285403584161995,Chirimachaya,Sensor 5
5,2019-12-12,0.7497812500000001,0.6809913452864269,0.04042464583284928,1.7016823102918597,Chirimachaya,Sensor 5
5,2019-12-13,0.71171875,0.6809913452864269,0.04042464583284928,0.7601156195808597,Chirimachaya,Sensor 5
5,2019-12-14,0.6740486111111111,0.6809913452864269,0.04042464583284928,-0.1717450835320384,Chirimachaya,Sensor 5
5,2019-12-15,0.6624912891986063,0.6809913452864269,0.04042464583284928,-0.4576429974010392,Chirimachaya,Sensor 5
5,2019-12-16,0.6529652777777778,0.6809913452864269,0.04042464583284928,-0.6932916029625418,Chirimachaya,Sensor 5
5,2019-12-17,0.6437013888888888,0.6809913452864269,0.04042464583284928,-0.9224559827123101,Chirimachaya,Sensor 5
5,2019-12-18,0.6353645833333333,0.6809913452864269,0.04042464583284928,-1.1286867457479868,Chirimachaya,Sensor 5
5,2019-12-19,0.6349652777777778,0.6809913452864269,0.04042464583284928,-1.138564520737201,Chirimachaya,Sensor 5
5,2019-12-20,0.63875,0.6809913452864269,0.04042464583284928,-1.0449403925785623,Chirimachaya,Sensor 5
5,2019-12-21,0.6420625000000001,0.6809913452864269,0.04042464583284928,-0.9629978070158635,Chirimachaya,Sensor 5
5,2019-12-22,0.6444652777777777,0.6809913452864269,0.04042464583284928,-0.9035593696894656,Chirimachaya,Sensor 5
5,2019-12-23,0.646982638888889,0.6809913452864269,0.04042464583284928,-0.8412864404096349,Chirimachaya,Sensor 5
5,2019-12-24,0.648,0.6809913452864269,0.04042464583284928,-0.8161195876110298,Chirimachaya,Sensor 5
5,2019-12-25,0.6475798611111112,0.6809913452864269,0.04042464583284928,-0.8265127247735923,Chirimachaya,Sensor 5
5,2019-12-26,0.6458298611111111,0.6809913452864269,0.04042464583284928,-0.8698031473350208,Chirimachaya,Sensor 5
5,2019-12-27,0.64409375,0.6809913452864269,0.04042464583284928,-0.912749995114211,Chirimachaya,Sensor 5
5,2019-12-28,0.6421041666666667,0.6809913452864269,0.04042464583284928,-0.9619670826691643,Chirimachaya,Sensor 5
5,2019-12-29,0.6400868055555555,0.6809913452864269,0.04042464583284928,-1.0118713197885865,Chirimachaya,Sensor 5
5,2019-12-30,0.6455347222222223,0.6809913452864269,0.04042464583284928,-0.8771041114574805,Chirimachaya,Sensor 5
5,2019-12-31,0.7452986111111111,0.6809913452864269,0.04042464583284928,1.5907935493259842,Chirimachaya,Sensor 5
6,2020-01-01,0.7529444444444445,0.6762540091542796,0.05728013855729584,1.3388660925366562,Chirimachaya,Sensor 6
6,2020-01-02,0.7564858156028369,0.6762540091542796,0.05728013855729584,1.400691556782872,Chirimachaya,Sensor 6
6,2020-01-03,0.7592465277777778,0.6762540091542796,0.05728013855729584,1.4488882309612945,Chirimachaya,Sensor 6
6,2020-01-04,0.7302743055555555,0.6762540091542796,0.05728013855729584,0.9430894854983777,Chirimachaya,Sensor 6
6,2020-01-05,0.6847951388888889,0.6762540091542796,0.05728013855729584,0.14911154109841804,Chirimachaya,Sensor 6
6,2020-01-06,0.6808923611111112,0.6762540091542796,0.05728013855729584,0.08097661901065367,Chirimachaya,Sensor 6
6,2020-01-07,0.682513888888889,0.6762540091542796,0.05728013855729584,0.10928534553644281,Chirimachaya,Sensor 6
6,2020-01-08,0.7417430555555555,0.6762540091542796,0.05728013855729584,1.1433115919537966,Chirimachaya,Sensor 6
6,2020-01-09,0.6774687500000001,0.6762540091542796,0.05728013855729584,0.02120701653864562,Chirimachaya,Sensor 6
6,2020-01-10,0.6642986111111111,0.6762540091542796,0.05728013855729584,-0.20871803637852235,Chirimachaya,Sensor 6
6,2020-01-11,0.6598402777777779,0.6762540091542796,0.05728013855729584,-0.2865518797599184,Chirimachaya,Sensor 6
6,2020-01-12,0.6586979166666667,0.6762540091542796,0.05728013855729584,-0.30649528666995124,Chirimachaya,Sensor 6
6,2020-01-13,0.6583506944444445,0.6762540091542796,0.05728013855729584,-0.31255711247847034,Chirimachaya,Sensor 6
6,2020-01-14,0.6553506944444445,0.6762540091542796,0.05728013855729584,-0.36493128746408393,Chirimachaya,Sensor 6
6,2020-01-15,0.6515294117647059,0.6762540091542796,0.05728013855729584,-0.43164346337679144,Chirimachaya,Sensor 6
6,2020-01-16,0.6458260869565218,0.6762540091542796,0.05728013855729584,-0.531212440544667,Chirimachaya,Sensor 6
6,2020-01-17,0.645,0.6762540091542796,0.05728013855729584,-0.5456343148160681,Chirimachaya,Sensor 6
6,2020-01-21,0.664,0.6762540091542796,0.05728013855729584,-0.2139312065738489,Chirimachaya,Sensor 6
6,2020-01-25,0.691,0.6762540091542796,0.05728013855729584,0.2574363682966712,Chirimachaya,Sensor 6
6,2020-01-27,0.7348297872340426,0.6762540091542796,0.05728013855729584,1.0226193503559904,Chirimachaya,Sensor 6
6,2020-01-28,0.6805555555555556,0.6762540091542796,0.05728013855729584,0.07509664797638847,Chirimachaya,Sensor 6
6,2020-03-03,0.7171700680272108,0.6762540091542796,0.05728013855729584,0.714314942377522,Chirimachaya,Sensor 6
6,2020-03-04,0.6944479166666667,0.6762540091542796,0.05728013855729584,0.31763029857527747,Chirimachaya,Sensor 6
6,2020-03-05,0.6827881944444445,0.6762540091542796,0.05728013855729584,0.11407418792517307,Chirimachaya,Sensor 6
6,2020-03-06,0.7011909722222222,0.6762540091542796,0.05728013855729584,0.4353509557767353,Chirimachaya,Sensor 6
6,2020-03-07,0.7132465277777778,0.6762540091542796,0.05728013855729584,0.6458175478485533,Chirimachaya,Sensor 6
6,2020-03-08,0.7566805555555556,0.6762540091542796,0.05728013855729584,1.4040913382363314,Chirimachaya,Sensor 6
6,2020-03-09,0.7272881944444445,0.6762540091542796,0.05728013855729584,0.8909577835451066,Chirimachaya,Sensor 6
6,2020-03-10,0.6938506944444444,0.6762540091542796,0.05728013855729584,0.30720395818462054,Chirimachaya,Sensor 6
6,2020-03-11,0.7059583333333334,0.6762540091542796,0.05728013855729584,0.5185798241277176,Chirimachaya,Sensor 6
6,2020-03-12,0.7196979166666666,0.6762540091542796,0.05728013855729584,0.7584462713708559,Chirimachaya,Sensor 6
6,2020-03-13,0.7026493055555556,0.6762540091542796,0.05728013855729584,0.4608106241725217,Chirimachaya,Sensor 6
6,2020-03-14,0.7565798611111112,0.6762540091542796,0.05728013855729584,1.4023334087518615,Chirimachaya,Sensor 6
6,2020-03-15,0.7323784722222222,0.6762540091542796,0.05728013855729584,0.9798241498980097,Chirimachaya,Sensor 6
6,2020-03-16,0.6847083333333334,0.6762540091542796,0.05728013855729584,0.14759608464628873,Chirimachaya,Sensor 6
6,2020-03-17,0.6690798611111112,0.6762540091542796,0.05728013855729584,-0.1252466949951996,Chirimachaya,Sensor 6
6,2020-03-18,0.6606145833333333,0.6762540091542796,0.05728013855729584,-0.2730340082069202,Chirimachaya,Sensor 6
6,2020-03-19,0.6533020833333334,0.6762540091542796,0.05728013855729584,-0.4006960597343522,Chirimachaya,Sensor 6
6,2020-03-20,0.6457291666666667,0.6762540091542796,0.05728013855729584,-0.5329044806181759,Chirimachaya,Sensor 6
6,2020-03-21,0.6379131944444444,0.6762540091542796,0.05728013855729584,-0.6693561795679643,Chirimachaya,Sensor 6
6,2020-03-22,0.6296006944444444,0.6762540091542796,0.05728013855729584,-0.8144762894239341,Chirimachaya,Sensor 6
6,2020-03-23,0.6210416666666666,0.6762540091542796,0.05728013855729584,-0.9639002956039552,Chirimachaya,Sensor 6
6,2020-03-24,0.6123055555555555,0.6762540091542796,0.05728013855729584,-1.1164158329463194,Chirimachaya,Sensor 6
6,2020-03-25,0.6037881944444444,0.6762540091542796,0.05728013855729584,-1.2651124200293173,Chirimachaya,Sensor 6
6,2020-03-26,0.5970416666666666,0.6762540091542796,0.05728013855729584,-1.3828936954888638,Chirimachaya,Sensor 6
6,2020-03-27,0.6001076388888889,0.6762540091542796,0.05728013855729584,-1.3293677735996305,Chirimachaya,Sensor 6
6,2020-03-28,0.6207881944444444,0.6762540091542796,0.05728013855729584,-0.9683254284441738,Chirimachaya,Sensor 6
6,2020-03-29,0.6209861111111111,0.6762540091542796,0.05728013855729584,-0.964870187733317,Chirimachaya,Sensor 6
6,2020-03-30,0.622,0.6762540091542796,0.05728013855729584,-0.9471696563724388,Chirimachaya,Sensor 6
6,2020-03-31,0.6270069444444445,0.6762540091542796,0.05728013855729584,-0.8597581282135782,Chirimachaya,Sensor 6
6,2020-04-01,0.6710729166666667,0.6762540091542796,0.05728013855729584,-0.09045181485429508,Chirimachaya,Sensor 6
6,2020-04-02,0.7473229166666667,0.6762540091542796,0.05728013855729584,1.2407251326967157,Chirimachaya,Sensor 6
6,2020-04-03,0.7506840277777778,0.6762540091542796,0.05728013855729584,1.2994036065231889,Chirimachaya,Sensor 6
6,2020-04-04,0.7533020833333333,0.6762540091542796,0.05728013855729584,1.3451097731194293,Chirimachaya,Sensor 6
6,2020-04-05,0.7558854166666666,0.6762540091542796,0.05728013855729584,1.3902097571348195,Chirimachaya,Sensor 6
6,2020-04-06,0.7572465277777778,0.6762540091542796,0.05728013855729584,1.4139721143042188,Chirimachaya,Sensor 6
6,2020-04-07,0.7583368055555556,0.6762540091542796,0.05728013855729584,1.4330062473429726,Chirimachaya,Sensor 6
6,2020-04-08,0.7587604166666666,0.6762540091542796,0.05728013855729584,1.440401674829365,Chirimachaya,Sensor 6
6,2020-04-09,0.7257743055555556,0.6762540091542796,0.05728013855729584,0.8645282230199584,Chirimachaya,Sensor 6
6,2020-04-10,0.694204861111111,0.6762540091542796,0.05728013855729584,0.31338702050931083,Chirimachaya,Sensor 6
6,2020-04-11,0.7402013888888889,0.6762540091542796,0.05728013855729584,1.1163970853639675,Chirimachaya,Sensor 6
6,2020-04-12,0.75390625,0.6762540091542796,0.05728013855729584,1.3556573500262554,Chirimachaya,Sensor 6
6,2020-04-13,0.7569270833333334,0.6762540091542796,0.05728013855729584,1.4083952345603807,Chirimachaya,Sensor 6
6,2020-04-14,0.7578020833333334,0.6762540091542796,0.05728013855729584,1.4236710355978526,Chirimachaya,Sensor 6
6,2020-04-15,0.7372604166666666,0.6762540091542796,0.05728013855729584,1.0650534207658022,Chirimachaya,Sensor 6
6,2020-04-16,0.6881875000000001,0.6762540091542796,0.05728013855729584,0.20833557924766055,Chirimachaya,Sensor 6
6,2020-04-17,0.6783784722222223,0.6762540091542796,0.05728013855729584,0.037089000156967616,Chirimachaya,Sensor 6
6,2020-04-18,0.7156701388888889,0.6762540091542796,0.05728013855729584,0.6881290919920235,Chirimachaya,Sensor 6
6,2020-04-19,0.7578611111111111,0.6762540091542796,0.05728013855729584,1.424701545985299,Chirimachaya,Sensor 6
6,2020-04-20,0.72965625,0.6762540091542796,0.05728013855729584,0.932299435559213,Chirimachaya,Sensor 6
6,2020-04-21,0.6862430555555555,0.6762540091542796,0.05728013855729584,0.17438935471994665,Chirimachaya,Sensor 6
6,2020-04-22,0.6746944444444445,0.6762540091542796,0.05728013855729584,-0.02722697167143024,Chirimachaya,Sensor 6
6,2020-04-23,0.66825,0.6762540091542796,0.05728013855729584,-0.1397344586775635,Chirimachaya,Sensor 6
6,2020-04-24,0.6633506944444445,0.6762540091542796,0.05728013855729584,-0.2252668208357811,Chirimachaya,Sensor 6
6,2020-04-25,0.692875,0.6762540091542796,0.05728013855729584,0.2901702276626809,Chirimachaya,Sensor 6
6,2020-04-26,0.747125,0.6762540091542796,0.05728013855729584,1.237269891985859,Chirimachaya,Sensor 6
6,2020-04-27,0.6966215277777777,0.6762540091542796,0.05728013855729584,0.35557732813661175,Chirimachaya,Sensor 6
6,2020-04-28,0.6898263888888888,0.6762540091542796,0.05728013855729584,0.23694739706387283,Chirimachaya,Sensor 6
6,2020-04-29,0.6894965277777777,0.6762540091542796,0.05728013855729584,0.23118866254577883,Chirimachaya,Sensor 6
6,2020-04-30,0.68565625,0.6762540091542796,0.05728013855729584,0.16414486910354747,Chirimachaya,Sensor 6
6,2020-05-01,0.7565451388888889,0.6762540091542796,0.05728013855729584,1.4017272261710076,Chirimachaya,Sensor 6
6,2020-05-02,0.7611770833333333,0.6762540091542796,0.05728013855729584,1.482591982456666,Chirimachaya,Sensor 6
6,2020-05-03,0.7626006944444444,0.6762540091542796,0.05728013855729584,1.5074454682715983,Chirimachaya,Sensor 6
6,2020-05-04,0.7625277777777778,0.6762540091542796,0.05728013855729584,1.5061724848518097,Chirimachaya,Sensor 6
6,2020-05-05,0.7637013888888888,0.6762540091542796,0.05728013855729584,1.526661456084606,Chirimachaya,Sensor 6
6,2020-05-06,0.7219027777777778,0.6762540091542796,0.05728013855729584,0.7969388652549595,Chirimachaya,Sensor 6
6,2020-05-07,0.6958298611111111,0.6762540091542796,0.05728013855729584,0.34175636529318654,Chirimachaya,Sensor 6
6,2020-05-08,0.702954861111111,0.6762540091542796,0.05728013855729584,0.4661450308840175,Chirimachaya,Sensor 6
6,2020-05-09,0.7113333333333333,0.6762540091542796,0.05728013855729584,0.6124168876436069,Chirimachaya,Sensor 6
6,2020-05-10,0.6862430555555555,0.6762540091542796,0.05728013855729584,0.17438935471994665,Chirimachaya,Sensor 6
6,2020-05-11,0.6965381944444444,0.6762540091542796,0.05728013855729584,0.3541224899425671,Chirimachaya,Sensor 6
6,2020-05-12,0.758545138888889,0.6762540091542796,0.05728013855729584,1.4366433428280851,Chirimachaya,Sensor 6
6,2020-05-13,0.7550625,0.6762540091542796,0.05728013855729584,1.3758432299686267,Chirimachaya,Sensor 6
6,2020-05-14,0.6931562499999999,0.6762540091542796,0.05728013855729584,0.2950803065675804,Chirimachaya,Sensor 6
6,2020-05-15,0.6750381944444445,0.6762540091542796,0.05728013855729584,-0.021225764120995777,Chirimachaya,Sensor 6
6,2020-05-16,0.6910763888888889,0.6762540091542796,0.05728013855729584,0.2587699699745466,Chirimachaya,Sensor 6
6,2020-05-17,0.7384895833333334,0.6762540091542796,0.05728013855729584,1.0865122841279644,Chirimachaya,Sensor 6
6,2020-05-18,0.6889027777777778,0.6762540091542796,0.05728013855729584,0.22082294041321038,Chirimachaya,Sensor 6
6,2020-05-19,0.6854583333333334,0.6762540091542796,0.05728013855729584,0.16068962839269263,Chirimachaya,Sensor 6
6,2020-05-20,0.6878611111111111,0.6762540091542796,0.05728013855729584,0.20263746298765117,Chirimachaya,Sensor 6
6,2020-05-21,0.7141597222222222,0.6762540091542796,0.05728013855729584,0.6617601497249619,Chirimachaya,Sensor 6
6,2020-05-22,0.6956493055555555,0.6762540091542796,0.05728013855729584,0.3386042158727548,Chirimachaya,Sensor 6
6,2020-05-23,0.6896770833333332,0.6762540091542796,0.05728013855729584,0.2343408119662086,Chirimachaya,Sensor 6
6,2020-05-24,0.7314201388888889,0.6762540091542796,0.05728013855729584,0.9630935106664952,Chirimachaya,Sensor 6
6,2020-05-25,0.7361631944444444,0.6762540091542796,0.05728013855729584,1.0458980512108793,Chirimachaya,Sensor 6
6,2020-05-26,0.701267361111111,0.6762540091542796,0.05728013855729584,0.43668455745460877,Chirimachaya,Sensor 6
6,2020-05-27,0.6844479166666667,0.6762540091542796,0.05728013855729584,0.14304971528989893,Chirimachaya,Sensor 6
6,2020-05-28,0.67309375,0.6762540091542796,0.05728013855729584,-0.05517198864870773,Chirimachaya,Sensor 6
6,2020-05-29,0.6644791666666667,0.6762540091542796,0.05728013855729584,-0.20556588695809064,Chirimachaya,Sensor 6
6,2020-05-30,0.6853854166666667,0.6762540091542796,0.05728013855729584,0.15941664497290378,Chirimachaya,Sensor 6
6,2020-05-31,0.7571423611111111,0.6762540091542796,0.05728013855729584,1.4121535665616625,Chirimachaya,Sensor 6
6,2020-06-01,0.7267152777777777,0.6762540091542796,0.05728013855729584,0.8809557709610459,Chirimachaya,Sensor 6
6,2020-06-02,0.7094895833333333,0.6762540091542796,0.05728013855729584,0.5802285926003666,Chirimachaya,Sensor 6
6,2020-06-03,0.7546354166666667,0.6762540091542796,0.05728013855729584,1.3683871842241477,Chirimachaya,Sensor 6
6,2020-06-04,0.6916840277777778,0.6762540091542796,0.05728013855729584,0.26937816513945745,Chirimachaya,Sensor 6
6,2020-06-05,0.6730868055555557,0.6762540091542796,0.05728013855729584,-0.05529322516487699,Chirimachaya,Sensor 6
6,2020-06-06,0.6664444444444445,0.6762540091542796,0.05728013855729584,-0.17125595288186704,Chirimachaya,Sensor 6
6,2020-06-07,0.6606145833333333,0.6762540091542796,0.05728013855729584,-0.2730340082069202,Chirimachaya,Sensor 6
6,2020-06-08,0.6552951388888889,0.6762540091542796,0.05728013855729584,-0.36590117959344765,Chirimachaya,Sensor 6
6,2020-06-09,0.649888888888889,0.6762540091542796,0.05728013855729584,-0.4602838074321044,Chirimachaya,Sensor 6
6,2020-06-10,0.6443263888888889,0.6762540091542796,0.05728013855729584,-0.5573942568845965,Chirimachaya,Sensor 6
6,2020-06-11,0.6378854166666668,0.6762540091542796,0.05728013855729584,-0.6698411256326433,Chirimachaya,Sensor 6
6,2020-06-12,0.6306319444444445,0.6762540091542796,0.05728013855729584,-0.7964726667726287,Chirimachaya,Sensor 6
6,2020-06-13,0.6232500000000001,0.6762540091542796,0.05728013855729584,-0.925347083461765,Chirimachaya,Sensor 6
6,2020-06-14,0.6172083333333334,0.6762540091542796,0.05728013855729584,-1.0308228525300154,Chirimachaya,Sensor 6
6,2020-06-15,0.6154444444444445,0.6762540091542796,0.05728013855729584,-1.0616169276372975,Chirimachaya,Sensor 6
6,2020-06-16,0.6706666666666666,0.6762540091542796,0.05728013855729584,-0.0975441510502645,Chirimachaya,Sensor 6
6,2020-06-17,0.75090625,0.6762540091542796,0.05728013855729584,1.303283175040642,Chirimachaya,Sensor 6
6,2020-06-18,0.7447361111111112,0.6762540091542796,0.05728013855729584,1.1955645304232407,Chirimachaya,Sensor 6
6,2020-06-19,0.725454861111111,0.6762540091542796,0.05728013855729584,0.8589513432761182,Chirimachaya,Sensor 6
6,2020-06-20,0.7509375,0.6762540091542796,0.05728013855729584,1.3038287393634094,Chirimachaya,Sensor 6
6,2020-06-21,0.7547881944444444,0.6762540091542796,0.05728013855729584,1.3710543875798966,Chirimachaya,Sensor 6
6,2020-06-22,0.7566979166666666,0.6762540091542796,0.05728013855729584,1.4043944295267563,Chirimachaya,Sensor 6
6,2020-06-23,0.7355451388888888,0.6762540091542796,0.05728013855729584,1.0351080012717127,Chirimachaya,Sensor 6
6,2020-06-24,0.6991979166666666,0.6762540091542796,0.05728013855729584,0.40055607563583084,Chirimachaya,Sensor 6
6,2020-06-25,0.6818819444444445,0.6762540091542796,0.05728013855729584,0.0982528225649357,Chirimachaya,Sensor 6
6,2020-06-26,0.6741805555555556,0.6762540091542796,0.05728013855729584,-0.036198473868040586,Chirimachaya,Sensor 6
6,2020-06-27,0.7369791666666666,0.6762540091542796,0.05728013855729584,1.0601433418609008,Chirimachaya,Sensor 6
6,2020-06-28,0.7198784722222222,0.6762540091542796,0.05728013855729584,0.7615984207912876,Chirimachaya,Sensor 6
6,2020-06-29,0.6879097222222222,0.6762540091542796,0.05728013855729584,0.20348611860084373,Chirimachaya,Sensor 6
6,2020-06-30,0.6816562500000001,0.6762540091542796,0.05728013855729584,0.094312635789398,Chirimachaya,Sensor 6
6,2020-07-01,0.6756736111111112,0.6762540091542796,0.05728013855729584,-0.010132622891402097,Chirimachaya,Sensor 6
6,2020-07-02,0.6995520833333333,0.6762540091542796,0.05728013855729584,0.4067391379605211,Chirimachaya,Sensor 6
6,2020-07-03,0.7553125,0.6762540091542796,0.05728013855729584,1.3802077445507628,Chirimachaya,Sensor 6
6,2020-07-04,0.7273506944444444,0.6762540091542796,0.05728013855729584,0.8920489121906395,Chirimachaya,Sensor 6
6,2020-07-05,0.6988333333333333,0.6762540091542796,0.05728013855729584,0.3941911585368847,Chirimachaya,Sensor 6
6,2020-07-06,0.6921840277777778,0.6762540091542796,0.05728013855729584,0.2781071943037254,Chirimachaya,Sensor 6
6,2020-07-07,0.6807916666666667,0.6762540091542796,0.05728013855729584,0.079218689526182,Chirimachaya,Sensor 6
6,2020-07-08,0.673138888888889,0.6762540091542796,0.05728013855729584,-0.054383951293599804,Chirimachaya,Sensor 6
6,2020-07-09,0.671,0.6762540091542796,0.05728013855729584,-0.09172479827408392,Chirimachaya,Sensor 6
6,2020-07-10,0.6695243055555555,0.6762540091542796,0.05728013855729584,-0.11748755796029539,Chirimachaya,Sensor 6
6,2020-07-11,0.6676319444444445,0.6762540091542796,0.05728013855729584,-0.15052450861672823,Chirimachaya,Sensor 6
6,2020-07-12,0.6641840277777777,0.6762540091542796,0.05728013855729584,-0.21071843889533448,Chirimachaya,Sensor 6
6,2020-07-13,0.7093576388888889,0.6762540091542796,0.05728013855729584,0.5779250987931294,Chirimachaya,Sensor 6
6,2020-07-14,0.74078125,0.6762540091542796,0.05728013855729584,1.1265203344641954,Chirimachaya,Sensor 6
6,2020-07-15,0.74896875,0.6762540091542796,0.05728013855729584,1.2694581870290993,Chirimachaya,Sensor 6
6,2020-07-16,0.7364340277777778,0.6762540091542796,0.05728013855729584,1.050626275341525,Chirimachaya,Sensor 6
6,2020-07-17,0.6857222222222222,0.6762540091542796,0.05728013855729584,0.16529661600716705,Chirimachaya,Sensor 6
6,2020-07-18,0.6761215277777778,0.6762540091542796,0.05728013855729584,-0.0023128675984132635,Chirimachaya,Sensor 6
6,2020-07-19,0.6879479166666667,0.6762540091542796,0.05728013855729584,0.20415291943978045,Chirimachaya,Sensor 6
6,2020-07-20,0.7270763888888889,0.6762540091542796,0.05728013855729584,0.8872600698019093,Chirimachaya,Sensor 6
6,2020-07-21,0.760982638888889,0.6762540091542796,0.05728013855729584,1.479197360003896,Chirimachaya,Sensor 6
6,2020-07-22,0.723798611111111,0.6762540091542796,0.05728013855729584,0.830036434169477,Chirimachaya,Sensor 6
6,2020-07-23,0.6890937500000001,0.6762540091542796,0.05728013855729584,0.22415694460789792,Chirimachaya,Sensor 6
6,2020-07-24,0.6784895833333333,0.6762540091542796,0.05728013855729584,0.039028784415693185,Chirimachaya,Sensor 6
6,2020-07-25,0.6767569444444445,0.6762540091542796,0.05728013855729584,0.008780273631178477,Chirimachaya,Sensor 6
6,2020-07-26,0.6733229166666667,0.6762540091542796,0.05728013855729584,-0.0511711836150854,Chirimachaya,Sensor 6
6,2020-07-27,0.6752604166666667,0.6762540091542796,0.05728013855729584,-0.017346195603542704,Chirimachaya,Sensor 6
6,2020-07-28,0.6742604166666667,0.6762540091542796,0.05728013855729584,-0.03480425393208056,Chirimachaya,Sensor 6
6,2020-07-29,0.6716180555555556,0.6762540091542796,0.05728013855729584,-0.08093474833491726,Chirimachaya,Sensor 6
6,2020-07-30,0.6856736111111111,0.6762540091542796,0.05728013855729584,0.1644479603939745,Chirimachaya,Sensor 6
6,2020-07-31,0.6926736111111111,0.6762540091542796,0.05728013855729584,0.28665436869373945,Chirimachaya,Sensor 6
6,2020-08-01,0.6970138888888889,0.6762540091542796,0.05728013855729584,0.3624271913002407,Chirimachaya,Sensor 6
6,2020-08-02,0.6755590277777778,0.6762540091542796,0.05728013855729584,-0.01213302540821617,Chirimachaya,Sensor 6
6,2020-08-03,0.6674965277777778,0.6762540091542796,0.05728013855729584,-0.152888620682052,Chirimachaya,Sensor 6
6,2020-08-04,0.6616354166666667,0.6762540091542796,0.05728013855729584,-0.2552122403298707,Chirimachaya,Sensor 6
6,2020-08-05,0.6561111111111111,0.6762540091542796,0.05728013855729584,-0.35165588894342614,Chirimachaya,Sensor 6
6,2020-08-06,0.6525277777777778,0.6762540091542796,0.05728013855729584,-0.41421393128735234,Chirimachaya,Sensor 6
6,2020-08-07,0.6531736111111112,0.6762540091542796,0.05728013855729584,-0.4029389352835048,Chirimachaya,Sensor 6
6,2020-08-08,0.6581666666666668,0.6762540091542796,0.05728013855729584,-0.31576988015698476,Chirimachaya,Sensor 6
6,2020-08-09,0.6607256944444445,0.6762540091542796,0.05728013855729584,-0.2710942239481927,Chirimachaya,Sensor 6
6,2020-08-10,0.6598090277777778,0.6762540091542796,0.05728013855729584,-0.2870974440826859,Chirimachaya,Sensor 6
6,2020-08-11,0.6567847222222222,0.6762540091542796,0.05728013855729584,-0.33989594687489766,Chirimachaya,Sensor 6
6,2020-08-12,0.6523333333333334,0.6762540091542796,0.05728013855729584,-0.41760855374012257,Chirimachaya,Sensor 6
6,2020-08-13,0.6479305555555556,0.6762540091542796,0.05728013855729584,-0.4944725049921587,Chirimachaya,Sensor 6
6,2020-08-14,0.6455833333333333,0.6762540091542796,0.05728013855729584,-0.5354504474577555,Chirimachaya,Sensor 6
6,2020-08-15,0.6476145833333333,0.6762540091542796,0.05728013855729584,-0.4999887664779123,Chirimachaya,Sensor 6
6,2020-08-16,0.6472534722222222,0.6762540091542796,0.05728013855729584,-0.5062930653187738,Chirimachaya,Sensor 6
6,2020-08-17,0.6442916666666667,0.6762540091542796,0.05728013855729584,-0.5580004394654486,Chirimachaya,Sensor 6
6,2020-08-18,0.639375,0.6762540091542796,0.05728013855729584,-0.6438358929140933,Chirimachaya,Sensor 6
6,2020-08-19,0.6335659722222222,0.6762540091542796,0.05728013855729584,-0.7452502386906348,Chirimachaya,Sensor 6
6,2020-08-20,0.6344930555555556,0.6762540091542796,0.05728013855729584,-0.7290651637818858,Chirimachaya,Sensor 6
6,2020-08-21,0.75540625,0.6762540091542796,0.05728013855729584,1.3818444375190613,Chirimachaya,Sensor 6
6,2020-08-22,0.7578020833333334,0.6762540091542796,0.05728013855729584,1.4236710355978526,Chirimachaya,Sensor 6
6,2020-08-23,0.7417916666666666,0.6762540091542796,0.05728013855729584,1.1441602475669892,Chirimachaya,Sensor 6
6,2020-08-24,0.690142361111111,0.6762540091542796,0.05728013855729584,0.2424636585496264,Chirimachaya,Sensor 6
6,2020-08-25,0.6729236111111112,0.6762540091542796,0.05728013855729584,-0.05814228329488168,Chirimachaya,Sensor 6
6,2020-08-26,0.6613090277777779,0.6762540091542796,0.05728013855729584,-0.26091035658987816,Chirimachaya,Sensor 6
6,2020-08-27,0.6520729166666667,0.6762540091542796,0.05728013855729584,-0.4221549230965143,Chirimachaya,Sensor 6
6,2020-08-28,0.6441076388888889,0.6762540091542796,0.05728013855729584,-0.561213207143965,Chirimachaya,Sensor 6
6,2020-08-29,0.6388576388888889,0.6762540091542796,0.05728013855729584,-0.6528680133687883,Chirimachaya,Sensor 6
6,2020-08-30,0.6347152777777778,0.6762540091542796,0.05728013855729584,-0.7251855952644327,Chirimachaya,Sensor 6
6,2020-08-31,0.6303194444444444,0.6762540091542796,0.05728013855729584,-0.8019283100002977,Chirimachaya,Sensor 6
6,2020-09-01,0.6270381944444444,0.6762540091542796,0.05728013855729584,-0.8592125638908127,Chirimachaya,Sensor 6
6,2020-09-02,0.6268090277777777,0.6762540091542796,0.05728013855729584,-0.863213368924437,Chirimachaya,Sensor 6
6,2020-09-03,0.6267326388888889,0.6762540091542796,0.05728013855729584,-0.8645469706023104,Chirimachaya,Sensor 6
6,2020-09-04,0.6262083333333334,0.6762540091542796,0.05728013855729584,-0.8737003275731747,Chirimachaya,Sensor 6
6,2020-09-05,0.6664618055555556,0.6762540091542796,0.05728013855729584,-0.17095286159144196,Chirimachaya,Sensor 6
6,2020-09-06,0.7444895833333334,0.6762540091542796,0.05728013855729584,1.1912606340991916,Chirimachaya,Sensor 6
6,2020-09-07,0.7057916666666667,0.6762540091542796,0.05728013855729584,0.5156701477396283,Chirimachaya,Sensor 6
6,2020-09-08,0.6891458333333333,0.6762540091542796,0.05728013855729584,0.2250662184791751,Chirimachaya,Sensor 6
6,2020-09-09,0.6912673611111111,0.6762540091542796,0.05728013855729584,0.2621039741692322,Chirimachaya,Sensor 6
6,2020-09-10,0.683076388888889,0.6762540091542796,0.05728013855729584,0.11910550334624571,Chirimachaya,Sensor 6
6,2020-09-11,0.6771284722222223,0.6762540091542796,0.05728013855729584,0.015266427246295785,Chirimachaya,Sensor 6
6,2020-09-12,0.6711840277777779,0.6762540091542796,0.05728013855729584,-0.08851203059556759,Chirimachaya,Sensor 6
6,2020-09-13,0.6655069444444445,0.6762540091542796,0.05728013855729584,-0.1876228825648719,Chirimachaya,Sensor 6
6,2020-09-14,0.6605694444444444,0.6762540091542796,0.05728013855729584,-0.27382204556202816,Chirimachaya,Sensor 6
6,2020-09-15,0.6583090277777779,0.6762540091542796,0.05728013855729584,-0.3132845315754917,Chirimachaya,Sensor 6
6,2020-09-16,0.6560798611111112,0.6762540091542796,0.05728013855729584,-0.3522014532661917,Chirimachaya,Sensor 6
6,2020-09-17,0.651795138888889,0.6762540091542796,0.05728013855729584,-0.42700438374332916,Chirimachaya,Sensor 6
6,2020-09-18,0.6483368055555556,0.6762540091542796,0.05728013855729584,-0.48738016879618934,Chirimachaya,Sensor 6
6,2020-09-19,0.6545833333333334,0.6762540091542796,0.05728013855729584,-0.37832792250091285,Chirimachaya,Sensor 6
6,2020-09-20,0.65725,0.6762540091542796,0.05728013855729584,-0.3317731002914799,Chirimachaya,Sensor 6
6,2020-09-21,0.6589340277777778,0.6762540091542796,0.05728013855729584,-0.30237324512015773,Chirimachaya,Sensor 6
6,2020-09-22,0.658076388888889,0.6762540091542796,0.05728013855729584,-0.31734595486720063,Chirimachaya,Sensor 6
6,2020-09-23,0.6688611111111111,0.6762540091542796,0.05728013855729584,-0.12906564525456804,Chirimachaya,Sensor 6
6,2020-09-24,0.7596493055555555,0.6762540091542796,0.05728013855729584,1.4559199488991774,Chirimachaya,Sensor 6
6,2020-09-25,0.7628298611111111,0.6762540091542796,0.05728013855729584,1.5114462733052207,Chirimachaya,Sensor 6
6,2020-09-26,0.7429826388888888,0.6762540091542796,0.05728013855729584,1.1649523100902126,Chirimachaya,Sensor 6
6,2020-09-27,0.6899513888888889,0.6762540091542796,0.05728013855729584,0.2391296543549408,Chirimachaya,Sensor 6
6,2020-09-28,0.6729722222222222,0.6762540091542796,0.05728013855729584,-0.05729362768169106,Chirimachaya,Sensor 6
6,2020-09-29,0.6639409722222223,0.6762540091542796,0.05728013855729584,-0.21496171696129726,Chirimachaya,Sensor 6
6,2020-09-30,0.6585486111111112,0.6762540091542796,0.05728013855729584,-0.30910187176761356,Chirimachaya,Sensor 6
6,2020-10-01,0.6588159722222222,0.6762540091542796,0.05728013855729584,-0.3044342658950545,Chirimachaya,Sensor 6
6,2020-10-02,0.65828125,0.6762540091542796,0.05728013855729584,-0.31376947764017454,Chirimachaya,Sensor 6
6,2020-10-03,0.6577500000000001,0.6762540091542796,0.05728013855729584,-0.32304407112721,Chirimachaya,Sensor 6
6,2020-10-04,0.6725798611111111,0.6762540091542796,0.05728013855729584,-0.06414349084531808,Chirimachaya,Sensor 6
6,2020-10-05,0.6903541666666667,0.6762540091542796,0.05728013855729584,0.2461613722928256,Chirimachaya,Sensor 6
6,2020-10-06,0.6800972222222224,0.6762540091542796,0.05728013855729584,0.06709503790914381,Chirimachaya,Sensor 6
6,2020-10-07,0.6727847222222222,0.6762540091542796,0.05728013855729584,-0.060567013618292025,Chirimachaya,Sensor 6
6,2020-10-08,0.6674548611111111,0.6762540091542796,0.05728013855729584,-0.15361603977907531,Chirimachaya,Sensor 6
6,2020-10-09,0.6638402777777778,0.6762540091542796,0.05728013855729584,-0.21671964644576897,Chirimachaya,Sensor 6
6,2020-10-10,0.6583888888888889,0.6762540091542796,0.05728013855729584,-0.3118903116395336,Chirimachaya,Sensor 6
6,2020-10-11,0.651201388888889,0.6762540091542796,0.05728013855729584,-0.43737010587589764,Chirimachaya,Sensor 6
6,2020-10-12,0.6449444444444444,0.6762540091542796,0.05728013855729584,-0.5466042069454319,Chirimachaya,Sensor 6
6,2020-10-13,0.6397881944444445,0.6762540091542796,0.05728013855729584,-0.6366223202019546,Chirimachaya,Sensor 6
6,2020-10-14,0.633732638888889,0.6762540091542796,0.05728013855729584,-0.7423405623025435,Chirimachaya,Sensor 6
6,2020-10-15,0.6287291666666667,0.6762540091542796,0.05728013855729584,-0.8296914722033194,Chirimachaya,Sensor 6
6,2020-10-16,0.6251527777777778,0.6762540091542796,0.05728013855729584,-0.8921282780310763,Chirimachaya,Sensor 6
6,2020-10-17,0.6262777777777777,0.6762540091542796,0.05728013855729584,-0.8724879624114724,Chirimachaya,Sensor 6
6,2020-10-18,0.6311423611111111,0.6762540091542796,0.05728013855729584,-0.787561782834105,Chirimachaya,Sensor 6
6,2020-10-19,0.6376423611111111,0.6762540091542796,0.05728013855729584,-0.6740844036986099,Chirimachaya,Sensor 6
6,2020-10-20,0.6465034722222223,0.6762540091542796,0.05728013855729584,-0.5193866090651758,Chirimachaya,Sensor 6
6,2020-10-21,0.7171701388888888,0.6762540091542796,0.05728013855729584,0.7143161794848293,Chirimachaya,Sensor 6
6,2020-10-22,0.7465034722222222,0.6762540091542796,0.05728013855729584,1.2264192237886076,Chirimachaya,Sensor 6
6,2020-10-23,0.6994548611111111,0.6762540091542796,0.05728013855729584,0.40504182673413597,Chirimachaya,Sensor 6
6,2020-10-24,0.682138888888889,0.6762540091542796,0.05728013855729584,0.10273857366324088,Chirimachaya,Sensor 6
6,2020-10-25,0.6821458333333333,0.6762540091542796,0.05728013855729584,0.10285981017941014,Chirimachaya,Sensor 6
6,2020-10-26,0.7122604166666666,0.6762540091542796,0.05728013855729584,0.6286019625523559,Chirimachaya,Sensor 6
6,2020-10-27,0.6839618055555555,0.6762540091542796,0.05728013855729584,0.1345631591579695,Chirimachaya,Sensor 6
6,2020-10-28,0.6720277777777778,0.6762540091542796,0.05728013855729584,-0.07378179388086516,Chirimachaya,Sensor 6
6,2020-10-29,0.664420138888889,0.6762540091542796,0.05728013855729584,-0.20659639734553903,Chirimachaya,Sensor 6
6,2020-10-30,0.6572847222222222,0.6762540091542796,0.05728013855729584,-0.3311669177106278,Chirimachaya,Sensor 6
6,2020-10-31,0.6494895833333333,0.6762540091542796,0.05728013855729584,-0.46725490711190454,Chirimachaya,Sensor 6
6,2020-11-01,0.6403020833333334,0.6762540091542796,0.05728013855729584,-0.6276508180053443,Chirimachaya,Sensor 6
6,2020-11-02,0.6304652777777778,0.6762540091542796,0.05728013855729584,-0.7993823431607181,Chirimachaya,Sensor 6
6,2020-11-03,0.6206631944444445,0.6762540091542796,0.05728013855729584,-0.9705076857352398,Chirimachaya,Sensor 6
6,2020-11-04,0.6098194444444444,0.6762540091542796,0.05728013855729584,-1.1598185057353247,Chirimachaya,Sensor 6
6,2020-11-05,0.5980138888888888,0.6762540091542796,0.05728013855729584,-1.3659205832250068,Chirimachaya,Sensor 6
6,2020-11-06,0.5862673611111111,0.6762540091542796,0.05728013855729584,-1.5709921503272404,Chirimachaya,Sensor 6
6,2020-11-07,0.576673611111111,0.6762540091542796,0.05728013855729584,-1.7384803974166514,Chirimachaya,Sensor 6
6,2020-11-08,0.5713993055555555,0.6762540091542796,0.05728013855729584,-1.830559531448071,Chirimachaya,Sensor 6
6,2020-11-09,0.5674722222222222,0.6762540091542796,0.05728013855729584,-1.8991187813424335,Chirimachaya,Sensor 6
6,2020-11-10,0.5625972222222222,0.6762540091542796,0.05728013855729584,-1.9842268156940548,Chirimachaya,Sensor 6
6,2020-11-11,0.5531388888888888,0.6762540091542796,0.05728013855729584,-2.149350950718142,Chirimachaya,Sensor 6
6,2020-11-12,0.5414444444444445,0.6762540091542796,0.05728013855729584,-2.353513243949097,Chirimachaya,Sensor 6
6,2020-11-13,0.5291527777777778,0.6762540091542796,0.05728013855729584,-2.568101877570708,Chirimachaya,Sensor 6
6,2020-11-14,0.5179166666666667,0.6762540091542796,0.05728013855729584,-2.764262560734418,Chirimachaya,Sensor 6
6,2020-11-15,0.5075590277777777,0.6762540091542796,0.05728013855729584,-2.9450868246025736,Chirimachaya,Sensor 6
6,2020-11-16,0.49686111111111114,0.6762540091542796,0.05728013855729584,-3.131851677763076,Chirimachaya,Sensor 6
6,2020-11-17,0.48645138888888884,0.6762540091542796,0.05728013855729584,-3.3135852155025094,Chirimachaya,Sensor 6
6,2020-11-18,0.47499305555555554,0.6762540091542796,0.05728013855729584,-3.5136254671836715,Chirimachaya,Sensor 6
6,2020-11-19,0.4697916666666667,0.6762540091542796,0.05728013855729584,-3.604431617795301,Chirimachaya,Sensor 6
6,2020-11-20,0.49744444444444447,0.6762540091542796,0.05728013855729584,-3.1216678104047624,Chirimachaya,Sensor 6
6,2020-11-21,0.5123576388888889,0.6762540091542796,0.05728013855729584,-2.8613123919288257,Chirimachaya,Sensor 6
6,2020-11-22,0.5109305555555556,0.6762540091542796,0.05728013855729584,-2.886226496001843,Chirimachaya,Sensor 6
6,2020-11-23,0.5196666666666667,0.6762540091542796,0.05728013855729584,-2.7337109586594766,Chirimachaya,Sensor 6
6,2020-11-24,0.54228125,0.6762540091542796,0.05728013855729584,-2.3389042437505636,Chirimachaya,Sensor 6
6,2020-11-25,0.5534652777777779,0.6762540091542796,0.05728013855729584,-2.143652834458131,Chirimachaya,Sensor 6
6,2020-11-26,0.5578437500000001,0.6762540091542796,0.05728013855729584,-2.067213211012693,Chirimachaya,Sensor 6
6,2020-11-27,0.5582743055555556,0.6762540091542796,0.05728013855729584,-2.059696547010129,Chirimachaya,Sensor 6
6,2020-11-28,0.5627708333333333,0.6762540091542796,0.05728013855729584,-1.9811959027897943,Chirimachaya,Sensor 6
6,2020-11-29,0.5785624999999999,0.6762540091542796,0.05728013855729584,-1.7055040650183033,Chirimachaya,Sensor 6
6,2020-11-30,0.5975486111111111,0.6762540091542796,0.05728013855729584,-1.3740434298084225,Chirimachaya,Sensor 6
6,2020-12-01,0.6675659722222222,0.6762540091542796,0.05728013855729584,-0.1516762555203478,Chirimachaya,Sensor 6
6,2020-12-02,0.7392256944444444,0.6762540091542796,0.05728013855729584,1.0993633548420259,Chirimachaya,Sensor 6
6,2020-12-03,0.6858159722222222,0.6762540091542796,0.05728013855729584,0.16693330897546754,Chirimachaya,Sensor 6
6,2020-12-04,0.7024791666666667,0.6762540091542796,0.05728013855729584,0.45784032952634585,Chirimachaya,Sensor 6
6,2020-12-05,0.7504895833333333,0.6762540091542796,0.05728013855729584,1.2960089840704168,Chirimachaya,Sensor 6
6,2020-12-06,0.7445659722222222,0.6762540091542796,0.05728013855729584,1.192594235777065,Chirimachaya,Sensor 6
6,2020-12-07,0.7353645833333333,0.6762540091542796,0.05728013855729584,1.0319558518512828,Chirimachaya,Sensor 6
6,2020-12-08,0.7536666666666667,0.6762540091542796,0.05728013855729584,1.3514746902183774,Chirimachaya,Sensor 6
6,2020-12-09,0.7296701388888889,0.6762540091542796,0.05728013855729584,0.9325419085915535,Chirimachaya,Sensor 6
6,2020-12-10,0.6938923611111112,0.6762540091542796,0.05728013855729584,0.30793137728164577,Chirimachaya,Sensor 6
6,2020-12-11,0.7105347222222221,0.6762540091542796,0.05728013855729584,0.5984746882840105,Chirimachaya,Sensor 6
6,2020-12-12,0.7262361111111111,0.6762540091542796,0.05728013855729584,0.8725904513452896,Chirimachaya,Sensor 6
6,2020-12-13,0.7330763888888889,0.6762540091542796,0.05728013855729584,0.9920084197731365,Chirimachaya,Sensor 6
6,2020-12-14,0.6885277777777777,0.6762540091542796,0.05728013855729584,0.21427616854000844,Chirimachaya,Sensor 6
6,2020-12-15,0.69015625,0.6762540091542796,0.05728013855729584,0.24270613158196877,Chirimachaya,Sensor 6
6,2020-12-16,0.7383090277777778,0.6762540091542796,0.05728013855729584,1.0833601347075346,Chirimachaya,Sensor 6
6,2020-12-17,0.7144618055555555,0.6762540091542796,0.05728013855729584,0.6670339381783731,Chirimachaya,Sensor 6
6,2020-12-18,0.7110173611111111,0.6762540091542796,0.05728013855729584,0.6069006261578553,Chirimachaya,Sensor 6
6,2020-12-19,0.690673611111111,0.6762540091542796,0.05728013855729584,0.25173825203666184,Chirimachaya,Sensor 6
6,2020-12-20,0.6760243055555556,0.6762540091542796,0.05728013855729584,-0.004010178824798377,Chirimachaya,Sensor 6
6,2020-12-21,0.6888888888888889,0.6762540091542796,0.05728013855729584,0.22058046738086992,Chirimachaya,Sensor 6
6,2020-12-22,0.6912048611111111,0.6762540091542796,0.05728013855729584,0.2610128455236992,Chirimachaya,Sensor 6
6,2020-12-23,0.68109375,0.6762540091542796,0.05728013855729584,0.0844924779795951,Chirimachaya,Sensor 6
6,2020-12-24,0.7030868055555555,0.6762540091542796,0.05728013855729584,0.46844852469125475,Chirimachaya,Sensor 6
6,2020-12-25,0.7593298611111111,0.6762540091542796,0.05728013855729584,1.4503430691553392,Chirimachaya,Sensor 6
6,2020-12-26,0.7363090277777777,0.6762540091542796,0.05728013855729584,1.0484440180504568,Chirimachaya,Sensor 6
6,2020-12-27,0.7099305555555555,0.6762540091542796,0.05728013855729584,0.5879271113771862,Chirimachaya,Sensor 6
6,2020-12-28,0.6771805555555557,0.6762540091542796,0.05728013855729584,0.01617570111757491,Chirimachaya,Sensor 6
6,2020-12-29,0.6647986111111112,0.6762540091542796,0.05728013855729584,-0.19998900721425247,Chirimachaya,Sensor 6
6,2020-12-30,0.6727326388888889,0.6762540091542796,0.05728013855729584,-0.061476287489569216,Chirimachaya,Sensor 6
6,2020-12-31,0.6628645833333333,0.6762540091542796,0.05728013855729584,-0.23375337696771054,Chirimachaya,Sensor 6
7,2021-01-01,0.6536458333333334,0.692854550797098,0.0414422349351737,-0.9461052842612651,Chirimachaya,Sensor 7
7,2021-01-02,0.6494201388888889,0.692854550797098,0.0414422349351737,-1.048071176087671,Chirimachaya,Sensor 7
7,2021-01-03,0.6463472222222222,0.692854550797098,0.0414422349351737,-1.1222205715407298,Chirimachaya,Sensor 7
7,2021-01-04,0.64428125,0.692854550797098,0.0414422349351737,-1.1720724249809187,Chirimachaya,Sensor 7
7,2021-01-05,0.6477083333333333,0.692854550797098,0.0414422349351737,-1.0893769975095446,Chirimachaya,Sensor 7
7,2021-01-06,0.6560486111111111,0.692854550797098,0.0414422349351737,-0.8881263219409097,Chirimachaya,Sensor 7
7,2021-01-07,0.6619583333333333,0.692854550797098,0.0414422349351737,-0.7455248857136764,Chirimachaya,Sensor 7
7,2021-01-08,0.65853125,0.692854550797098,0.0414422349351737,-0.8282203131850505,Chirimachaya,Sensor 7
7,2021-01-09,0.6567638888888889,0.692854550797098,0.0414422349351737,-0.8708666886490112,Chirimachaya,Sensor 7
7,2021-01-10,0.6612534722222222,0.692854550797098,0.0414422349351737,-0.7625331651226828,Chirimachaya,Sensor 7
7,2021-01-11,0.7017430555555556,0.692854550797098,0.0414422349351737,0.21447937767742253,Chirimachaya,Sensor 7
7,2021-01-12,0.6745416666666667,0.692854550797098,0.0414422349351737,-0.44188939518048104,Chirimachaya,Sensor 7
7,2021-01-13,0.6718472222222223,0.692854550797098,0.0414422349351737,-0.5069062662218051,Chirimachaya,Sensor 7
7,2021-01-14,0.6815833333333333,0.692854550797098,0.0414422349351737,-0.2719741703456817,Chirimachaya,Sensor 7
7,2021-01-15,0.6822361111111112,0.692854550797098,0.0414422349351737,-0.2562226603511327,Chirimachaya,Sensor 7
7,2021-01-16,0.749642361111111,0.692854550797098,0.0414422349351737,1.3702883158411645,Chirimachaya,Sensor 7
7,2021-01-17,0.7199930555555556,0.692854550797098,0.0414422349351737,0.6548513805037102,Chirimachaya,Sensor 7
7,2021-01-18,0.6729444444444446,0.692854550797098,0.0414422349351737,-0.48043032389054224,Chirimachaya,Sensor 7
7,2021-01-19,0.6607638888888889,0.692854550797098,0.0414422349351737,-0.7743467976185918,Chirimachaya,Sensor 7
7,2021-01-20,0.6587222222222223,0.692854550797098,0.0414422349351737,-0.823612158665367,Chirimachaya,Sensor 7
7,2021-01-21,0.6566979166666668,0.692854550797098,0.0414422349351737,-0.8724585965739905,Chirimachaya,Sensor 7
7,2021-01-22,0.7117708333333334,0.692854550797098,0.0414422349351737,0.45644938227451454,Chirimachaya,Sensor 7
7,2021-01-23,0.7543611111111111,0.692854550797098,0.0414422349351737,1.4841516247911146,Chirimachaya,Sensor 7
7,2021-01-24,0.7158020833333333,0.692854550797098,0.0414422349351737,0.5537233349536073,Chirimachaya,Sensor 7
7,2021-01-25,0.6797256944444445,0.692854550797098,0.0414422349351737,-0.31679894612803555,Chirimachaya,Sensor 7
7,2021-01-26,0.6719965277777779,0.692854550797098,0.0414422349351737,-0.5033035272336897,Chirimachaya,Sensor 7
7,2021-01-27,0.6693229166666668,0.692854550797098,0.0414422349351737,-0.5678176905092297,Chirimachaya,Sensor 7
7,2021-01-28,0.6636875,0.692854550797098,0.0414422349351737,-0.7038001411536513,Chirimachaya,Sensor 7
7,2021-01-29,0.6620243055555556,0.692854550797098,0.0414422349351737,-0.7439329777886945,Chirimachaya,Sensor 7
7,2021-01-30,0.6695937500000001,0.692854550797098,0.0414422349351737,-0.5612824895540451,Chirimachaya,Sensor 7
7,2021-01-31,0.6656284722222223,0.692854550797098,0.0414422349351737,-0.6569645343081586,Chirimachaya,Sensor 7
7,2021-02-01,0.6581180555555556,0.692854550797098,0.0414422349351737,-0.8381906838730883,Chirimachaya,Sensor 7
7,2021-02-02,0.6573958333333334,0.692854550797098,0.0414422349351737,-0.8556178864202463,Chirimachaya,Sensor 7
7,2021-02-03,0.65534375,0.692854550797098,0.0414422349351737,-0.9051346013499161,Chirimachaya,Sensor 7
7,2021-02-04,0.6532118055555556,0.692854550797098,0.0414422349351737,-0.9565783627150869,Chirimachaya,Sensor 7
7,2021-02-05,0.6599375000000001,0.692854550797098,0.0414422349351737,-0.7942875389946674,Chirimachaya,Sensor 7
7,2021-02-06,0.6588333333333334,0.692854550797098,0.0414422349351737,-0.8209310505811899,Chirimachaya,Sensor 7
7,2021-02-07,0.653513888888889,0.692854550797098,0.0414422349351737,-0.9492891001112262,Chirimachaya,Sensor 7
7,2021-02-08,0.6475972222222223,0.692854550797098,0.0414422349351737,-1.0920581055937217,Chirimachaya,Sensor 7
7,2021-02-09,0.6468229166666667,0.692854550797098,0.0414422349351737,-1.1107420775553398,Chirimachaya,Sensor 7
7,2021-02-10,0.7265208333333333,0.692854550797098,0.0414422349351737,0.8123664804491839,Chirimachaya,Sensor 7
7,2021-02-11,0.7301284722222222,0.692854550797098,0.0414422349351737,0.8994187085573495,Chirimachaya,Sensor 7
7,2021-02-12,0.682329861111111,0.692854550797098,0.0414422349351737,-0.2539604754051099,Chirimachaya,Sensor 7
7,2021-02-13,0.6670243055555556,0.692854550797098,0.0414422349351737,-0.6232831140006703,Chirimachaya,Sensor 7
7,2021-02-14,0.6554097222222223,0.692854550797098,0.0414422349351737,-0.9035426934249342,Chirimachaya,Sensor 7
7,2021-02-15,0.6466388888888889,0.692854550797098,0.0414422349351737,-1.1151826628197612,Chirimachaya,Sensor 7
7,2021-02-16,0.6418368055555557,0.692854550797098,0.0414422349351737,-1.2310568028328397,Chirimachaya,Sensor 7
7,2021-02-17,0.6368506944444445,0.692854550797098,0.0414422349351737,-1.351371528110342,Chirimachaya,Sensor 7
7,2021-02-18,0.6346736111111111,0.692854550797098,0.0414422349351737,-1.4039044896347135,Chirimachaya,Sensor 7
7,2021-02-19,0.6451597222222223,0.692854550797098,0.0414422349351737,-1.1508749141903831,Chirimachaya,Sensor 7
7,2021-02-20,0.6510243055555556,0.692854550797098,0.0414422349351737,-1.0093626781223477,Chirimachaya,Sensor 7
7,2021-02-21,0.6491215277777778,0.692854550797098,0.0414422349351737,-1.055276654063902,Chirimachaya,Sensor 7
7,2021-02-22,0.6486458333333334,0.692854550797098,0.0414422349351737,-1.0667551480492894,Chirimachaya,Sensor 7
7,2021-02-23,0.6640902777777778,0.692854550797098,0.0414422349351737,-0.6940811243485029,Chirimachaya,Sensor 7
7,2021-02-24,0.6631736111111111,0.692854550797098,0.0414422349351737,-0.7162002660429768,Chirimachaya,Sensor 7
7,2021-02-25,0.6981180555555555,0.692854550797098,0.0414422349351737,0.12700822643110266,Chirimachaya,Sensor 7
7,2021-02-26,0.7575729166666667,0.692854550797098,0.0414422349351737,1.561652405349394,Chirimachaya,Sensor 7
7,2021-02-27,0.7497951388888889,0.692854550797098,0.0414422349351737,1.3739748394569122,Chirimachaya,Sensor 7
7,2021-02-28,0.75165625,0.692854550797098,0.0414422349351737,1.4188833998668986,Chirimachaya,Sensor 7
7,2021-03-01,0.7620347222222222,0.692854550797098,0.0414422349351737,1.669315651854679,Chirimachaya,Sensor 7
7,2021-03-02,0.7649513888888889,0.692854550797098,0.0414422349351737,1.73969473906436,Chirimachaya,Sensor 7
7,2021-03-03,0.7650381944444445,0.692854550797098,0.0414422349351737,1.741789354755126,Chirimachaya,Sensor 7
7,2021-03-04,0.7438819444444444,0.692854550797098,0.0414422349351737,1.2312896186020466,Chirimachaya,Sensor 7
7,2021-03-05,0.7326805555555556,0.692854550797098,0.0414422349351737,0.9610004098658205,Chirimachaya,Sensor 7
7,2021-03-06,0.7138854166666666,0.692854550797098,0.0414422349351737,0.5074742205015311,Chirimachaya,Sensor 7
7,2021-03-07,0.67771875,0.692854550797098,0.0414422349351737,-0.36522646089850747,Chirimachaya,Sensor 7
7,2021-03-08,0.6698333333333334,0.692854550797098,0.0414422349351737,-0.5555013502475366,Chirimachaya,Sensor 7
7,2021-03-09,0.6996388888888889,0.692854550797098,0.0414422349351737,0.1637058933332953,Chirimachaya,Sensor 7
7,2021-03-10,0.723923611111111,0.692854550797098,0.0414422349351737,0.7496955789815152,Chirimachaya,Sensor 7
7,2021-03-11,0.759263888888889,0.692854550797098,0.0414422349351737,1.6024555190054834,Chirimachaya,Sensor 7
7,2021-03-12,0.73496875,0.692854550797098,0.0414422349351737,1.0162144794743664,Chirimachaya,Sensor 7
7,2021-03-13,0.6865208333333332,0.692854550797098,0.0414422349351737,-0.15283242985500967,Chirimachaya,Sensor 7
7,2021-03-14,0.6784027777777779,0.692854550797098,0.0414422349351737,-0.3487208892552824,Chirimachaya,Sensor 7
7,2021-03-15,0.6693125,0.692854550797098,0.0414422349351737,-0.5680690443921244,Chirimachaya,Sensor 7
7,2021-03-16,0.7518020833333333,0.692854550797098,0.0414422349351737,1.4224023542273816,Chirimachaya,Sensor 7
7,2021-03-17,0.7566701388888889,0.692854550797098,0.0414422349351737,1.5398684021654445,Chirimachaya,Sensor 7
7,2021-03-18,0.7380590277777778,0.692854550797098,0.0414422349351737,1.0907827980655767,Chirimachaya,Sensor 7
7,2021-03-19,0.683125,0.692854550797098,0.0414422349351737,-0.2347737956777077,Chirimachaya,Sensor 7
7,2021-03-20,0.6690868055555556,0.692854550797098,0.0414422349351737,-0.5735150451881111,Chirimachaya,Sensor 7
7,2021-03-21,0.6606006944444445,0.692854550797098,0.0414422349351737,-0.7782846751172291,Chirimachaya,Sensor 7
7,2021-03-22,0.6540763888888889,0.692854550797098,0.0414422349351737,-0.9357159904350757,Chirimachaya,Sensor 7
7,2021-03-23,0.6495868055555556,0.692854550797098,0.0414422349351737,-1.044049513961404,Chirimachaya,Sensor 7
7,2021-03-24,0.6493993055555556,0.692854550797098,0.0414422349351737,-1.0485738838534553,Chirimachaya,Sensor 7
7,2021-03-25,0.6463923611111111,0.692854550797098,0.0414422349351737,-1.121131371381532,Chirimachaya,Sensor 7
7,2021-03-26,0.6400381944444445,0.692854550797098,0.0414422349351737,-1.2744572399454765,Chirimachaya,Sensor 7
7,2021-03-27,0.6368159722222222,0.692854550797098,0.0414422349351737,-1.3522093743866506,Chirimachaya,Sensor 7
7,2021-03-28,0.6381597222222222,0.692854550797098,0.0414422349351737,-1.3197847234936197,Chirimachaya,Sensor 7
7,2021-03-29,0.6401388888888889,0.692854550797098,0.0414422349351737,-1.2720274857441913,Chirimachaya,Sensor 7
7,2021-03-30,0.6421458333333334,0.692854550797098,0.0414422349351737,-1.2235999709737195,Chirimachaya,Sensor 7
7,2021-03-31,0.6512361111111111,0.692854550797098,0.0414422349351737,-1.0042518158368827,Chirimachaya,Sensor 7
7,2021-04-01,0.6750104166666667,0.692854550797098,0.0414422349351737,-0.43057847045035336,Chirimachaya,Sensor 7
7,2021-04-02,0.6721909722222222,0.692854550797098,0.0414422349351737,-0.498611588086379,Chirimachaya,Sensor 7
7,2021-04-03,0.68215625,0.692854550797098,0.0414422349351737,-0.25814970678663646,Chirimachaya,Sensor 7
7,2021-04-04,0.6960729166666666,0.692854550797098,0.0414422349351737,0.07765908075669509,Chirimachaya,Sensor 7
7,2021-04-05,0.6798506944444446,0.692854550797098,0.0414422349351737,-0.31378269953333393,Chirimachaya,Sensor 7
7,2021-04-06,0.6754166666666667,0.692854550797098,0.0414422349351737,-0.4207756690175778,Chirimachaya,Sensor 7
7,2021-04-07,0.6745833333333333,0.692854550797098,0.0414422349351737,-0.4408839796489156,Chirimachaya,Sensor 7
7,2021-04-08,0.7193090277777778,0.692854550797098,0.0414422349351737,0.6383458088604879,Chirimachaya,Sensor 7
7,2021-04-09,0.6764618055555557,0.692854550797098,0.0414422349351737,-0.39555649610077237,Chirimachaya,Sensor 7
7,2021-04-10,0.6668333333333334,0.692854550797098,0.0414422349351737,-0.6278912685203512,Chirimachaya,Sensor 7
7,2021-04-11,0.6596145833333334,0.692854550797098,0.0414422349351737,-0.8020795093643095,Chirimachaya,Sensor 7
7,2021-04-12,0.6541423611111111,0.692854550797098,0.0414422349351737,-0.9341240825100938,Chirimachaya,Sensor 7
7,2021-04-13,0.6504444444444445,0.692854550797098,0.0414422349351737,-1.0233547109366525,Chirimachaya,Sensor 7
7,2021-04-14,0.6472847222222222,0.692854550797098,0.0414422349351737,-1.0995987220804744,Chirimachaya,Sensor 7
7,2021-04-15,0.6457291666666667,0.692854550797098,0.0414422349351737,-1.1371342352589704,Chirimachaya,Sensor 7
7,2021-04-16,0.6823715277777778,0.692854550797098,0.0414422349351737,-0.2529550598735418,Chirimachaya,Sensor 7
7,2021-04-17,0.7575659722222222,0.692854550797098,0.0414422349351737,1.5614848360941318,Chirimachaya,Sensor 7
7,2021-04-18,0.7349201388888889,0.692854550797098,0.0414422349351737,1.0150414946875386,Chirimachaya,Sensor 7
7,2021-04-19,0.75834375,0.692854550797098,0.0414422349351737,1.5802525926833797,Chirimachaya,Sensor 7
7,2021-04-20,0.7328229166666667,0.692854550797098,0.0414422349351737,0.9644355795986737,Chirimachaya,Sensor 7
7,2021-04-21,0.6855833333333333,0.692854550797098,0.0414422349351737,-0.17545427931526236,Chirimachaya,Sensor 7
7,2021-04-22,0.6729965277777779,0.692854550797098,0.0414422349351737,-0.47917355447608484,Chirimachaya,Sensor 7
7,2021-04-23,0.66396875,0.692854550797098,0.0414422349351737,-0.6970135863155746,Chirimachaya,Sensor 7
7,2021-04-24,0.6696736111111111,0.692854550797098,0.0414422349351737,-0.559355443118544,Chirimachaya,Sensor 7
7,2021-04-25,0.6660416666666668,0.692854550797098,0.0414422349351737,-0.6469941636201209,Chirimachaya,Sensor 7
7,2021-04-26,0.6841875000000001,0.692854550797098,0.0414422349351737,-0.20913569962275072,Chirimachaya,Sensor 7
7,2021-04-27,0.7598958333333333,0.692854550797098,0.0414422349351737,1.617704321234246,Chirimachaya,Sensor 7
7,2021-04-28,0.76434375,0.692854550797098,0.0414422349351737,1.725032429229009,Chirimachaya,Sensor 7
7,2021-04-29,0.7337222222222222,0.692854550797098,0.0414422349351737,0.9861357981549906,Chirimachaya,Sensor 7
7,2021-04-30,0.7604513888888889,0.692854550797098,0.0414422349351737,1.6311098616551367,Chirimachaya,Sensor 7
7,2021-05-01,0.7525416666666667,0.692854550797098,0.0414422349351737,1.4402484799126938,Chirimachaya,Sensor 7
7,2021-05-02,0.7280451388888889,0.692854550797098,0.0414422349351737,0.8491479319790064,Chirimachaya,Sensor 7
7,2021-05-03,0.6823541666666667,0.692854550797098,0.0414422349351737,-0.2533739830116934,Chirimachaya,Sensor 7
7,2021-05-04,0.6721111111111111,0.692854550797098,0.0414422349351737,-0.5005386345218827,Chirimachaya,Sensor 7
7,2021-05-05,0.6659965277777778,0.692854550797098,0.0414422349351737,-0.6480833637793187,Chirimachaya,Sensor 7
7,2021-05-06,0.6864722222222223,0.692854550797098,0.0414422349351737,-0.15400541464183465,Chirimachaya,Sensor 7
7,2021-05-07,0.7549375,0.692854550797098,0.0414422349351737,1.4980598729777896,Chirimachaya,Sensor 7
7,2021-05-08,0.7583854166666666,0.692854550797098,0.0414422349351737,1.5812580082149452,Chirimachaya,Sensor 7
7,2021-05-09,0.7624652777777778,0.692854550797098,0.0414422349351737,1.679704945680871,Chirimachaya,Sensor 7
7,2021-05-10,0.7043368055555556,0.692854550797098,0.0414422349351737,0.27706649451745885,Chirimachaya,Sensor 7
7,2021-05-11,0.6863333333333334,0.692854550797098,0.0414422349351737,-0.15735679974705807,Chirimachaya,Sensor 7
7,2021-05-12,0.6884756944444445,0.692854550797098,0.0414422349351737,-0.10566168449899518,Chirimachaya,Sensor 7
7,2021-05-13,0.6895972222222222,0.692854550797098,0.0414422349351737,-0.0785992497743212,Chirimachaya,Sensor 7
7,2021-05-14,0.6877152777777779,0.692854550797098,0.0414422349351737,-0.12401051795008884,Chirimachaya,Sensor 7
7,2021-05-15,0.7295902777777777,0.692854550797098,0.0414422349351737,0.8864320912746102,Chirimachaya,Sensor 7
7,2021-05-16,0.7680902777777778,0.692854550797098,0.0414422349351737,1.8154360424423979,Chirimachaya,Sensor 7
7,2021-05-17,0.7706770833333334,0.692854550797098,0.0414422349351737,1.8778555900271745,Chirimachaya,Sensor 7
7,2021-05-18,0.7720625000000001,0.692854550797098,0.0414422349351737,1.9112856564517735,Chirimachaya,Sensor 7
7,2021-05-19,0.7160833333333333,0.692854550797098,0.0414422349351737,0.5605098897916839,Chirimachaya,Sensor 7
7,2021-05-20,0.6848472222222223,0.692854550797098,0.0414422349351737,-0.19321662037294218,Chirimachaya,Sensor 7
7,2021-05-21,0.6744930555555556,0.692854550797098,0.0414422349351737,-0.4430623799673087,Chirimachaya,Sensor 7
7,2021-05-22,0.6683229166666667,0.692854550797098,0.0414422349351737,-0.5919476632668372,Chirimachaya,Sensor 7
7,2021-05-23,0.6924166666666667,0.692854550797098,0.0414422349351737,-0.010566132138295515,Chirimachaya,Sensor 7
7,2021-05-24,0.7592465277777778,0.692854550797098,0.0414422349351737,1.6020365958673293,Chirimachaya,Sensor 7
7,2021-05-25,0.7651701388888889,0.692854550797098,0.0414422349351737,1.7449731706050844,Chirimachaya,Sensor 7
7,2021-05-26,0.7571944444444445,0.692854550797098,0.0414422349351737,1.5525198809376621,Chirimachaya,Sensor 7
7,2021-05-27,0.6913194444444444,0.692854550797098,0.0414422349351737,-0.03704207446955835,Chirimachaya,Sensor 7
7,2021-05-28,0.6755,0.692854550797098,0.0414422349351737,-0.4187648379544443,Chirimachaya,Sensor 7
7,2021-05-29,0.6661493055555555,0.692854550797098,0.0414422349351737,-0.6443968401635761,Chirimachaya,Sensor 7
7,2021-05-30,0.6588368055555556,0.692854550797098,0.0414422349351737,-0.8208472659535601,Chirimachaya,Sensor 7
7,2021-05-31,0.6561736111111112,0.692854550797098,0.0414422349351737,-0.885110075346208,Chirimachaya,Sensor 7
7,2021-06-01,0.6539375000000001,0.692854550797098,0.0414422349351737,-0.9390673755402965,Chirimachaya,Sensor 7
7,2021-06-02,0.6494895833333333,0.692854550797098,0.0414422349351737,-1.0463954835350622,Chirimachaya,Sensor 7
7,2021-06-03,0.6452083333333333,0.692854550797098,0.0414422349351737,-1.1497019294035582,Chirimachaya,Sensor 7
7,2021-06-04,0.6408888888888888,0.692854550797098,0.0414422349351737,-1.2539300061759897,Chirimachaya,Sensor 7
7,2021-06-05,0.6361458333333334,0.692854550797098,0.0414422349351737,-1.3683798075193485,Chirimachaya,Sensor 7
7,2021-06-06,0.6327951388888889,0.692854550797098,0.0414422349351737,-1.4492319731828514,Chirimachaya,Sensor 7
7,2021-06-07,0.6949340277777778,0.692854550797098,0.0414422349351737,0.050177722893869514,Chirimachaya,Sensor 7
7,2021-06-08,0.757451388888889,0.692854550797098,0.0414422349351737,1.558719943382325,Chirimachaya,Sensor 7
7,2021-06-09,0.7473333333333333,0.692854550797098,0.0414422349351737,1.3145715384668344,Chirimachaya,Sensor 7
7,2021-06-10,0.6970694444444444,0.692854550797098,0.0414422349351737,0.10170526888667014,Chirimachaya,Sensor 7
7,2021-06-11,0.67865625,0.692854550797098,0.0414422349351737,-0.34260461143825477,Chirimachaya,Sensor 7
7,2021-06-12,0.6703645833333334,0.692854550797098,0.0414422349351737,-0.5426823022200594,Chirimachaya,Sensor 7
7,2021-06-13,0.7222673611111111,0.692854550797098,0.0414422349351737,0.7097303116017343,Chirimachaya,Sensor 7
7,2021-06-14,0.7552013888888889,0.692854550797098,0.0414422349351737,1.504427504677712,Chirimachaya,Sensor 7
7,2021-06-15,0.73559375,0.692854550797098,0.0414422349351737,1.0312957124478717,Chirimachaya,Sensor 7
7,2021-06-16,0.6902048611111111,0.692854550797098,0.0414422349351737,-0.0639369399389701,Chirimachaya,Sensor 7
7,2021-06-17,0.6794687500000001,0.692854550797098,0.0414422349351737,-0.3229990085726983,Chirimachaya,Sensor 7
7,2021-06-18,0.6738298611111112,0.692854550797098,0.0414422349351737,-0.459065243844747,Chirimachaya,Sensor 7
7,2021-06-19,0.7292743055555556,0.692854550797098,0.0414422349351737,0.8788076901602304,Chirimachaya,Sensor 7
7,2021-06-20,0.7567048611111111,0.692854550797098,0.0414422349351737,1.5407062484417504,Chirimachaya,Sensor 7
7,2021-06-21,0.75934375,0.692854550797098,0.0414422349351737,1.6043825654409847,Chirimachaya,Sensor 7
7,2021-06-22,0.707986111111111,0.692854550797098,0.0414422349351737,0.3651241381571872,Chirimachaya,Sensor 7
7,2021-06-23,0.6832048611111111,0.692854550797098,0.0414422349351737,-0.23284674924220397,Chirimachaya,Sensor 7
7,2021-06-24,0.6738541666666668,0.692854550797098,0.0414422349351737,-0.45847875145133316,Chirimachaya,Sensor 7
7,2021-06-25,0.6661805555555556,0.692854550797098,0.0414422349351737,-0.6436427785149,Chirimachaya,Sensor 7
7,2021-06-26,0.6605868055555555,0.692854550797098,0.0414422349351737,-0.7786198136277536,Chirimachaya,Sensor 7
7,2021-06-27,0.6560868055555555,0.692854550797098,0.0414422349351737,-0.8872046910369741,Chirimachaya,Sensor 7
7,2021-06-28,0.6515173611111111,0.692854550797098,0.0414422349351737,-0.9974652609988062,Chirimachaya,Sensor 7
7,2021-06-29,0.6476111111111111,0.692854550797098,0.0414422349351737,-1.0917229670832,Chirimachaya,Sensor 7
7,2021-06-30,0.6451215277777779,0.692854550797098,0.0414422349351737,-1.1517965450943188,Chirimachaya,Sensor 7
7,2021-07-01,0.6444548611111112,0.692854550797098,0.0414422349351737,-1.1678831935993894,Chirimachaya,Sensor 7
7,2021-07-02,0.6415208333333333,0.692854550797098,0.0414422349351737,-1.2386812039472248,Chirimachaya,Sensor 7
7,2021-07-03,0.6375451388888889,0.692854550797098,0.0414422349351737,-1.3346146025842303,Chirimachaya,Sensor 7
7,2021-07-04,0.6329131944444444,0.692854550797098,0.0414422349351737,-1.4463832958434146,Chirimachaya,Sensor 7
7,2021-07-05,0.6273993055555556,0.692854550797098,0.0414422349351737,-1.5794332845207617,Chirimachaya,Sensor 7
7,2021-07-06,0.6221180555555555,0.692854550797098,0.0414422349351737,-1.7068697031468625,Chirimachaya,Sensor 7
7,2021-07-07,0.61725,0.692854550797098,0.0414422349351737,-1.8243357510849256,Chirimachaya,Sensor 7
7,2021-07-08,0.6121666666666666,0.692854550797098,0.0414422349351737,-1.9469964459360833,Chirimachaya,Sensor 7
7,2021-07-09,0.6078784722222221,0.692854550797098,0.0414422349351737,-2.0504704610598417,Chirimachaya,Sensor 7
7,2021-07-10,0.6193229166666667,0.692854550797098,0.0414422349351737,-1.7743163283894716,Chirimachaya,Sensor 7
7,2021-07-11,0.6715069444444445,0.692854550797098,0.0414422349351737,-0.5151171597296014,Chirimachaya,Sensor 7
7,2021-07-12,0.6967638888888888,0.692854550797098,0.0414422349351737,0.09433222165517971,Chirimachaya,Sensor 7
7,2021-07-13,0.6883888888888889,0.692854550797098,0.0414422349351737,-0.10775630018975849,Chirimachaya,Sensor 7
7,2021-07-14,0.6806319444444445,0.692854550797098,0.0414422349351737,-0.2949311583164562,Chirimachaya,Sensor 7
7,2021-07-15,0.6743402777777778,0.692854550797098,0.0414422349351737,-0.4467489035830539,Chirimachaya,Sensor 7
7,2021-07-16,0.6691666666666667,0.692854550797098,0.0414422349351737,-0.5715879987526074,Chirimachaya,Sensor 7
7,2021-07-17,0.667625,0.692854550797098,0.0414422349351737,-0.6087883734205813,Chirimachaya,Sensor 7
7,2021-07-18,0.7490277777777777,0.692854550797098,0.0414422349351737,1.3554584367505538,Chirimachaya,Sensor 7
7,2021-07-19,0.7582534722222223,0.692854550797098,0.0414422349351737,1.5780741923649866,Chirimachaya,Sensor 7
7,2021-07-20,0.7609236111111112,0.692854550797098,0.0414422349351737,1.642504571012897,Chirimachaya,Sensor 7
7,2021-07-21,0.7627118055555555,0.692854550797098,0.0414422349351737,1.685653654242639,Chirimachaya,Sensor 7
7,2021-07-22,0.7352291666666667,0.692854550797098,0.0414422349351737,1.0224983265466616,Chirimachaya,Sensor 7
7,2021-07-23,0.7000208333333333,0.692854550797098,0.0414422349351737,0.172922202372657,Chirimachaya,Sensor 7
7,2021-07-24,0.6843055555555556,0.692854550797098,0.0414422349351737,-0.20628702228331136,Chirimachaya,Sensor 7
7,2021-07-25,0.6758194444444445,0.692854550797098,0.0414422349351737,-0.4110566522124294,Chirimachaya,Sensor 7
7,2021-07-26,0.6708402777777778,0.692854550797098,0.0414422349351737,-0.5312038082346722,Chirimachaya,Sensor 7
7,2021-07-27,0.6674409722222223,0.692854550797098,0.0414422349351737,-0.613228958685,Chirimachaya,Sensor 7
7,2021-07-28,0.663170138888889,0.692854550797098,0.0414422349351737,-0.716284050670604,Chirimachaya,Sensor 7
7,2021-07-29,0.6593576388888889,0.692854550797098,0.0414422349351737,-0.8082795718089749,Chirimachaya,Sensor 7
7,2021-07-30,0.6573368055555556,0.692854550797098,0.0414422349351737,-0.857042225089966,Chirimachaya,Sensor 7
7,2021-07-31,0.6565798611111111,0.692854550797098,0.0414422349351737,-0.8753072739134325,Chirimachaya,Sensor 7
7,2021-08-01,0.6543125000000001,0.692854550797098,0.0414422349351737,-0.9300186357561944,Chirimachaya,Sensor 7
7,2021-08-02,0.6593645833333334,0.692854550797098,0.0414422349351737,-0.8081120025537126,Chirimachaya,Sensor 7
7,2021-08-03,0.6928333333333332,0.692854550797098,0.0414422349351737,-0.0005119768226306257,Chirimachaya,Sensor 7
7,2021-08-04,0.6832013888888889,0.692854550797098,0.0414422349351737,-0.23293053386983376,Chirimachaya,Sensor 7
7,2021-08-05,0.6739097222222222,0.692854550797098,0.0414422349351737,-0.45713819740924594,Chirimachaya,Sensor 7
7,2021-08-06,0.6660486111111111,0.692854550797098,0.0414422349351737,-0.6468265943648612,Chirimachaya,Sensor 7
7,2021-08-07,0.6594062500000001,0.692854550797098,0.0414422349351737,-0.8071065870221446,Chirimachaya,Sensor 7
7,2021-08-08,0.6530625,0.692854550797098,0.0414422349351737,-0.9601811017032024,Chirimachaya,Sensor 7
7,2021-08-09,0.6477256944444445,0.692854550797098,0.0414422349351737,-1.0889580743713905,Chirimachaya,Sensor 7
7,2021-08-10,0.6444618055555557,0.692854550797098,0.0414422349351737,-1.1677156243441273,Chirimachaya,Sensor 7
7,2021-08-11,0.6449513888888889,0.692854550797098,0.0414422349351737,-1.1559019918482183,Chirimachaya,Sensor 7
7,2021-08-12,0.6468993055555556,0.692854550797098,0.0414422349351737,-1.108898815747466,Chirimachaya,Sensor 7
7,2021-08-13,0.6615625,0.692854550797098,0.0414422349351737,-0.7550763332635599,Chirimachaya,Sensor 7
7,2021-08-14,0.6737534722222223,0.692854550797098,0.0414422349351737,-0.460908505652621,Chirimachaya,Sensor 7
7,2021-08-15,0.6704479166666667,0.692854550797098,0.0414422349351737,-0.5406714711569259,Chirimachaya,Sensor 7
7,2021-08-16,0.7410694444444444,0.692854550797098,0.0414422349351737,1.163424070221283,Chirimachaya,Sensor 7
7,2021-08-17,0.7612465277777778,0.692854550797098,0.0414422349351737,1.650296541382539,Chirimachaya,Sensor 7
7,2021-08-18,0.7627708333333333,0.692854550797098,0.0414422349351737,1.6870779929123587,Chirimachaya,Sensor 7
7,2021-08-19,0.7655625,0.692854550797098,0.0414422349351737,1.7544408335273407,Chirimachaya,Sensor 7
7,2021-08-20,0.7161180555555555,0.692854550797098,0.0414422349351737,0.5613477360679898,Chirimachaya,Sensor 7
7,2021-08-21,0.6848402777777778,0.692854550797098,0.0414422349351737,-0.19338418962820442,Chirimachaya,Sensor 7
7,2021-08-22,0.6770381944444446,0.692854550797098,0.0414422349351737,-0.38164824791409735,Chirimachaya,Sensor 7
7,2021-08-23,0.6764652777777778,0.692854550797098,0.0414422349351737,-0.3954727114731453,Chirimachaya,Sensor 7
7,2021-08-24,0.6735694444444444,0.692854550797098,0.0414422349351737,-0.46534909091704224,Chirimachaya,Sensor 7
7,2021-08-25,0.6734618055555557,0.692854550797098,0.0414422349351737,-0.4679464143735869,Chirimachaya,Sensor 7
7,2021-08-26,0.6704513888888889,0.692854550797098,0.0414422349351737,-0.5405876865292961,Chirimachaya,Sensor 7
7,2021-08-27,0.6657673611111111,0.692854550797098,0.0414422349351737,-0.6536131492029379,Chirimachaya,Sensor 7
7,2021-08-28,0.6617847222222223,0.692854550797098,0.0414422349351737,-0.749714117095203,Chirimachaya,Sensor 7
7,2021-08-29,0.6577465277777779,0.692854550797098,0.0414422349351737,-0.8471556390295579,Chirimachaya,Sensor 7
7,2021-08-30,0.6601284722222223,0.692854550797098,0.0414422349351737,-0.7896793844749865,Chirimachaya,Sensor 7
7,2021-08-31,0.6666215277777778,0.692854550797098,0.0414422349351737,-0.633002130805816,Chirimachaya,Sensor 7
7,2021-09-01,0.6655520833333334,0.692854550797098,0.0414422349351737,-0.6588077961160326,Chirimachaya,Sensor 7
7,2021-09-02,0.6632708333333334,0.692854550797098,0.0414422349351737,-0.7138542964693189,Chirimachaya,Sensor 7
7,2021-09-03,0.6606666666666667,0.692854550797098,0.0414422349351737,-0.7766927671922472,Chirimachaya,Sensor 7
7,2021-09-04,0.6565486111111112,0.692854550797098,0.0414422349351737,-0.8760613355621059,Chirimachaya,Sensor 7
7,2021-09-05,0.6522326388888889,0.692854550797098,0.0414422349351737,-0.9802056277069078,Chirimachaya,Sensor 7
7,2021-09-06,0.7228159722222222,0.692854550797098,0.0414422349351737,0.722968282767363,Chirimachaya,Sensor 7
7,2021-09-07,0.7529722222222222,0.692854550797098,0.0414422349351737,1.4506377737388831,Chirimachaya,Sensor 7
7,2021-09-08,0.7133055555555555,0.692854550797098,0.0414422349351737,0.49348218768722635,Chirimachaya,Sensor 7
7,2021-09-09,0.6895208333333334,0.692854550797098,0.0414422349351737,-0.08044251158219247,Chirimachaya,Sensor 7
7,2021-09-10,0.67934375,0.692854550797098,0.0414422349351737,-0.32601525516739993,Chirimachaya,Sensor 7
7,2021-09-11,0.7297847222222222,0.692854550797098,0.0414422349351737,0.8911240304219235,Chirimachaya,Sensor 7
7,2021-09-12,0.7329965277777778,0.692854550797098,0.0414422349351737,0.9686248109802029,Chirimachaya,Sensor 7
7,2021-09-13,0.7538194444444444,0.692854550797098,0.0414422349351737,1.4710812228807428,Chirimachaya,Sensor 7
7,2021-09-14,0.7165104166666666,0.692854550797098,0.0414422349351737,0.5708153989902435,Chirimachaya,Sensor 7
7,2021-09-15,0.6812013888888889,0.692854550797098,0.0414422349351737,-0.28119047938504343,Chirimachaya,Sensor 7
7,2021-09-16,0.6733402777777778,0.692854550797098,0.0414422349351737,-0.4708788763406587,Chirimachaya,Sensor 7
7,2021-09-17,0.6669479166666668,0.692854550797098,0.0414422349351737,-0.6251263758085415,Chirimachaya,Sensor 7
7,2021-09-18,0.6618993055555555,0.692854550797098,0.0414422349351737,-0.7469492243833961,Chirimachaya,Sensor 7
7,2021-09-19,0.6629236111111111,0.692854550797098,0.0414422349351737,-0.7222327592323774,Chirimachaya,Sensor 7
7,2021-09-20,0.6616840277777778,0.692854550797098,0.0414422349351737,-0.7521438712964907,Chirimachaya,Sensor 7
7,2021-09-21,0.7032743055555556,0.692854550797098,0.0414422349351737,0.25142839846250453,Chirimachaya,Sensor 7
7,2021-09-22,0.7575138888888889,0.692854550797098,0.0414422349351737,1.5602280666796744,Chirimachaya,Sensor 7
7,2021-09-23,0.7598680555555556,0.692854550797098,0.0414422349351737,1.6170340442132023,Chirimachaya,Sensor 7
7,2021-09-24,0.7378541666666667,0.692854550797098,0.0414422349351737,1.085839505035374,Chirimachaya,Sensor 7
7,2021-09-25,0.7417465277777777,0.692854550797098,0.0414422349351737,1.1797620726092433,Chirimachaya,Sensor 7
7,2021-09-26,0.7109375,0.692854550797098,0.0414422349351737,0.43634107164317676,Chirimachaya,Sensor 7
7,2021-09-27,0.6846180555555557,0.692854550797098,0.0414422349351737,-0.19874640579655867,Chirimachaya,Sensor 7
7,2021-09-28,0.6741875,0.692854550797098,0.0414422349351737,-0.45043542719879914,Chirimachaya,Sensor 7
7,2021-09-29,0.6671736111111112,0.692854550797098,0.0414422349351737,-0.6196803750125548,Chirimachaya,Sensor 7
7,2021-09-30,0.6623194444444445,0.692854550797098,0.0414422349351737,-0.736811284440096,Chirimachaya,Sensor 7
7,2021-10-01,0.6575000000000001,0.692854550797098,0.0414422349351737,-0.8531043475913287,Chirimachaya,Sensor 7
7,2021-10-02,0.6524791666666667,0.692854550797098,0.0414422349351737,-0.974256919145137,Chirimachaya,Sensor 7
7,2021-10-03,0.6474409722222222,0.692854550797098,0.0414422349351737,-1.0958284138370995,Chirimachaya,Sensor 7
7,2021-10-04,0.6474861111111111,0.692854550797098,0.0414422349351737,-1.0947392136779015,Chirimachaya,Sensor 7
7,2021-10-05,0.6476423611111112,0.692854550797098,0.0414422349351737,-1.090968905434524,Chirimachaya,Sensor 7
7,2021-10-06,0.6464687499999999,0.692854550797098,0.0414422349351737,-1.1192881095736607,Chirimachaya,Sensor 7
7,2021-10-07,0.6448368055555556,0.692854550797098,0.0414422349351737,-1.1586668845600279,Chirimachaya,Sensor 7
7,2021-10-08,0.6434062500000001,0.692854550797098,0.0414422349351737,-1.193186151143822,Chirimachaya,Sensor 7
7,2021-10-09,0.6403333333333333,0.692854550797098,0.0414422349351737,-1.2673355465968807,Chirimachaya,Sensor 7
7,2021-10-10,0.6554548611111112,0.692854550797098,0.0414422349351737,-0.9024534932657363,Chirimachaya,Sensor 7
7,2021-10-11,0.6902534722222221,0.692854550797098,0.0414422349351737,-0.06276395515214511,Chirimachaya,Sensor 7
7,2021-10-12,0.6918402777777778,0.692854550797098,0.0414422349351737,-0.024474380324970544,Chirimachaya,Sensor 7
7,2021-10-13,0.6820590277777778,0.692854550797098,0.0414422349351737,-0.2604956763602918,Chirimachaya,Sensor 7
7,2021-10-14,0.6991909722222223,0.692854550797098,0.0414422349351737,0.15289767636895166,Chirimachaya,Sensor 7
7,2021-10-15,0.7578194444444445,0.692854550797098,0.0414422349351737,1.5676011139111647,Chirimachaya,Sensor 7
7,2021-10-16,0.74409375,0.692854550797098,0.0414422349351737,1.2364004808875115,Chirimachaya,Sensor 7
7,2021-10-17,0.7609791666666667,0.692854550797098,0.0414422349351737,1.6438451250549841,Chirimachaya,Sensor 7
7,2021-10-18,0.7641006944444445,0.692854550797098,0.0414422349351737,1.7191675052948705,Chirimachaya,Sensor 7
7,2021-10-19,0.76575,0.692854550797098,0.0414422349351737,1.7589652034193919,Chirimachaya,Sensor 7
7,2021-10-20,0.7667361111111111,0.692854550797098,0.0414422349351737,1.7827600376664723,Chirimachaya,Sensor 7
7,2021-10-21,0.7674791666666666,0.692854550797098,0.0414422349351737,1.8006899479794143,Chirimachaya,Sensor 7
7,2021-10-22,0.7475555555555555,0.692854550797098,0.0414422349351737,1.3199337546351915,Chirimachaya,Sensor 7
7,2021-10-23,0.7656388888888889,0.692854550797098,0.0414422349351737,1.7562840953352121,Chirimachaya,Sensor 7
7,2021-10-24,0.7581319444444445,0.692854550797098,0.0414422349351737,1.5751417303979176,Chirimachaya,Sensor 7
7,2021-10-25,0.7666493055555557,0.692854550797098,0.0414422349351737,1.7806654219757116,Chirimachaya,Sensor 7
7,2021-10-26,0.7688506944444444,0.692854550797098,0.0414422349351737,1.8337848758934914,Chirimachaya,Sensor 7
7,2021-10-27,0.75990625,0.692854550797098,0.0414422349351737,1.6179556751171378,Chirimachaya,Sensor 7
7,2021-10-28,0.7095555555555555,0.692854550797098,0.0414422349351737,0.4029947898462075,Chirimachaya,Sensor 7
7,2021-10-29,0.7514583333333333,0.692854550797098,0.0414422349351737,1.4141076760919555,Chirimachaya,Sensor 7
7,2021-10-30,0.7582951388888889,0.692854550797098,0.0414422349351737,1.579079607896552,Chirimachaya,Sensor 7
7,2021-10-31,0.7456701388888889,0.692854550797098,0.0414422349351737,1.2744387018317913,Chirimachaya,Sensor 7
7,2021-11-01,0.7073020833333333,0.692854550797098,0.0414422349351737,0.3486185665139675,Chirimachaya,Sensor 7
7,2021-11-02,0.7065902777777777,0.692854550797098,0.0414422349351737,0.3314427178496988,Chirimachaya,Sensor 7
7,2021-11-03,0.7265555555555555,0.692854550797098,0.0414422349351737,0.8132043267254898,Chirimachaya,Sensor 7
7,2021-11-04,0.7312569444444444,0.692854550797098,0.0414422349351737,0.9266487125372858,Chirimachaya,Sensor 7
7,2021-11-05,0.69115625,0.692854550797098,0.0414422349351737,-0.040979951968192915,Chirimachaya,Sensor 7
7,2021-11-06,0.6821840277777779,0.692854550797098,0.0414422349351737,-0.2574794297655902,Chirimachaya,Sensor 7
7,2021-11-07,0.6804305555555555,0.692854550797098,0.0414422349351737,-0.29979066671903176,Chirimachaya,Sensor 7
7,2021-11-08,0.7609791666666667,0.692854550797098,0.0414422349351737,1.6438451250549841,Chirimachaya,Sensor 7
7,2021-11-09,0.7458993055555555,0.692854550797098,0.0414422349351737,1.2799684872554078,Chirimachaya,Sensor 7
7,2021-11-10,0.6956111111111111,0.692854550797098,0.0414422349351737,0.06651572528182964,Chirimachaya,Sensor 7
7,2021-11-11,0.6815243055555557,0.692854550797098,0.0414422349351737,-0.27339850901539875,Chirimachaya,Sensor 7
7,2021-11-12,0.6741250000000001,0.692854550797098,0.0414422349351737,-0.4519435504961486,Chirimachaya,Sensor 7
7,2021-11-13,0.7374965277777777,0.692854550797098,0.0414422349351737,1.0772096883894233,Chirimachaya,Sensor 7
7,2021-11-14,0.7171249999999999,0.692854550797098,0.0414422349351737,0.5856452780808542,Chirimachaya,Sensor 7
7,2021-11-15,0.6809097222222222,0.692854550797098,0.0414422349351737,-0.2882283881060121,Chirimachaya,Sensor 7
7,2021-11-16,0.6947118055555556,0.692854550797098,0.0414422349351737,0.044815506725512586,Chirimachaya,Sensor 7
7,2021-11-17,0.7582048611111111,0.692854550797098,0.0414422349351737,1.5769012075781563,Chirimachaya,Sensor 7
7,2021-11-18,0.7071041666666666,0.692854550797098,0.0414422349351737,0.3438428427390244,Chirimachaya,Sensor 7
7,2021-11-19,0.6880486111111112,0.692854550797098,0.0414422349351737,-0.11596719369755479,Chirimachaya,Sensor 7
7,2021-11-20,0.6887222222222222,0.692854550797098,0.0414422349351737,-0.09971297593722443,Chirimachaya,Sensor 7
7,2021-11-21,0.6804375,0.692854550797098,0.0414422349351737,-0.2996230974637695,Chirimachaya,Sensor 7
7,2021-11-22,0.6787604166666666,0.692854550797098,0.0414422349351737,-0.3400910726093372,Chirimachaya,Sensor 7
7,2021-11-23,0.6927777777777777,0.692854550797098,0.0414422349351737,-0.0018525308647178486,Chirimachaya,Sensor 7
7,2021-11-24,0.7433298611111111,0.692854550797098,0.0414422349351737,1.2179678628087853,Chirimachaya,Sensor 7
7,2021-11-25,0.7631284722222222,0.692854550797098,0.0414422349351737,1.6957078095583094,Chirimachaya,Sensor 7
7,2021-11-26,0.7653797909407666,0.692854550797098,0.0414422349351737,1.75003206890547,Chirimachaya,Sensor 7
7,2021-11-27,0.7665208333333333,0.692854550797098,0.0414422349351737,1.7775653907533775,Chirimachaya,Sensor 7
7,2021-11-28,0.7071493055555556,0.692854550797098,0.0414422349351737,0.34493204289822227,Chirimachaya,Sensor 7
7,2021-11-29,0.6852395833333333,0.692854550797098,0.0414422349351737,-0.18374895745068845,Chirimachaya,Sensor 7
7,2021-11-30,0.6789861111111111,0.692854550797098,0.0414422349351737,-0.33464507181335046,Chirimachaya,Sensor 7
7,2021-12-01,0.6741006944444445,0.692854550797098,0.0414422349351737,-0.45253004288956244,Chirimachaya,Sensor 7
7,2021-12-02,0.6925277777777779,0.692854550797098,0.0414422349351737,-0.00788502405411571,Chirimachaya,Sensor 7
7,2021-12-03,0.7387465277777777,0.692854550797098,0.0414422349351737,1.1073721543364288,Chirimachaya,Sensor 7
7,2021-12-04,0.7523680555555555,0.692854550797098,0.0414422349351737,1.4360592485311645,Chirimachaya,Sensor 7
7,2021-12-05,0.7390486111111111,0.692854550797098,0.0414422349351737,1.1146614169402893,Chirimachaya,Sensor 7
7,2021-12-06,0.7057777777777777,0.692854550797098,0.0414422349351737,0.31183711498414507,Chirimachaya,Sensor 7
7,2021-12-07,0.6892569444444444,0.692854550797098,0.0414422349351737,-0.0868101432821175,Chirimachaya,Sensor 7
7,2021-12-08,0.6834027777777778,0.692854550797098,0.0414422349351737,-0.22807102546726088,Chirimachaya,Sensor 7
7,2021-12-09,0.6820625000000001,0.692854550797098,0.0414422349351737,-0.26041189173265933,Chirimachaya,Sensor 7
7,2021-12-10,0.6771597222222223,0.692854550797098,0.0414422349351737,-0.3787157859470282,Chirimachaya,Sensor 7
7,2021-12-11,0.6919652777777778,0.692854550797098,0.0414422349351737,-0.021458133730268936,Chirimachaya,Sensor 7
7,2021-12-12,0.7197430555555555,0.692854550797098,0.0414422349351737,0.6488188873143069,Chirimachaya,Sensor 7
7,2021-12-13,0.7533680555555555,0.692854550797098,0.0414422349351737,1.4601892212887695,Chirimachaya,Sensor 7
7,2021-12-14,0.7422569444444445,0.692854550797098,0.0414422349351737,1.192078412870939,Chirimachaya,Sensor 7
7,2021-12-15,0.6933229166666667,0.692854550797098,0.0414422349351737,0.011301655673283789,Chirimachaya,Sensor 7
7,2021-12-16,0.6887916666666667,0.692854550797098,0.0414422349351737,-0.09803728338461272,Chirimachaya,Sensor 7
7,2021-12-17,0.7282083333333333,0.692854550797098,0.0414422349351737,0.8530858094776436,Chirimachaya,Sensor 7
7,2021-12-18,0.7595902777777778,0.692854550797098,0.0414422349351737,1.6103312740027553,Chirimachaya,Sensor 7
7,2021-12-19,0.7608229166666667,0.692854550797098,0.0414422349351737,1.640074816811609,Chirimachaya,Sensor 7
7,2021-12-20,0.74846875,0.692854550797098,0.0414422349351737,1.341969111702033,Chirimachaya,Sensor 7
7,2021-12-21,0.7588020833333333,0.692854550797098,0.0414422349351737,1.5913121635306153,Chirimachaya,Sensor 7
7,2021-12-22,0.75915625,0.692854550797098,0.0414422349351737,1.5998581955489335,Chirimachaya,Sensor 7
7,2021-12-23,0.70465625,0.692854550797098,0.0414422349351737,0.28477468025947106,Chirimachaya,Sensor 7
7,2021-12-24,0.6904756944444445,0.692854550797098,0.0414422349351737,-0.05740173898378551,Chirimachaya,Sensor 7
7,2021-12-25,0.6810590277777778,0.692854550797098,0.0414422349351737,-0.2846256491178966,Chirimachaya,Sensor 7
7,2021-12-26,0.6721631944444444,0.692854550797098,0.0414422349351737,-0.49928186510742534,Chirimachaya,Sensor 7
7,2021-12-27,0.6637083333333333,0.692854550797098,0.0414422349351737,-0.7032974333878672,Chirimachaya,Sensor 7
7,2021-12-28,0.6555868055555556,0.692854550797098,0.0414422349351737,-0.8992696774157751,Chirimachaya,Sensor 7
7,2021-12-29,0.6742951388888889,0.692854550797098,0.0414422349351737,-0.4478381037422518,Chirimachaya,Sensor 7
7,2021-12-30,0.7509027777777777,0.692854550797098,0.0414422349351737,1.4007021356710618,Chirimachaya,Sensor 7
7,2021-12-31,0.7452187499999999,0.692854550797098,0.0414422349351737,1.2635467002398153,Chirimachaya,Sensor 7
8,2022-01-01,0.695670138888889,0.6820818302891932,0.05946901796494755,0.22849391270770608,Chirimachaya,Sensor 8
8,2022-01-02,0.6799340277777779,0.6820818302891932,0.05946901796494755,-0.036116327205559316,Chirimachaya,Sensor 8
8,2022-01-03,0.6721354166666668,0.6820818302891932,0.05946901796494755,-0.16725370559152522,Chirimachaya,Sensor 8
8,2022-01-04,0.66315625,0.6820818302891932,0.05946901796494755,-0.31824269067884065,Chirimachaya,Sensor 8
8,2022-01-05,0.6542465277777778,0.6820818302891932,0.05946901796494755,-0.46806393419548653,Chirimachaya,Sensor 8
8,2022-01-06,0.6459201388888889,0.6820818302891932,0.05946901796494755,-0.6080761485185261,Chirimachaya,Sensor 8
8,2022-01-07,0.6367534722222222,0.6820818302891932,0.05946901796494755,-0.7622180358466422,Chirimachaya,Sensor 8
8,2022-01-08,0.62634375,0.6820818302891932,0.05946901796494755,-0.937262497289708,Chirimachaya,Sensor 8
8,2022-01-09,0.6163958333333333,0.6820818302891932,0.05946901796494755,-1.104541477287835,Chirimachaya,Sensor 8
8,2022-01-10,0.6087465277777777,0.6820818302891932,0.05946901796494755,-1.2331682112968652,Chirimachaya,Sensor 8
8,2022-01-11,0.602829861111111,0.6820818302891932,0.05946901796494755,-1.3326597931177404,Chirimachaya,Sensor 8
8,2022-01-12,0.5958749999999999,0.6820818302891932,0.05946901796494755,-1.449609111420095,Chirimachaya,Sensor 8
8,2022-01-13,0.5875520833333333,0.6820818302891932,0.05946901796494755,-1.5895629386646,Chirimachaya,Sensor 8
8,2022-01-14,0.7281979166666667,0.6820818302891932,0.05946901796494755,0.7754640644083841,Chirimachaya,Sensor 8
8,2022-01-15,0.7230798611111111,0.6820818302891932,0.05946901796494755,0.6894015106501858,Chirimachaya,Sensor 8
8,2022-01-16,0.6933819444444445,0.6820818302891932,0.05946901796494755,0.19001682795420943,Chirimachaya,Sensor 8
8,2022-01-17,0.6820868055555556,0.6820818302891932,0.05946901796494755,8.366148513284325e-05,Chirimachaya,Sensor 8
8,2022-01-18,0.6739756944444445,0.6820818302891932,0.05946901796494755,-0.13630855396883598,Chirimachaya,Sensor 8
8,2022-01-19,0.6676736111111112,0.6820818302891932,0.05946901796494755,-0.24228110150691473,Chirimachaya,Sensor 8
8,2022-01-20,0.6640590277777778,0.6820818302891932,0.05946901796494755,-0.30306205026016203,Chirimachaya,Sensor 8
8,2022-01-21,0.663,0.6820818302891932,0.05946901796494755,-0.32087010921284215,Chirimachaya,Sensor 8
8,2022-01-22,0.6723090277777778,0.6820818302891932,0.05946901796494755,-0.16433435166485777,Chirimachaya,Sensor 8
8,2022-01-23,0.7494826388888889,0.6820818302891932,0.05946901796494755,1.1333768558179873,Chirimachaya,Sensor 8
8,2022-01-24,0.7154548611111111,0.6820818302891932,0.05946901796494755,0.5611834861908893,Chirimachaya,Sensor 8
8,2022-01-25,0.6834618055555556,0.6820818302891932,0.05946901796494755,0.023204944584350535,Chirimachaya,Sensor 8
8,2022-01-26,0.6752881944444444,0.6820818302891932,0.05946901796494755,-0.11423823828322037,Chirimachaya,Sensor 8
8,2022-01-27,0.683607638888889,0.6820818302891932,0.05946901796494755,0.025657201882753514,Chirimachaya,Sensor 8
8,2022-01-28,0.7514305555555556,0.6820818302891932,0.05946901796494755,1.1661320068752128,Chirimachaya,Sensor 8
8,2022-01-29,0.74321875,0.6820818302891932,0.05946901796494755,1.0280465661437752,Chirimachaya,Sensor 8
8,2022-01-30,0.7055451388888889,0.6820818302891932,0.05946901796494755,0.39454676405663075,Chirimachaya,Sensor 8
8,2022-01-31,0.7046111111111111,0.6820818302891932,0.05946901796494755,0.37884063993115114,Chirimachaya,Sensor 8
8,2022-02-01,0.7039097222222223,0.6820818302891932,0.05946901796494755,0.36704645006741005,Chirimachaya,Sensor 8
8,2022-02-02,0.6855868055555556,0.6820818302891932,0.05946901796494755,0.058937836646778215,Chirimachaya,Sensor 8
8,2022-02-03,0.676625,0.6820818302891932,0.05946901796494755,-0.09175921304786937,Chirimachaya,Sensor 8
8,2022-02-04,0.6676215277777778,0.6820818302891932,0.05946901796494755,-0.24315690768491646,Chirimachaya,Sensor 8
8,2022-02-05,0.6592361111111111,0.6820818302891932,0.05946901796494755,-0.3841617023430234,Chirimachaya,Sensor 8
8,2022-02-06,0.6560416666666666,0.6820818302891932,0.05946901796494755,-0.4378778145937315,Chirimachaya,Sensor 8
8,2022-02-07,0.6585104166666667,0.6820818302891932,0.05946901796494755,-0.39636460175649985,Chirimachaya,Sensor 8
8,2022-02-08,0.6622847222222222,0.6820818302891932,0.05946901796494755,-0.33289784739071826,Chirimachaya,Sensor 8
8,2022-02-09,0.6628506944444444,0.6820818302891932,0.05946901796494755,-0.3233807535897779,Chirimachaya,Sensor 8
8,2022-02-10,0.6631215277777778,0.6820818302891932,0.05946901796494755,-0.31882656146417454,Chirimachaya,Sensor 8
8,2022-02-11,0.7010868055555555,0.6820818302891932,0.05946901796494755,0.3195777552197722,Chirimachaya,Sensor 8
8,2022-02-12,0.7503506944444445,0.6820818302891932,0.05946901796494755,1.1479736254513322,Chirimachaya,Sensor 8
8,2022-02-13,0.7542604166666667,0.6820818302891932,0.05946901796494755,1.2137174758799145,Chirimachaya,Sensor 8
8,2022-02-14,0.7554548611111112,0.6820818302891932,0.05946901796494755,1.233802630895397,Chirimachaya,Sensor 8
8,2022-02-15,0.7418229166666667,0.6820818302891932,0.05946901796494755,1.004574960573357,Chirimachaya,Sensor 8
8,2022-02-16,0.7113333333333333,0.6820818302891932,0.05946901796494755,0.49187802397176905,Chirimachaya,Sensor 8
8,2022-02-17,0.6910729166666667,0.6820818302891932,0.05946901796494755,0.15118942072951394,Chirimachaya,Sensor 8
8,2022-02-18,0.6814513888888889,0.6820818302891932,0.05946901796494755,-0.010601173886475206,Chirimachaya,Sensor 8
8,2022-02-19,0.6740173611111112,0.6820818302891932,0.05946901796494755,-0.1356079090264346,Chirimachaya,Sensor 8
8,2022-02-20,0.6668125,0.6820818302891932,0.05946901796494755,-0.2567610969831938,Chirimachaya,Sensor 8
8,2022-02-21,0.6595347222222222,0.6820818302891932,0.05946901796494755,-0.3791404135891536,Chirimachaya,Sensor 8
8,2022-02-22,0.6532743055555555,0.6820818302891932,0.05946901796494755,-0.4844123161848329,Chirimachaya,Sensor 8
8,2022-02-23,0.6519930555555555,0.6820818302891932,0.05946901796494755,-0.5059571481636493,Chirimachaya,Sensor 8
8,2022-02-24,0.6575625,0.6820818302891932,0.05946901796494755,-0.4123042741961108,Chirimachaya,Sensor 8
8,2022-02-25,0.7305972222222222,0.6820818302891932,0.05946901796494755,0.8158095356749481,Chirimachaya,Sensor 8
8,2022-02-26,0.7469131944444444,0.6820818302891932,0.05946901796494755,1.090170417703287,Chirimachaya,Sensor 8
8,2022-02-27,0.7508402777777777,0.6820818302891932,0.05946901796494755,1.1562062035245373,Chirimachaya,Sensor 8
8,2022-02-28,0.7529201388888889,0.6820818302891932,0.05946901796494755,1.1911800635660306,Chirimachaya,Sensor 8
8,2022-03-01,0.75575,0.6820818302891932,0.05946901796494755,1.238765532570734,Chirimachaya,Sensor 8
8,2022-03-02,0.7576909722222223,0.6820818302891932,0.05946901796494755,1.2714039094708922,Chirimachaya,Sensor 8
8,2022-03-03,0.7592534722222222,0.6820818302891932,0.05946901796494755,1.2976780948109103,Chirimachaya,Sensor 8
8,2022-03-04,0.7604791666666667,0.6820818302891932,0.05946901796494755,1.318288733533194,Chirimachaya,Sensor 8
8,2022-03-05,0.7587534722222222,0.6820818302891932,0.05946901796494755,1.289270355502105,Chirimachaya,Sensor 8
8,2022-03-06,0.7482777777777777,0.6820818302891932,0.05946901796494755,1.1131165395669043,Chirimachaya,Sensor 8
8,2022-03-07,0.7311388888888888,0.6820818302891932,0.05946901796494755,0.824917919926153,Chirimachaya,Sensor 8
8,2022-03-08,0.6919409722222222,0.6820818302891932,0.05946901796494755,0.16578619036285683,Chirimachaya,Sensor 8
8,2022-03-09,0.6821284722222223,0.6820818302891932,0.05946901796494755,0.000784306427534228,Chirimachaya,Sensor 8
8,2022-03-10,0.6743472222222223,0.6820818302891932,0.05946901796494755,-0.13006113656576382,Chirimachaya,Sensor 8
8,2022-03-11,0.6747152777777778,0.6820818302891932,0.05946901796494755,-0.12387210624122634,Chirimachaya,Sensor 8
8,2022-03-12,0.6735000000000001,0.6820818302891932,0.05946901796494755,-0.14430758372790786,Chirimachaya,Sensor 8
8,2022-03-13,0.6688020833333334,0.6820818302891932,0.05946901796494755,-0.2233053009835688,Chirimachaya,Sensor 8
8,2022-03-14,0.744267361111111,0.6820818302891932,0.05946901796494755,1.045679463860853,Chirimachaya,Sensor 8
8,2022-03-15,0.7481284722222222,0.6820818302891932,0.05946901796494755,1.1106058951899704,Chirimachaya,Sensor 8
8,2022-03-16,0.7505243055555556,0.6820818302891932,0.05946901796494755,1.1508929793780014,Chirimachaya,Sensor 8
8,2022-03-17,0.7542708333333333,0.6820818302891932,0.05946901796494755,1.2138926371155148,Chirimachaya,Sensor 8
8,2022-03-18,0.7499895833333334,0.6820818302891932,0.05946901796494755,1.1419013692838622,Chirimachaya,Sensor 8
8,2022-03-19,0.7563576388888889,0.6820818302891932,0.05946901796494755,1.248983271314074,Chirimachaya,Sensor 8
8,2022-03-20,0.7539236111111111,0.6820818302891932,0.05946901796494755,1.2080539292621761,Chirimachaya,Sensor 8
8,2022-03-21,0.7565173611111111,0.6820818302891932,0.05946901796494755,1.2516690769266101,Chirimachaya,Sensor 8
8,2022-03-22,0.7247222222222223,0.6820818302891932,0.05946901796494755,0.7170185987964741,Chirimachaya,Sensor 8
8,2022-03-23,0.6936006944444444,0.6820818302891932,0.05946901796494755,0.1936952139018111,Chirimachaya,Sensor 8
8,2022-03-24,0.6980416666666666,0.6820818302891932,0.05946901796494755,0.26837228734599994,Chirimachaya,Sensor 8
8,2022-03-25,0.6926145833333333,0.6820818302891932,0.05946901796494755,0.17711328359833156,Chirimachaya,Sensor 8
8,2022-03-26,0.7080798611111111,0.6820818302891932,0.05946901796494755,0.43716933138599545,Chirimachaya,Sensor 8
8,2022-03-27,0.7507083333333333,0.6820818302891932,0.05946901796494755,1.1539874945402693,Chirimachaya,Sensor 8
8,2022-03-28,0.7534826388888889,0.6820818302891932,0.05946901796494755,1.2006387702884382,Chirimachaya,Sensor 8
8,2022-03-29,0.7279097222222223,0.6820818302891932,0.05946901796494755,0.7706179368901147,Chirimachaya,Sensor 8
8,2022-03-30,0.7074131944444444,0.6820818302891932,0.05946901796494755,0.42595901230758637,Chirimachaya,Sensor 8
8,2022-03-31,0.7067951388888889,0.6820818302891932,0.05946901796494755,0.41556611232864615,Chirimachaya,Sensor 8
8,2022-04-01,0.7550659722222223,0.6820818302891932,0.05946901796494755,1.227263278099659,Chirimachaya,Sensor 8
8,2022-04-02,0.7565763888888889,0.6820818302891932,0.05946901796494755,1.2526616572616776,Chirimachaya,Sensor 8
8,2022-04-03,0.7262673611111111,0.6820818302891932,0.05946901796494755,0.7430008487438264,Chirimachaya,Sensor 8
8,2022-04-04,0.6916145833333333,0.6820818302891932,0.05946901796494755,0.16029780498071888,Chirimachaya,Sensor 8
8,2022-04-05,0.6833784722222223,0.6820818302891932,0.05946901796494755,0.021803654699549632,Chirimachaya,Sensor 8
8,2022-04-06,0.6767395833333334,0.6820818302891932,0.05946901796494755,-0.08983243945626743,Chirimachaya,Sensor 8
8,2022-04-07,0.6713645833333334,0.6820818302891932,0.05946901796494755,-0.1802156370259359,Chirimachaya,Sensor 8
8,2022-04-08,0.6674618055555556,0.6820818302891932,0.05946901796494755,-0.2458427132974526,Chirimachaya,Sensor 8
8,2022-04-09,0.7360763888888889,0.6820818302891932,0.05946901796494755,0.9079443456006181,Chirimachaya,Sensor 8
8,2022-04-10,0.7373645833333333,0.6820818302891932,0.05946901796494755,0.9296059517365002,Chirimachaya,Sensor 8
8,2022-04-11,0.6913333333333332,0.6820818302891932,0.05946901796494755,0.15556845161951513,Chirimachaya,Sensor 8
8,2022-04-12,0.6813784722222223,0.6820818302891932,0.05946901796494755,-0.011827302535675762,Chirimachaya,Sensor 8
8,2022-04-13,0.67596875,0.6820818302891932,0.05946901796494755,-0.10279437089067811,Chirimachaya,Sensor 8
8,2022-04-14,0.6729548611111111,0.6820818302891932,0.05946901796494755,-0.15347435505764936,Chirimachaya,Sensor 8
8,2022-04-15,0.6774305555555556,0.6820818302891932,0.05946901796494755,-0.07821341082812482,Chirimachaya,Sensor 8
8,2022-04-16,0.6820972222222222,0.6820818302891932,0.05946901796494755,0.0002588227207331894,Chirimachaya,Sensor 8
8,2022-04-17,0.70821875,0.6820818302891932,0.05946901796494755,0.4395048145273309,Chirimachaya,Sensor 8
8,2022-04-18,0.73503125,0.6820818302891932,0.05946901796494755,0.8903698349620712,Chirimachaya,Sensor 8
8,2022-04-19,0.759263888888889,0.6820818302891932,0.05946901796494755,1.2978532560465126,Chirimachaya,Sensor 8
8,2022-04-20,0.7619583333333334,0.6820818302891932,0.05946901796494755,1.3431616289884134,Chirimachaya,Sensor 8
8,2022-04-21,0.7644513888888889,0.6820818302891932,0.05946901796494755,1.3850835513753768,Chirimachaya,Sensor 8
8,2022-04-22,0.7643090277777778,0.6820818302891932,0.05946901796494755,1.3826896811555085,Chirimachaya,Sensor 8
8,2022-04-23,0.7234097222222222,0.6820818302891932,0.05946901796494755,0.6949482831108567,Chirimachaya,Sensor 8
8,2022-04-24,0.7187847222222222,0.6820818302891932,0.05946901796494755,0.6171766945043982,Chirimachaya,Sensor 8
8,2022-04-25,0.6922395833333332,0.6820818302891932,0.05946901796494755,0.17080747911672658,Chirimachaya,Sensor 8
8,2022-04-26,0.6853923611111111,0.6820818302891932,0.05946901796494755,0.0556681602489082,Chirimachaya,Sensor 8
8,2022-04-27,0.6834618055555556,0.6820818302891932,0.05946901796494755,0.023204944584350535,Chirimachaya,Sensor 8
8,2022-04-28,0.7115868055555556,0.6820818302891932,0.05946901796494755,0.49614028070470834,Chirimachaya,Sensor 8
8,2022-04-29,0.7568645833333334,0.6820818302891932,0.05946901796494755,1.2575077847799487,Chirimachaya,Sensor 8
8,2022-04-30,0.761125,0.6820818302891932,0.05946901796494755,1.3291487301404026,Chirimachaya,Sensor 8
8,2022-05-01,0.7455173611111111,0.6820818302891932,0.05946901796494755,1.0666988121328704,Chirimachaya,Sensor 8
8,2022-05-02,0.6951666666666667,0.6820818302891932,0.05946901796494755,0.220027786320366,Chirimachaya,Sensor 8
8,2022-05-03,0.6854027777777778,0.6820818302891932,0.05946901796494755,0.055843321484508546,Chirimachaya,Sensor 8
8,2022-05-04,0.6783680555555556,0.6820818302891932,0.05946901796494755,-0.0624488996241142,Chirimachaya,Sensor 8
8,2022-05-05,0.6756805555555556,0.6820818302891932,0.05946901796494755,-0.1076404984089475,Chirimachaya,Sensor 8
8,2022-05-06,0.7009444444444445,0.6820818302891932,0.05946901796494755,0.3171838849999058,Chirimachaya,Sensor 8
8,2022-05-07,0.7555104166666666,0.6820818302891932,0.05946901796494755,1.2347368241519299,Chirimachaya,Sensor 8
8,2022-05-08,0.7190590277777777,0.6820818302891932,0.05946901796494755,0.6217892737085344,Chirimachaya,Sensor 8
8,2022-05-09,0.6887951388888889,0.6820818302891932,0.05946901796494755,0.11288749721161763,Chirimachaya,Sensor 8
8,2022-05-10,0.7106006944444445,0.6820818302891932,0.05946901796494755,0.4795583504012288,Chirimachaya,Sensor 8
8,2022-05-11,0.7556840277777778,0.6820818302891932,0.05946901796494755,1.2376561780785993,Chirimachaya,Sensor 8
8,2022-05-12,0.7577673611111111,0.6820818302891932,0.05946901796494755,1.2726884251986255,Chirimachaya,Sensor 8
8,2022-05-13,0.7595416666666667,0.6820818302891932,0.05946901796494755,1.3025242223291817,Chirimachaya,Sensor 8
8,2022-05-14,0.7401701388888889,0.6820818302891932,0.05946901796494755,0.9767827111914702,Chirimachaya,Sensor 8
8,2022-05-15,0.7596354166666667,0.6820818302891932,0.05946901796494755,1.304100673449583,Chirimachaya,Sensor 8
8,2022-05-16,0.7596875,0.6820818302891932,0.05946901796494755,1.304976479627583,Chirimachaya,Sensor 8
8,2022-05-17,0.7335381944444443,0.6820818302891932,0.05946901796494755,0.8652633911927169,Chirimachaya,Sensor 8
8,2022-05-18,0.7616701388888889,0.6820818302891932,0.05946901796494755,1.3383155014701422,Chirimachaya,Sensor 8
8,2022-05-19,0.7538645833333333,0.6820818302891932,0.05946901796494755,1.2070613489271087,Chirimachaya,Sensor 8
8,2022-05-20,0.7088715277777777,0.6820818302891932,0.05946901796494755,0.4504815852916049,Chirimachaya,Sensor 8
8,2022-05-21,0.6900729166666666,0.6820818302891932,0.05946901796494755,0.13437394211189937,Chirimachaya,Sensor 8
8,2022-05-22,0.6827881944444445,0.6820818302891932,0.05946901796494755,0.011877851348875795,Chirimachaya,Sensor 8
8,2022-05-23,0.6776875,0.6820818302891932,0.05946901796494755,-0.07389276701665645,Chirimachaya,Sensor 8
8,2022-05-24,0.6720798611111112,0.6820818302891932,0.05946901796494755,-0.1681878988480598,Chirimachaya,Sensor 8
8,2022-05-25,0.6707361111111112,0.6820818302891932,0.05946901796494755,-0.19078369824047642,Chirimachaya,Sensor 8
8,2022-05-26,0.6813298611111112,0.6820818302891932,0.05946901796494755,-0.012644721635142799,Chirimachaya,Sensor 8
8,2022-05-27,0.6926527777777777,0.6820818302891932,0.05946901796494755,0.17775554146219827,Chirimachaya,Sensor 8
8,2022-05-28,0.6904131944444445,0.6820818302891932,0.05946901796494755,0.14009587580817237,Chirimachaya,Sensor 8
8,2022-05-29,0.690767361111111,0.6820818302891932,0.05946901796494755,0.1460513578185748,Chirimachaya,Sensor 8
8,2022-05-30,0.68821875,0.6820818302891932,0.05946901796494755,0.10319524217507696,Chirimachaya,Sensor 8
8,2022-05-31,0.6856215277777777,0.6820818302891932,0.05946901796494755,0.059521707432110216,Chirimachaya,Sensor 8
8,2022-06-01,0.6817048611111112,0.6820818302891932,0.05946901796494755,-0.006338917153537804,Chirimachaya,Sensor 8
8,2022-06-02,0.6777916666666667,0.6820818302891932,0.05946901796494755,-0.07214115466065486,Chirimachaya,Sensor 8
8,2022-06-03,0.6746597222222223,0.6820818302891932,0.05946901796494755,-0.1248062994977609,Chirimachaya,Sensor 8
8,2022-06-04,0.7035590277777778,0.6820818302891932,0.05946901796494755,0.36114935513553853,Chirimachaya,Sensor 8
8,2022-06-05,0.7351944444444444,0.6820818302891932,0.05946901796494755,0.8931140276531383,Chirimachaya,Sensor 8
8,2022-06-06,0.6960555555555555,0.6820818302891932,0.05946901796494755,0.23497487842490955,Chirimachaya,Sensor 8
8,2022-06-07,0.6874236111111112,0.6820818302891932,0.05946901796494755,0.08982460119093463,Chirimachaya,Sensor 8
8,2022-06-08,0.6842083333333334,0.6820818302891932,0.05946901796494755,0.0357581664690277,Chirimachaya,Sensor 8
8,2022-06-09,0.7488506944444445,0.6820818302891932,0.05946901796494755,1.122750407524914,Chirimachaya,Sensor 8
8,2022-06-10,0.7514409722222222,0.6820818302891932,0.05946901796494755,1.1663071681108113,Chirimachaya,Sensor 8
8,2022-06-11,0.7413194444444444,0.6820818302891932,0.05946901796494755,0.9961088341860168,Chirimachaya,Sensor 8
8,2022-06-12,0.7074374999999999,0.6820818302891932,0.05946901796494755,0.42636772185731986,Chirimachaya,Sensor 8
8,2022-06-13,0.6952395833333332,0.6820818302891932,0.05946901796494755,0.22125391496956467,Chirimachaya,Sensor 8
8,2022-06-14,0.6888020833333334,0.6820818302891932,0.05946901796494755,0.11300427136868516,Chirimachaya,Sensor 8
8,2022-06-15,0.6832048611111111,0.6820818302891932,0.05946901796494755,0.018884300772880308,Chirimachaya,Sensor 8
8,2022-06-16,0.6778402777777779,0.6820818302891932,0.05946901796494755,-0.07132373556118596,Chirimachaya,Sensor 8
8,2022-06-17,0.6726423611111111,0.6820818302891932,0.05946901796494755,-0.15872919212565414,Chirimachaya,Sensor 8
8,2022-06-18,0.6674722222222222,0.6820818302891932,0.05946901796494755,-0.24566755206185226,Chirimachaya,Sensor 8
8,2022-06-19,0.6672847222222222,0.6820818302891932,0.05946901796494755,-0.24882045430265476,Chirimachaya,Sensor 8
8,2022-06-20,0.6673506944444445,0.6820818302891932,0.05946901796494755,-0.24771109981051986,Chirimachaya,Sensor 8
8,2022-06-21,0.6651840277777779,0.6820818302891932,0.05946901796494755,-0.2841446368153471,Chirimachaya,Sensor 8
8,2022-06-22,0.6632916666666667,0.6820818302891932,0.05946901796494755,-0.315965594616038,Chirimachaya,Sensor 8
8,2022-06-23,0.6681979166666667,0.6820818302891932,0.05946901796494755,-0.2334646526483758,Chirimachaya,Sensor 8
8,2022-06-24,0.72840625,0.6820818302891932,0.05946901796494755,0.7789672891203874,Chirimachaya,Sensor 8
8,2022-06-25,0.7547534722222222,0.6820818302891932,0.05946901796494755,1.2220084410316543,Chirimachaya,Sensor 8
8,2022-06-26,0.7571423611111111,0.6820818302891932,0.05946901796494755,1.262178751062618,Chirimachaya,Sensor 8
8,2022-06-27,0.759076388888889,0.6820818302891932,0.05946901796494755,1.2947003538057102,Chirimachaya,Sensor 8
8,2022-06-28,0.7264652777777777,0.6820818302891932,0.05946901796494755,0.7463289122202275,Chirimachaya,Sensor 8
8,2022-06-29,0.6988090277777776,0.6820818302891932,0.05946901796494755,0.2812758317018759,Chirimachaya,Sensor 8
8,2022-06-30,0.6970659722222222,0.6820818302891932,0.05946901796494755,0.2519655182781226,Chirimachaya,Sensor 8
8,2022-07-01,0.6957291666666666,0.6820818302891932,0.05946901796494755,0.2294864930427716,Chirimachaya,Sensor 8
8,2022-07-02,0.6907569444444444,0.6820818302891932,0.05946901796494755,0.14587619658297446,Chirimachaya,Sensor 8
8,2022-07-03,0.7344930555555556,0.6820818302891932,0.05946901796494755,0.8813198377893973,Chirimachaya,Sensor 8
8,2022-07-04,0.75646875,0.6820818302891932,0.05946901796494755,1.2508516578271431,Chirimachaya,Sensor 8
8,2022-07-05,0.7592048611111112,0.6820818302891932,0.05946901796494755,1.2968606757114454,Chirimachaya,Sensor 8
8,2022-07-06,0.761548611111111,0.6820818302891932,0.05946901796494755,1.3362719537214727,Chirimachaya,Sensor 8
8,2022-07-07,0.7626701388888889,0.6820818302891932,0.05946901796494755,1.355130980087755,Chirimachaya,Sensor 8
8,2022-07-08,0.7332534722222221,0.6820818302891932,0.05946901796494755,0.8604756507529803,Chirimachaya,Sensor 8
8,2022-07-09,0.7585902777777778,0.6820818302891932,0.05946901796494755,1.286526162811036,Chirimachaya,Sensor 8
8,2022-07-10,0.7564201388888888,0.6820818302891932,0.05946901796494755,1.2500342387276742,Chirimachaya,Sensor 8
8,2022-07-11,0.71465625,0.6820818302891932,0.05946901796494755,0.5477544581282123,Chirimachaya,Sensor 8
8,2022-07-12,0.7017326388888888,0.6820818302891932,0.05946901796494755,0.3304377518269806,Chirimachaya,Sensor 8
8,2022-07-13,0.6967118055555556,0.6820818302891932,0.05946901796494755,0.2460100362677183,Chirimachaya,Sensor 8
8,2022-07-14,0.6930694444444444,0.6820818302891932,0.05946901796494755,0.18476199088620465,Chirimachaya,Sensor 8
8,2022-07-15,0.6875868055555556,0.6820818302891932,0.05946901796494755,0.0925687938820036,Chirimachaya,Sensor 8
8,2022-07-16,0.6816666666666668,0.6820818302891932,0.05946901796494755,-0.0069811750174044954,Chirimachaya,Sensor 8
8,2022-07-17,0.676888888888889,0.6820818302891932,0.05946901796494755,-0.08732179507933162,Chirimachaya,Sensor 8
8,2022-07-18,0.6761458333333334,0.6820818302891932,0.05946901796494755,-0.09981662988547409,Chirimachaya,Sensor 8
8,2022-07-19,0.6779895833333334,0.6820818302891932,0.05946901796494755,-0.06881309118425202,Chirimachaya,Sensor 8
8,2022-07-20,0.677982638888889,0.6820818302891932,0.05946901796494755,-0.06892986534131768,Chirimachaya,Sensor 8
8,2022-07-21,0.6780555555555555,0.6820818302891932,0.05946901796494755,-0.06770373669211899,Chirimachaya,Sensor 8
8,2022-07-22,0.6797361111111111,0.6820818302891932,0.05946901796494755,-0.03944439068196403,Chirimachaya,Sensor 8
8,2022-07-23,0.6790277777777778,0.6820818302891932,0.05946901796494755,-0.05135535470277263,Chirimachaya,Sensor 8
8,2022-07-24,0.6802604166666667,0.6820818302891932,0.05946901796494755,-0.030627941823423224,Chirimachaya,Sensor 8
8,2022-07-25,0.6864131944444445,0.6820818302891932,0.05946901796494755,0.07283396133772159,Chirimachaya,Sensor 8
8,2022-07-26,0.7199166666666666,0.6820818302891932,0.05946901796494755,0.6362108821062789,Chirimachaya,Sensor 8
8,2022-07-27,0.75990625,0.6820818302891932,0.05946901796494755,1.3086548655751864,Chirimachaya,Sensor 8
8,2022-07-28,0.7617743055555555,0.6820818302891932,0.05946901796494755,1.340067113826142,Chirimachaya,Sensor 8
8,2022-07-29,0.72675,0.6820818302891932,0.05946901796494755,0.7511166526599659,Chirimachaya,Sensor 8
8,2022-07-30,0.7000034722222223,0.6820818302891932,0.05946901796494755,0.3013609867173605,Chirimachaya,Sensor 8
8,2022-07-31,0.6913090277777777,0.6820818302891932,0.05946901796494755,0.15515974206978161,Chirimachaya,Sensor 8
8,2022-08-01,0.6841597222222222,0.6820818302891932,0.05946901796494755,0.034940747369558794,Chirimachaya,Sensor 8
8,2022-08-02,0.6855833333333333,0.6820818302891932,0.05946901796494755,0.05887944956824352,Chirimachaya,Sensor 8
8,2022-08-03,0.6864583333333334,0.6820818302891932,0.05946901796494755,0.0735929933586558,Chirimachaya,Sensor 8
8,2022-08-04,0.7022222222222223,0.6820818302891932,0.05946901796494755,0.3386703299001894,Chirimachaya,Sensor 8
8,2022-08-05,0.7322361111111111,0.6820818302891932,0.05946901796494755,0.8433682367427017,Chirimachaya,Sensor 8
8,2022-08-06,0.7136875,0.6820818302891932,0.05946901796494755,0.5314644632174006,Chirimachaya,Sensor 8
8,2022-08-07,0.6992847222222222,0.6820818302891932,0.05946901796494755,0.28927486146094966,Chirimachaya,Sensor 8
8,2022-08-08,0.6910729166666667,0.6820818302891932,0.05946901796494755,0.15118942072951394,Chirimachaya,Sensor 8
8,2022-08-09,0.6865694444444445,0.6820818302891932,0.05946901796494755,0.07546137987172305,Chirimachaya,Sensor 8
8,2022-08-10,0.7305625,0.6820818302891932,0.05946901796494755,0.8152256648896142,Chirimachaya,Sensor 8
8,2022-08-11,0.753361111111111,0.6820818302891932,0.05946901796494755,1.1985952225397687,Chirimachaya,Sensor 8
8,2022-08-12,0.7526909722222223,0.6820818302891932,0.05946901796494755,1.1873265163828286,Chirimachaya,Sensor 8
8,2022-08-13,0.7079548611111111,0.6820818302891932,0.05946901796494755,0.4350673965587932,Chirimachaya,Sensor 8
8,2022-08-14,0.6926145833333333,0.6820818302891932,0.05946901796494755,0.17711328359833156,Chirimachaya,Sensor 8
8,2022-08-15,0.6839479166666667,0.6820818302891932,0.05946901796494755,0.03137913557902278,Chirimachaya,Sensor 8
8,2022-08-16,0.676857638888889,0.6820818302891932,0.05946901796494755,-0.08784727878613266,Chirimachaya,Sensor 8
8,2022-08-17,0.6886145833333334,0.6820818302891932,0.05946901796494755,0.10985136912788265,Chirimachaya,Sensor 8
8,2022-08-18,0.7498368055555555,0.6820818302891932,0.05946901796494755,1.1393323378283917,Chirimachaya,Sensor 8
8,2022-08-19,0.7089444444444444,0.6820818302891932,0.05946901796494755,0.4517077139408055,Chirimachaya,Sensor 8
8,2022-08-20,0.7455104166666666,0.6820818302891932,0.05946901796494755,1.0665820379758029,Chirimachaya,Sensor 8
8,2022-08-21,0.7504548611111111,0.6820818302891932,0.05946901796494755,1.1497252378073337,Chirimachaya,Sensor 8
8,2022-08-22,0.7507569444444444,0.6820818302891932,0.05946901796494755,1.1548049136397363,Chirimachaya,Sensor 8
8,2022-08-23,0.7122986111111111,0.6820818302891932,0.05946901796494755,0.5081096318040498,Chirimachaya,Sensor 8
8,2022-08-24,0.6970451388888889,0.6820818302891932,0.05946901796494755,0.25161519580692193,Chirimachaya,Sensor 8
8,2022-08-25,0.6887256944444444,0.6820818302891932,0.05946901796494755,0.1117197556409499,Chirimachaya,Sensor 8
8,2022-08-26,0.68178125,0.6820818302891932,0.05946901796494755,-0.005054401425804421,Chirimachaya,Sensor 8
8,2022-08-27,0.6755486111111112,0.6820818302891932,0.05946901796494755,-0.10985920739321545,Chirimachaya,Sensor 8
8,2022-08-28,0.6707847222222223,0.6820818302891932,0.05946901796494755,-0.1899662791410094,Chirimachaya,Sensor 8
8,2022-08-29,0.6779305555555556,0.6820818302891932,0.05946901796494755,-0.0698056715193194,Chirimachaya,Sensor 8
8,2022-08-30,0.7396215277777778,0.6820818302891932,0.05946901796494755,0.9675575527831959,Chirimachaya,Sensor 8
8,2022-08-31,0.7532743055555556,0.6820818302891932,0.05946901796494755,1.1971355455764368,Chirimachaya,Sensor 8
8,2022-09-01,0.7505833333333334,0.6820818302891932,0.05946901796494755,1.1518855597130688,Chirimachaya,Sensor 8
8,2022-09-02,0.7142708333333333,0.6820818302891932,0.05946901796494755,0.541273492411007,Chirimachaya,Sensor 8
8,2022-09-03,0.7025902777777777,0.6820818302891932,0.05946901796494755,0.344859360224725,Chirimachaya,Sensor 8
8,2022-09-04,0.7066631944444444,0.6820818302891932,0.05946901796494755,0.41334740334437636,Chirimachaya,Sensor 8
8,2022-09-05,0.730829861111111,0.6820818302891932,0.05946901796494755,0.8197214699366829,Chirimachaya,Sensor 8
8,2022-09-06,0.7162673611111111,0.6820818302891932,0.05946901796494755,0.5748460625676995,Chirimachaya,Sensor 8
8,2022-09-07,0.7011562499999999,0.6820818302891932,0.05946901796494755,0.32074549679043995,Chirimachaya,Sensor 8
8,2022-09-08,0.6933124999999999,0.6820818302891932,0.05946901796494755,0.18884908638353984,Chirimachaya,Sensor 8
8,2022-09-09,0.6848506944444446,0.6820818302891932,0.05946901796494755,0.046559775997703265,Chirimachaya,Sensor 8
8,2022-09-10,0.6792777777777778,0.6820818302891932,0.05946901796494755,-0.047151485048369926,Chirimachaya,Sensor 8
8,2022-09-11,0.6818125,0.6820818302891932,0.05946901796494755,-0.004528917719003383,Chirimachaya,Sensor 8
8,2022-09-12,0.6805902777777778,0.6820818302891932,0.05946901796494755,-0.025081169362752443,Chirimachaya,Sensor 8
8,2022-09-13,0.6754305555555555,0.6820818302891932,0.05946901796494755,-0.11184436806335207,Chirimachaya,Sensor 8
8,2022-09-14,0.6674479166666667,0.6820818302891932,0.05946901796494755,-0.2460762616115858,Chirimachaya,Sensor 8
8,2022-09-15,0.6593784722222222,0.6820818302891932,0.05946901796494755,-0.38176783212315507,Chirimachaya,Sensor 8
8,2022-09-16,0.6561006944444445,0.6820818302891932,0.05946901796494755,-0.4368852342586622,Chirimachaya,Sensor 8
8,2022-09-17,0.6603125000000001,0.6820818302891932,0.05946901796494755,-0.36606170799767546,Chirimachaya,Sensor 8
8,2022-09-18,0.6649791666666667,0.6820818302891932,0.05946901796494755,-0.28758947444881744,Chirimachaya,Sensor 8
8,2022-09-19,0.6630104166666667,0.6820818302891932,0.05946901796494755,-0.3206949479772418,Chirimachaya,Sensor 8
8,2022-09-20,0.6577256944444445,0.6820818302891932,0.05946901796494755,-0.40956008150504186,Chirimachaya,Sensor 8
8,2022-09-21,0.6509895833333333,0.6820818302891932,0.05946901796494755,-0.5228310138597948,Chirimachaya,Sensor 8
8,2022-09-22,0.6436493055555556,0.6820818302891932,0.05946901796494755,-0.6462612978793548,Chirimachaya,Sensor 8
8,2022-09-23,0.6414722222222222,0.6820818302891932,0.05946901796494755,-0.6828699961197824,Chirimachaya,Sensor 8
8,2022-09-24,0.6414201388888889,0.6820818302891932,0.05946901796494755,-0.6837458022977823,Chirimachaya,Sensor 8
8,2022-09-25,0.6408541666666667,0.6820818302891932,0.05946901796494755,-0.6932628960987226,Chirimachaya,Sensor 8
8,2022-09-26,0.6436631944444444,0.6820818302891932,0.05946901796494755,-0.6460277495652217,Chirimachaya,Sensor 8
8,2022-09-27,0.6493680555555555,0.6820818302891932,0.05946901796494755,-0.5500977795348824,Chirimachaya,Sensor 8
8,2022-09-28,0.6476527777777777,0.6820818302891932,0.05946901796494755,-0.5789409963303712,Chirimachaya,Sensor 8
8,2022-09-29,0.6438090277777778,0.6820818302891932,0.05946901796494755,-0.6435754922668186,Chirimachaya,Sensor 8
8,2022-09-30,0.6704965277777778,0.6820818302891932,0.05946901796494755,-0.19481240665928065,Chirimachaya,Sensor 8
8,2022-10-01,0.7420104166666666,0.6820818302891932,0.05946901796494755,1.0077278628141575,Chirimachaya,Sensor 8
8,2022-10-02,0.7151597222222221,0.6820818302891932,0.05946901796494755,0.5562205845155506,Chirimachaya,Sensor 8
8,2022-10-03,0.6986770833333333,0.6820818302891932,0.05946901796494755,0.27905712271760985,Chirimachaya,Sensor 8
8,2022-10-04,0.6912222222222222,0.6820818302891932,0.05946901796494755,0.15370006510644788,Chirimachaya,Sensor 8
8,2022-10-05,0.684,0.6820818302891932,0.05946901796494755,0.03225494175702451,Chirimachaya,Sensor 8
8,2022-10-06,0.675982638888889,0.6820818302891932,0.05946901796494755,-0.10256082257654306,Chirimachaya,Sensor 8
8,2022-10-07,0.6682916666666667,0.6820818302891932,0.05946901796494755,-0.23188820152797454,Chirimachaya,Sensor 8
8,2022-10-08,0.6644062500000001,0.6820818302891932,0.05946901796494755,-0.2972233424068234,Chirimachaya,Sensor 8
8,2022-10-09,0.6658923611111112,0.6820818302891932,0.05946901796494755,-0.2722336727945385,Chirimachaya,Sensor 8
8,2022-10-10,0.6656562500000001,0.6820818302891932,0.05946901796494755,-0.276203994134808,Chirimachaya,Sensor 8
8,2022-10-11,0.6637951388888889,0.6820818302891932,0.05946901796494755,-0.3074994682286998,Chirimachaya,Sensor 8
8,2022-10-12,0.6598020833333333,0.6820818302891932,0.05946901796494755,-0.37464460854208304,Chirimachaya,Sensor 8
8,2022-10-13,0.6518437499999999,0.6820818302891932,0.05946901796494755,-0.5084677925405852,Chirimachaya,Sensor 8
8,2022-10-14,0.64959375,0.6820818302891932,0.05946901796494755,-0.5463026194302132,Chirimachaya,Sensor 8
8,2022-10-15,0.6980520833333334,0.6820818302891932,0.05946901796494755,0.2685474485816021,Chirimachaya,Sensor 8
8,2022-10-16,0.7426493055555556,0.6820818302891932,0.05946901796494755,1.0184710852643022,Chirimachaya,Sensor 8
8,2022-10-17,0.7166597222222222,0.6820818302891932,0.05946901796494755,0.5814438024419705,Chirimachaya,Sensor 8
8,2022-10-18,0.7255555555555555,0.6820818302891932,0.05946901796494755,0.7310314976444832,Chirimachaya,Sensor 8
8,2022-10-19,0.7530104166666667,0.6820818302891932,0.05946901796494755,1.1926981276078992,Chirimachaya,Sensor 8
8,2022-10-20,0.7547986111111111,0.6820818302891932,0.05946901796494755,1.2227674730525884,Chirimachaya,Sensor 8
8,2022-10-21,0.7559791666666666,0.6820818302891932,0.05946901796494755,1.242619079753936,Chirimachaya,Sensor 8
8,2022-10-22,0.7559548611111111,0.6820818302891932,0.05946901796494755,1.2422103702042027,Chirimachaya,Sensor 8
8,2022-10-23,0.7364826388888889,0.6820818302891932,0.05946901796494755,0.9147756337890223,Chirimachaya,Sensor 8
8,2022-10-24,0.7548298611111111,0.6820818302891932,0.05946901796494755,1.2232929567593875,Chirimachaya,Sensor 8
8,2022-10-25,0.7553888888888889,0.6820818302891932,0.05946901796494755,1.2326932764032623,Chirimachaya,Sensor 8
8,2022-10-26,0.7360902777777778,0.6820818302891932,0.05946901796494755,0.9081778939147513,Chirimachaya,Sensor 8
8,2022-10-27,0.7060590277777777,0.6820818302891932,0.05946901796494755,0.40318805167956934,Chirimachaya,Sensor 8
8,2022-10-28,0.6941631944444444,0.6820818302891932,0.05946901796494755,0.20315392062421858,Chirimachaya,Sensor 8
8,2022-10-29,0.68559375,0.6820818302891932,0.05946901796494755,0.05905461080384387,Chirimachaya,Sensor 8
8,2022-10-30,0.6764479166666667,0.6820818302891932,0.05946901796494755,-0.09473695405307152,Chirimachaya,Sensor 8
8,2022-10-31,0.6668541666666666,0.6820818302891932,0.05946901796494755,-0.2560604520407943,Chirimachaya,Sensor 8
8,2022-11-01,0.6565486111111112,0.6820818302891932,0.05946901796494755,-0.4293533011278567,Chirimachaya,Sensor 8
8,2022-11-02,0.6476319444444445,0.6820818302891932,0.05946901796494755,-0.57929131880157,Chirimachaya,Sensor 8
8,2022-11-03,0.6435763888888889,0.6820818302891932,0.05946901796494755,-0.6474874265285554,Chirimachaya,Sensor 8
8,2022-11-04,0.64034375,0.6820818302891932,0.05946901796494755,-0.7018457966431302,Chirimachaya,Sensor 8
8,2022-11-05,0.6351701388888888,0.6820818302891932,0.05946901796494755,-0.788842543657863,Chirimachaya,Sensor 8
8,2022-11-06,0.62646875,0.6820818302891932,0.05946901796494755,-0.9351605624625057,Chirimachaya,Sensor 8
8,2022-11-07,0.6189027777777778,0.6820818302891932,0.05946901796494755,-1.0623860065867348,Chirimachaya,Sensor 8
8,2022-11-08,0.6215034722222222,0.6820818302891932,0.05946901796494755,-1.0186540847652352,Chirimachaya,Sensor 8
8,2022-11-09,0.6225381944444445,0.6820818302891932,0.05946901796494755,-1.0012547353622887,Chirimachaya,Sensor 8
8,2022-11-10,0.6198993055555556,0.6820818302891932,0.05946901796494755,-1.045628915047655,Chirimachaya,Sensor 8
8,2022-11-11,0.6143611111111111,0.6820818302891932,0.05946901796494755,-1.1387563053083924,Chirimachaya,Sensor 8
8,2022-11-12,0.6064791666666667,0.6820818302891932,0.05946901796494755,-1.2712949735791592,Chirimachaya,Sensor 8
8,2022-11-13,0.5952951388888889,0.6820818302891932,0.05946901796494755,-1.4593597535351686,Chirimachaya,Sensor 8
8,2022-11-14,0.58209375,0.6820818302891932,0.05946901796494755,-1.6813474261190693,Chirimachaya,Sensor 8
8,2022-11-15,0.5720868055555556,0.6820818302891932,0.05946901796494755,-1.8496189864522619,Chirimachaya,Sensor 8
8,2022-11-16,0.5744548611111111,0.6820818302891932,0.05946901796494755,-1.8097989988924992,Chirimachaya,Sensor 8
8,2022-11-17,0.5891284722222222,0.6820818302891932,0.05946901796494755,-1.5630552050104465,Chirimachaya,Sensor 8
8,2022-11-18,0.6057638888888889,0.6820818302891932,0.05946901796494755,-1.2833227117570354,Chirimachaya,Sensor 8
8,2022-11-19,0.6099930555555555,0.6820818302891932,0.05946901796494755,-1.2122072501033825,Chirimachaya,Sensor 8
8,2022-11-20,0.6105347222222223,0.6820818302891932,0.05946901796494755,-1.203098865852174,Chirimachaya,Sensor 8
8,2022-11-21,0.6369409722222222,0.6820818302891932,0.05946901796494755,-0.7590651336058396,Chirimachaya,Sensor 8
8,2022-11-22,0.6692083333333333,0.6820818302891932,0.05946901796494755,-0.21647401279516462,Chirimachaya,Sensor 8
8,2022-11-23,0.65909375,0.6820818302891932,0.05946901796494755,-0.3865555725628917,Chirimachaya,Sensor 8
8,2022-11-24,0.6520868055555556,0.6820818302891932,0.05946901796494755,-0.5043806970432462,Chirimachaya,Sensor 8
8,2022-11-25,0.64471875,0.6820818302891932,0.05946901796494755,-0.6282780776910745,Chirimachaya,Sensor 8
8,2022-11-26,0.6400625,0.6820818302891932,0.05946901796494755,-0.7065751500043339,Chirimachaya,Sensor 8
8,2022-11-27,0.6368958333333334,0.6820818302891932,0.05946901796494755,-0.759824165626772,Chirimachaya,Sensor 8
8,2022-11-28,0.63171875,0.6820818302891932,0.05946901796494755,-0.8468792997200395,Chirimachaya,Sensor 8
8,2022-11-29,0.6233854166666667,0.6820818302891932,0.05946901796494755,-0.9870082882001446,Chirimachaya,Sensor 8
8,2022-11-30,0.6129965277777778,0.6820818302891932,0.05946901796494755,-1.1617024271720098,Chirimachaya,Sensor 8
8,2022-12-01,0.6014965277777777,0.6820818302891932,0.05946901796494755,-1.3550804312745568,Chirimachaya,Sensor 8
8,2022-12-02,0.5887638888888889,0.6820818302891932,0.05946901796494755,-1.5691858482564511,Chirimachaya,Sensor 8
8,2022-12-03,0.5768159722222221,0.6820818302891932,0.05946901796494755,-1.7700957854898036,Chirimachaya,Sensor 8
8,2022-12-04,0.5643958333333333,0.6820818302891932,0.05946901796494755,-1.9789463654036934,Chirimachaya,Sensor 8
8,2022-12-05,0.5487708333333334,0.6820818302891932,0.05946901796494755,-2.2416882188038896,Chirimachaya,Sensor 8
8,2022-12-06,0.5325104166666667,0.6820818302891932,0.05946901796494755,-2.515114907575698,Chirimachaya,Sensor 8
8,2022-12-07,0.52571875,0.6820818302891932,0.05946901796494755,-2.6293200331869833,Chirimachaya,Sensor 8
8,2022-12-08,0.5214965277777778,0.6820818302891932,0.05946901796494755,-2.700318720683571,Chirimachaya,Sensor 8
8,2022-12-09,0.5152916666666667,0.6820818302891932,0.05946901796494755,-2.8046564300227153,Chirimachaya,Sensor 8
8,2022-12-10,0.5100555555555556,0.6820818302891932,0.05946901796494755,-2.892704144451048,Chirimachaya,Sensor 8
8,2022-12-11,0.5158020833333334,0.6820818302891932,0.05946901796494755,-2.7960735294783077,Chirimachaya,Sensor 8
8,2022-12-12,0.5152048611111111,0.6820818302891932,0.05946901796494755,-2.806116106986051,Chirimachaya,Sensor 8
8,2022-12-13,0.5113402777777778,0.6820818302891932,0.05946901796494755,-2.871100925393699,Chirimachaya,Sensor 8
8,2022-12-14,0.5077638888888889,0.6820818302891932,0.05946901796494755,-2.9312396162830776,Chirimachaya,Sensor 8
8,2022-12-15,0.5039409722222222,0.6820818302891932,0.05946901796494755,-2.9955237897483262,Chirimachaya,Sensor 8
8,2022-12-16,0.4995729166666667,0.6820818302891932,0.05946901796494755,-3.068974734543315,Chirimachaya,Sensor 8
8,2022-12-17,0.50246875,0.6820818302891932,0.05946901796494755,-3.020279911046478,Chirimachaya,Sensor 8
8,2022-12-18,0.5173159722222223,0.6820818302891932,0.05946901796494755,-2.7706167632377565,Chirimachaya,Sensor 8
8,2022-12-19,0.5390312500000001,0.6820818302891932,0.05946901796494755,-2.4054639740900137,Chirimachaya,Sensor 8
8,2022-12-20,0.5454340277777778,0.6820818302891932,0.05946901796494755,-2.297798201274466,Chirimachaya,Sensor 8
8,2022-12-21,0.5437604166666667,0.6820818302891932,0.05946901796494755,-2.3259407731275537,Chirimachaya,Sensor 8
8,2022-12-22,0.5484409722222223,0.6820818302891932,0.05946901796494755,-2.2472349912645604,Chirimachaya,Sensor 8
8,2022-12-23,0.5496527777777778,0.6820818302891932,0.05946901796494755,-2.2268579008564138,Chirimachaya,Sensor 8
8,2022-12-24,0.5472951388888889,0.6820818302891932,0.05946901796494755,-2.266502727180576,Chirimachaya,Sensor 8
8,2022-12-25,0.5455034722222223,0.6820818302891932,0.05946901796494755,-2.2966304597037985,Chirimachaya,Sensor 8
8,2022-12-26,0.5628506944444445,0.6820818302891932,0.05946901796494755,-2.0049286153510457,Chirimachaya,Sensor 8
8,2022-12-27,0.5671180555555555,0.6820818302891932,0.05946901796494755,-1.9331708958335263,Chirimachaya,Sensor 8
8,2022-12-28,0.5736874999999999,0.6820818302891932,0.05946901796494755,-1.822702543248377,Chirimachaya,Sensor 8
8,2022-12-29,0.5725277777777777,0.6820818302891932,0.05946901796494755,-1.842203827478524,Chirimachaya,Sensor 8
8,2022-12-30,0.5933506944444444,0.6820818302891932,0.05946901796494755,-1.4920565175138594,Chirimachaya,Sensor 8
8,2022-12-31,0.6431041666666667,0.6820818302891932,0.05946901796494755,-0.6554280692090945,Chirimachaya,Sensor 8
9,2023-01-01,0.6576458333333334,0.6252339018225065,0.12052324607191361,0.26892680513672346,Chirimachaya,Sensor 9
9,2023-01-02,0.7082951388888888,0.6252339018225065,0.12052324607191361,0.6891719213803909,Chirimachaya,Sensor 9
9,2023-01-03,0.6968993055555556,0.6252339018225065,0.12052324607191361,0.5946189309428979,Chirimachaya,Sensor 9
9,2023-01-04,0.6747291666666667,0.6252339018225065,0.12052324607191361,0.4106698620996938,Chirimachaya,Sensor 9
9,2023-01-05,0.6615763888888889,0.6252339018225065,0.12052324607191361,0.3015392320639759,Chirimachaya,Sensor 9
9,2023-01-06,0.6522118055555556,0.6252339018225065,0.12052324607191361,0.2238398368141525,Chirimachaya,Sensor 9
9,2023-01-07,0.6448298611111112,0.6252339018225065,0.12052324607191361,0.16259070285007265,Chirimachaya,Sensor 9
9,2023-01-08,0.6439375,0.6252339018225065,0.12052324607191361,0.15518664479326694,Chirimachaya,Sensor 9
9,2023-01-09,0.6703263888888888,0.6252339018225065,0.12052324607191361,0.3741393344108625,Chirimachaya,Sensor 9
9,2023-01-10,0.6916875,0.6252339018225065,0.12052324607191361,0.5513757747434225,Chirimachaya,Sensor 9
9,2023-01-11,0.7446875,0.6252339018225065,0.12052324607191361,0.9911249661017102,Chirimachaya,Sensor 9
9,2023-01-12,0.7451944444444444,0.6252339018225065,0.12052324607191361,0.9953311625075218,Chirimachaya,Sensor 9
9,2023-01-13,0.7418541666666667,0.6252339018225065,0.12052324607191361,0.9676163615322427,Chirimachaya,Sensor 9
9,2023-01-14,0.7147013888888889,0.6252339018225065,0.12052324607191361,0.7423255677415053,Chirimachaya,Sensor 9
9,2023-01-15,0.7189166666666666,0.6252339018225065,0.12052324607191361,0.7773003789514736,Chirimachaya,Sensor 9
9,2023-01-16,0.7232013888888889,0.6252339018225065,0.12052324607191361,0.8128513814499095,Chirimachaya,Sensor 9
9,2023-01-17,0.6986770833333333,0.6252339018225065,0.12052324607191361,0.6093694279276621,Chirimachaya,Sensor 9
9,2023-01-18,0.7010798611111111,0.6252339018225065,0.12052324607191361,0.6293056465086325,Chirimachaya,Sensor 9
9,2023-01-19,0.7190659722222221,0.6252339018225065,0.12052324607191361,0.7785391902216778,Chirimachaya,Sensor 9
9,2023-01-20,0.7167951388888888,0.6252339018225065,0.12052324607191361,0.7596977350887952,Chirimachaya,Sensor 9
9,2023-01-21,0.7071979166666666,0.6252339018225065,0.12052324607191361,0.6800680990226069,Chirimachaya,Sensor 9
9,2023-01-22,0.6929895833333333,0.6252339018225065,0.12052324607191361,0.5621793614021848,Chirimachaya,Sensor 9
9,2023-01-23,0.6837673611111111,0.6252339018225065,0.12052324607191361,0.48566115829372036,Chirimachaya,Sensor 9
9,2023-01-24,0.6776006944444445,0.6252339018225065,0.12052324607191361,0.434495371877819,Chirimachaya,Sensor 9
9,2023-01-25,0.6853750000000001,0.6252339018225065,0.12052324607191361,0.49899998662174005,Chirimachaya,Sensor 9
9,2023-01-26,0.6782430555555555,0.6252339018225065,0.12052324607191361,0.43982514129614153,Chirimachaya,Sensor 9
9,2023-01-27,0.6689513888888889,0.6252339018225065,0.12052324607191361,0.3627307468992096,Chirimachaya,Sensor 9
9,2023-01-28,0.65865625,0.6252339018225065,0.12052324607191361,0.27731038838392363,Chirimachaya,Sensor 9
9,2023-01-29,0.6479305555555556,0.6252339018225065,0.12052324607191361,0.18831764388013972,Chirimachaya,Sensor 9
9,2023-01-30,0.6580520833333333,0.6252339018225065,0.12052324607191361,0.27229752417425707,Chirimachaya,Sensor 9
9,2023-01-31,0.7188020833333333,0.6252339018225065,0.12052324607191361,0.7763496633255023,Chirimachaya,Sensor 9
9,2023-02-01,0.7188854166666666,0.6252339018225065,0.12052324607191361,0.777041092871663,Chirimachaya,Sensor 9
9,2023-02-02,0.6938472222222223,0.6252339018225065,0.12052324607191361,0.5692953238147578,Chirimachaya,Sensor 9
9,2023-02-03,0.6788958333333334,0.6252339018225065,0.12052324607191361,0.4452413394077352,Chirimachaya,Sensor 9
9,2023-02-04,0.6675208333333333,0.6252339018225065,0.12052324607191361,0.35086120635678164,Chirimachaya,Sensor 9
9,2023-02-05,0.6623229166666668,0.6252339018225065,0.12052324607191361,0.3077332884150005,Chirimachaya,Sensor 9
9,2023-02-06,0.6630902777777777,0.6252339018225065,0.12052324607191361,0.31410020215256373,Chirimachaya,Sensor 9
9,2023-02-07,0.6678229166666667,0.6252339018225065,0.12052324607191361,0.35336763846161495,Chirimachaya,Sensor 9
9,2023-02-08,0.6669722222222223,0.6252339018225065,0.12052324607191361,0.34630929517789005,Chirimachaya,Sensor 9
9,2023-02-09,0.6803402777777778,0.6252339018225065,0.12052324607191361,0.45722611820785647,Chirimachaya,Sensor 9
9,2023-02-10,0.6760173611111111,0.6252339018225065,0.12052324607191361,0.42135821050076283,Chirimachaya,Sensor 9
9,2023-02-11,0.6710347222222223,0.6252339018225065,0.12052324607191361,0.3800164855532303,Chirimachaya,Sensor 9
9,2023-02-12,0.6682291666666668,0.6252339018225065,0.12052324607191361,0.3567383574991494,Chirimachaya,Sensor 9
9,2023-02-13,0.6671006944444444,0.6252339018225065,0.12052324607191361,0.3473752490615538,Chirimachaya,Sensor 9
9,2023-02-14,0.6675069444444445,0.6252339018225065,0.12052324607191361,0.3507459680990883,Chirimachaya,Sensor 9
9,2023-02-15,0.6674479166666667,0.6252339018225065,0.12052324607191361,0.3502562055038911,Chirimachaya,Sensor 9
9,2023-02-16,0.6675034722222223,0.6252339018225065,0.12052324607191361,0.35071715853466523,Chirimachaya,Sensor 9
9,2023-02-17,0.6810416666666668,0.6252339018225065,0.12052324607191361,0.46304565022137717,Chirimachaya,Sensor 9
9,2023-02-18,0.7092256944444444,0.6252339018225065,0.12052324607191361,0.6968928846458534,Chirimachaya,Sensor 9
9,2023-02-19,0.7050798611111111,0.6252339018225065,0.12052324607191361,0.6624942647243525,Chirimachaya,Sensor 9
9,2023-02-20,0.6855868055555556,0.6252339018225065,0.12052324607191361,0.5007573700515655,Chirimachaya,Sensor 9
9,2023-02-21,0.6833159722222223,0.6252339018225065,0.12052324607191361,0.48191591491868285,Chirimachaya,Sensor 9
9,2023-02-22,0.7027777777777778,0.6252339018225065,0.12052324607191361,0.6433935235116601,Chirimachaya,Sensor 9
9,2023-02-23,0.7474826388888889,0.6252339018225065,0.12052324607191361,1.0143166654625217,Chirimachaya,Sensor 9
9,2023-02-24,0.7117951388888888,0.6252339018225065,0.12052324607191361,0.7182119623191453,Chirimachaya,Sensor 9
9,2023-02-25,0.6881770833333333,0.6252339018225065,0.12052324607191361,0.5222493051113969,Chirimachaya,Sensor 9
9,2023-02-26,0.6772604166666667,0.6252339018225065,0.12052324607191361,0.4316720345643289,Chirimachaya,Sensor 9
9,2023-02-27,0.6689236111111111,0.6252339018225065,0.12052324607191361,0.36250027038382204,Chirimachaya,Sensor 9
9,2023-02-28,0.663875,0.6252339018225065,0.12052324607191361,0.3206111637122452,Chirimachaya,Sensor 9
9,2023-03-01,0.6647395833333334,0.6252339018225065,0.12052324607191361,0.32778474525366424,Chirimachaya,Sensor 9
9,2023-03-02,0.6636041666666668,0.6252339018225065,0.12052324607191361,0.3183640176872234,Chirimachaya,Sensor 9
9,2023-03-03,0.6650208333333334,0.6252339018225065,0.12052324607191361,0.3301183199719572,Chirimachaya,Sensor 9
9,2023-03-04,0.67209375,0.6252339018225065,0.12052324607191361,0.3888034027023575,Chirimachaya,Sensor 9
9,2023-03-05,0.7002048611111111,0.6252339018225065,0.12052324607191361,0.6220456362739442,Chirimachaya,Sensor 9
9,2023-03-06,0.7039166666666666,0.6252339018225065,0.12052324607191361,0.6528430606425241,Chirimachaya,Sensor 9
9,2023-03-07,0.7117916666666666,0.6252339018225065,0.12052324607191361,0.7181831527547222,Chirimachaya,Sensor 9
9,2023-03-08,0.7092499999999999,0.6252339018225065,0.12052324607191361,0.6970945515968169,Chirimachaya,Sensor 9
9,2023-03-09,0.7145034722222222,0.6252339018225065,0.12052324607191361,0.740683422569373,Chirimachaya,Sensor 9
9,2023-03-10,0.7396620209059233,0.6252339018225065,0.12052324607191361,0.9494277893506119,Chirimachaya,Sensor 9
9,2023-03-11,0.6996840277777777,0.6252339018225065,0.12052324607191361,0.6177242016104383,Chirimachaya,Sensor 9
9,2023-03-12,0.6863194444444445,0.6252339018225065,0.12052324607191361,0.506836188144896,Chirimachaya,Sensor 9
9,2023-03-13,0.6776770833333334,0.6252339018225065,0.12052324607191361,0.4351291822951336,Chirimachaya,Sensor 9
9,2023-03-14,0.6755416666666667,0.6252339018225065,0.12052324607191361,0.41741130017476186,Chirimachaya,Sensor 9
9,2023-03-15,0.6869166666666666,0.6252339018225065,0.12052324607191361,0.5117914332257145,Chirimachaya,Sensor 9
9,2023-03-16,0.6859756944444445,0.6252339018225065,0.12052324607191361,0.5039840412669827,Chirimachaya,Sensor 9
9,2023-03-17,0.6782916666666667,0.6252339018225065,0.12052324607191361,0.4402284751980695,Chirimachaya,Sensor 9
9,2023-03-18,0.6704965277777778,0.6252339018225065,0.12052324607191361,0.375551003067608,Chirimachaya,Sensor 9
9,2023-03-19,0.6631875,0.6252339018225065,0.12052324607191361,0.3149068699564187,Chirimachaya,Sensor 9
9,2023-03-20,0.6561527777777778,0.6252339018225065,0.12052324607191361,0.25653869243467514,Chirimachaya,Sensor 9
9,2023-03-21,0.6485798611111111,0.6252339018225065,0.12052324607191361,0.19370503242730935,Chirimachaya,Sensor 9
9,2023-03-22,0.63990625,0.6252339018225065,0.12052324607191361,0.12173874049773642,Chirimachaya,Sensor 9
9,2023-03-23,0.6299930555555555,0.6252339018225065,0.12052324607191361,0.03948743406902053,Chirimachaya,Sensor 9
9,2023-03-24,0.6433055555555556,0.6252339018225065,0.12052324607191361,0.1499433040682137,Chirimachaya,Sensor 9
9,2023-03-25,0.7009618055555555,0.6252339018225065,0.12052324607191361,0.6283261213182381,Chirimachaya,Sensor 9
9,2023-03-26,0.7415173611111111,0.6252339018225065,0.12052324607191361,0.9648218337831757,Chirimachaya,Sensor 9
9,2023-03-27,0.7135451388888889,0.6252339018225065,0.12052324607191361,0.7327319827885239,Chirimachaya,Sensor 9
9,2023-03-28,0.7257881944444444,0.6252339018225065,0.12052324607191361,0.8343145069453187,Chirimachaya,Sensor 9
9,2023-03-29,0.7518229166666667,0.6252339018225065,0.12052324607191361,1.0503286209917317,Chirimachaya,Sensor 9
9,2023-03-30,0.7413020833333334,0.6252339018225065,0.12052324607191361,0.9630356407889271,Chirimachaya,Sensor 9
9,2023-03-31,0.7259548611111111,0.6252339018225065,0.12052324607191361,0.8356973660376403,Chirimachaya,Sensor 9
9,2023-04-01,0.7214409722222223,0.6252339018225065,0.12052324607191361,0.7982449322872626,Chirimachaya,Sensor 9
9,2023-04-02,0.7261284722222222,0.6252339018225065,0.12052324607191361,0.8371378442588089,Chirimachaya,Sensor 9
9,2023-04-03,0.7310381944444444,0.6252339018225065,0.12052324607191361,0.8778745683534509,Chirimachaya,Sensor 9
9,2023-04-04,0.7312777777777778,0.6252339018225065,0.12052324607191361,0.8798624282986639,Chirimachaya,Sensor 9
9,2023-04-05,0.7283124999999999,0.6252339018225065,0.12052324607191361,0.8552590602811068,Chirimachaya,Sensor 9
9,2023-04-06,0.7418194444444445,0.6252339018225065,0.12052324607191361,0.967328265888009,Chirimachaya,Sensor 9
9,2023-04-07,0.729298611111111,0.6252339018225065,0.12052324607191361,0.8634409765773434,Chirimachaya,Sensor 9
9,2023-04-08,0.7501666666666666,0.6252339018225065,0.12052324607191361,1.036586458761785,Chirimachaya,Sensor 9
9,2023-04-09,0.7354340277777778,0.6252339018225065,0.12052324607191361,0.9143474769134351,Chirimachaya,Sensor 9
9,2023-04-10,0.7256805555555554,0.6252339018225065,0.12052324607191361,0.8334214104481936,Chirimachaya,Sensor 9
9,2023-04-11,0.7356840277777779,0.6252339018225065,0.12052324607191361,0.9164217655519182,Chirimachaya,Sensor 9
9,2023-04-12,0.7354270833333333,0.6252339018225065,0.12052324607191361,0.9142898577845879,Chirimachaya,Sensor 9
9,2023-04-13,0.7089861111111111,0.6252339018225065,0.12052324607191361,0.6949050247006413,Chirimachaya,Sensor 9
9,2023-04-14,0.6993888888888888,0.6252339018225065,0.12052324607191361,0.6152753886344521,Chirimachaya,Sensor 9
9,2023-04-15,0.6908402777777778,0.6252339018225065,0.12052324607191361,0.5443462410241208,Chirimachaya,Sensor 9
9,2023-04-16,0.7214965277777777,0.6252339018225065,0.12052324607191361,0.7987058853180358,Chirimachaya,Sensor 9
9,2023-04-17,0.7374791666666667,0.6252339018225065,0.12052324607191361,0.9313163103587989,Chirimachaya,Sensor 9
9,2023-04-18,0.70965625,0.6252339018225065,0.12052324607191361,0.7004652706343514,Chirimachaya,Sensor 9
9,2023-04-19,0.6962881944444443,0.6252339018225065,0.12052324607191361,0.5895484476043841,Chirimachaya,Sensor 9
9,2023-04-20,0.7259618055555556,0.6252339018225065,0.12052324607191361,0.8357549851664874,Chirimachaya,Sensor 9
9,2023-04-21,0.7285451388888888,0.6252339018225065,0.12052324607191361,0.8571893010974726,Chirimachaya,Sensor 9
9,2023-04-22,0.71128125,0.6252339018225065,0.12052324607191361,0.7139481467844875,Chirimachaya,Sensor 9
9,2023-04-23,0.71053125,0.6252339018225065,0.12052324607191361,0.7077252808690397,Chirimachaya,Sensor 9
9,2023-04-24,0.7227986111111111,0.6252339018225065,0.12052324607191361,0.809509471976799,Chirimachaya,Sensor 9
9,2023-04-25,0.7458472222222222,0.6252339018225065,0.12052324607191361,1.0007473606191155,Chirimachaya,Sensor 9
9,2023-04-26,0.7489652777777778,0.6252339018225065,0.12052324607191361,1.0266183494713,Chirimachaya,Sensor 9
9,2023-04-27,0.7535694444444444,0.6252339018225065,0.12052324607191361,1.0648198318966855,Chirimachaya,Sensor 9
9,2023-04-28,0.7542708333333333,0.6252339018225065,0.12052324607191361,1.070639363910206,Chirimachaya,Sensor 9
9,2023-04-29,0.7350972222222222,0.6252339018225065,0.12052324607191361,0.911552949164368,Chirimachaya,Sensor 9
9,2023-04-30,0.7098090277777778,0.6252339018225065,0.12052324607191361,0.7017328914689797,Chirimachaya,Sensor 9
9,2023-05-01,0.7070138888888888,0.6252339018225065,0.12052324607191361,0.678541192108168,Chirimachaya,Sensor 9
9,2023-05-02,0.6978645833333332,0.6252339018225065,0.12052324607191361,0.6026279898525931,Chirimachaya,Sensor 9
9,2023-05-03,0.6916979166666666,0.6252339018225065,0.12052324607191361,0.5514622034366918,Chirimachaya,Sensor 9
9,2023-05-04,0.6887291666666666,0.6252339018225065,0.12052324607191361,0.5268300258547125,Chirimachaya,Sensor 9
9,2023-05-05,0.6849305555555556,0.6252339018225065,0.12052324607191361,0.49531236237554876,Chirimachaya,Sensor 9
9,2023-05-06,0.6808437500000001,0.6252339018225065,0.12052324607191361,0.461403505049245,Chirimachaya,Sensor 9
9,2023-05-07,0.6766215277777778,0.6252339018225065,0.12052324607191361,0.42637107471042945,Chirimachaya,Sensor 9
9,2023-05-08,0.6718680555555556,0.6252339018225065,0.12052324607191361,0.38693078101483874,Chirimachaya,Sensor 9
9,2023-05-09,0.6886875,0.6252339018225065,0.12052324607191361,0.5264843110816326,Chirimachaya,Sensor 9
9,2023-05-10,0.7295868055555554,0.6252339018225065,0.12052324607191361,0.8658321704244826,Chirimachaya,Sensor 9
9,2023-05-11,0.747773519163763,0.6252339018225065,0.12052324607191361,1.016730144059842,Chirimachaya,Sensor 9
9,2023-05-12,0.7189340277777778,0.6252339018225065,0.12052324607191361,0.7774444267735909,Chirimachaya,Sensor 9
9,2023-05-13,0.702017361111111,0.6252339018225065,0.12052324607191361,0.6370842289029413,Chirimachaya,Sensor 9
9,2023-05-14,0.7084722222222222,0.6252339018225065,0.12052324607191361,0.6906412091659826,Chirimachaya,Sensor 9
9,2023-05-15,0.7061979166666666,0.6252339018225065,0.12052324607191361,0.6717709444686769,Chirimachaya,Sensor 9
9,2023-05-16,0.6959618055555555,0.6252339018225065,0.12052324607191361,0.5868403485485881,Chirimachaya,Sensor 9
9,2023-05-17,0.6875208333333334,0.6252339018225065,0.12052324607191361,0.5168042974353811,Chirimachaya,Sensor 9
9,2023-05-18,0.6796215277777778,0.6252339018225065,0.12052324607191361,0.4512625383722194,Chirimachaya,Sensor 9
9,2023-05-19,0.6743402777777778,0.6252339018225065,0.12052324607191361,0.4074431908842766,Chirimachaya,Sensor 9
9,2023-05-20,0.7014583333333334,0.6252339018225065,0.12052324607191361,0.6324458890307804,Chirimachaya,Sensor 9
9,2023-05-21,0.7425833333333334,0.6252339018225065,0.12052324607191361,0.97366637006115,Chirimachaya,Sensor 9
9,2023-05-22,0.7088541666666666,0.6252339018225065,0.12052324607191361,0.6938102612525526,Chirimachaya,Sensor 9
9,2023-05-23,0.7476840277777778,0.6252339018225065,0.12052324607191361,1.015987620199077,Chirimachaya,Sensor 9
9,2023-05-24,0.7329444444444444,0.6252339018225065,0.12052324607191361,0.8936910192218799,Chirimachaya,Sensor 9
9,2023-05-25,0.7010902777777778,0.6252339018225065,0.12052324607191361,0.6293920752019028,Chirimachaya,Sensor 9
9,2023-05-26,0.696017361111111,0.6252339018225065,0.12052324607191361,0.5873013015793614,Chirimachaya,Sensor 9
9,2023-05-27,0.6897916666666667,0.6252339018225065,0.12052324607191361,0.5356457525682637,Chirimachaya,Sensor 9
9,2023-05-28,0.6850312500000001,0.6252339018225065,0.12052324607191361,0.4961478397438268,Chirimachaya,Sensor 9
9,2023-05-29,0.6810173611111111,0.6252339018225065,0.12052324607191361,0.4628439832704127,Chirimachaya,Sensor 9
9,2023-05-30,0.6764756944444446,0.6252339018225065,0.12052324607191361,0.4251610730046484,Chirimachaya,Sensor 9
9,2023-05-31,0.6770416666666667,0.6252339018225065,0.12052324607191361,0.42985703200565634,Chirimachaya,Sensor 9
9,2023-06-01,0.6868159722222222,0.6252339018225065,0.12052324607191361,0.5109559558574374,Chirimachaya,Sensor 9
9,2023-06-02,0.6892326388888889,0.6252339018225065,0.12052324607191361,0.5310074126961011,Chirimachaya,Sensor 9
9,2023-06-03,0.6864618055555556,0.6252339018225065,0.12052324607191361,0.5080173802862539,Chirimachaya,Sensor 9
9,2023-06-04,0.6826006944444445,0.6252339018225065,0.12052324607191361,0.4759811446474689,Chirimachaya,Sensor 9
9,2023-06-05,0.6803541666666667,0.6252339018225065,0.12052324607191361,0.4573413564655498,Chirimachaya,Sensor 9
9,2023-06-06,0.6963784722222223,0.6252339018225065,0.12052324607191361,0.5902974962793929,Chirimachaya,Sensor 9
9,2023-06-07,0.7100416666666667,0.6252339018225065,0.12052324607191361,0.7036631322853455,Chirimachaya,Sensor 9
9,2023-06-08,0.7071041666666666,0.6252339018225065,0.12052324607191361,0.6792902407831759,Chirimachaya,Sensor 9
9,2023-06-09,0.7039861111111111,0.6252339018225065,0.12052324607191361,0.6534192519309915,Chirimachaya,Sensor 9
9,2023-06-10,0.7044930555555555,0.6252339018225065,0.12052324607191361,0.6576254483368031,Chirimachaya,Sensor 9
9,2023-06-11,0.7049895833333333,0.6252339018225065,0.12052324607191361,0.6617452160493446,Chirimachaya,Sensor 9
9,2023-06-12,0.6927430555555555,0.6252339018225065,0.12052324607191361,0.5601338823281257,Chirimachaya,Sensor 9
9,2023-06-13,0.6860034722222222,0.6252339018225065,0.12052324607191361,0.5042145177823693,Chirimachaya,Sensor 9
9,2023-06-14,0.6891666666666666,0.6252339018225065,0.12052324607191361,0.5304600309720567,Chirimachaya,Sensor 9
9,2023-06-15,0.7049895833333333,0.6252339018225065,0.12052324607191361,0.6617452160493446,Chirimachaya,Sensor 9
9,2023-06-16,0.7175243055555556,0.6252339018225065,0.12052324607191361,0.7657477436177034,Chirimachaya,Sensor 9
9,2023-06-17,0.7048402777777778,0.6252339018225065,0.12052324607191361,0.6605064047791404,Chirimachaya,Sensor 9
9,2023-06-18,0.6918715277777777,0.6252339018225065,0.12052324607191361,0.5529026816578604,Chirimachaya,Sensor 9
9,2023-06-19,0.6837534722222223,0.6252339018225065,0.12052324607191361,0.4855459200360271,Chirimachaya,Sensor 9
9,2023-06-20,0.6763923611111111,0.6252339018225065,0.12052324607191361,0.4244696434584867,Chirimachaya,Sensor 9
9,2023-06-21,0.6694270833333333,0.6252339018225065,0.12052324607191361,0.3666776572252106,Chirimachaya,Sensor 9
9,2023-06-22,0.6642604166666667,0.6252339018225065,0.12052324607191361,0.32380902536323924,Chirimachaya,Sensor 9
9,2023-06-23,0.6595937500000001,0.6252339018225065,0.12052324607191361,0.2850889707782333,Chirimachaya,Sensor 9
9,2023-06-24,0.6705173611111112,0.6252339018225065,0.12052324607191361,0.37572386045414846,Chirimachaya,Sensor 9
9,2023-06-25,0.6948020833333333,0.6252339018225065,0.12052324607191361,0.5772179540311829,Chirimachaya,Sensor 9
9,2023-06-26,0.7056840277777777,0.6252339018225065,0.12052324607191361,0.6675071289340181,Chirimachaya,Sensor 9
9,2023-06-27,0.6990868055555555,0.6252339018225065,0.12052324607191361,0.6127689565296188,Chirimachaya,Sensor 9
9,2023-06-28,0.6908368055555555,0.6252339018225065,0.12052324607191361,0.5443174314596967,Chirimachaya,Sensor 9
9,2023-06-29,0.7088402777777778,0.6252339018225065,0.12052324607191361,0.6936950229948603,Chirimachaya,Sensor 9
9,2023-06-30,0.7457777777777778,0.6252339018225065,0.12052324607191361,1.000171169330648,Chirimachaya,Sensor 9
9,2023-07-01,0.7167013888888889,0.6252339018225065,0.12052324607191361,0.7589198768493651,Chirimachaya,Sensor 9
9,2023-07-02,0.6980590277777777,0.6252339018225065,0.12052324607191361,0.6042413254603022,Chirimachaya,Sensor 9
9,2023-07-03,0.6880833333333334,0.6252339018225065,0.12052324607191361,0.5214714468719669,Chirimachaya,Sensor 9
9,2023-07-04,0.6796840277777778,0.6252339018225065,0.12052324607191361,0.4517811105318397,Chirimachaya,Sensor 9
9,2023-07-05,0.6722187500000001,0.6252339018225065,0.12052324607191361,0.3898405470215991,Chirimachaya,Sensor 9
9,2023-07-06,0.6669131944444444,0.6252339018225065,0.12052324607191361,0.3458195325826919,Chirimachaya,Sensor 9
9,2023-07-07,0.6660451388888888,0.6252339018225065,0.12052324607191361,0.33861714147684974,Chirimachaya,Sensor 9
9,2023-07-08,0.7303958333333334,0.6252339018225065,0.12052324607191361,0.8725447989351284,Chirimachaya,Sensor 9
9,2023-07-09,0.7468819444444444,0.6252339018225065,0.12052324607191361,1.009332610817279,Chirimachaya,Sensor 9
9,2023-07-10,0.7154340277777778,0.6252339018225065,0.12052324607191361,0.7484043858348356,Chirimachaya,Sensor 9
9,2023-07-11,0.7009201388888888,0.6252339018225065,0.12052324607191361,0.6279804065451572,Chirimachaya,Sensor 9
9,2023-07-12,0.7016770833333333,0.6252339018225065,0.12052324607191361,0.634260891589452,Chirimachaya,Sensor 9
9,2023-07-13,0.6943611111111111,0.6252339018225065,0.12052324607191361,0.5735591393494156,Chirimachaya,Sensor 9
9,2023-07-14,0.6876979166666666,0.6252339018225065,0.12052324607191361,0.5182735852209719,Chirimachaya,Sensor 9
9,2023-07-15,0.6883298611111112,0.6252339018225065,0.12052324607191361,0.5235169259460261,Chirimachaya,Sensor 9
9,2023-07-16,0.6936388888888888,0.6252339018225065,0.12052324607191361,0.5675667499493545,Chirimachaya,Sensor 9
9,2023-07-17,0.6917743055555555,0.6252339018225065,0.12052324607191361,0.5520960138540063,Chirimachaya,Sensor 9
9,2023-07-18,0.7088784722222221,0.6252339018225065,0.12052324607191361,0.6940119282035162,Chirimachaya,Sensor 9
9,2023-07-19,0.7029826388888888,0.6252339018225065,0.12052324607191361,0.6450932878126375,Chirimachaya,Sensor 9
9,2023-07-20,0.7083368055555554,0.6252339018225065,0.12052324607191361,0.6895176361534708,Chirimachaya,Sensor 9
9,2023-07-21,0.7082048611111111,0.6252339018225065,0.12052324607191361,0.6884228727053839,Chirimachaya,Sensor 9
9,2023-07-22,0.7008159722222221,0.6252339018225065,0.12052324607191361,0.6271161196124561,Chirimachaya,Sensor 9
9,2023-07-23,0.6943437499999999,0.6252339018225065,0.12052324607191361,0.5734150915272983,Chirimachaya,Sensor 9
9,2023-07-24,0.6938923611111111,0.6252339018225065,0.12052324607191361,0.5696698481522607,Chirimachaya,Sensor 9
9,2023-07-25,0.6933472222222222,0.6252339018225065,0.12052324607191361,0.5651467465377923,Chirimachaya,Sensor 9
9,2023-07-26,0.6865590277777778,0.6252339018225065,0.12052324607191361,0.508824048090108,Chirimachaya,Sensor 9
9,2023-07-27,0.679763888888889,0.6252339018225065,0.12052324607191361,0.4524437305135774,Chirimachaya,Sensor 9
9,2023-07-28,0.6759930555555556,0.6252339018225065,0.12052324607191361,0.4211565435497993,Chirimachaya,Sensor 9
9,2023-07-29,0.6842916666666666,0.6252339018225065,0.12052324607191361,0.49001140252164843,Chirimachaya,Sensor 9
9,2023-07-30,0.7074409722222222,0.6252339018225065,0.12052324607191361,0.6820847685322429,Chirimachaya,Sensor 9
9,2023-07-31,0.7000972222222221,0.6252339018225065,0.12052324607191361,0.621152539776819,Chirimachaya,Sensor 9
9,2023-08-01,0.6909340277777777,0.6252339018225065,0.12052324607191361,0.5451240992635508,Chirimachaya,Sensor 9
9,2023-08-02,0.6872395833333333,0.6252339018225065,0.12052324607191361,0.5144707227170882,Chirimachaya,Sensor 9
9,2023-08-03,0.68821875,0.6252339018225065,0.12052324607191361,0.5225950198844778,Chirimachaya,Sensor 9
9,2023-08-04,0.6843055555555556,0.6252339018225065,0.12052324607191361,0.49012664077934265,Chirimachaya,Sensor 9
9,2023-08-05,0.6814618055555557,0.6252339018225065,0.12052324607191361,0.46653160751660494,Chirimachaya,Sensor 9
9,2023-08-06,0.6829895833333334,0.6252339018225065,0.12052324607191361,0.4792078158628861,Chirimachaya,Sensor 9
9,2023-08-07,0.6822152777777778,0.6252339018225065,0.12052324607191361,0.4727832829964748,Chirimachaya,Sensor 9
9,2023-08-08,0.6792291666666668,0.6252339018225065,0.12052324607191361,0.44800705759237913,Chirimachaya,Sensor 9
9,2023-08-09,0.6763055555555556,0.6252339018225065,0.12052324607191361,0.42374940434790287,Chirimachaya,Sensor 9
9,2023-08-10,0.6735000000000001,0.6252339018225065,0.12052324607191361,0.40047127629382195,Chirimachaya,Sensor 9
9,2023-08-11,0.6697916666666667,0.6252339018225065,0.12052324607191361,0.36970266148966424,Chirimachaya,Sensor 9
9,2023-08-12,0.6673645833333334,0.6252339018225065,0.12052324607191361,0.34956477595773033,Chirimachaya,Sensor 9
9,2023-08-13,0.6654166666666668,0.6252339018225065,0.12052324607191361,0.3334026103162214,Chirimachaya,Sensor 9
9,2023-08-14,0.6661736111111112,0.6252339018225065,0.12052324607191361,0.33968309536051533,Chirimachaya,Sensor 9
9,2023-08-15,0.7245034722222222,0.6252339018225065,0.12052324607191361,0.8236549681086728,Chirimachaya,Sensor 9
9,2023-08-16,0.7465972222222222,0.6252339018225065,0.12052324607191361,1.0069702265345633,Chirimachaya,Sensor 9
9,2023-08-17,0.7158784722222222,0.6252339018225065,0.12052324607191361,0.7520920100810269,Chirimachaya,Sensor 9
9,2023-08-18,0.6968958333333333,0.6252339018225065,0.12052324607191361,0.5945901213784738,Chirimachaya,Sensor 9
9,2023-08-19,0.6858472222222223,0.6252339018225065,0.12052324607191361,0.502918087383318,Chirimachaya,Sensor 9
9,2023-08-20,0.6769930555555557,0.6252339018225065,0.12052324607191361,0.42945369810373024,Chirimachaya,Sensor 9
9,2023-08-21,0.7386736111111111,0.6252339018225065,0.12052324607191361,0.9412268005204371,Chirimachaya,Sensor 9
9,2023-08-22,0.7421944444444445,0.6252339018225065,0.12052324607191361,0.9704396988457329,Chirimachaya,Sensor 9
9,2023-08-23,0.7447361111111112,0.6252339018225065,0.12052324607191361,0.9915283000036381,Chirimachaya,Sensor 9
9,2023-08-24,0.7243645833333333,0.6252339018225065,0.12052324607191361,0.8225025855317379,Chirimachaya,Sensor 9
9,2023-08-25,0.6978298611111111,0.6252339018225065,0.12052324607191361,0.6023398942083603,Chirimachaya,Sensor 9
9,2023-08-26,0.6875138888888889,0.6252339018225065,0.12052324607191361,0.516746678306534,Chirimachaya,Sensor 9
9,2023-08-27,0.6782013888888889,0.6252339018225065,0.12052324607191361,0.4394794265230616,Chirimachaya,Sensor 9
9,2023-08-28,0.6744722222222223,0.6252339018225065,0.12052324607191361,0.4085379543323644,Chirimachaya,Sensor 9
9,2023-08-29,0.6737361111111111,0.6252339018225065,0.12052324607191361,0.40243032667461,Chirimachaya,Sensor 9
9,2023-08-30,0.6687673611111111,0.6252339018225065,0.12052324607191361,0.3612038399847708,Chirimachaya,Sensor 9
9,2023-08-31,0.6613414634146342,0.6252339018225065,0.12052324607191361,0.29959001909542904,Chirimachaya,Sensor 9
9,2023-09-01,0.6558923611111112,0.6252339018225065,0.12052324607191361,0.2543779751029227,Chirimachaya,Sensor 9
9,2023-09-02,0.6501215277777779,0.6252339018225065,0.12052324607191361,0.20649647903128562,Chirimachaya,Sensor 9
9,2023-09-03,0.6433090277777778,0.6252339018225065,0.12052324607191361,0.1499721136326368,Chirimachaya,Sensor 9
9,2023-09-04,0.6370659722222222,0.6252339018225065,0.12052324607191361,0.09817251679942089,Chirimachaya,Sensor 9
9,2023-09-05,0.6332465277777778,0.6252339018225065,0.12052324607191361,0.06648199593371673,Chirimachaya,Sensor 9
9,2023-09-06,0.6344375,0.6252339018225065,0.12052324607191361,0.07636367653093173,Chirimachaya,Sensor 9
9,2023-09-07,0.6320277777777777,0.6252339018225065,0.12052324607191361,0.0563698388211142,Chirimachaya,Sensor 9
9,2023-09-08,0.6244375,0.6252339018225065,0.12052324607191361,-0.00660786900836801,Chirimachaya,Sensor 9
9,2023-09-09,0.6152187499999999,0.6252339018225065,0.12052324607191361,-0.08309726255241033,Chirimachaya,Sensor 9
9,2023-09-10,0.6067361111111111,0.6252339018225065,0.12052324607191361,-0.15347902843869732,Chirimachaya,Sensor 9
9,2023-09-11,0.6003888888888889,0.6252339018225065,0.12052324607191361,-0.20614291220461442,Chirimachaya,Sensor 9
9,2023-09-12,0.5943402777777778,0.6252339018225065,0.12052324607191361,-0.2563291734301213,Chirimachaya,Sensor 9
9,2023-09-13,0.5863611111111111,0.6252339018225065,0.12052324607191361,-0.32253355247502064,Chirimachaya,Sensor 9
9,2023-09-14,0.578954861111111,0.6252339018225065,0.12052324607191361,-0.383984353390065,Chirimachaya,Sensor 9
9,2023-09-15,0.5756979166666666,0.6252339018225065,0.12052324607191361,-0.41100772481918424,Chirimachaya,Sensor 9
9,2023-09-16,0.5759965277777778,0.6252339018225065,0.12052324607191361,-0.40853010227877407,Chirimachaya,Sensor 9
9,2023-09-17,0.5718888888888888,0.6252339018225065,0.12052324607191361,-0.4426118169916191,Chirimachaya,Sensor 9
9,2023-09-18,0.5657152777777777,0.6252339018225065,0.12052324607191361,-0.4938352225363667,Chirimachaya,Sensor 9
9,2023-09-19,0.5601493055555555,0.6252339018225065,0.12052324607191361,-0.5400169543070255,Chirimachaya,Sensor 9
9,2023-09-20,0.5541284722222223,0.6252339018225065,0.12052324607191361,-0.5899727390171448,Chirimachaya,Sensor 9
9,2023-09-21,0.548,0.6252339018225065,0.12052324607191361,-0.6408216202243893,Chirimachaya,Sensor 9
9,2023-09-22,0.5415243055555555,0.6252339018225065,0.12052324607191361,-0.6945514578739711,Chirimachaya,Sensor 9
9,2023-09-23,0.5360590277777778,0.6252339018225065,0.12052324607191361,-0.7398977122763517,Chirimachaya,Sensor 9
9,2023-09-24,0.5321597222222222,0.6252339018225065,0.12052324607191361,-0.7722508531237945,Chirimachaya,Sensor 9
9,2023-09-25,0.5277083333333334,0.6252339018225065,0.12052324607191361,-0.809184714714551,Chirimachaya,Sensor 9
9,2023-09-26,0.5298090277777778,0.6252339018225065,0.12052324607191361,-0.7917549282384139,Chirimachaya,Sensor 9
9,2023-09-27,0.5457118055555557,0.6252339018225065,0.12052324607191361,-0.6598071231793883,Chirimachaya,Sensor 9
9,2023-09-28,0.5426319444444445,0.6252339018225065,0.12052324607191361,-0.6853612068229159,Chirimachaya,Sensor 9
9,2023-09-29,0.5377083333333333,0.6252339018225065,0.12052324607191361,-0.7262131691752521,Chirimachaya,Sensor 9
9,2023-09-30,0.5325277777777777,0.6252339018225065,0.12052324607191361,-0.7691970392949178,Chirimachaya,Sensor 9
9,2023-10-01,0.5281111111111111,0.6252339018225065,0.12052324607191361,-0.8058428052414414,Chirimachaya,Sensor 9
9,2023-10-02,0.5227916666666667,0.6252339018225065,0.12052324607191361,-0.849979057938041,Chirimachaya,Sensor 9
9,2023-10-03,0.5160659722222223,0.6252339018225065,0.12052324607191361,-0.9057831842261042,Chirimachaya,Sensor 9
9,2023-10-04,0.5078159722222222,0.6252339018225065,0.12052324607191361,-0.9742347092960271,Chirimachaya,Sensor 9
9,2023-10-05,0.49896527777777777,0.6252339018225065,0.12052324607191361,-1.0476702890111917,Chirimachaya,Sensor 9
9,2023-10-06,0.4894548611111111,0.6252339018225065,0.12052324607191361,-1.1265796859667967,Chirimachaya,Sensor 9
9,2023-10-07,0.4781736111111111,0.6252339018225065,0.12052324607191361,-1.2201819607783189,Chirimachaya,Sensor 9
9,2023-10-08,0.4663541666666667,0.6252339018225065,0.12052324607191361,-1.3182497180754633,Chirimachaya,Sensor 9
9,2023-10-09,0.4558854166666667,0.6252339018225065,0.12052324607191361,-1.4051105548119174,Chirimachaya,Sensor 9
9,2023-10-10,0.4499930555555556,0.6252339018225065,0.12052324607191361,-1.454000385638373,Chirimachaya,Sensor 9
9,2023-10-11,0.4506180555555555,0.6252339018225065,0.12052324607191361,-1.4488146640421673,Chirimachaya,Sensor 9
9,2023-10-12,0.44552083333333337,0.6252339018225065,0.12052324607191361,-1.4911071046156708,Chirimachaya,Sensor 9
9,2023-10-13,0.43851388888888887,0.6252339018225065,0.12052324607191361,-1.5492448056220276,Chirimachaya,Sensor 9
9,2023-10-14,0.43678125,0.6252339018225065,0.12052324607191361,-1.5636207782692881,Chirimachaya,Sensor 9
9,2023-10-15,0.44081250000000005,0.6252339018225065,0.12052324607191361,-1.5301728739737575,Chirimachaya,Sensor 9
9,2023-10-16,0.44098611111111113,0.6252339018225065,0.12052324607191361,-1.5287323957525893,Chirimachaya,Sensor 9
9,2023-10-17,0.4393680555555555,0.6252339018225065,0.12052324607191361,-1.5421576527738792,Chirimachaya,Sensor 9
9,2023-10-18,0.43629513888888893,0.6252339018225065,0.12052324607191361,-1.5676541172885592,Chirimachaya,Sensor 9
9,2023-10-19,0.4341215277777778,0.6252339018225065,0.12052324607191361,-1.585688904617588,Chirimachaya,Sensor 9
9,2023-10-20,0.43146875,0.6252339018225065,0.12052324607191361,-1.607699411837041,Chirimachaya,Sensor 9
9,2023-10-21,0.42956944444444445,0.6252339018225065,0.12052324607191361,-1.6234582435766234,Chirimachaya,Sensor 9
9,2023-10-22,0.42754166666666665,0.6252339018225065,0.12052324607191361,-1.6402830291998702,Chirimachaya,Sensor 9
9,2023-10-23,0.42365277777777777,0.6252339018225065,0.12052324607191361,-1.6725497413540424,Chirimachaya,Sensor 9
9,2023-10-24,0.42400347222222223,0.6252339018225065,0.12052324607191361,-1.6696399753472821,Chirimachaya,Sensor 9
9,2023-10-25,0.4494930555555556,0.6252339018225065,0.12052324607191361,-1.458148962915338,Chirimachaya,Sensor 9
9,2023-10-26,0.45642013888888894,0.6252339018225065,0.12052324607191361,-1.4006738818907187,Chirimachaya,Sensor 9
9,2023-10-27,0.4555729166666667,0.6252339018225065,0.12052324607191361,-1.4077034156100203,Chirimachaya,Sensor 9
9,2023-10-28,0.45097569444444446,0.6252339018225065,0.12052324607191361,-1.4458472789065597,Chirimachaya,Sensor 9
9,2023-10-29,0.44487499999999996,0.6252339018225065,0.12052324607191361,-1.4964656835984178,Chirimachaya,Sensor 9
9,2023-10-30,0.43855208333333334,0.6252339018225065,0.12052324607191361,-1.5489279004133705,Chirimachaya,Sensor 9
9,2023-10-31,0.43260763888888887,0.6252339018225065,0.12052324607191361,-1.5982498747061766,Chirimachaya,Sensor 9
9,2023-11-01,0.42529513888888887,0.6252339018225065,0.12052324607191361,-1.6589228173817894,Chirimachaya,Sensor 9
9,2023-11-02,0.4160069444444444,0.6252339018225065,0.12052324607191361,-1.7359884022142988,Chirimachaya,Sensor 9
9,2023-11-03,0.4053923611111111,0.6252339018225065,0.12052324607191361,-1.8240592406565344,Chirimachaya,Sensor 9
9,2023-11-04,0.394375,0.6252339018225065,0.12052324607191361,-1.915471988571881,Chirimachaya,Sensor 9
9,2023-11-05,0.3858680555555556,0.6252339018225065,0.12052324607191361,-1.986055421409132,Chirimachaya,Sensor 9
9,2023-11-06,0.38538194444444446,0.6252339018225065,0.12052324607191361,-1.9900887604284037,Chirimachaya,Sensor 9
9,2023-11-07,0.3827083333333333,0.6252339018225065,0.12052324607191361,-2.0122721250343973,Chirimachaya,Sensor 9
9,2023-11-08,0.3780381944444444,0.6252339018225065,0.12052324607191361,-2.051020989183827,Chirimachaya,Sensor 9
9,2023-11-09,0.3806215277777778,0.6252339018225065,0.12052324607191361,-2.029586673252841,Chirimachaya,Sensor 9
9,2023-11-10,0.38825347222222223,0.6252339018225065,0.12052324607191361,-1.9662632506502784,Chirimachaya,Sensor 9
9,2023-11-11,0.3882569444444444,0.6252339018225065,0.12052324607191361,-1.9662344410858552,Chirimachaya,Sensor 9
9,2023-11-12,0.38699652777777777,0.6252339018225065,0.12052324607191361,-1.9766923129715377,Chirimachaya,Sensor 9
9,2023-11-13,0.3846111111111111,0.6252339018225065,0.12052324607191361,-1.9964844837303912,Chirimachaya,Sensor 9
9,2023-11-14,0.3821805555555555,0.6252339018225065,0.12052324607191361,-2.0166511788267494,Chirimachaya,Sensor 9
9,2023-11-15,0.3850520833333333,0.6252339018225065,0.12052324607191361,-1.992825669048624,Chirimachaya,Sensor 9
9,2023-11-16,0.3911736111111111,0.6252339018225065,0.12052324607191361,-1.9420344069702262,Chirimachaya,Sensor 9
9,2023-11-17,0.3896041666666667,0.6252339018225065,0.12052324607191361,-1.955056330089588,Chirimachaya,Sensor 9
9,2023-11-18,0.3860104166666667,0.6252339018225065,0.12052324607191361,-1.984874229267774,Chirimachaya,Sensor 9
9,2023-11-19,0.38040277777777776,0.6252339018225065,0.12052324607191361,-2.0314016758115137,Chirimachaya,Sensor 9
9,2023-11-20,0.37476736111111114,0.6252339018225065,0.12052324607191361,-2.078159598870639,Chirimachaya,Sensor 9
9,2023-11-21,0.3691041666666666,0.6252339018225065,0.12052324607191361,-2.125147998445153,Chirimachaya,Sensor 9
9,2023-11-22,0.36381597222222223,0.6252339018225065,0.12052324607191361,-2.1690249650619418,Chirimachaya,Sensor 9
9,2023-11-23,0.3633611111111111,0.6252339018225065,0.12052324607191361,-2.1727990180014034,Chirimachaya,Sensor 9
9,2023-11-24,0.37265625,0.6252339018225065,0.12052324607191361,-2.095675814040047,Chirimachaya,Sensor 9
9,2023-11-25,0.37441319444444443,0.6252339018225065,0.12052324607191361,-2.081098174441823,Chirimachaya,Sensor 9
9,2023-11-26,0.37497569444444445,0.6252339018225065,0.12052324607191361,-2.0764310250052374,Chirimachaya,Sensor 9
9,2023-11-27,0.37377777777777776,0.6252339018225065,0.12052324607191361,-2.0863703247312997,Chirimachaya,Sensor 9
9,2023-11-28,0.3734722222222222,0.6252339018225065,0.12052324607191361,-2.088905566400556,Chirimachaya,Sensor 9
9,2023-11-29,0.37255208333333334,0.6252339018225065,0.12052324607191361,-2.096540100972748,Chirimachaya,Sensor 9
9,2023-11-30,0.37075694444444446,0.6252339018225065,0.12052324607191361,-2.1114346457796294,Chirimachaya,Sensor 9
9,2023-12-01,0.369,0.6252339018225065,0.12052324607191361,-2.1260122853778536,Chirimachaya,Sensor 9
9,2023-12-02,0.3682361111111111,0.6252339018225065,0.12052324607191361,-2.1323503895509948,Chirimachaya,Sensor 9
9,2023-12-03,0.36566666666666664,0.6252339018225065,0.12052324607191361,-2.153669467224287,Chirimachaya,Sensor 9
9,2023-12-04,0.3618368055555556,0.6252339018225065,0.12052324607191361,-2.1854464167832615,Chirimachaya,Sensor 9
9,2023-12-05,0.35897569444444444,0.6252339018225065,0.12052324607191361,-2.209185497868117,Chirimachaya,Sensor 9
9,2023-12-06,0.3575659722222222,0.6252339018225065,0.12052324607191361,-2.2208821810240047,Chirimachaya,Sensor 9
9,2023-12-07,0.35598257839721253,0.6252339018225065,0.12052324607191361,-2.234019844309848,Chirimachaya,Sensor 9
9,2023-12-08,0.3539722222222222,0.6252339018225065,0.12052324607191361,-2.2507000802021904,Chirimachaya,Sensor 9
9,2023-12-09,0.35099652777777773,0.6252339018225065,0.12052324607191361,-2.275389876913017,Chirimachaya,Sensor 9
9,2023-12-10,0.34787152777777774,0.6252339018225065,0.12052324607191361,-2.3013184848940478,Chirimachaya,Sensor 9
9,2023-12-11,0.34462152777777777,0.6252339018225065,0.12052324607191361,-2.32828423719432,Chirimachaya,Sensor 9
9,2023-12-12,0.3409270833333334,0.6252339018225065,0.12052324607191361,-2.358937613740783,Chirimachaya,Sensor 9
9,2023-12-13,0.33666666666666667,0.6252339018225065,0.12052324607191361,-2.3942869492882557,Chirimachaya,Sensor 9
9,2023-12-14,0.33406250000000004,0.6252339018225065,0.12052324607191361,-2.4158941226057817,Chirimachaya,Sensor 9
9,2023-12-15,0.4164097222222222,0.6252339018225065,0.12052324607191361,-1.7326464927411878,Chirimachaya,Sensor 9
9,2023-12-16,0.6416319444444444,0.6252339018225065,0.12052324607191361,0.13605709401614965,Chirimachaya,Sensor 9
9,2023-12-17,0.6566979166666667,0.6252339018225065,0.12052324607191361,0.26106179404914365,Chirimachaya,Sensor 9
9,2023-12-18,0.6522881944444445,0.6252339018225065,0.12052324607191361,0.22447364723146707,Chirimachaya,Sensor 9
9,2023-12-19,0.6245243055555556,0.6252339018225065,0.12052324607191361,-0.0058876298977832385,Chirimachaya,Sensor 9
9,2023-12-20,0.6457395833333333,0.6252339018225065,0.12052324607191361,0.17013880872899384,Chirimachaya,Sensor 9
9,2023-12-21,0.66590625,0.6252339018225065,0.12052324607191361,0.33746475889991573,Chirimachaya,Sensor 9
9,2023-12-22,0.6278645833333333,0.6252339018225065,0.12052324607191361,0.021827171077495894,Chirimachaya,Sensor 9
9,2023-12-23,0.6255000000000001,0.6252339018225065,0.12052324607191361,0.0022078577051832205,Chirimachaya,Sensor 9
9,2023-12-24,0.643013888888889,0.6252339018225065,0.12052324607191361,0.14752330065665153,Chirimachaya,Sensor 9
9,2023-12-25,0.6224722222222222,0.6252339018225065,0.12052324607191361,-0.022914082471994234,Chirimachaya,Sensor 9
9,2023-12-26,0.6538055555555555,0.6252339018225065,0.12052324607191361,0.23706342688447798,Chirimachaya,Sensor 9
9,2023-12-27,0.72165625,0.6252339018225065,0.12052324607191361,0.8000311252815111,Chirimachaya,Sensor 9
9,2023-12-28,0.7094930555555555,0.6252339018225065,0.12052324607191361,0.699111221106453,Chirimachaya,Sensor 9
9,2023-12-29,0.7069201388888888,0.6252339018225065,0.12052324607191361,0.6777633338687371,Chirimachaya,Sensor 9
9,2023-12-30,0.6781875,0.6252339018225065,0.12052324607191361,0.4393641882653683,Chirimachaya,Sensor 9
9,2023-12-31,0.6527986111111111,0.6252339018225065,0.12052324607191361,0.2287086532017018,Chirimachaya,Sensor 9
10,2024-01-01,0.6435069444444445,0.5407646225570619,0.12977283348370566,0.7917090128134013,Chirimachaya,Sensor 10
10,2024-01-02,0.6367673611111111,0.5407646225570619,0.12977283348370566,0.7397753133447866,Chirimachaya,Sensor 10
10,2024-01-03,0.62609375,0.5407646225570619,0.12977283348370566,0.6575268887355538,Chirimachaya,Sensor 10
10,2024-01-04,0.6640486111111111,0.5407646225570619,0.12977283348370566,0.9499984337594725,Chirimachaya,Sensor 10
10,2024-01-05,0.6787916666666667,0.5407646225570619,0.12977283348370566,1.0636050736068385,Chirimachaya,Sensor 10
10,2024-01-06,0.6809375000000001,0.5407646225570619,0.12977283348370566,1.0801403782289944,Chirimachaya,Sensor 10
10,2024-01-07,0.6403194444444444,0.5407646225570619,0.12977283348370566,0.7671468612872868,Chirimachaya,Sensor 10
10,2024-01-08,0.6242708333333333,0.5407646225570619,0.12977283348370566,0.6434799066536255,Chirimachaya,Sensor 10
10,2024-01-09,0.6154479166666667,0.5407646225570619,0.12977283348370566,0.5754925133770928,Chirimachaya,Sensor 10
10,2024-01-10,0.6077986111111111,0.5407646225570619,0.12977283348370566,0.5165487009456875,Chirimachaya,Sensor 10
10,2024-01-11,0.6003090277777777,0.5407646225570619,0.12977283348370566,0.45883567170622214,Chirimachaya,Sensor 10
10,2024-01-12,0.6021458333333334,0.5407646225570619,0.12977283348370566,0.47298967841353723,Chirimachaya,Sensor 10
10,2024-01-13,0.6253333333333333,0.5407646225570619,0.12977283348370566,0.6516672904956634,Chirimachaya,Sensor 10
10,2024-01-14,0.6942291666666667,0.5407646225570619,0.12977283348370566,1.1825629447235104,Chirimachaya,Sensor 10
10,2024-01-15,0.6458194444444445,0.5407646225570619,0.12977283348370566,0.8095286129401906,Chirimachaya,Sensor 10
10,2024-01-16,0.6341875,0.5407646225570619,0.12977283348370566,0.7198954891793151,Chirimachaya,Sensor 10
10,2024-01-17,0.6929479166666667,0.5407646225570619,0.12977283348370566,1.1726899230316408,Chirimachaya,Sensor 10
10,2024-01-18,0.6637465277777779,0.5407646225570619,0.12977283348370566,0.9476706481573249,Chirimachaya,Sensor 10
10,2024-01-19,0.6408993055555556,0.5407646225570619,0.12977283348370566,0.7716151393971579,Chirimachaya,Sensor 10
10,2024-01-20,0.6429652777777778,0.5407646225570619,0.12977283348370566,0.7875350524233428,Chirimachaya,Sensor 10
10,2024-01-21,0.6439548611111111,0.5407646225570619,0.12977283348370566,0.7951605569821036,Chirimachaya,Sensor 10
10,2024-01-22,0.6334340277777778,0.5407646225570619,0.12977283348370566,0.7140894032521181,Chirimachaya,Sensor 10
10,2024-01-23,0.6231909722222223,0.5407646225570619,0.12977283348370566,0.6351587420298553,Chirimachaya,Sensor 10
10,2024-01-24,0.6134375,0.5407646225570619,0.12977283348370566,0.560000698852452,Chirimachaya,Sensor 10
10,2024-01-25,0.6019618055555555,0.5407646225570619,0.12977283348370566,0.47157160212717,Chirimachaya,Sensor 10
10,2024-01-26,0.5899409722222222,0.5407646225570619,0.12977283348370566,0.37894178885548396,Chirimachaya,Sensor 10
10,2024-01-27,0.5764895833333333,0.5407646225570619,0.12977283348370566,0.27528843916902723,Chirimachaya,Sensor 10
10,2024-01-28,0.5630868055555556,0.5407646225570619,0.12977283348370566,0.17200967567142186,Chirimachaya,Sensor 10
10,2024-01-29,0.5503888888888889,0.5407646225570619,0.12977283348370566,0.07416241191216211,Chirimachaya,Sensor 10
10,2024-01-30,0.5366944444444445,0.5407646225570619,0.12977283348370566,-0.03136386871855198,Chirimachaya,Sensor 10
10,2024-01-31,0.5228993055555555,0.5407646225570619,0.12977283348370566,-0.1376660778833158,Chirimachaya,Sensor 10
10,2024-02-01,0.5141145833333334,0.5407646225570619,0.12977283348370566,-0.20535915344003597,Chirimachaya,Sensor 10
10,2024-02-02,0.50575,0.5407646225570619,0.12977283348370566,-0.2698147340788266,Chirimachaya,Sensor 10
10,2024-02-03,0.5059791666666666,0.5407646225570619,0.12977283348370566,-0.2680488277599561,Chirimachaya,Sensor 10
10,2024-02-04,0.5487777777777778,0.5407646225570619,0.12977283348370566,0.06174755536737217,Chirimachaya,Sensor 10
10,2024-02-05,0.5640277777777778,0.5407646225570619,0.12977283348370566,0.1792605940413315,Chirimachaya,Sensor 10
10,2024-02-06,0.5982777777777778,0.5407646225570619,0.12977283348370566,0.44318332024350265,Chirimachaya,Sensor 10
10,2024-02-07,0.5984513888888888,0.5407646225570619,0.12977283348370566,0.4445211280608285,Chirimachaya,Sensor 10
10,2024-02-08,0.6028888888888889,0.5407646225570619,0.12977283348370566,0.4787154958716945,Chirimachaya,Sensor 10
10,2024-02-09,0.6002951388888889,0.5407646225570619,0.12977283348370566,0.45872864708083616,Chirimachaya,Sensor 10
10,2024-02-10,0.5990868055555556,0.5407646225570619,0.12977283348370566,0.44941750467224434,Chirimachaya,Sensor 10
10,2024-02-11,0.5996041666666667,0.5407646225570619,0.12977283348370566,0.4534041719678773,Chirimachaya,Sensor 10
10,2024-02-12,0.6017152777777777,0.5407646225570619,0.12977283348370566,0.4696719150265663,Chirimachaya,Sensor 10
10,2024-02-13,0.6254201388888889,0.5407646225570619,0.12977283348370566,0.6523361944043272,Chirimachaya,Sensor 10
10,2024-02-14,0.6198576388888889,0.5407646225570619,0.12977283348370566,0.609472831937186,Chirimachaya,Sensor 10
10,2024-02-15,0.6312048611111112,0.5407646225570619,0.12977283348370566,0.6969119508776463,Chirimachaya,Sensor 10
10,2024-02-16,0.636170138888889,0.5407646225570619,0.12977283348370566,0.7351732544531842,Chirimachaya,Sensor 10
10,2024-02-17,0.6388958333333333,0.5407646225570619,0.12977283348370566,0.7561768371852096,Chirimachaya,Sensor 10
10,2024-02-18,0.6300034722222222,0.5407646225570619,0.12977283348370566,0.6876543207817462,Chirimachaya,Sensor 10
10,2024-02-19,0.6261979166666667,0.5407646225570619,0.12977283348370566,0.6583295734259498,Chirimachaya,Sensor 10
10,2024-02-20,0.6540590277777778,0.5407646225570619,0.12977283348370566,0.8730209719505059,Chirimachaya,Sensor 10
10,2024-02-21,0.6320520833333334,0.5407646225570619,0.12977283348370566,0.7034404530261996,Chirimachaya,Sensor 10
10,2024-02-22,0.6211180555555555,0.5407646225570619,0.12977283348370566,0.6191853166909763,Chirimachaya,Sensor 10
10,2024-02-23,0.6098194444444444,0.5407646225570619,0.12977283348370566,0.5321207839393673,Chirimachaya,Sensor 10
10,2024-02-24,0.6008472222222222,0.5407646225570619,0.12977283348370566,0.4629828759399345,Chirimachaya,Sensor 10
10,2024-02-25,0.5924131944444444,0.5407646225570619,0.12977283348370566,0.3979921721742131,Chirimachaya,Sensor 10
10,2024-02-26,0.5828020833333333,0.5407646225570619,0.12977283348370566,0.3239311314070182,Chirimachaya,Sensor 10
10,2024-02-27,0.5728784722222221,0.5407646225570619,0.12977283348370566,0.2474620365686352,Chirimachaya,Sensor 10
10,2024-02-28,0.5629861111111111,0.5407646225570619,0.12977283348370566,0.1712337471373721,Chirimachaya,Sensor 10
10,2024-02-29,0.5555400696864112,0.5407646225570619,0.12977283348370566,0.11385624196303396,Chirimachaya,Sensor 10
10,2024-03-01,0.62446875,0.5407646225570619,0.12977283348370566,0.6450050075653778,Chirimachaya,Sensor 10
10,2024-03-02,0.6847083333333334,0.5407646225570619,0.12977283348370566,1.1091975640213256,Chirimachaya,Sensor 10
10,2024-03-03,0.68134375,0.5407646225570619,0.12977283348370566,1.083270848521538,Chirimachaya,Sensor 10
10,2024-03-04,0.6738159722222223,0.5407646225570619,0.12977283348370566,1.025263501562262,Chirimachaya,Sensor 10
10,2024-03-05,0.648,0.5407646225570619,0.12977283348370566,0.8263314791258112,Chirimachaya,Sensor 10
10,2024-03-06,0.6324027777777778,0.5407646225570619,0.12977283348370566,0.7061428248171985,Chirimachaya,Sensor 10
10,2024-03-07,0.6251597222222222,0.5407646225570619,0.12977283348370566,0.6503294826783367,Chirimachaya,Sensor 10
10,2024-03-08,0.6238333333333332,0.5407646225570619,0.12977283348370566,0.640108630953962,Chirimachaya,Sensor 10
10,2024-03-09,0.6263680555555555,0.5407646225570619,0.12977283348370566,0.6596406250869293,Chirimachaya,Sensor 10
10,2024-03-10,0.6354375,0.5407646225570619,0.12977283348370566,0.7295277054640656,Chirimachaya,Sensor 10
10,2024-03-11,0.6319479166666667,0.5407646225570619,0.12977283348370566,0.7026377683358036,Chirimachaya,Sensor 10
10,2024-03-12,0.6249305555555555,0.5407646225570619,0.12977283348370566,0.6485635763594662,Chirimachaya,Sensor 10
10,2024-03-13,0.62115625,0.5407646225570619,0.12977283348370566,0.6194796344107879,Chirimachaya,Sensor 10
10,2024-03-14,0.6316006944444444,0.5407646225570619,0.12977283348370566,0.6999621527011501,Chirimachaya,Sensor 10
10,2024-03-15,0.6412222222222222,0.5407646225570619,0.12977283348370566,0.7741034619373848,Chirimachaya,Sensor 10
10,2024-03-16,0.6295694444444444,0.5407646225570619,0.12977283348370566,0.6843098012384299,Chirimachaya,Sensor 10
10,2024-03-17,0.6205069444444444,0.5407646225570619,0.12977283348370566,0.614476233173987,Chirimachaya,Sensor 10
10,2024-03-18,0.6126180555555556,0.5407646225570619,0.12977283348370566,0.5536862459546714,Chirimachaya,Sensor 10
10,2024-03-19,0.6067395833333333,0.5407646225570619,0.12977283348370566,0.5083880732599959,Chirimachaya,Sensor 10
10,2024-03-20,0.6004131944444444,0.5407646225570619,0.12977283348370566,0.45963835639661815,Chirimachaya,Sensor 10
10,2024-03-21,0.6395972222222222,0.5407646225570619,0.12977283348370566,0.761581580767208,Chirimachaya,Sensor 10
10,2024-03-22,0.6855277777777778,0.5407646225570619,0.12977283348370566,1.115512016919107,Chirimachaya,Sensor 10
10,2024-03-23,0.6690729166666667,0.5407646225570619,0.12977283348370566,0.9887145919929012,Chirimachaya,Sensor 10
10,2024-03-24,0.6514236111111111,0.5407646225570619,0.12977283348370566,0.8527130492834897,Chirimachaya,Sensor 10
10,2024-03-25,0.6305277777777778,0.5407646225570619,0.12977283348370566,0.6916945003900726,Chirimachaya,Sensor 10
10,2024-03-26,0.6176909722222222,0.5407646225570619,0.12977283348370566,0.5927769903769515,Chirimachaya,Sensor 10
10,2024-03-27,0.60746875,0.5407646225570619,0.12977283348370566,0.5140068660927672,Chirimachaya,Sensor 10
10,2024-03-28,0.5973888888888889,0.5407646225570619,0.12977283348370566,0.4363337442187906,Chirimachaya,Sensor 10
10,2024-03-29,0.5880451388888889,0.5407646225570619,0.12977283348370566,0.36433292749027874,Chirimachaya,Sensor 10
10,2024-03-30,0.5853993055555555,0.5407646225570619,0.12977283348370566,0.3439447363542228,Chirimachaya,Sensor 10
10,2024-03-31,0.582125,0.5407646225570619,0.12977283348370566,0.31871368091944535,Chirimachaya,Sensor 10
10,2024-04-01,0.5843576388888888,0.5407646225570619,0.12977283348370566,0.3359178894502634,Chirimachaya,Sensor 10
10,2024-04-02,0.6422743055555555,0.5407646225570619,0.12977283348370566,0.782210577310383,Chirimachaya,Sensor 10
10,2024-04-03,0.6906041666666667,0.5407646225570619,0.12977283348370566,1.1546295174977332,Chirimachaya,Sensor 10
10,2024-04-04,0.7069583333333332,0.5407646225570619,0.12977283348370566,1.2806510138898883,Chirimachaya,Sensor 10
10,2024-04-05,0.6646701388888889,0.5407646225570619,0.12977283348370566,0.9547877857455015,Chirimachaya,Sensor 10
10,2024-04-06,0.6484305555555556,0.5407646225570619,0.12977283348370566,0.8296492425127813,Chirimachaya,Sensor 10
10,2024-04-07,0.6361666666666667,0.5407646225570619,0.12977283348370566,0.735146498296837,Chirimachaya,Sensor 10
10,2024-04-08,0.6268680555555556,0.5407646225570619,0.12977283348370566,0.6634935116008301,Chirimachaya,Sensor 10
10,2024-04-09,0.6203402777777778,0.5407646225570619,0.12977283348370566,0.6131919376693536,Chirimachaya,Sensor 10
10,2024-04-10,0.6145138888888888,0.5407646225570619,0.12977283348370566,0.5682951073198758,Chirimachaya,Sensor 10
10,2024-04-11,0.6087777777777778,0.5407646225570619,0.12977283348370566,0.5240939370354089,Chirimachaya,Sensor 10
10,2024-04-12,0.6044861111111111,0.5407646225570619,0.12977283348370566,0.4910233277910976,Chirimachaya,Sensor 10
10,2024-04-13,0.5999895833333333,0.5407646225570619,0.12977283348370566,0.4563741053223415,Chirimachaya,Sensor 10
10,2024-04-14,0.5952534722222222,0.5407646225570619,0.12977283348370566,0.4198787080656751,Chirimachaya,Sensor 10
10,2024-04-15,0.5885555555555555,0.5407646225570619,0.12977283348370566,0.3682660824732183,Chirimachaya,Sensor 10
10,2024-04-16,0.5835868055555555,0.5407646225570619,0.12977283348370566,0.32997802274133425,Chirimachaya,Sensor 10
10,2024-04-17,0.5881527777777777,0.5407646225570619,0.12977283348370566,0.36516236833702104,Chirimachaya,Sensor 10
10,2024-04-18,0.6086041666666666,0.5407646225570619,0.12977283348370566,0.5227561292180821,Chirimachaya,Sensor 10
10,2024-04-19,0.6876875,0.5407646225570619,0.12977283348370566,1.1321543461666481,Chirimachaya,Sensor 10
10,2024-04-20,0.6601006944444445,0.5407646225570619,0.12977283348370566,0.9195766839934684,Chirimachaya,Sensor 10
10,2024-04-21,0.6510902777777778,0.5407646225570619,0.12977283348370566,0.8501444582742231,Chirimachaya,Sensor 10
10,2024-04-22,0.7019236111111111,0.5407646225570619,0.12977283348370566,1.241854587187421,Chirimachaya,Sensor 10
10,2024-04-23,0.6668576388888889,0.5407646225570619,0.12977283348370566,0.9716441642438154,Chirimachaya,Sensor 10
10,2024-04-24,0.6581597222222223,0.5407646225570619,0.12977283348370566,0.9046199925957582,Chirimachaya,Sensor 10
10,2024-04-25,0.6414513888888889,0.5407646225570619,0.12977283348370566,0.7758693682562554,Chirimachaya,Sensor 10
10,2024-04-26,0.6391493055555556,0.5407646225570619,0.12977283348370566,0.7581300365985066,Chirimachaya,Sensor 10
10,2024-04-27,0.6639305555555555,0.5407646225570619,0.12977283348370566,0.9490887244436896,Chirimachaya,Sensor 10
10,2024-04-28,0.7112916666666667,0.5407646225570619,0.12977283348370566,1.3140426970103585,Chirimachaya,Sensor 10
10,2024-04-29,0.6842881944444446,0.5407646225570619,0.12977283348370566,1.1059600691033962,Chirimachaya,Sensor 10
10,2024-04-30,0.6980173611111111,0.5407646225570619,0.12977283348370566,1.2117539112975746,Chirimachaya,Sensor 10
10,2024-05-01,0.6512604166666667,0.5407646225570619,0.12977283348370566,0.8514555099352027,Chirimachaya,Sensor 10
10,2024-05-02,0.6347118055555555,0.5407646225570619,0.12977283348370566,0.7239356687876406,Chirimachaya,Sensor 10
10,2024-05-03,0.6526805555555556,0.5407646225570619,0.12977283348370566,0.8623987778809337,Chirimachaya,Sensor 10
10,2024-05-04,0.6975520833333334,0.5407646225570619,0.12977283348370566,1.20816858634714,Chirimachaya,Sensor 10
10,2024-05-05,0.7234583333333333,0.5407646225570619,0.12977283348370566,1.4077962688485992,Chirimachaya,Sensor 10
10,2024-05-06,0.6802951388888889,0.5407646225570619,0.12977283348370566,1.075190489304886,Chirimachaya,Sensor 10
10,2024-05-07,0.6520520833333333,0.5407646225570619,0.12977283348370566,0.8575559135822113,Chirimachaya,Sensor 10
10,2024-05-08,0.70415625,0.5407646225570619,0.12977283348370566,1.2590587957182398,Chirimachaya,Sensor 10
10,2024-05-09,0.66790625,0.5407646225570619,0.12977283348370566,0.9797245234604673,Chirimachaya,Sensor 10
10,2024-05-10,0.6400347222222222,0.5407646225570619,0.12977283348370566,0.7649528564668715,Chirimachaya,Sensor 10
10,2024-05-11,0.6296319444444445,0.5407646225570619,0.12977283348370566,0.684791412052668,Chirimachaya,Sensor 10
10,2024-05-12,0.6222569444444445,0.5407646225570619,0.12977283348370566,0.6279613359726383,Chirimachaya,Sensor 10
10,2024-05-13,0.6228645833333333,0.5407646225570619,0.12977283348370566,0.6326436633332805,Chirimachaya,Sensor 10
10,2024-05-14,0.6474340277777778,0.5407646225570619,0.12977283348370566,0.8219702256413269,Chirimachaya,Sensor 10
10,2024-05-15,0.66340625,0.5407646225570619,0.12977283348370566,0.945048544835364,Chirimachaya,Sensor 10
10,2024-05-16,0.6717118055555555,0.5407646225570619,0.12977283348370566,1.0090492708162637,Chirimachaya,Sensor 10
10,2024-05-17,0.6754097222222222,0.5407646225570619,0.12977283348370566,1.0375445773253178,Chirimachaya,Sensor 10
10,2024-05-18,0.6460625,0.5407646225570619,0.12977283348370566,0.8114015438844472,Chirimachaya,Sensor 10
10,2024-05-19,0.6409687500000001,0.5407646225570619,0.12977283348370566,0.7721502625240886,Chirimachaya,Sensor 10
10,2024-05-20,0.6655763888888889,0.5407646225570619,0.12977283348370566,0.9617711425519457,Chirimachaya,Sensor 10
10,2024-05-21,0.6691145833333334,0.5407646225570619,0.12977283348370566,0.98903566586906,Chirimachaya,Sensor 10
10,2024-05-22,0.6424097222222223,0.5407646225570619,0.12977283348370566,0.7832540674078982,Chirimachaya,Sensor 10
10,2024-05-23,0.6714895833333334,0.5407646225570619,0.12977283348370566,1.0073368768100865,Chirimachaya,Sensor 10
10,2024-05-24,0.6402187500000001,0.5407646225570619,0.12977283348370566,0.7663709327532379,Chirimachaya,Sensor 10
10,2024-05-25,0.6342430555555556,0.5407646225570619,0.12977283348370566,0.7203235876808598,Chirimachaya,Sensor 10
10,2024-05-26,0.6383229166666667,0.5407646225570619,0.12977283348370566,0.7517620713880326,Chirimachaya,Sensor 10
10,2024-05-27,0.63115625,0.5407646225570619,0.12977283348370566,0.6965373646887941,Chirimachaya,Sensor 10
10,2024-05-28,0.6359340277777777,0.5407646225570619,0.12977283348370566,0.7333538358216193,Chirimachaya,Sensor 10
10,2024-05-29,0.6358576388888889,0.5407646225570619,0.12977283348370566,0.732765200381996,Chirimachaya,Sensor 10
10,2024-05-30,0.6275833333333334,0.5407646225570619,0.12977283348370566,0.6690052798082154,Chirimachaya,Sensor 10
10,2024-05-31,0.6193541666666667,0.5407646225570619,0.12977283348370566,0.6055931892669391,Chirimachaya,Sensor 10
10,2024-06-01,0.6116527777777778,0.5407646225570619,0.12977283348370566,0.5462480344903361,Chirimachaya,Sensor 10
10,2024-06-02,0.603454861111111,0.5407646225570619,0.12977283348370566,0.4830767493561779,Chirimachaya,Sensor 10
10,2024-06-03,0.5947881944444444,0.5407646225570619,0.12977283348370566,0.4162933831152397,Chirimachaya,Sensor 10
10,2024-06-04,0.5878090277777778,0.5407646225570619,0.12977283348370566,0.36251350885871475,Chirimachaya,Sensor 10
10,2024-06-05,0.5938888888888889,0.5407646225570619,0.12977283348370566,0.4093635386214889,Chirimachaya,Sensor 10
10,2024-06-06,0.6540592334494774,0.5407646225570619,0.12977283348370566,0.873022556809941,Chirimachaya,Sensor 10
10,2024-06-07,0.6960868055555555,0.5407646225570619,0.12977283348370566,1.1968774883689033,Chirimachaya,Sensor 10
10,2024-06-08,0.6952604166666666,0.5407646225570619,0.12977283348370566,1.1905095231584293,Chirimachaya,Sensor 10
10,2024-06-09,0.6858298611111111,0.5407646225570619,0.12977283348370566,1.1178398025212546,Chirimachaya,Sensor 10
10,2024-06-10,0.6707743055555556,0.5407646225570619,0.12977283348370566,1.0018251086027012,Chirimachaya,Sensor 10
10,2024-06-11,0.6733055555555556,0.5407646225570619,0.12977283348370566,1.0213303465793215,Chirimachaya,Sensor 10
10,2024-06-12,0.65665625,0.5407646225570619,0.12977283348370566,0.8930345768977105,Chirimachaya,Sensor 10
10,2024-06-13,0.6842604166666667,0.5407646225570619,0.12977283348370566,1.1057460198526232,Chirimachaya,Sensor 10
10,2024-06-14,0.6558402777777778,0.5407646225570619,0.12977283348370566,0.8867468801562755,Chirimachaya,Sensor 10
10,2024-06-15,0.6686701388888889,0.5407646225570619,0.12977283348370566,0.985610877856704,Chirimachaya,Sensor 10
10,2024-06-16,0.7098506944444444,0.5407646225570619,0.12977283348370566,1.302938892126548,Chirimachaya,Sensor 10
10,2024-06-17,0.6705833333333334,0.5407646225570619,0.12977283348370566,1.0003535200036424,Chirimachaya,Sensor 10
10,2024-06-18,0.6436701388888889,0.5407646225570619,0.12977283348370566,0.7929665521616883,Chirimachaya,Sensor 10
10,2024-06-19,0.6323402777777778,0.5407646225570619,0.12977283348370566,0.7056612140029612,Chirimachaya,Sensor 10
10,2024-06-20,0.6285173611111111,0.5407646225570619,0.12977283348370566,0.6762026858654316,Chirimachaya,Sensor 10
10,2024-06-21,0.64159375,0.5407646225570619,0.12977283348370566,0.776966370666463,Chirimachaya,Sensor 10
10,2024-06-22,0.6456319444444445,0.5407646225570619,0.12977283348370566,0.808083780497478,Chirimachaya,Sensor 10
10,2024-06-23,0.6337256944444445,0.5407646225570619,0.12977283348370566,0.7163369203852268,Chirimachaya,Sensor 10
10,2024-06-24,0.6243645833333333,0.5407646225570619,0.12977283348370566,0.6442023228749818,Chirimachaya,Sensor 10
10,2024-06-25,0.6176041666666667,0.5407646225570619,0.12977283348370566,0.5921080864682886,Chirimachaya,Sensor 10
10,2024-06-26,0.6124479166666666,0.5407646225570619,0.12977283348370566,0.552375194293691,Chirimachaya,Sensor 10
10,2024-06-27,0.6077152777777778,0.5407646225570619,0.12977283348370566,0.5159065531933709,Chirimachaya,Sensor 10
10,2024-06-28,0.6023229166666666,0.5407646225570619,0.12977283348370566,0.47435424238720936,Chirimachaya,Sensor 10
10,2024-06-29,0.5954583333333333,0.5407646225570619,0.12977283348370566,0.42145732129012003,Chirimachaya,Sensor 10
10,2024-06-30,0.5910763888888888,0.5407646225570619,0.12977283348370566,0.3876910519807988,Chirimachaya,Sensor 10
10,2024-07-01,0.5980972222222222,0.5407646225570619,0.12977283348370566,0.4417920001134826,Chirimachaya,Sensor 10
10,2024-07-02,0.6025694444444444,0.5407646225570619,0.12977283348370566,0.476253929487813,Chirimachaya,Sensor 10
10,2024-07-03,0.6578402777777778,0.5407646225570619,0.12977283348370566,0.9021584262118767,Chirimachaya,Sensor 10
10,2024-07-04,0.6488506944444444,0.5407646225570619,0.12977283348370566,0.8328867374307107,Chirimachaya,Sensor 10
10,2024-07-05,0.6381805555555555,0.5407646225570619,0.12977283348370566,0.7506650689778241,Chirimachaya,Sensor 10
10,2024-07-06,0.6369444444444444,0.5407646225570619,0.12977283348370566,0.7411398773184595,Chirimachaya,Sensor 10
10,2024-07-07,0.6459270833333334,0.5407646225570619,0.12977283348370566,0.8103580537869329,Chirimachaya,Sensor 10
10,2024-07-08,0.6476041666666668,0.5407646225570619,0.12977283348370566,0.8232812773023073,Chirimachaya,Sensor 10
10,2024-07-09,0.6376840277777778,0.5407646225570619,0.12977283348370566,0.7468389386202706,Chirimachaya,Sensor 10
10,2024-07-10,0.6315173611111111,0.5407646225570619,0.12977283348370566,0.6993200049488335,Chirimachaya,Sensor 10
10,2024-07-11,0.6269652777777778,0.5407646225570619,0.12977283348370566,0.6642426839785327,Chirimachaya,Sensor 10
10,2024-07-12,0.6211006944444445,0.5407646225570619,0.12977283348370566,0.619051535909244,Chirimachaya,Sensor 10
10,2024-07-13,0.6580486111111111,0.5407646225570619,0.12977283348370566,0.9037637955926687,Chirimachaya,Sensor 10
10,2024-07-14,0.674,0.5407646225570619,0.12977283348370566,1.0266815778486273,Chirimachaya,Sensor 10
10,2024-07-15,0.6493541666666667,0.5407646225570619,0.12977283348370566,0.8367663801009577,Chirimachaya,Sensor 10
10,2024-07-16,0.6360243055555556,0.5407646225570619,0.12977283348370566,0.7340494958866294,Chirimachaya,Sensor 10
10,2024-07-17,0.6265555555555555,0.5407646225570619,0.12977283348370566,0.661085457529642,Chirimachaya,Sensor 10
10,2024-07-18,0.6194375,0.5407646225570619,0.12977283348370566,0.6062353370192557,Chirimachaya,Sensor 10
10,2024-07-19,0.6147708333333334,0.5407646225570619,0.12977283348370566,0.57027506288952,Chirimachaya,Sensor 10
10,2024-07-20,0.6114756944444444,0.5407646225570619,0.12977283348370566,0.5448834705166623,Chirimachaya,Sensor 10
10,2024-07-21,0.6102256944444444,0.5407646225570619,0.12977283348370566,0.5352512542319118,Chirimachaya,Sensor 10
10,2024-07-22,0.6105555555555555,0.5407646225570619,0.12977283348370566,0.537793089084832,Chirimachaya,Sensor 10
10,2024-07-23,0.61,0.5407646225570619,0.12977283348370566,0.5335121040693874,Chirimachaya,Sensor 10
10,2024-07-24,0.6089027777777778,0.5407646225570619,0.12977283348370566,0.5250571586638842,Chirimachaya,Sensor 10
10,2024-07-25,0.6070763888888888,0.5407646225570619,0.12977283348370566,0.5109834204256088,Chirimachaya,Sensor 10
10,2024-07-26,0.6132256944444445,0.5407646225570619,0.12977283348370566,0.5583685733153144,Chirimachaya,Sensor 10
10,2024-07-27,0.6143402777777778,0.5407646225570619,0.12977283348370566,0.5669572995025499,Chirimachaya,Sensor 10
10,2024-07-28,0.6120277777777778,0.5407646225570619,0.12977283348370566,0.5491376993757615,Chirimachaya,Sensor 10
10,2024-07-29,0.6083645833333333,0.5407646225570619,0.12977283348370566,0.5209099544301719,Chirimachaya,Sensor 10
10,2024-07-30,0.6064201388888889,0.5407646225570619,0.12977283348370566,0.5059265068761153,Chirimachaya,Sensor 10
10,2024-07-31,0.6125729166666667,0.5407646225570619,0.12977283348370566,0.5533384159221664,Chirimachaya,Sensor 10
10,2024-08-01,0.61271875,0.5407646225570619,0.12977283348370566,0.5544621744887203,Chirimachaya,Sensor 10
10,2024-08-02,0.6107395833333333,0.5407646225570619,0.12977283348370566,0.5392111653711984,Chirimachaya,Sensor 10
10,2024-08-03,0.60553125,0.5407646225570619,0.12977283348370566,0.49907693085140326,Chirimachaya,Sensor 10
10,2024-08-04,0.59875,0.5407646225570619,0.12977283348370566,0.4468221575066306,Chirimachaya,Sensor 10
10,2024-08-05,0.5930312499999999,0.5407646225570619,0.12977283348370566,0.40275476800389504,Chirimachaya,Sensor 10
10,2024-08-06,0.5884965277777777,0.5407646225570619,0.12977283348370566,0.3678112278153273,Chirimachaya,Sensor 10
10,2024-08-07,0.5848020833333334,0.5407646225570619,0.12977283348370566,0.3393426774626203,Chirimachaya,Sensor 10
10,2024-08-08,0.57871875,0.5407646225570619,0.12977283348370566,0.29246589154349906,Chirimachaya,Sensor 10
10,2024-08-09,0.572,0.5407646225570619,0.12977283348370566,0.24069272901296368,Chirimachaya,Sensor 10
10,2024-08-10,0.5671701388888889,0.5407646225570619,0.12977283348370566,0.203474915534941,Chirimachaya,Sensor 10
10,2024-08-11,0.5618020833333334,0.5407646225570619,0.12977283348370566,0.16210989782320595,Chirimachaya,Sensor 10
10,2024-08-12,0.5564826388888889,0.5407646225570619,0.12977283348370566,0.12111946630032219,Chirimachaya,Sensor 10
10,2024-08-13,0.5529687500000001,0.5407646225570619,0.12977283348370566,0.09404223607763447,Chirimachaya,Sensor 10
10,2024-08-14,0.5482361111111111,0.5407646225570619,0.12977283348370566,0.05757359497731353,Chirimachaya,Sensor 10
10,2024-08-15,0.5426979166666667,0.5407646225570619,0.12977283348370566,0.014897525604598049,Chirimachaya,Sensor 10
10,2024-08-16,0.5391631944444444,0.5407646225570619,0.12977283348370566,-0.012340241556169907,Chirimachaya,Sensor 10
10,2024-08-17,0.5342118055555556,0.5407646225570619,0.12977283348370566,-0.05049452050632087,Chirimachaya,Sensor 10
10,2024-08-18,0.5279965277777778,0.5407646225570619,0.12977283348370566,-0.09838804036660923,Chirimachaya,Sensor 10
10,2024-08-19,0.5209513888888888,0.5407646225570619,0.12977283348370566,-0.1526762815937195,Chirimachaya,Sensor 10
10,2024-08-20,0.5134201388888889,0.5407646225570619,0.12977283348370566,-0.21071038470934195,Chirimachaya,Sensor 10
10,2024-08-21,0.5077351916376307,0.5407646225570619,0.12977283348370566,-0.2545172979025569,Chirimachaya,Sensor 10
10,2024-08-22,0.5014826388888889,0.5407646225570619,0.12977283348370566,-0.30269805022871216,Chirimachaya,Sensor 10
10,2024-08-23,0.49426388888888884,0.5407646225570619,0.12977283348370566,-0.3583240992731483,Chirimachaya,Sensor 10
10,2024-08-24,0.4881215277777778,0.5407646225570619,0.12977283348370566,-0.40565573985015924,Chirimachaya,Sensor 10
10,2024-08-25,0.4818541666666667,0.5407646225570619,0.12977283348370566,-0.4539506020556456,Chirimachaya,Sensor 10
10,2024-08-26,0.4778263888888889,0.5407646225570619,0.12977283348370566,-0.48498774341762046,Chirimachaya,Sensor 10
10,2024-08-27,0.4757430555555555,0.5407646225570619,0.12977283348370566,-0.5010414372255387,Chirimachaya,Sensor 10
10,2024-08-28,0.4718784722222222,0.5407646225570619,0.12977283348370566,-0.5308210392392266,Chirimachaya,Sensor 10
10,2024-08-29,0.46590972222222227,0.5407646225570619,0.12977283348370566,-0.5768148719989109,Chirimachaya,Sensor 10
10,2024-08-30,0.4572638888888889,0.5407646225570619,0.12977283348370566,-0.6434377013017706,Chirimachaya,Sensor 10
10,2024-08-31,0.44714236111111116,0.5407646225570619,0.12977283348370566,-0.721431897051905,Chirimachaya,Sensor 10
10,2024-09-01,0.43745833333333334,0.5407646225570619,0.12977283348370566,-0.7960548171023774,Chirimachaya,Sensor 10
10,2024-09-02,0.4307951388888889,0.5407646225570619,0.12977283348370566,-0.8473998811313684,Chirimachaya,Sensor 10
10,2024-09-03,0.4232743055555555,0.5407646225570619,0.12977283348370566,-0.9053537157779525,Chirimachaya,Sensor 10
10,2024-09-04,0.4140798611111111,0.5407646225570619,0.12977283348370566,-0.9762040177835634,Chirimachaya,Sensor 10
10,2024-09-05,0.4050763888888889,0.5407646225570619,0.12977283348370566,-1.0455827311901154,Chirimachaya,Sensor 10
10,2024-09-06,0.4011527777777778,0.5407646225570619,0.12977283348370566,-1.075817187861694,Chirimachaya,Sensor 10
10,2024-09-07,0.3979201388888889,0.5407646225570619,0.12977283348370566,-1.1007271694203138,Chirimachaya,Sensor 10
10,2024-09-08,0.3936736111111111,0.5407646225570619,0.12977283348370566,-1.13344994863212,Chirimachaya,Sensor 10
10,2024-09-09,0.3964513888888889,0.5407646225570619,0.12977283348370566,-1.1120450235548955,Chirimachaya,Sensor 10
10,2024-09-10,0.40180208333333334,0.5407646225570619,0.12977283348370566,-1.0708137866248932,Chirimachaya,Sensor 10
10,2024-09-11,0.3995972222222222,0.5407646225570619,0.12977283348370566,-1.0878039459049398,Chirimachaya,Sensor 10
10,2024-09-12,0.39577083333333335,0.5407646225570619,0.12977283348370566,-1.1172892301988155,Chirimachaya,Sensor 10
10,2024-09-13,0.3912326388888889,0.5407646225570619,0.12977283348370566,-1.1522595265437303,Chirimachaya,Sensor 10
10,2024-09-14,0.38628125,0.5407646225570619,0.12977283348370566,-1.1904138054938818,Chirimachaya,Sensor 10
10,2024-09-15,0.3796215277777778,0.5407646225570619,0.12977283348370566,-1.2417321133665262,Chirimachaya,Sensor 10
10,2024-09-16,0.37387152777777777,0.5407646225570619,0.12977283348370566,-1.28604030827638,Chirimachaya,Sensor 10
10,2024-09-17,0.369375,0.5407646225570619,0.12977283348370566,-1.320689530745136,Chirimachaya,Sensor 10
10,2024-09-18,0.3647534722222222,0.5407646225570619,0.12977283348370566,-1.3563019748423677,Chirimachaya,Sensor 10
10,2024-09-19,0.36034374999999996,0.5407646225570619,0.12977283348370566,-1.3902822934024608,Chirimachaya,Sensor 10
10,2024-09-20,0.3572395833333333,0.5407646225570619,0.12977283348370566,-1.4142022971762587,Chirimachaya,Sensor 10
10,2024-09-21,0.3547638888888889,0.5407646225570619,0.12977283348370566,-1.4332794366513342,Chirimachaya,Sensor 10
10,2024-09-22,0.35657986111111106,0.5407646225570619,0.12977283348370566,-1.4192859668820994,Chirimachaya,Sensor 10
10,2024-09-23,0.35682638888888885,0.5407646225570619,0.12977283348370566,-1.4173862797814956,Chirimachaya,Sensor 10
10,2024-09-24,0.35522916666666665,0.5407646225570619,0.12977283348370566,-1.4296941117008992,Chirimachaya,Sensor 10
10,2024-09-25,0.3526909722222222,0.5407646225570619,0.12977283348370566,-1.4492528619902127,Chirimachaya,Sensor 10
10,2024-09-26,0.34903124999999996,0.5407646225570619,0.12977283348370566,-1.4774538507794552,Chirimachaya,Sensor 10
10,2024-09-27,0.3443090277777778,0.5407646225570619,0.12977283348370566,-1.5138422234107356,Chirimachaya,Sensor 10
10,2024-09-28,0.34189930555555553,0.5407646225570619,0.12977283348370566,-1.5324109959152277,Chirimachaya,Sensor 10
10,2024-09-29,0.3520034722222222,0.5407646225570619,0.12977283348370566,-1.4545505809468253,Chirimachaya,Sensor 10
10,2024-09-30,0.38452083333333337,0.5407646225570619,0.12977283348370566,-1.2039791767615724,Chirimachaya,Sensor 10
10,2024-10-01,0.3988055555555556,0.5407646225570619,0.12977283348370566,-1.0939043495519483,Chirimachaya,Sensor 10
10,2024-10-02,0.4078090277777778,0.5407646225570619,0.12977283348370566,-1.0245256361453965,Chirimachaya,Sensor 10
10,2024-10-03,0.41766666666666663,0.5407646225570619,0.12977283348370566,-0.9485649082775982,Chirimachaya,Sensor 10
10,2024-10-04,0.42695833333333333,0.5407646225570619,0.12977283348370566,-0.8769654338942839,Chirimachaya,Sensor 10
10,2024-10-05,0.43437499999999996,0.5407646225570619,0.12977283348370566,-0.8198142839380963,Chirimachaya,Sensor 10
10,2024-10-06,0.43986111111111115,0.5407646225570619,0.12977283348370566,-0.7775395569105784,Chirimachaya,Sensor 10
10,2024-10-07,0.44209027777777776,0.5407646225570619,0.12977283348370566,-0.7603621045361066,Chirimachaya,Sensor 10
10,2024-10-08,0.4425069444444445,0.5407646225570619,0.12977283348370566,-0.7571513657745226,Chirimachaya,Sensor 10
10,2024-10-09,0.44245833333333334,0.5407646225570619,0.12977283348370566,-0.7575259519633742,Chirimachaya,Sensor 10
10,2024-10-10,0.4427291666666667,0.5407646225570619,0.12977283348370566,-0.755438971768345,Chirimachaya,Sensor 10
10,2024-10-11,0.45264930555555555,0.5407646225570619,0.12977283348370566,-0.6789966330863091,Chirimachaya,Sensor 10
10,2024-10-12,0.46000694444444445,0.5407646225570619,0.12977283348370566,-0.622300337788012,Chirimachaya,Sensor 10
10,2024-10-13,0.4620590277777778,0.5407646225570619,0.12977283348370566,-0.6064874493872128,Chirimachaya,Sensor 10
10,2024-10-14,0.4620833333333334,0.5407646225570619,0.12977283348370566,-0.6063001562927867,Chirimachaya,Sensor 10
10,2024-10-15,0.462,0.5407646225570619,0.12977283348370566,-0.6069423040451037,Chirimachaya,Sensor 10
10,2024-10-16,0.4626527777777778,0.5407646225570619,0.12977283348370566,-0.6019121466519561,Chirimachaya,Sensor 10
10,2024-10-17,0.46061111111111114,0.5407646225570619,0.12977283348370566,-0.6176447665837157,Chirimachaya,Sensor 10
10,2024-10-18,0.45561111111111113,0.5407646225570619,0.12977283348370566,-0.6561736317227188,Chirimachaya,Sensor 10
10,2024-10-19,0.44779166666666664,0.5407646225570619,0.12977283348370566,-0.7164284958151046,Chirimachaya,Sensor 10
10,2024-10-20,0.43712847222222223,0.5407646225570619,0.12977283348370566,-0.7985966519552977,Chirimachaya,Sensor 10
10,2024-10-21,0.4247638888888889,0.5407646225570619,0.12977283348370566,-0.8938753247052909,Chirimachaya,Sensor 10
10,2024-10-22,0.4106736111111111,0.5407646225570619,0.12977283348370566,-1.0024518071595092,Chirimachaya,Sensor 10
10,2024-10-23,0.39770486111111114,0.5407646225570619,0.12977283348370566,-1.1023860511137982,Chirimachaya,Sensor 10
10,2024-10-24,0.3851354166666667,0.5407646225570619,0.12977283348370566,-1.1992433370882367,Chirimachaya,Sensor 10
10,2024-10-25,0.37206944444444445,0.5407646225570619,0.12977283348370566,-1.2999267534202288,Chirimachaya,Sensor 10
10,2024-10-26,0.3601145833333333,0.5407646225570619,0.12977283348370566,-1.3920481997213319,Chirimachaya,Sensor 10
10,2024-10-27,0.34988541666666667,0.5407646225570619,0.12977283348370566,-1.4708718363182085,Chirimachaya,Sensor 10
10,2024-10-28,0.3580729166666667,0.5407646225570619,0.12977283348370566,-1.407780819653091,Chirimachaya,Sensor 10
10,2024-10-29,0.3607604166666667,0.5407646225570619,0.12977283348370566,-1.3870715546408767,Chirimachaya,Sensor 10
10,2024-10-30,0.35788194444444443,0.5407646225570619,0.12977283348370566,-1.4092524082521503,Chirimachaya,Sensor 10
10,2024-10-31,0.35346527777777775,0.5407646225570619,0.12977283348370566,-1.4432862391249364,Chirimachaya,Sensor 10
10,2024-11-01,0.3469131944444444,0.5407646225570619,0.12977283348370566,-1.4937751061508384,Chirimachaya,Sensor 10
10,2024-11-02,0.3472326388888889,0.5407646225570619,0.12977283348370566,-1.4913135397669575,Chirimachaya,Sensor 10
10,2024-11-03,0.3491597222222222,0.5407646225570619,0.12977283348370566,-1.4764638729946336,Chirimachaya,Sensor 10
10,2024-11-04,0.3424201388888889,0.5407646225570619,0.12977283348370566,-1.528397572463248,Chirimachaya,Sensor 10
10,2024-11-05,0.33538888888888896,0.5407646225570619,0.12977283348370566,-1.5825787890649705,Chirimachaya,Sensor 10
10,2024-11-06,0.3281875,0.5407646225570619,0.12977283348370566,-1.638071057327674,Chirimachaya,Sensor 10
10,2024-11-07,0.3209548611111111,0.5407646225570619,0.12977283348370566,-1.693804130997496,Chirimachaya,Sensor 10
10,2024-11-08,0.31245833333333334,0.5407646225570619,0.12977283348370566,-1.7592764455774546,Chirimachaya,Sensor 10
10,2024-11-09,0.30440277777777774,0.5407646225570619,0.12977283348370566,-1.8213507283014043,Chirimachaya,Sensor 10
10,2024-11-10,0.2961736111111111,0.5407646225570619,0.12977283348370566,-1.88476281884268,Chirimachaya,Sensor 10
10,2024-11-11,0.2879722222222222,0.5407646225570619,0.12977283348370566,-1.947960860133184,Chirimachaya,Sensor 10
10,2024-11-12,0.27970486111111115,0.5407646225570619,0.12977283348370566,-2.0116672683942713,Chirimachaya,Sensor 10
10,2024-11-13,0.27229861111111114,0.5407646225570619,0.12977283348370566,-2.0687381498814195,Chirimachaya,Sensor 10
10,2024-11-14,0.2659375,0.5407646225570619,0.12977283348370566,-2.1177554283082625,Chirimachaya,Sensor 10
10,2024-11-15,0.2595243055555556,0.5407646225570619,0.12977283348370566,-2.167174049080303,Chirimachaya,Sensor 10
10,2024-11-16,0.25314930555555554,0.5407646225570619,0.12977283348370566,-2.2162983521325326,Chirimachaya,Sensor 10
10,2024-11-17,0.2471076388888889,0.5407646225570619,0.12977283348370566,-2.2628540641754946,Chirimachaya,Sensor 10
10,2024-11-18,0.24157638888888888,0.5407646225570619,0.12977283348370566,-2.3054766212355164,Chirimachaya,Sensor 10
10,2024-11-19,0.23587152777777776,0.5407646225570619,0.12977283348370566,-2.3494369861128654,Chirimachaya,Sensor 10
10,2024-11-20,0.22996875000000003,0.5407646225570619,0.12977283348370566,-2.394922451901966,Chirimachaya,Sensor 10
10,2024-11-21,0.22456944444444446,0.5407646225570619,0.12977283348370566,-2.43652827502082,Chirimachaya,Sensor 10
10,2024-11-22,0.21999305555555554,0.5407646225570619,0.12977283348370566,-2.4717928890855467,Chirimachaya,Sensor 10
10,2024-11-23,0.21699652777777778,0.5407646225570619,0.12977283348370566,-2.4948834520126018,Chirimachaya,Sensor 10
10,2024-11-24,0.21721527777777777,0.5407646225570619,0.12977283348370566,-2.4931978141627704,Chirimachaya,Sensor 10
10,2024-11-25,0.2155173611111111,0.5407646225570619,0.12977283348370566,-2.506281574616224,Chirimachaya,Sensor 10
10,2024-11-26,0.21414583333333334,0.5407646225570619,0.12977283348370566,-2.5168502563731026,Chirimachaya,Sensor 10
10,2024-11-27,0.21778472222222223,0.5407646225570619,0.12977283348370566,-2.4888098045219396,Chirimachaya,Sensor 10
10,2024-11-28,0.23106250000000003,0.5407646225570619,0.12977283348370566,-2.3864942626528087,Chirimachaya,Sensor 10
10,2024-11-29,0.24487847222222225,0.5407646225570619,0.12977283348370566,-2.2800315165499665,Chirimachaya,Sensor 10
10,2024-11-30,0.246,0.5407646225570619,0.12977283348370566,-2.2713892780500373,Chirimachaya,Sensor 10
10,2024-12-01,0.24459375,0.5407646225570619,0.12977283348370566,-2.282225521370382,Chirimachaya,Sensor 10
10,2024-12-02,0.24171180555555555,0.5407646225570619,0.12977283348370566,-2.3044331311380017,Chirimachaya,Sensor 10
10,2024-12-03,0.2391319444444444,0.5407646225570619,0.12977283348370566,-2.324312955303474,Chirimachaya,Sensor 10
10,2024-12-04,0.23850694444444442,0.5407646225570619,0.12977283348370566,-2.329129063445849,Chirimachaya,Sensor 10
10,2024-12-05,0.28120486111111115,0.5407646225570619,0.12977283348370566,-2.00010860885257,Chirimachaya,Sensor 10
10,2024-12-06,0.35637847222222224,0.5407646225570619,0.12977283348370566,-1.4208378239501975,Chirimachaya,Sensor 10
10,2024-12-07,0.47987500000000005,0.5407646225570619,0.12977283348370566,-0.4692016111731675,Chirimachaya,Sensor 10
10,2024-12-08,0.5377604166666666,0.5407646225570619,0.12977283348370566,-0.023149728720167805,Chirimachaya,Sensor 10
10,2024-12-09,0.5279895833333333,0.5407646225570619,0.12977283348370566,-0.09844155267930263,Chirimachaya,Sensor 10
10,2024-12-10,0.49867013888888884,0.5407646225570619,0.12977283348370566,-0.3243705368694018,Chirimachaya,Sensor 10
10,2024-12-11,0.4946875,0.5407646225570619,0.12977283348370566,-0.3550598481988712,Chirimachaya,Sensor 10
10,2024-12-12,0.4865069444444445,0.5407646225570619,0.12977283348370566,-0.4180973525512955,Chirimachaya,Sensor 10
10,2024-12-13,0.4766527777777777,0.5407646225570619,0.12977283348370566,-0.4940313242627482,Chirimachaya,Sensor 10
10,2024-12-14,0.46835069444444444,0.5407646225570619,0.12977283348370566,-0.5580052940873007,Chirimachaya,Sensor 10
10,2024-12-15,0.46287152777777785,0.5407646225570619,0.12977283348370566,-0.6002265088021244,Chirimachaya,Sensor 10
10,2024-12-16,0.475875,0.5407646225570619,0.12977283348370566,-0.5000247032843704,Chirimachaya,Sensor 10
10,2024-12-17,0.47301736111111103,0.5407646225570619,0.12977283348370566,-0.522045019957565,Chirimachaya,Sensor 10
10,2024-12-18,0.47048263888888886,0.5407646225570619,0.12977283348370566,-0.5415770140905315,Chirimachaya,Sensor 10
10,2024-12-19,0.47314930555555557,0.5407646225570619,0.12977283348370566,-0.5210282860163963,Chirimachaya,Sensor 10
10,2024-12-20,0.5836076388888888,0.5407646225570619,0.12977283348370566,0.33013855967941275,Chirimachaya,Sensor 10
10,2024-12-21,0.5393472222222223,0.5407646225570619,0.12977283348370566,-0.010922165269802659,Chirimachaya,Sensor 10
10,2024-12-22,0.5116458333333334,0.5407646225570619,0.12977283348370566,-0.2243827806024189,Chirimachaya,Sensor 10
10,2024-12-23,0.5004166666666667,0.5407646225570619,0.12977283348370566,-0.3109121902270963,Chirimachaya,Sensor 10
10,2024-12-24,0.5062118055555556,0.5407646225570619,0.12977283348370566,-0.2662561652847384,Chirimachaya,Sensor 10
10,2024-12-25,0.5463159722222222,0.5407646225570619,0.12977283348370566,0.04277744051768179,Chirimachaya,Sensor 10
10,2024-12-26,0.5682604166666666,0.5407646225570619,0.12977283348370566,0.21187634862775082,Chirimachaya,Sensor 10
10,2024-12-27,0.5785208333333334,0.5407646225570619,0.12977283348370566,0.29094079063174755,Chirimachaya,Sensor 10
10,2024-12-28,0.6025868055555555,0.5407646225570619,0.12977283348370566,0.4763877102695461,Chirimachaya,Sensor 10
10,2024-12-29,0.63209375,0.5407646225570619,0.12977283348370566,0.7037615269023575,Chirimachaya,Sensor 10
10,2024-12-30,0.5934583333333333,0.5407646225570619,0.12977283348370566,0.4060457752345188,Chirimachaya,Sensor 10
10,2024-12-31,0.5549444444444445,0.5407646225570619,0.12977283348370566,0.10926648903880921,Chirimachaya,Sensor 10
11,2025-01-01,0.6187222222222223,0.5648393331462777,0.03087739929651938,1.745059179320796,Chirimachaya,Sensor 11
11,2025-01-02,0.6138055555555555,0.5648393331462777,0.03087739929651938,1.585827288724977,Chirimachaya,Sensor 11
11,2025-01-03,0.6013506944444444,0.5648393331462777,0.03087739929651938,1.1824623229289422,Chirimachaya,Sensor 11
11,2025-01-04,0.6173263888888889,0.5648393331462777,0.03087739929651938,1.699853515465203,Chirimachaya,Sensor 11
11,2025-01-05,0.6099756944444444,0.5648393331462777,0.03087739929651938,1.4617928428724478,Chirimachaya,Sensor 11
11,2025-01-06,0.5550868055555556,0.5648393331462777,0.03087739929651938,-0.3158467945135987,Chirimachaya,Sensor 11
11,2025-01-07,0.5357048611111112,0.5648393331462777,0.03087739929651938,-0.9435533010855177,Chirimachaya,Sensor 11
11,2025-01-08,0.6386284722222223,0.5648393331462777,0.03087739929651938,2.389745922813598,Chirimachaya,Sensor 11
11,2025-01-09,0.5969965277777778,0.5648393331462777,0.03087739929651938,1.0414476401555302,Chirimachaya,Sensor 11
11,2025-01-10,0.5995347222222223,0.5648393331462777,0.03087739929651938,1.123649979156619,Chirimachaya,Sensor 11
11,2025-01-11,0.5714027777777777,0.5648393331462777,0.03087739929651938,0.2125646842362111,Chirimachaya,Sensor 11
11,2025-01-12,0.5474375,0.5648393331462777,0.03087739929651938,-0.5635783305182454,Chirimachaya,Sensor 11
11,2025-01-13,0.5317465277777778,0.5648393331462777,0.03087739929651938,-1.0717484672431674,Chirimachaya,Sensor 11
11,2025-01-14,0.5211423611111111,0.5648393331462777,0.03087739929651938,-1.4151765702654961,Chirimachaya,Sensor 11
11,2025-01-15,0.5140694444444445,0.5648393331462777,0.03087739929651938,-1.644241090847187,Chirimachaya,Sensor 11
11,2025-01-16,0.5086354166666667,0.5648393331462777,0.03087739929651938,-1.8202283145636073,Chirimachaya,Sensor 11
11,2025-01-17,0.5057048611111111,0.5648393331462777,0.03087739929651938,-1.9151377182803215,Chirimachaya,Sensor 11
11,2025-01-18,0.50375,0.5648393331462777,0.03087739929651938,-1.9784481380581769,Chirimachaya,Sensor 11
11,2025-01-19,0.5045034722222222,0.5648393331462777,0.03087739929651938,-1.9540460757281686,Chirimachaya,Sensor 11
11,2025-01-20,0.5078819444444445,0.5648393331462777,0.03087739929651938,-1.8446303768936156,Chirimachaya,Sensor 11
11,2025-01-21,0.5350972222222222,0.5648393331462777,0.03087739929651938,-0.9632323836097193,Chirimachaya,Sensor 11
11,2025-01-22,0.5857708333333334,0.5648393331462777,0.03087739929651938,0.6778906470084473,Chirimachaya,Sensor 11
11,2025-01-23,0.5718993055555556,0.5648393331462777,0.03087739929651938,0.22864530595598906,Chirimachaya,Sensor 11
11,2025-01-24,0.5368854166666668,0.5648393331462777,0.03087739929651938,-0.9053196550384977,Chirimachaya,Sensor 11
11,2025-01-25,0.5261909722222222,0.5648393331462777,0.03087739929651938,-1.2516715074644267,Chirimachaya,Sensor 11
11,2025-01-26,0.5210069444444445,0.5648393331462777,0.03087739929651938,-1.4195621943708876,Chirimachaya,Sensor 11
11,2025-01-27,0.5166458333333334,0.5648393331462777,0.03087739929651938,-1.5608017809445778,Chirimachaya,Sensor 11
11,2025-01-28,0.5140659722222223,0.5648393331462777,0.03087739929651938,-1.6443535427473241,Chirimachaya,Sensor 11
11,2025-01-29,0.5215208333333333,0.5648393331462777,0.03087739929651938,-1.4029193131504234,Chirimachaya,Sensor 11
11,2025-01-30,0.5375347222222222,0.5648393331462777,0.03087739929651938,-0.8842911497126422,Chirimachaya,Sensor 11
11,2025-01-31,0.5389270833333334,0.5648393331462777,0.03087739929651938,-0.8391979377571865,Chirimachaya,Sensor 11
11,2025-02-01,0.5337951388888889,0.5648393331462777,0.03087739929651938,-1.0054018461615783,Chirimachaya,Sensor 11
11,2025-02-02,0.5247708333333334,0.5648393331462777,0.03087739929651938,-1.2976643346209837,Chirimachaya,Sensor 11
11,2025-02-03,0.5149722222222223,0.5648393331462777,0.03087739929651938,-1.6150035968112313,Chirimachaya,Sensor 11
11,2025-02-04,0.5555208333333334,0.5648393331462777,0.03087739929651938,-0.3017903069963124,Chirimachaya,Sensor 11
11,2025-02-05,0.5926180555555556,0.5648393331462777,0.03087739929651938,0.8996457940811501,Chirimachaya,Sensor 11
11,2025-02-06,0.5505625000000001,0.5648393331462777,0.03087739929651938,-0.46237162039378527,Chirimachaya,Sensor 11
11,2025-02-07,0.5379895833333334,0.5648393331462777,0.03087739929651938,-0.8695599507945253,Chirimachaya,Sensor 11
11,2025-02-08,0.5356805555555556,0.5648393331462777,0.03087739929651938,-0.9443404643864856,Chirimachaya,Sensor 11
11,2025-02-09,0.5618090277777777,0.5648393331462777,0.03087739929651938,-0.09813991584587553,Chirimachaya,Sensor 11
11,2025-02-10,0.5515590277777779,0.5648393331462777,0.03087739929651938,-0.43009792505409566,Chirimachaya,Sensor 11
11,2025-02-11,0.5915347222222223,0.5648393331462777,0.03087739929651938,0.8645608012380047,Chirimachaya,Sensor 11
11,2025-02-12,0.5741666666666666,0.5648393331462777,0.03087739929651938,0.30207639674628817,Chirimachaya,Sensor 11
11,2025-02-13,0.6068923611111111,0.5648393331462777,0.03087739929651938,1.3619355555496488,Chirimachaya,Sensor 11
11,2025-02-14,0.6104270833333333,0.5648393331462777,0.03087739929651938,1.476411589890424,Chirimachaya,Sensor 11
11,2025-02-15,0.5674097222222222,0.5648393331462777,0.03087739929651938,0.08324499907718197,Chirimachaya,Sensor 11
11,2025-02-16,0.559125,0.5648393331462777,0.03087739929651938,-0.18506523465277125,Chirimachaya,Sensor 11
11,2025-02-17,0.5536006944444445,0.5648393331462777,0.03087739929651938,-0.3639762077727846,Chirimachaya,Sensor 11
11,2025-02-18,0.5983506944444444,0.5648393331462777,0.03087739929651938,1.0853038812094618,Chirimachaya,Sensor 11
11,2025-02-19,0.5649236111111111,0.5648393331462777,0.03087739929651938,0.0027294385781692757,Chirimachaya,Sensor 11
11,2025-02-20,0.5730347222222222,0.5648393331462777,0.03087739929651938,0.2654170773012072,Chirimachaya,Sensor 11
11,2025-02-21,0.5483958333333334,0.5648393331462777,0.03087739929651938,-0.5325416060800761,Chirimachaya,Sensor 11
11,2025-02-22,0.5411770833333334,0.5648393331462777,0.03087739929651938,-0.7663291064675772,Chirimachaya,Sensor 11
11,2025-02-23,0.550232638888889,0.5648393331462777,0.03087739929651938,-0.47305455090692244,Chirimachaya,Sensor 11
11,2025-02-24,0.5598888888888889,0.5648393331462777,0.03087739929651938,-0.16032581662234774,Chirimachaya,Sensor 11
11,2025-02-25,0.5435347222222222,0.5648393331462777,0.03087739929651938,-0.6899742662736814,Chirimachaya,Sensor 11
11,2025-02-26,0.5504791666666667,0.5648393331462777,0.03087739929651938,-0.46507046599710383,Chirimachaya,Sensor 11
11,2025-02-27,0.5574722222222221,0.5648393331462777,0.03087739929651938,-0.23859233911859792,Chirimachaya,Sensor 11
11,2025-02-28,0.5447430555555557,0.5648393331462777,0.03087739929651938,-0.6508410050255528,Chirimachaya,Sensor 11
11,2025-03-01,0.5616006944444445,0.5648393331462777,0.03087739929651938,-0.10488702985417024,Chirimachaya,Sensor 11
11,2025-03-02,0.6017465277777778,0.5648393331462777,0.03087739929651938,1.1952818395447082,Chirimachaya,Sensor 11
11,2025-03-03,0.6112465277777778,0.5648393331462777,0.03087739929651938,1.502950238323061,Chirimachaya,Sensor 11
11,2025-03-04,0.5633680555555556,0.5648393331462777,0.03087739929651938,-0.047649012683782715,Chirimachaya,Sensor 11
11,2025-03-05,0.5783888888888888,0.5648393331462777,0.03087739929651938,0.43881790731444614,Chirimachaya,Sensor 11
11,2025-03-06,0.5584409722222223,0.5648393331462777,0.03087739929651938,-0.20721825898000978,Chirimachaya,Sensor 11
11,2025-03-07,0.5427083333333333,0.5648393331462777,0.03087739929651938,-0.716737818506593,Chirimachaya,Sensor 11
11,2025-03-08,0.5388923611111112,0.5648393331462777,0.03087739929651938,-0.8403224567585696,Chirimachaya,Sensor 11
11,2025-03-09,0.5336076388888888,0.5648393331462777,0.03087739929651938,-1.011474248769046,Chirimachaya,Sensor 11
11,2025-03-10,0.5286770833333334,0.5648393331462777,0.03087739929651938,-1.1711559469654103,Chirimachaya,Sensor 11
11,2025-03-11,0.5264027777777778,0.5648393331462777,0.03087739929651938,-1.244811941555991,Chirimachaya,Sensor 11
11,2025-03-12,0.5264305555555555,0.5648393331462777,0.03087739929651938,-1.2439123263548861,Chirimachaya,Sensor 11
11,2025-03-13,0.5618090277777779,0.5648393331462777,0.03087739929651938,-0.09813991584587194,Chirimachaya,Sensor 11
11,2025-03-14,0.582392361111111,0.5648393331462777,0.03087739929651938,0.5684749481738905,Chirimachaya,Sensor 11
11,2025-03-15,0.5502638888888889,0.5648393331462777,0.03087739929651938,-0.4720424838056802,Chirimachaya,Sensor 11
11,2025-03-16,0.5420902777777779,0.5648393331462777,0.03087739929651938,-0.7367542567312062,Chirimachaya,Sensor 11
11,2025-03-17,0.5405763888888889,0.5648393331462777,0.03087739929651938,-0.7857832851915008,Chirimachaya,Sensor 11
11,2025-03-18,0.5416423611111112,0.5648393331462777,0.03087739929651938,-0.751260551849045,Chirimachaya,Sensor 11
11,2025-03-19,0.5484583333333334,0.5648393331462777,0.03087739929651938,-0.530517471877588,Chirimachaya,Sensor 11
11,2025-03-20,0.5423472222222222,0.5648393331462777,0.03087739929651938,-0.728432816120976,Chirimachaya,Sensor 11
11,2025-03-21,0.5406597222222222,0.5648393331462777,0.03087739929651938,-0.7830844395881821,Chirimachaya,Sensor 11
11,2025-03-22,0.5411597222222223,0.5648393331462777,0.03087739929651938,-0.7668913659682669,Chirimachaya,Sensor 11
11,2025-03-23,0.5505277777777778,0.5648393331462777,0.03087739929651938,-0.4634961393951683,Chirimachaya,Sensor 11
11,2025-03-24,0.5481736111111112,0.5648393331462777,0.03087739929651938,-0.5397385276889268,Chirimachaya,Sensor 11
11,2025-03-25,0.5411909722222222,0.5648393331462777,0.03087739929651938,-0.7658792988670247,Chirimachaya,Sensor 11
11,2025-03-26,0.5356145833333333,0.5648393331462777,0.03087739929651938,-0.9464770504891145,Chirimachaya,Sensor 11
11,2025-03-27,0.5314236111111111,0.5648393331462777,0.03087739929651938,-1.0822064939560265,Chirimachaya,Sensor 11
11,2025-03-28,0.54434375,0.5648393331462777,0.03087739929651938,-0.6637729735414596,Chirimachaya,Sensor 11
11,2025-03-29,0.5921527777777778,0.5648393331462777,0.03087739929651938,0.884577239462618,Chirimachaya,Sensor 11
11,2025-03-30,0.6064618055555555,0.5648393331462777,0.03087739929651938,1.3479915199324997,Chirimachaya,Sensor 11
11,2025-03-31,0.5888888888888889,0.5648393331462777,0.03087739929651938,0.7788724533326293,Chirimachaya,Sensor 11
11,2025-04-01,0.5948159722222222,0.5648393331462777,0.03087739929651938,0.9708278468686832,Chirimachaya,Sensor 11
11,2025-04-02,0.5931284722222222,0.5648393331462777,0.03087739929651938,0.916176223401477,Chirimachaya,Sensor 11
11,2025-04-03,0.5896840277777777,0.5648393331462777,0.03087739929651938,0.804623938464295,Chirimachaya,Sensor 11
11,2025-04-04,0.580673611111111,0.5648393331462777,0.03087739929651938,0.5128112576054386,Chirimachaya,Sensor 11
11,2025-04-05,0.5840555555555556,0.5648393331462777,0.03087739929651938,0.6223394083401326,Chirimachaya,Sensor 11
11,2025-04-06,0.6542743055555555,0.5648393331462777,0.03087739929651938,2.8964541848367182,Chirimachaya,Sensor 11
11,2025-04-07,0.6053784722222222,0.5648393331462777,0.03087739929651938,1.3129065270893543,Chirimachaya,Sensor 11
11,2025-04-08,0.5833541666666666,0.5648393331462777,0.03087739929651938,0.599624124512197,Chirimachaya,Sensor 11
11,2025-04-09,0.5678680555555555,0.5648393331462777,0.03087739929651938,0.09808864989543606,Chirimachaya,Sensor 11
11,2025-04-10,0.56646875,0.5648393331462777,0.03087739929651938,0.052770534139706,Chirimachaya,Sensor 11
11,2025-04-11,0.6381527777777778,0.5648393331462777,0.03087739929651938,2.3743400124946508,Chirimachaya,Sensor 11
11,2025-04-12,0.5746180555555555,0.5648393331462777,0.03087739929651938,0.3166951437642642,Chirimachaya,Sensor 11
11,2025-04-13,0.585673611111111,0.5648393331462777,0.03087739929651938,0.6747419938045726,Chirimachaya,Sensor 11
11,2025-04-14,0.5580833333333334,0.5648393331462777,0.03087739929651938,-0.21880080469425553,Chirimachaya,Sensor 11
11,2025-04-15,0.5445104166666668,0.5648393331462777,0.03087739929651938,-0.6583752823348188,Chirimachaya,Sensor 11
11,2025-04-16,0.5362048611111112,0.5648393331462777,0.03087739929651938,-0.9273602274656025,Chirimachaya,Sensor 11
11,2025-04-17,0.5307222222222223,0.5648393331462777,0.03087739929651938,-1.1049217777839584,Chirimachaya,Sensor 11
11,2025-04-18,0.5327500000000001,0.5648393331462777,0.03087739929651938,-1.0392498681031999,Chirimachaya,Sensor 11
11,2025-04-19,0.5376145833333333,0.5648393331462777,0.03087739929651938,-0.8817047560094609,Chirimachaya,Sensor 11
11,2025-04-20,0.5355590277777779,0.5648393331462777,0.03087739929651938,-0.9482762808913244,Chirimachaya,Sensor 11
11,2025-04-21,0.5315034722222223,0.5648393331462777,0.03087739929651938,-1.0796201002528452,Chirimachaya,Sensor 11
11,2025-04-22,0.5354826388888889,0.5648393331462777,0.03087739929651938,-0.9507502226943686,Chirimachaya,Sensor 11
11,2025-04-23,0.5919444444444444,0.5648393331462777,0.03087739929651938,0.8778301254543197,Chirimachaya,Sensor 11
11,2025-04-24,0.6112847222222222,0.5648393331462777,0.03087739929651938,1.5041872092245812,Chirimachaya,Sensor 11
11,2025-04-25,0.6193506944444445,0.5648393331462777,0.03087739929651938,1.7654129732458246,Chirimachaya,Sensor 11
11,2025-04-26,0.6127881944444444,0.5648393331462777,0.03087739929651938,1.5528788819844606,Chirimachaya,Sensor 11
11,2025-04-27,0.5845729166666667,0.5648393331462777,0.03087739929651938,0.6390947414607374,Chirimachaya,Sensor 11
11,2025-04-28,0.5835243055555556,0.5648393331462777,0.03087739929651938,0.6051342676189752,Chirimachaya,Sensor 11
11,2025-04-29,0.5712604166666666,0.5648393331462777,0.03087739929651938,0.20795415633054168,Chirimachaya,Sensor 11
11,2025-04-30,0.5522604166666667,0.5648393331462777,0.03087739929651938,-0.40738264122616386,Chirimachaya,Sensor 11
11,2025-05-01,0.5842256944444445,0.5648393331462777,0.03087739929651938,0.6278495514469106,Chirimachaya,Sensor 11
11,2025-05-02,0.5901770833333333,0.5648393331462777,0.03087739929651938,0.8205921082839321,Chirimachaya,Sensor 11
11,2025-05-03,0.5626284722222222,0.5648393331462777,0.03087739929651938,-0.07160126741323844,Chirimachaya,Sensor 11
11,2025-05-04,0.5559444444444446,0.5648393331462777,0.03087739929651938,-0.28807117517943776,Chirimachaya,Sensor 11
11,2025-05-05,0.6044375,0.5648393331462777,0.03087739929651938,1.2824320621518783,Chirimachaya,Sensor 11
11,2025-05-06,0.5795104166666667,0.5648393331462777,0.03087739929651938,0.4751398710591154,Chirimachaya,Sensor 11
11,2025-05-07,0.5561458333333333,0.5648393331462777,0.03087739929651938,-0.28154896497142107,Chirimachaya,Sensor 11
11,2025-05-08,0.5466770833333334,0.5648393331462777,0.03087739929651938,-0.588205296648528,Chirimachaya,Sensor 11
11,2025-05-09,0.5431493055555556,0.5648393331462777,0.03087739929651938,-0.7024564271890286,Chirimachaya,Sensor 11
11,2025-05-10,0.5497847222222222,0.5648393331462777,0.03087739929651938,-0.48756084602476485,Chirimachaya,Sensor 11
11,2025-05-11,0.6116145833333334,0.5648393331462777,0.03087739929651938,1.514870139737722,Chirimachaya,Sensor 11
11,2025-05-12,0.6273333333333333,0.5648393331462777,0.03087739929651938,2.0239398916637454,Chirimachaya,Sensor 11
11,2025-05-13,0.625170138888889,0.5648393331462777,0.03087739929651938,1.9538823578775955,Chirimachaya,Sensor 11
11,2025-05-14,0.5655208333333334,0.5648393331462777,0.03087739929651938,0.022071165401955573,Chirimachaya,Sensor 11
11,2025-05-15,0.5583680555555556,0.5648393331462777,0.03087739929651938,-0.2095797488829167,Chirimachaya,Sensor 11
11,2025-05-16,0.5543229166666667,0.5648393331462777,0.03087739929651938,-0.3405862125440222,Chirimachaya,Sensor 11
11,2025-05-17,0.5632430555555555,0.5648393331462777,0.03087739929651938,-0.05169728108876242,Chirimachaya,Sensor 11
11,2025-05-18,0.5964131944444444,0.5648393331462777,0.03087739929651938,1.0225557209322962,Chirimachaya,Sensor 11
11,2025-05-19,0.60028125,0.5648393331462777,0.03087739929651938,1.1478271376863494,Chirimachaya,Sensor 11
11,2025-05-20,0.5789236111111111,0.5648393331462777,0.03087739929651938,0.4561354999357444,Chirimachaya,Sensor 11
11,2025-05-21,0.5582534722222223,0.5648393331462777,0.03087739929651938,-0.21329066158747753,Chirimachaya,Sensor 11
11,2025-05-22,0.5591041666666667,0.5648393331462777,0.03087739929651938,-0.1857399460535982,Chirimachaya,Sensor 11
11,2025-05-23,0.5519236111111111,0.5648393331462777,0.03087739929651938,-0.41829047553957904,Chirimachaya,Sensor 11
11,2025-05-24,0.5466284722222222,0.5648393331462777,0.03087739929651938,-0.5897796232504672,Chirimachaya,Sensor 11
11,2025-05-25,0.5708368055555556,0.5648393331462777,0.03087739929651938,0.19423502451367422,Chirimachaya,Sensor 11
11,2025-05-26,0.59290625,0.5648393331462777,0.03087739929651938,0.9089793017926262,Chirimachaya,Sensor 11
11,2025-05-27,0.5594270833333334,0.5648393331462777,0.03087739929651938,-0.17528191934073908,Chirimachaya,Sensor 11
11,2025-05-28,0.5495798611111112,0.5648393331462777,0.03087739929651938,-0.49419550813291874,Chirimachaya,Sensor 11
11,2025-05-29,0.5445937500000001,0.5648393331462777,0.03087739929651938,-0.6556764367315002,Chirimachaya,Sensor 11
11,2025-05-30,0.5417951388888889,0.5648393331462777,0.03087739929651938,-0.7463126682429639,Chirimachaya,Sensor 11
11,2025-05-31,0.5607187499999999,0.5648393331462777,0.03087739929651938,-0.13344981248929896,Chirimachaya,Sensor 11
11,2025-06-01,0.5797604166666666,0.5648393331462777,0.03087739929651938,0.48323640786906763,Chirimachaya,Sensor 11
11,2025-06-02,0.5559895833333334,0.5648393331462777,0.03087739929651938,-0.286609300477643,Chirimachaya,Sensor 11
11,2025-06-03,0.5488576388888889,0.5648393331462777,0.03087739929651938,-0.5175855033616847,Chirimachaya,Sensor 11
11,2025-06-04,0.6048229166666667,0.5648393331462777,0.03087739929651938,1.2949142230672293,Chirimachaya,Sensor 11
11,2025-06-05,0.5783402777777777,0.5648393331462777,0.03087739929651938,0.4372435807125106,Chirimachaya,Sensor 11
11,2025-06-06,0.564125,0.5648393331462777,0.03087739929651938,-0.02313449845363727,Chirimachaya,Sensor 11
11,2025-06-07,0.5589895833333334,0.5648393331462777,0.03087739929651938,-0.18945085875816262,Chirimachaya,Sensor 11
11,2025-06-08,0.5594201388888889,0.5648393331462777,0.03087739929651938,-0.17550682314101712,Chirimachaya,Sensor 11
11,2025-06-09,0.5992187499999999,0.5648393331462777,0.03087739929651938,1.1134168562440308,Chirimachaya,Sensor 11
11,2025-06-10,0.5660000000000001,0.5648393331462777,0.03087739929651938,0.03758952762104022,Chirimachaya,Sensor 11
11,2025-06-11,0.5531180555555556,0.5648393331462777,0.03087739929651938,-0.37960702189200646,Chirimachaya,Sensor 11
11,2025-06-12,0.5460590277777778,0.5648393331462777,0.03087739929651938,-0.6082217348731449,Chirimachaya,Sensor 11
11,2025-06-13,0.540545138888889,0.5648393331462777,0.03087739929651938,-0.7867953522927429,Chirimachaya,Sensor 11
11,2025-06-14,0.5353298611111111,0.5648393331462777,0.03087739929651938,-0.9556981063004533,Chirimachaya,Sensor 11
11,2025-06-15,0.5325208333333333,0.5648393331462777,0.03087739929651938,-1.0466716935123286,Chirimachaya,Sensor 11
11,2025-06-16,0.5553750000000001,0.5648393331462777,0.03087739929651938,-0.30651328680211903,Chirimachaya,Sensor 11
11,2025-06-17,0.5915798611111112,0.5648393331462777,0.03087739929651938,0.8660226759398031,Chirimachaya,Sensor 11
11,2025-06-18,0.5730451388888889,0.5648393331462777,0.03087739929651938,0.2657544330016225,Chirimachaya,Sensor 11
11,2025-06-19,0.56596875,0.5648393331462777,0.03087739929651938,0.036577460519794394,Chirimachaya,Sensor 11
11,2025-06-20,0.6220416666666666,0.5648393331462777,0.03087739929651938,1.8525631958529947,Chirimachaya,Sensor 11
11,2025-06-21,0.6146458333333333,0.5648393331462777,0.03087739929651938,1.6130406485584445,Chirimachaya,Sensor 11
11,2025-06-22,0.5654965277777778,0.5648393331462777,0.03087739929651938,0.021284002100987798,Chirimachaya,Sensor 11
11,2025-06-23,0.5521493055555555,0.5648393331462777,0.03087739929651938,-0.410981102030591,Chirimachaya,Sensor 11
11,2025-06-24,0.5449097222222222,0.5648393331462777,0.03087739929651938,-0.6454433138189192,Chirimachaya,Sensor 11
11,2025-06-25,0.5404236111111111,0.5648393331462777,0.03087739929651938,-0.7907311687975854,Chirimachaya,Sensor 11
11,2025-06-26,0.5396666666666667,0.5648393331462777,0.03087739929651938,-0.8152456830277308,Chirimachaya,Sensor 11
11,2025-06-27,0.5571493055555555,0.5648393331462777,0.03087739929651938,-0.24905036583145707,Chirimachaya,Sensor 11
11,2025-06-28,0.5632048611111111,0.5648393331462777,0.03087739929651938,-0.05293425199028269,Chirimachaya,Sensor 11
11,2025-06-29,0.5550034722222222,0.5648393331462777,0.03087739929651938,-0.31854564011691733,Chirimachaya,Sensor 11
11,2025-06-30,0.5561944444444444,0.5648393331462777,0.03087739929651938,-0.27997463836948555,Chirimachaya,Sensor 11
11,2025-07-01,0.6092361111111111,0.5648393331462777,0.03087739929651938,1.437840588142992,Chirimachaya,Sensor 11
11,2025-07-02,0.6515902777777778,0.5648393331462777,0.03087739929651938,2.8095288660298223,Chirimachaya,Sensor 11
11,2025-07-03,0.6540451388888889,0.5648393331462777,0.03087739929651938,2.889032359427593,Chirimachaya,Sensor 11
11,2025-07-04,0.58884375,0.5648393331462777,0.03087739929651938,0.777410578630831,Chirimachaya,Sensor 11
11,2025-07-05,0.5694930555555555,0.5648393331462777,0.03087739929651938,0.15071613916015417,Chirimachaya,Sensor 11
11,2025-07-06,0.5595833333333333,0.5648393331462777,0.03087739929651938,-0.17022158383451716,Chirimachaya,Sensor 11
11,2025-07-07,0.5523159722222223,0.5648393331462777,0.03087739929651938,-0.4055834108239502,Chirimachaya,Sensor 11
11,2025-07-08,0.5478888888888889,0.5648393331462777,0.03087739929651938,-0.5489595835002693,Chirimachaya,Sensor 11
11,2025-07-09,0.5769930555555556,0.5648393331462777,0.03087739929651938,0.3936122434588569,Chirimachaya,Sensor 11
11,2025-07-10,0.64446875,0.5648393331462777,0.03087739929651938,2.578890018846196,Chirimachaya,Sensor 11
11,2025-07-11,0.6692222222222223,0.5648393331462777,0.03087739929651938,3.3805596149320474,Chirimachaya,Sensor 11
11,2025-07-12,0.6753263888888889,0.5648393331462777,0.03087739929651938,3.5782500553751535,Chirimachaya,Sensor 11
11,2025-07-13,0.6486180555555555,0.5648393331462777,0.03087739929651938,2.713270039511447,Chirimachaya,Sensor 11
11,2025-07-14,0.5834930555555555,0.5648393331462777,0.03087739929651938,0.6041222005177292,Chirimachaya,Sensor 11
11,2025-07-15,0.563048611111111,0.5648393331462777,0.03087739929651938,-0.05799458749650821,Chirimachaya,Sensor 11
11,2025-07-16,0.5538055555555556,0.5648393331462777,0.03087739929651938,-0.3573415456646271,Chirimachaya,Sensor 11
11,2025-07-17,0.5491736111111112,0.5648393331462777,0.03087739929651938,-0.5073523804491,Chirimachaya,Sensor 11
11,2025-07-18,0.6064201388888889,0.5648393331462777,0.03087739929651938,1.3466420971308422,Chirimachaya,Sensor 11
11,2025-07-19,0.6207881944444444,0.5648393331462777,0.03087739929651938,1.8119680599030747,Chirimachaya,Sensor 11
11,2025-07-20,0.6149340277777777,0.5648393331462777,0.03087739929651938,1.6223741562699208,Chirimachaya,Sensor 11
11,2025-07-21,0.5735347222222222,0.5648393331462777,0.03087739929651938,0.28161015092112246,Chirimachaya,Sensor 11
11,2025-07-22,0.5601631944444444,0.5648393331462777,0.03087739929651938,-0.15144211651142417,Chirimachaya,Sensor 11
11,2025-07-23,0.5565868055555556,0.5648393331462777,0.03087739929651938,-0.2672675736538567,Chirimachaya,Sensor 11
11,2025-07-24,0.5811145833333333,0.5648393331462777,0.03087739929651938,0.527092648923003,Chirimachaya,Sensor 11
11,2025-07-25,0.5860347222222222,0.5648393331462777,0.03087739929651938,0.6864369914189555,Chirimachaya,Sensor 11
11,2025-07-26,0.5661666666666666,0.5648393331462777,0.03087739929651938,0.04298721882767382,Chirimachaya,Sensor 11
11,2025-07-27,0.5557465277777778,0.5648393331462777,0.03087739929651938,-0.29448093348732435,Chirimachaya,Sensor 11
11,2025-07-28,0.5496423611111112,0.5648393331462777,0.03087739929651938,-0.4921713739304307,Chirimachaya,Sensor 11
11,2025-07-29,0.5442013888888889,0.5648393331462777,0.03087739929651938,-0.668383501447129,Chirimachaya,Sensor 11
11,2025-07-30,0.5395659722222222,0.5648393331462777,0.03087739929651938,-0.8185067881317428,Chirimachaya,Sensor 11
11,2025-07-31,0.5351215277777778,0.5648393331462777,0.03087739929651938,-0.9624452203087516,Chirimachaya,Sensor 11
11,2025-08-01,0.5303958333333334,0.5648393331462777,0.03087739929651938,-1.1154922563969583,Chirimachaya,Sensor 11
11,2025-08-02,0.5258229166666667,0.5648393331462777,0.03087739929651938,-1.263591408879084,Chirimachaya,Sensor 11
11,2025-08-03,0.52315625,0.5648393331462777,0.03087739929651938,-1.34995446818529,Chirimachaya,Sensor 11
11,2025-08-04,0.5284826388888889,0.5648393331462777,0.03087739929651938,-1.177453253373156,Chirimachaya,Sensor 11
11,2025-08-05,0.5510034722222223,0.5648393331462777,0.03087739929651938,-0.44809022907622087,Chirimachaya,Sensor 11
11,2025-08-06,0.5986215277777778,0.5648393331462777,0.03087739929651938,1.0940751294202482,Chirimachaya,Sensor 11
11,2025-08-07,0.5803854166666667,0.5648393331462777,0.03087739929651938,0.5034777498939625,Chirimachaya,Sensor 11
11,2025-08-08,0.5618888888888889,0.5648393331462777,0.03087739929651938,-0.09555352214269416,Chirimachaya,Sensor 11
11,2025-08-09,0.5518854166666667,0.5648393331462777,0.03087739929651938,-0.41952744644109935,Chirimachaya,Sensor 11
11,2025-08-10,0.5448958333333334,0.5648393331462777,0.03087739929651938,-0.6458931214194716,Chirimachaya,Sensor 11
11,2025-08-11,0.5400625,0.5648393331462777,0.03087739929651938,-0.8024261664119684,Chirimachaya,Sensor 11
11,2025-08-12,0.5366840277777778,0.5648393331462777,0.03087739929651938,-0.9118418652465216,Chirimachaya,Sensor 11
11,2025-08-13,0.5352569444444444,0.5648393331462777,0.03087739929651938,-0.9580595962033602,Chirimachaya,Sensor 11
11,2025-08-14,0.5343993055555556,0.5648393331462777,0.03087739929651938,-0.985835215537514,Chirimachaya,Sensor 11
11,2025-08-15,0.5381840277777779,0.5648393331462777,0.03087739929651938,-0.8632626443867796,Chirimachaya,Sensor 11
11,2025-08-16,0.5570555555555556,0.5648393331462777,0.03087739929651938,-0.25208656713518734,Chirimachaya,Sensor 11
11,2025-08-17,0.5739652777777777,0.5648393331462777,0.03087739929651938,0.2955541865382679,Chirimachaya,Sensor 11
11,2025-08-18,0.5658333333333333,0.5648393331462777,0.03087739929651938,0.032191836414399426,Chirimachaya,Sensor 11
11,2025-08-19,0.5581944444444445,0.5648393331462777,0.03087739929651938,-0.21520234388982834,Chirimachaya,Sensor 11
11,2025-08-20,0.5516875000000001,0.5648393331462777,0.03087739929651938,-0.4259372047489788,Chirimachaya,Sensor 11
11,2025-08-21,0.5468298611111112,0.5648393331462777,0.03087739929651938,-0.5832574130424433,Chirimachaya,Sensor 11
11,2025-08-22,0.5429131944444445,0.5648393331462777,0.03087739929651938,-0.7101031563984319,Chirimachaya,Sensor 11
11,2025-08-23,0.5418854166666667,0.5648393331462777,0.03087739929651938,-0.7433889188393673,Chirimachaya,Sensor 11
11,2025-08-24,0.5887465277777778,0.5648393331462777,0.03087739929651938,0.7742619254269599,Chirimachaya,Sensor 11
11,2025-08-25,0.6091805555555555,0.5648393331462777,0.03087739929651938,1.4360413577407785,Chirimachaya,Sensor 11
11,2025-08-26,0.6171388888888889,0.5648393331462777,0.03087739929651938,1.6937811128577354,Chirimachaya,Sensor 11
11,2025-08-27,0.6252743055555556,0.5648393331462777,0.03087739929651938,1.9572559148817448,Chirimachaya,Sensor 11
11,2025-08-28,0.58140625,0.5648393331462777,0.03087739929651938,0.5365386085346199,Chirimachaya,Sensor 11
11,2025-08-29,0.5652673611111111,0.5648393331462777,0.03087739929651938,0.01386217669185895,Chirimachaya,Sensor 11
11,2025-08-30,0.5559687500000001,0.5648393331462777,0.03087739929651938,-0.28728401187846997,Chirimachaya,Sensor 11
11,2025-08-31,0.5491006944444445,0.5648393331462777,0.03087739929651938,-0.5097138703520033,Chirimachaya,Sensor 11
11,2025-09-01,0.5443229166666668,0.5648393331462777,0.03087739929651938,-0.6644476849422866,Chirimachaya,Sensor 11
11,2025-09-02,0.5682430555555555,0.5648393331462777,0.03087739929651938,0.11023345511037155,Chirimachaya,Sensor 11
11,2025-09-03,0.5802534722222222,0.5648393331462777,0.03087739929651938,0.49920457768870835,Chirimachaya,Sensor 11
11,2025-09-04,0.5666284722222222,0.5648393331462777,0.03087739929651938,0.057943321546068745,Chirimachaya,Sensor 11
11,2025-09-05,0.5579270833333334,0.5648393331462777,0.03087739929651938,-0.22386114020047748,Chirimachaya,Sensor 11
11,2025-09-06,0.5523715277777779,0.5648393331462777,0.03087739929651938,-0.40378418042173664,Chirimachaya,Sensor 11
11,2025-09-07,0.5486840277777778,0.5648393331462777,0.03087739929651938,-0.5232080983685999,Chirimachaya,Sensor 11
11,2025-09-08,0.5443472222222223,0.5648393331462777,0.03087739929651938,-0.6636605216413187,Chirimachaya,Sensor 11
11,2025-09-09,0.5403819444444445,0.5648393331462777,0.03087739929651938,-0.7920805915992429,Chirimachaya,Sensor 11
11,2025-09-10,0.5487500000000001,0.5648393331462777,0.03087739929651938,-0.5210715122659711,Chirimachaya,Sensor 11
11,2025-09-11,0.5852916666666667,0.5648393331462777,0.03087739929651938,0.6623722847893626,Chirimachaya,Sensor 11
11,2025-09-12,0.5823437499999999,0.5648393331462777,0.03087739929651938,0.566900621571955,Chirimachaya,Sensor 11
11,2025-09-13,0.5680277777777777,0.5648393331462777,0.03087739929651938,0.10326143730179521,Chirimachaya,Sensor 11
11,2025-09-14,0.5670833333333333,0.5648393331462777,0.03087739929651938,0.07267452046418202,Chirimachaya,Sensor 11
11,2025-09-15,0.5611527777777777,0.5648393331462777,0.03087739929651938,-0.11939332497201266,Chirimachaya,Sensor 11
11,2025-09-16,0.5575243055555555,0.5648393331462777,0.03087739929651938,-0.23690556061652157,Chirimachaya,Sensor 11
11,2025-09-17,0.5619027777777778,0.5648393331462777,0.03087739929651938,-0.09510371454214166,Chirimachaya,Sensor 11
11,2025-09-18,0.5667708333333333,0.5648393331462777,0.03087739929651938,0.06255384945173817,Chirimachaya,Sensor 11
11,2025-09-19,0.5610243055555556,0.5648393331462777,0.03087739929651938,-0.12355404527712598,Chirimachaya,Sensor 11
11,2025-09-20,0.5555694444444446,0.5648393331462777,0.03087739929651938,-0.30021598039437325,Chirimachaya,Sensor 11
11,2025-09-21,0.5927916666666667,0.5648393331462777,0.03087739929651938,0.9052683890880654,Chirimachaya,Sensor 11
11,2025-09-22,0.6042604166666666,0.5648393331462777,0.03087739929651938,1.2766970152448258,Chirimachaya,Sensor 11
11,2025-09-23,0.6267361111111112,0.5648393331462777,0.03087739929651938,2.0045981648399627,Chirimachaya,Sensor 11
11,2025-09-24,0.5755138888888889,0.5648393331462777,0.03087739929651938,0.3457077339999455,Chirimachaya,Sensor 11
11,2025-09-25,0.5953819444444445,0.5648393331462777,0.03087739929651938,0.9891575065912273,Chirimachaya,Sensor 11
11,2025-09-26,0.6038541666666667,0.5648393331462777,0.03087739929651938,1.2635401429286481,Chirimachaya,Sensor 11
11,2025-09-27,0.5850312499999999,0.5648393331462777,0.03087739929651938,0.653938392278988,Chirimachaya,Sensor 11
11,2025-09-28,0.5667465277777777,0.5648393331462777,0.03087739929651938,0.061766686150766796,Chirimachaya,Sensor 11
11,2025-09-29,0.5580729166666667,0.5648393331462777,0.03087739929651938,-0.21913816039467082,Chirimachaya,Sensor 11
11,2025-09-30,0.5520729166666667,0.5648393331462777,0.03087739929651938,-0.4134550438336316,Chirimachaya,Sensor 11
11,2025-10-01,0.5484583333333334,0.5648393331462777,0.03087739929651938,-0.530517471877588,Chirimachaya,Sensor 11
11,2025-10-02,0.5486770833333333,0.5648393331462777,0.03087739929651938,-0.523433002168878,Chirimachaya,Sensor 11
11,2025-10-03,0.5507500000000001,0.5648393331462777,0.03087739929651938,-0.4562992177863175,Chirimachaya,Sensor 11
11,2025-10-04,0.5630000000000001,0.5648393331462777,0.03087739929651938,-0.059568914098440166,Chirimachaya,Sensor 11
11,2025-10-05,0.5593402777777778,0.5648393331462777,0.03087739929651938,-0.1780932168441949,Chirimachaya,Sensor 11
11,2025-10-06,0.5539548611111111,0.5648393331462777,0.03087739929651938,-0.35250611395867965,Chirimachaya,Sensor 11
11,2025-10-07,0.5516145833333334,0.5648393331462777,0.03087739929651938,-0.4282986946518857,Chirimachaya,Sensor 11
11,2025-10-08,0.5479201388888889,0.5648393331462777,0.03087739929651938,-0.5479475163990235,Chirimachaya,Sensor 11
11,2025-10-09,0.5451319444444445,0.5648393331462777,0.03087739929651938,-0.6382463922100683,Chirimachaya,Sensor 11
11,2025-10-10,0.5502222222222222,0.5648393331462777,0.03087739929651938,-0.4733919066073413,Chirimachaya,Sensor 11
11,2025-10-11,0.6012187499999999,0.5648393331462777,0.03087739929651938,1.1781891507236844,Chirimachaya,Sensor 11
11,2025-10-12,0.6096284722222223,0.5648393331462777,0.03087739929651938,1.450547652858621,Chirimachaya,Sensor 11
11,2025-10-13,0.6179166666666667,0.5648393331462777,0.03087739929651938,1.7189703384887114,Chirimachaya,Sensor 11
11,2025-10-14,0.5852916666666667,0.5648393331462777,0.03087739929651938,0.6623722847893626,Chirimachaya,Sensor 11
11,2025-10-15,0.5648993055555556,0.5648393331462777,0.03087739929651938,0.0019422752772015005,Chirimachaya,Sensor 11
11,2025-10-16,0.5537743055555556,0.5648393331462777,0.03087739929651938,-0.35835361276586936,Chirimachaya,Sensor 11
11,2025-10-17,0.5470069444444445,0.5648393331462777,0.03087739929651938,-0.5775223661353909,Chirimachaya,Sensor 11
11,2025-10-18,0.5416076388888889,0.5648393331462777,0.03087739929651938,-0.7523850708504317,Chirimachaya,Sensor 11
11,2025-10-19,0.5371770833333334,0.5648393331462777,0.03087739929651938,-0.8958736954268843,Chirimachaya,Sensor 11
11,2025-10-20,0.5333055555555556,0.5648393331462777,0.03087739929651938,-1.0212575640810746,Chirimachaya,Sensor 11
11,2025-10-21,0.5290972222222222,0.5648393331462777,0.03087739929651938,-1.15754926704868,Chirimachaya,Sensor 11
11,2025-10-22,0.5256111111111111,0.5648393331462777,0.03087739929651938,-1.2704509747875197,Chirimachaya,Sensor 11
11,2025-10-23,0.5245729166666666,0.5648393331462777,0.03087739929651938,-1.3040740929288703,Chirimachaya,Sensor 11
11,2025-10-24,0.5268444444444446,0.5648393331462777,0.03087739929651938,-1.230508059858397,Chirimachaya,Sensor 11
1,2015-01-01,0.6016423611111111,0.5888314783105022,0.01999182149389289,0.6408061818940516,Virgen,Sensor 1
1,2015-01-02,0.5992048611111112,0.5888314783105022,0.01999182149389289,0.518881323734199,Virgen,Sensor 1
1,2015-01-03,0.5955833333333334,0.5888314783105022,0.01999182149389289,0.3377308578357262,Virgen,Sensor 1
1,2015-01-04,0.5924826388888889,0.5888314783105022,0.01999182149389289,0.1826327120568787,Virgen,Sensor 1
1,2015-01-05,0.5905520833333333,0.5888314783105022,0.01999182149389289,0.08606544548012914,Virgen,Sensor 1
1,2015-01-06,0.588486111111111,0.5888314783105022,0.01999182149389289,-0.017275424327726142,Virgen,Sensor 1
1,2015-01-07,0.5862361111111111,0.5888314783105022,0.01999182149389289,-0.12982144724451267,Virgen,Sensor 1
1,2015-01-08,0.5838715277777777,0.5888314783105022,0.01999182149389289,-0.24809898058761853,Virgen,Sensor 1
1,2015-01-09,0.5814305555555556,0.5888314783105022,0.01999182149389289,-0.37019752088160024,Virgen,Sensor 1
1,2015-01-10,0.5913159722222221,0.5888314783105022,0.01999182149389289,0.12427551498890997,Virgen,Sensor 1
1,2015-01-11,0.5979583333333333,0.5888314783105022,0.01999182149389289,0.4565294375812197,Virgen,Sensor 1
1,2015-01-12,0.5973368055555555,0.5888314783105022,0.01999182149389289,0.4254403355717974,Virgen,Sensor 1
1,2015-01-13,0.5946284722222221,0.5888314783105022,0.01999182149389289,0.28996827094973904,Virgen,Sensor 1
1,2015-01-14,0.5913958333333333,0.5888314783105022,0.01999182149389289,0.12827020407392614,Virgen,Sensor 1
1,2015-01-15,0.5872951388888888,0.5888314783105022,0.01999182149389289,-0.07684839633460487,Virgen,Sensor 1
1,2015-01-16,0.5834375,0.5888314783105022,0.01999182149389289,-0.2698092473539693,Virgen,Sensor 1
1,2015-01-17,0.5826597222222222,0.5888314783105022,0.01999182149389289,-0.3087140453992836,Virgen,Sensor 1
1,2015-01-18,0.5968715277777777,0.5888314783105022,0.01999182149389289,0.40216692959826716,Virgen,Sensor 1
1,2015-01-19,0.6023506944444444,0.5888314783105022,0.01999182149389289,0.676237337256743,Virgen,Sensor 1
1,2015-01-20,0.6081770833333333,0.5888314783105022,0.01999182149389289,0.9676759583283003,Virgen,Sensor 1
1,2015-01-21,0.6234166666666667,0.5888314783105022,0.01999182149389289,1.729966845028585,Virgen,Sensor 1
1,2015-01-22,0.6191736111111111,0.5888314783105022,0.01999182149389289,1.5177272771206898,Virgen,Sensor 1
1,2015-01-23,0.6133298611111111,0.5888314783105022,0.01999182149389289,1.2254202453784753,Virgen,Sensor 1
1,2015-01-24,0.6156736111111111,0.5888314783105022,0.01999182149389289,1.3426556859167946,Virgen,Sensor 1
1,2015-01-25,0.6036145833333334,0.5888314783105022,0.01999182149389289,0.7394576340803738,Virgen,Sensor 1
1,2015-01-26,0.5991388888888889,0.5888314783105022,0.01999182149389289,0.5155813631857108,Virgen,Sensor 1
1,2015-01-27,0.5959375,0.5888314783105022,0.01999182149389289,0.3554464355170719,Virgen,Sensor 1
1,2015-01-28,0.6027083333333333,0.5888314783105022,0.01999182149389289,0.6941265970722178,Virgen,Sensor 1
1,2015-01-29,0.6010902777777778,0.5888314783105022,0.01999182149389289,0.6131907225672467,Virgen,Sensor 1
1,2015-01-30,0.5990763888888888,0.5888314783105022,0.01999182149389289,0.5124550847713517,Virgen,Sensor 1
1,2015-01-31,0.6052256944444445,0.5888314783105022,0.01999182149389289,0.8200461443170864,Virgen,Sensor 1
1,2015-02-01,0.604375,0.5888314783105022,0.01999182149389289,0.7774940214550254,Virgen,Sensor 1
1,2015-02-02,0.6016666666666667,0.5888314783105022,0.01999182149389289,0.6420219568329671,Virgen,Sensor 1
1,2015-02-03,0.59965625,0.5888314783105022,0.01999182149389289,0.541460001171207,Virgen,Sensor 1
1,2015-02-04,0.5980138888888888,0.5888314783105022,0.01999182149389289,0.45930835172731477,Virgen,Sensor 1
1,2015-02-05,0.5953159722222222,0.5888314783105022,0.01999182149389289,0.32435733350764956,Virgen,Sensor 1
1,2015-02-06,0.5915138888888889,0.5888314783105022,0.01999182149389289,0.13417539663437472,Virgen,Sensor 1
1,2015-02-07,0.5887812499999999,0.5888314783105022,0.01999182149389289,-0.002512442926604753,Virgen,Sensor 1
1,2015-02-08,0.6029097222222223,0.5888314783105022,0.01999182149389289,0.7042001608518117,Virgen,Sensor 1
1,2015-02-09,0.6059826388888889,0.5888314783105022,0.01999182149389289,0.8579088495576089,Virgen,Sensor 1
1,2015-02-10,0.6044375,0.5888314783105022,0.01999182149389289,0.780620299869379,Virgen,Sensor 1
1,2015-02-11,0.5988784722222222,0.5888314783105022,0.01999182149389289,0.5025552031258982,Virgen,Sensor 1
1,2015-02-12,0.5937708333333334,0.5888314783105022,0.01999182149389289,0.24706878381942518,Virgen,Sensor 1
1,2015-02-13,0.5900069444444445,0.5888314783105022,0.01999182149389289,0.05879735042158825,Virgen,Sensor 1
1,2015-02-14,0.5875312500000001,0.5888314783105022,0.01999182149389289,-0.0650380112137022,Virgen,Sensor 1
1,2015-02-15,0.5921944444444445,0.5888314783105022,0.01999182149389289,0.1682170949240213,Virgen,Sensor 1
1,2015-02-16,0.6081909722222222,0.5888314783105022,0.01999182149389289,0.9683706868648227,Virgen,Sensor 1
1,2015-02-17,0.5990486111111111,0.5888314783105022,0.01999182149389289,0.511065627698307,Virgen,Sensor 1
1,2015-02-18,0.5918472222222222,0.5888314783105022,0.01999182149389289,0.15084888151093404,Virgen,Sensor 1
1,2015-02-19,0.5895243055555555,0.5888314783105022,0.01999182149389289,0.0346555337773953,Virgen,Sensor 1
1,2015-02-20,0.5883090277777777,0.5888314783105022,0.01999182149389289,-0.026133213168398974,Virgen,Sensor 1
1,2015-02-21,0.585375,0.5888314783105022,0.01999182149389289,-0.17289461650896126,Virgen,Sensor 1
1,2015-02-22,0.5817118055555555,0.5888314783105022,0.01999182149389289,-0.3561292680170068,Virgen,Sensor 1
1,2015-02-23,0.5776840277777777,0.5888314783105022,0.01999182149389289,-0.5576005436087856,Virgen,Sensor 1
1,2015-02-24,0.5735590277777777,0.5888314783105022,0.01999182149389289,-0.7639349189562322,Virgen,Sensor 1
1,2015-02-25,0.5712499999999999,0.5888314783105022,0.01999182149389289,-0.879433538153243,Virgen,Sensor 1
1,2015-02-26,0.5719965277777778,0.5888314783105022,0.01999182149389289,-0.8420918793151082,Virgen,Sensor 1
1,2015-02-27,0.5706527777777777,0.5888314783105022,0.01999182149389289,-0.9093068652237497,Virgen,Sensor 1
1,2015-02-28,0.5685729166666667,0.5888314783105022,0.01999182149389289,-1.0133424635681219,Virgen,Sensor 1
1,2015-03-01,0.5663194444444444,0.5888314783105022,0.01999182149389289,-1.126062168619043,Virgen,Sensor 1
1,2015-03-02,0.598732638888889,0.5888314783105022,0.01999182149389289,0.49526055349240483,Virgen,Sensor 1
1,2015-03-03,0.63809375,0.5888314783105022,0.01999182149389289,2.464121225999666,Virgen,Sensor 1
1,2015-03-04,0.6208819444444444,0.5888314783105022,0.01999182149389289,1.6031788871130646,Virgen,Sensor 1
1,2015-03-05,0.6079618055555556,0.5888314783105022,0.01999182149389289,0.9569076660121896,Virgen,Sensor 1
1,2015-03-06,0.5979583333333333,0.5888314783105022,0.01999182149389289,0.4565294375812197,Virgen,Sensor 1
1,2015-03-07,0.5917604166666667,0.5888314783105022,0.01999182149389289,0.146506828157665,Virgen,Sensor 1
1,2015-03-08,0.5903506944444444,0.5888314783105022,0.01999182149389289,0.07599188170054075,Virgen,Sensor 1
1,2015-03-09,0.5893229166666667,0.5888314783105022,0.01999182149389289,0.02458196999781247,Virgen,Sensor 1
1,2015-03-10,0.5882465277777778,0.5888314783105022,0.01999182149389289,-0.02925949158275246,Virgen,Sensor 1
1,2015-03-11,0.5938645833333333,0.5888314783105022,0.01999182149389289,0.2517582014409526,Virgen,Sensor 1
1,2015-03-12,0.596,0.5888314783105022,0.01999182149389289,0.35857271393142537,Virgen,Sensor 1
1,2015-03-13,0.5952361111111111,0.5888314783105022,0.01999182149389289,0.32036264442263895,Virgen,Sensor 1
1,2015-03-14,0.5946944444444444,0.5888314783105022,0.01999182149389289,0.2932682314982273,Virgen,Sensor 1
1,2015-03-15,0.59571875,0.5888314783105022,0.01999182149389289,0.34450446106682636,Virgen,Sensor 1
1,2015-03-16,0.598375,0.5888314783105022,0.01999182149389289,0.4773712936769244,Virgen,Sensor 1
1,2015-03-17,0.5995763888888889,0.5888314783105022,0.01999182149389289,0.5374653120861963,Virgen,Sensor 1
1,2015-03-18,0.6191840277777777,0.5888314783105022,0.01999182149389289,1.5182483235230775,Virgen,Sensor 1
1,2015-03-19,0.6207013888888889,0.5888314783105022,0.01999182149389289,1.5941474161382625,Virgen,Sensor 1
1,2015-03-20,0.6154375000000001,0.5888314783105022,0.01999182149389289,1.3308453007959031,Virgen,Sensor 1
1,2015-03-21,0.6116770833333333,0.5888314783105022,0.01999182149389289,1.14274754953219,Virgen,Sensor 1
1,2015-03-22,0.6075520833333333,0.5888314783105022,0.01999182149389289,0.9364131741847489,Virgen,Sensor 1
1,2015-03-23,0.6041701388888889,0.5888314783105022,0.01999182149389289,0.7672467755413079,Virgen,Sensor 1
1,2015-03-24,0.6043854166666667,0.5888314783105022,0.01999182149389289,0.7780150678574187,Virgen,Sensor 1
1,2015-03-25,0.6088194444444445,0.5888314783105022,0.01999182149389289,0.999807153142509,Virgen,Sensor 1
1,2015-03-26,0.6069756944444444,0.5888314783105022,0.01999182149389289,0.9075819399190285,Virgen,Sensor 1
1,2015-03-27,0.6054409722222222,0.5888314783105022,0.01999182149389289,0.8308144366331917,Virgen,Sensor 1
1,2015-03-28,0.6017604166666666,0.5888314783105022,0.01999182149389289,0.6467113744544946,Virgen,Sensor 1
1,2015-03-29,0.6150972222222222,0.5888314783105022,0.01999182149389289,1.3138244516510744,Virgen,Sensor 1
1,2015-03-30,0.6075416666666666,0.5888314783105022,0.01999182149389289,0.9358921277823556,Virgen,Sensor 1
1,2015-03-31,0.6018298611111111,0.5888314783105022,0.01999182149389289,0.6501850171371176,Virgen,Sensor 1
1,2015-04-01,0.6018472222222222,0.5888314783105022,0.01999182149389289,0.6510534278077692,Virgen,Sensor 1
1,2015-04-02,0.6010416666666667,0.5888314783105022,0.01999182149389289,0.6107591726894156,Virgen,Sensor 1
1,2015-04-03,0.6058090277777777,0.5888314783105022,0.01999182149389289,0.8492247428510598,Virgen,Sensor 1
1,2015-04-04,0.6017152777777777,0.5888314783105022,0.01999182149389289,0.6444535067107927,Virgen,Sensor 1
1,2015-04-05,0.5969166666666667,0.5888314783105022,0.01999182149389289,0.40442479734196907,Virgen,Sensor 1
1,2015-04-06,0.5943888888888889,0.5888314783105022,0.01999182149389289,0.2779842036947127,Virgen,Sensor 1
1,2015-04-07,0.5928611111111111,0.5888314783105022,0.01999182149389289,0.20156406467713991,Virgen,Sensor 1
1,2015-04-08,0.5917152777777778,0.5888314783105022,0.01999182149389289,0.1442489604139631,Virgen,Sensor 1
1,2015-04-09,0.5898402777777778,0.5888314783105022,0.01999182149389289,0.05046060798330859,Virgen,Sensor 1
1,2015-04-10,0.5874444444444444,0.5888314783105022,0.01999182149389289,-0.06938006456697679,Virgen,Sensor 1
1,2015-04-11,0.5856701388888889,0.5888314783105022,0.01999182149389289,-0.15813163510783987,Virgen,Sensor 1
1,2015-04-12,0.58665625,0.5888314783105022,0.01999182149389289,-0.10880590901467875,Virgen,Sensor 1
1,2015-04-13,0.5893819444444444,0.5888314783105022,0.01999182149389289,0.027534566278031195,Virgen,Sensor 1
1,2015-04-14,0.5899340277777777,0.5888314783105022,0.01999182149389289,0.05515002560483604,Virgen,Sensor 1
1,2015-04-15,0.590017361111111,0.5888314783105022,0.01999182149389289,0.05931839682397587,Virgen,Sensor 1
1,2015-04-16,0.5922604166666666,0.5888314783105022,0.01999182149389289,0.17151705547250398,Virgen,Sensor 1
1,2015-04-17,0.5965729166666667,0.5888314783105022,0.01999182149389289,0.3872302660630165,Virgen,Sensor 1
1,2015-04-18,0.6001458333333333,0.5888314783105022,0.01999182149389289,0.5659491820836527,Virgen,Sensor 1
1,2015-04-19,0.6031006944444444,0.5888314783105022,0.01999182149389289,0.7137526782290013,Virgen,Sensor 1
1,2015-04-20,0.5993125,0.5888314783105022,0.01999182149389289,0.5242654698922544,Virgen,Sensor 1
1,2015-04-21,0.5960763888888888,0.5888314783105022,0.01999182149389289,0.3623937208823012,Virgen,Sensor 1
1,2015-04-22,0.6028333333333333,0.5888314783105022,0.01999182149389289,0.7003791539009303,Virgen,Sensor 1
1,2015-04-23,0.6056736111111111,0.5888314783105022,0.01999182149389289,0.8424511396199595,Virgen,Sensor 1
1,2015-04-24,0.6103194444444444,0.5888314783105022,0.01999182149389289,1.0748378350870316,Virgen,Sensor 1
1,2015-04-25,0.6119965277777778,0.5888314783105022,0.01999182149389289,1.1587263058722324,Virgen,Sensor 1
1,2015-04-26,0.6192881944444444,0.5888314783105022,0.01999182149389289,1.5234587875470036,Virgen,Sensor 1
1,2015-04-27,0.6134861111111111,0.5888314783105022,0.01999182149389289,1.2332359414143617,Virgen,Sensor 1
1,2015-04-28,0.6061840277777777,0.5888314783105022,0.01999182149389289,0.8679824133371917,Virgen,Sensor 1
1,2015-04-29,0.6022083333333333,0.5888314783105022,0.01999182149389289,0.6691163697573788,Virgen,Sensor 1
1,2015-04-30,0.6010243055555555,0.5888314783105022,0.01999182149389289,0.6098907620187585,Virgen,Sensor 1
1,2015-05-01,0.5991770833333333,0.5888314783105022,0.01999182149389289,0.5174918666611488,Virgen,Sensor 1
1,2015-05-02,0.5957569444444445,0.5888314783105022,0.01999182149389289,0.34641496454226983,Virgen,Sensor 1
1,2015-05-03,0.5932291666666667,0.5888314783105022,0.01999182149389289,0.2199743708950135,Virgen,Sensor 1
1,2015-05-04,0.6083402777777778,0.5888314783105022,0.01999182149389289,0.9758390186324508,Virgen,Sensor 1
1,2015-05-05,0.6102743055555555,0.5888314783105022,0.01999182149389289,1.0725799673433296,Virgen,Sensor 1
1,2015-05-06,0.6039756944444444,0.5888314783105022,0.01999182149389289,0.7575205760299779,Virgen,Sensor 1
1,2015-05-07,0.5991875,0.5888314783105022,0.01999182149389289,0.5180129130635419,Virgen,Sensor 1
1,2015-05-08,0.595079861111111,0.5888314783105022,0.01999182149389289,0.3125469483867469,Virgen,Sensor 1
1,2015-05-09,0.5918819444444444,0.5888314783105022,0.01999182149389289,0.15258570285224277,Virgen,Sensor 1
1,2015-05-10,0.5893784722222222,0.5888314783105022,0.01999182149389289,0.02736088414390199,Virgen,Sensor 1
1,2015-05-11,0.587392361111111,0.5888314783105022,0.01999182149389289,-0.07198529657894266,Virgen,Sensor 1
1,2015-05-12,0.5875104166666667,0.5888314783105022,0.01999182149389289,-0.06608010401848854,Virgen,Sensor 1
1,2015-05-13,0.5991840277777778,0.5888314783105022,0.01999182149389289,0.5178392309294128,Virgen,Sensor 1
1,2015-05-14,0.6066388888888888,0.5888314783105022,0.01999182149389289,0.8907347729083344,Virgen,Sensor 1
1,2015-05-15,0.6046805555555556,0.5888314783105022,0.01999182149389289,0.79277804925854,Virgen,Sensor 1
1,2015-05-16,0.6014652777777777,0.5888314783105022,0.01999182149389289,0.6319483930533731,Virgen,Sensor 1
1,2015-05-17,0.6003020833333333,0.5888314783105022,0.01999182149389289,0.5737648781195448,Virgen,Sensor 1
1,2015-05-18,0.5991979166666667,0.5888314783105022,0.01999182149389289,0.5185339594659351,Virgen,Sensor 1
1,2015-05-19,0.5978368055555555,0.5888314783105022,0.01999182149389289,0.4504505628866419,Virgen,Sensor 1
1,2015-05-20,0.5950902777777778,0.5888314783105022,0.01999182149389289,0.31306799478914565,Virgen,Sensor 1
1,2015-05-21,0.5924444444444444,0.5888314783105022,0.01999182149389289,0.18072220858144078,Virgen,Sensor 1
1,2015-05-22,0.5915972222222222,0.5888314783105022,0.01999182149389289,0.13834376785351454,Virgen,Sensor 1
1,2015-05-23,0.5895277777777778,0.5888314783105022,0.01999182149389289,0.03482921591153006,Virgen,Sensor 1
1,2015-05-24,0.5878923611111111,0.5888314783105022,0.01999182149389289,-0.04697506926409813,Virgen,Sensor 1
1,2015-05-25,0.5865694444444444,0.5888314783105022,0.01999182149389289,-0.11314796236795334,Virgen,Sensor 1
1,2015-05-26,0.586,0.5888314783105022,0.01999182149389289,-0.14163183236540977,Virgen,Sensor 1
1,2015-05-27,0.586,0.5888314783105022,0.01999182149389289,-0.14163183236540977,Virgen,Sensor 1
1,2015-05-28,0.5851527777777777,0.5888314783105022,0.01999182149389289,-0.184010273093336,Virgen,Sensor 1
1,2015-05-29,0.585,0.5888314783105022,0.01999182149389289,-0.1916522869950933,Virgen,Sensor 1
1,2015-05-30,0.5848819444444444,0.5888314783105022,0.01999182149389289,-0.19755747955554184,Virgen,Sensor 1
1,2015-05-31,0.5836076388888888,0.5888314783105022,0.01999182149389289,-0.26129882278156596,Virgen,Sensor 1
1,2015-06-01,0.5834583333333333,0.5888314783105022,0.01999182149389289,-0.2687671545491885,Virgen,Sensor 1
1,2015-06-02,0.5840069444444445,0.5888314783105022,0.01999182149389289,-0.24132537735651283,Virgen,Sensor 1
1,2015-06-03,0.5849270833333333,0.5888314783105022,0.01999182149389289,-0.19529961181183994,Virgen,Sensor 1
1,2015-06-04,0.5875277777777778,0.5888314783105022,0.01999182149389289,-0.06521169334783697,Virgen,Sensor 1
1,2015-06-05,0.5945555555555555,0.5888314783105022,0.01999182149389289,0.28632094613299236,Virgen,Sensor 1
1,2015-06-06,0.6063125,0.5888314783105022,0.01999182149389289,0.8744086523000391,Virgen,Sensor 1
1,2015-06-07,0.6086354166666667,0.5888314783105022,0.01999182149389289,0.9906020000335722,Virgen,Sensor 1
1,2015-06-08,0.6142916666666667,0.5888314783105022,0.01999182149389289,1.2735301965327208,Virgen,Sensor 1
1,2015-06-09,0.6101736111111111,0.5888314783105022,0.01999182149389289,1.0675431854535382,Virgen,Sensor 1
1,2015-06-10,0.6039375,0.5888314783105022,0.01999182149389289,0.7556100725545399,Virgen,Sensor 1
1,2015-06-11,0.6001840277777777,0.5888314783105022,0.01999182149389289,0.5678596855590906,Virgen,Sensor 1
1,2015-06-12,0.5968611111111111,0.5888314783105022,0.01999182149389289,0.40164588319587397,Virgen,Sensor 1
1,2015-06-13,0.5958541666666667,0.5888314783105022,0.01999182149389289,0.35127806429793207,Virgen,Sensor 1
1,2015-06-14,0.5963159722222222,0.5888314783105022,0.01999182149389289,0.3743777881373331,Virgen,Sensor 1
1,2015-06-15,0.5932152777777778,0.5888314783105022,0.01999182149389289,0.21927964235849115,Virgen,Sensor 1
1,2015-06-16,0.5900763888888888,0.5888314783105022,0.01999182149389289,0.062270993104200145,Virgen,Sensor 1
1,2015-06-17,0.5880798611111111,0.5888314783105022,0.01999182149389289,-0.03759623402103212,Virgen,Sensor 1
1,2015-06-18,0.588,0.5888314783105022,0.01999182149389289,-0.04159092310604274,Virgen,Sensor 1
1,2015-06-19,0.589,0.5888314783105022,0.01999182149389289,0.008429531523640772,Virgen,Sensor 1
1,2015-06-20,0.5949374999999999,0.5888314783105022,0.01999182149389289,0.3054259808873828,Virgen,Sensor 1
1,2015-06-21,0.6033993055555555,0.5888314783105022,0.01999182149389289,0.7286893417642575,Virgen,Sensor 1
1,2015-06-22,0.6040902777777778,0.5888314783105022,0.01999182149389289,0.7632520864562973,Virgen,Sensor 1
1,2015-06-23,0.6015520833333333,0.5888314783105022,0.01999182149389289,0.6362904464066478,Virgen,Sensor 1
1,2015-06-24,0.6003159722222222,0.5888314783105022,0.01999182149389289,0.5744596066560671,Virgen,Sensor 1
1,2015-06-25,0.6162916666666667,0.5888314783105022,0.01999182149389289,1.3735711057920879,Virgen,Sensor 1
1,2015-06-26,0.6157916666666666,0.5888314783105022,0.01999182149389289,1.3485608784772434,Virgen,Sensor 1
1,2015-06-27,0.6118680555555556,0.5888314783105022,0.01999182149389289,1.1523000669093906,Virgen,Sensor 1
1,2015-06-28,0.6067291666666667,0.5888314783105022,0.01999182149389289,0.8952505083957382,Virgen,Sensor 1
1,2015-06-29,0.6030694444444444,0.5888314783105022,0.01999182149389289,0.7121895390218274,Virgen,Sensor 1
1,2015-06-30,0.600267361111111,0.5888314783105022,0.01999182149389289,0.5720280567782305,Virgen,Sensor 1
1,2015-07-01,0.5966180555555556,0.5888314783105022,0.01999182149389289,0.38948813380671843,Virgen,Sensor 1
1,2015-07-02,0.5927708333333332,0.5888314783105022,0.01999182149389289,0.19704832918973614,Virgen,Sensor 1
1,2015-07-03,0.5892847222222222,0.5888314783105022,0.01999182149389289,0.022671466522368986,Virgen,Sensor 1
1,2015-07-04,0.5859027777777777,0.5888314783105022,0.01999182149389289,-0.14649493212107753,Virgen,Sensor 1
1,2015-07-05,0.5876006944444444,0.5888314783105022,0.01999182149389289,-0.061564368531090305,Virgen,Sensor 1
1,2015-07-06,0.5964062499999999,0.5888314783105022,0.01999182149389289,0.37889352362473133,Virgen,Sensor 1
1,2015-07-07,0.5963020833333332,0.5888314783105022,0.01999182149389289,0.37368305960080517,Virgen,Sensor 1
1,2015-07-08,0.5955104166666667,0.5888314783105022,0.01999182149389289,0.33408353301897953,Virgen,Sensor 1
1,2015-07-09,0.5966666666666667,0.5888314783105022,0.01999182149389289,0.39191968368454955,Virgen,Sensor 1
1,2015-07-10,0.5966215277777778,0.5888314783105022,0.01999182149389289,0.38966181594084764,Virgen,Sensor 1
1,2015-07-11,0.5983854166666666,0.5888314783105022,0.01999182149389289,0.47789234007931203,Virgen,Sensor 1
1,2015-07-12,0.6005659722222222,0.5888314783105022,0.01999182149389289,0.5869647203134867,Virgen,Sensor 1
1,2015-07-13,0.6042673611111111,0.5888314783105022,0.01999182149389289,0.7721098752969701,Virgen,Sensor 1
1,2015-07-14,0.6001145833333333,0.5888314783105022,0.01999182149389289,0.5643860428764788,Virgen,Sensor 1
1,2015-07-15,0.5953194444444444,0.5888314783105022,0.01999182149389289,0.3245310156417788,Virgen,Sensor 1
1,2015-07-16,0.5928923611111111,0.5888314783105022,0.01999182149389289,0.20312720388431943,Virgen,Sensor 1
1,2015-07-17,0.5925555555555556,0.5888314783105022,0.01999182149389289,0.18628003687363093,Virgen,Sensor 1
1,2015-07-18,0.5911458333333334,0.5888314783105022,0.01999182149389289,0.11576509041650666,Virgen,Sensor 1
1,2015-07-19,0.5926527777777778,0.5888314783105022,0.01999182149389289,0.19114313662929314,Virgen,Sensor 1
1,2015-07-20,0.5932916666666667,0.5888314783105022,0.01999182149389289,0.22310064930936702,Virgen,Sensor 1
1,2015-07-21,0.5904375,0.5888314783105022,0.01999182149389289,0.08033393505380979,Virgen,Sensor 1
1,2015-07-22,0.5940902777777777,0.5888314783105022,0.01999182149389289,0.2630475401594566,Virgen,Sensor 1
1,2015-07-23,0.6148750000000001,0.5888314783105022,0.01999182149389289,1.3027087950667051,Virgen,Sensor 1
1,2015-07-24,0.6107013888888889,0.5888314783105022,0.01999182149389289,1.0939428698414275,Virgen,Sensor 1
1,2015-07-25,0.6029861111111111,0.5888314783105022,0.01999182149389289,0.7080211678026875,Virgen,Sensor 1
1,2015-07-26,0.5981388888888888,0.5888314783105022,0.01999182149389289,0.4655609085560217,Virgen,Sensor 1
1,2015-07-27,0.5955347222222221,0.5888314783105022,0.01999182149389289,0.33529930795788954,Virgen,Sensor 1
1,2015-07-28,0.6022430555555556,0.5888314783105022,0.01999182149389289,0.6708531910986875,Virgen,Sensor 1
1,2015-07-29,0.6091388888888889,0.5888314783105022,0.01999182149389289,1.0157859094825459,Virgen,Sensor 1
1,2015-07-30,0.6125555555555555,0.5888314783105022,0.01999182149389289,1.1866891294672957,Virgen,Sensor 1
1,2015-07-31,0.6135798611111111,0.5888314783105022,0.01999182149389289,1.2379253590358947,Virgen,Sensor 1
1,2015-08-01,0.6091701388888889,0.5888314783105022,0.01999182149389289,1.0173490486897254,Virgen,Sensor 1
1,2015-08-02,0.6050277777777777,0.5888314783105022,0.01999182149389289,0.8101462626716217,Virgen,Sensor 1
1,2015-08-03,0.6016006944444444,0.5888314783105022,0.01999182149389289,0.6387219962844789,Virgen,Sensor 1
1,2015-08-04,0.5980972222222222,0.5888314783105022,0.01999182149389289,0.4634767229464546,Virgen,Sensor 1
1,2015-08-05,0.5950902777777778,0.5888314783105022,0.01999182149389289,0.31306799478914565,Virgen,Sensor 1
1,2015-08-06,0.5927013888888888,0.5888314783105022,0.01999182149389289,0.19357468650711868,Virgen,Sensor 1
1,2015-08-07,0.5894444444444444,0.5888314783105022,0.01999182149389289,0.030660844692390235,Virgen,Sensor 1
1,2015-08-08,0.5861562499999999,0.5888314783105022,0.01999182149389289,-0.13381613632952327,Virgen,Sensor 1
1,2015-08-09,0.5834513888888888,0.5888314783105022,0.01999182149389289,-0.2691145188174524,Virgen,Sensor 1
1,2015-08-10,0.58553125,0.5888314783105022,0.01999182149389289,-0.1650789204730748,Virgen,Sensor 1
1,2015-08-11,0.5868055555555556,0.5888314783105022,0.01999182149389289,-0.10133757724705067,Virgen,Sensor 1
1,2015-08-12,0.5858055555555555,0.5888314783105022,0.01999182149389289,-0.15135803187673974,Virgen,Sensor 1
1,2015-08-13,0.58453125,0.5888314783105022,0.01999182149389289,-0.21509937510275828,Virgen,Sensor 1
1,2015-08-14,0.5830555555555555,0.5888314783105022,0.01999182149389289,-0.28891428210836523,Virgen,Sensor 1
1,2015-08-15,0.5832465277777777,0.5888314783105022,0.01999182149389289,-0.27936176473117,Virgen,Sensor 1
1,2015-08-16,0.5855868055555555,0.5888314783105022,0.01999182149389289,-0.16230000632697972,Virgen,Sensor 1
1,2015-08-17,0.587,0.5888314783105022,0.01999182149389289,-0.09161137773572625,Virgen,Sensor 1
1,2015-08-18,0.5865972222222222,0.5888314783105022,0.01999182149389289,-0.11175850529490303,Virgen,Sensor 1
1,2015-08-19,0.5845173611111111,0.5888314783105022,0.01999182149389289,-0.21579410363928067,Virgen,Sensor 1
1,2015-08-20,0.5832187499999999,0.5888314783105022,0.01999182149389289,-0.28075122180422035,Virgen,Sensor 1
1,2015-08-21,0.58103125,0.5888314783105022,0.01999182149389289,-0.3901709663066478,Virgen,Sensor 1
1,2015-08-22,0.5779618055555554,0.5888314783105022,0.01999182149389289,-0.5437059728783213,Virgen,Sensor 1
1,2015-08-23,0.5754062499999999,0.5888314783105022,0.01999182149389289,-0.6715360235986224,Virgen,Sensor 1
1,2015-08-24,0.5731979166666666,0.5888314783105022,0.01999182149389289,-0.7819978609058362,Virgen,Sensor 1
1,2015-08-25,0.5712743055555555,0.5888314783105022,0.01999182149389289,-0.8782177632143274,Virgen,Sensor 1
1,2015-08-26,0.5694062499999999,0.5888314783105022,0.01999182149389289,-0.9716587513767235,Virgen,Sensor 1
1,2015-08-27,0.5671944444444443,0.5888314783105022,0.01999182149389289,-1.082294270818072,Virgen,Sensor 1
1,2015-08-28,0.5650624999999999,0.5888314783105022,0.01999182149389289,-1.18893510117441,Virgen,Sensor 1
1,2015-08-29,0.564,0.5888314783105022,0.01999182149389289,-1.242081834218447,Virgen,Sensor 1
1,2015-08-30,0.5645034722222222,0.5888314783105022,0.01999182149389289,-1.2168979247694733,Virgen,Sensor 1
1,2015-08-31,0.5653854166666666,0.5888314783105022,0.01999182149389289,-1.1727826627002385,Virgen,Sensor 1
1,2015-09-01,0.5666423611111111,0.5888314783105022,0.01999182149389289,-1.1099097301448715,Virgen,Sensor 1
1,2015-09-02,0.5768993055555556,0.5888314783105022,0.01999182149389289,-0.5968527059223528,Virgen,Sensor 1
1,2015-09-03,0.5866041666666666,0.5888314783105022,0.01999182149389289,-0.11141114102664461,Virgen,Sensor 1
1,2015-09-04,0.588,0.5888314783105022,0.01999182149389289,-0.04159092310604274,Virgen,Sensor 1
1,2015-09-05,0.588,0.5888314783105022,0.01999182149389289,-0.04159092310604274,Virgen,Sensor 1
1,2015-09-06,0.5875555555555555,0.5888314783105022,0.01999182149389289,-0.06382223627479221,Virgen,Sensor 1
1,2015-09-07,0.5872708333333333,0.5888314783105022,0.01999182149389289,-0.07806417127352042,Virgen,Sensor 1
1,2015-09-08,0.588,0.5888314783105022,0.01999182149389289,-0.04159092310604274,Virgen,Sensor 1
1,2015-09-09,0.587454861111111,0.5888314783105022,0.01999182149389289,-0.06885901816458917,Virgen,Sensor 1
1,2015-09-10,0.5851076388888888,0.5888314783105022,0.01999182149389289,-0.1862681408370379,Virgen,Sensor 1
1,2015-09-11,0.5819965277777777,0.5888314783105022,0.01999182149389289,-0.34188733301827856,Virgen,Sensor 1
1,2015-09-12,0.5786458333333333,0.5888314783105022,0.01999182149389289,-0.50949059245454,Virgen,Sensor 1
1,2015-09-13,0.5747847222222222,0.5888314783105022,0.01999182149389289,-0.7026251256080391,Virgen,Sensor 1
1,2015-09-14,0.5706805555555555,0.5888314783105022,0.01999182149389289,-0.9079174081506994,Virgen,Sensor 1
1,2015-09-15,0.566204861111111,0.5888314783105022,0.01999182149389289,-1.1317936790453624,Virgen,Sensor 1
1,2015-09-16,0.5620451388888889,0.5888314783105022,0.01999182149389289,-1.3398648757341123,Virgen,Sensor 1
1,2015-09-17,0.55871875,0.5888314783105022,0.01999182149389289,-1.5062523602314581,Virgen,Sensor 1
1,2015-09-18,0.5559340277777778,0.5888314783105022,0.01999182149389289,-1.6455454318043978,Virgen,Sensor 1
1,2015-09-19,0.5539166666666667,0.5888314783105022,0.01999182149389289,-1.7464547517344164,Virgen,Sensor 1
1,2015-09-20,0.5525659722222223,0.5888314783105022,0.01999182149389289,-1.8140171019113165,Virgen,Sensor 1
1,2015-09-21,0.5511215277777778,0.5888314783105022,0.01999182149389289,-1.8862688697097494,Virgen,Sensor 1
1,2015-09-22,0.5485972222222223,0.5888314783105022,0.01999182149389289,-2.012535781222871,Virgen,Sensor 1
1,2015-09-23,0.5458263888888889,0.5888314783105022,0.01999182149389289,-2.1511341242592885,Virgen,Sensor 1
1,2015-09-24,0.5442465277777778,0.5888314783105022,0.01999182149389289,-2.2301594952888215,Virgen,Sensor 1
1,2015-09-25,0.5419861111111112,0.5888314783105022,0.01999182149389289,-2.3432265646080013,Virgen,Sensor 1
1,2015-09-26,0.5406041666666668,0.5888314783105022,0.01999182149389289,-2.412352053992075,Virgen,Sensor 1
1,2015-09-27,0.5390277777777778,0.5888314783105022,0.01999182149389289,-2.4912037428874845,Virgen,Sensor 1
1,2015-09-28,0.536888888888889,0.5888314783105022,0.01999182149389289,-2.5981919375120808,Virgen,Sensor 1
1,2015-09-29,0.5345833333333334,0.5888314783105022,0.01999182149389289,-2.7135168745749625,Virgen,Sensor 1
1,2015-09-30,0.5315069444444445,0.5888314783105022,0.01999182149389289,-2.8673992454148944,Virgen,Sensor 1
1,2015-10-01,0.52940625,0.5888314783105022,0.01999182149389289,-2.9724769365640586,Virgen,Sensor 1
1,2015-10-02,0.5276041666666668,0.5888314783105022,0.01999182149389289,-3.062617964177961,Virgen,Sensor 1
1,2015-10-03,0.5252534722222222,0.5888314783105022,0.01999182149389289,-3.18020076898455,Virgen,Sensor 1
1,2015-10-04,0.5239479166666667,0.5888314783105022,0.01999182149389289,-3.2455052514177423,Virgen,Sensor 1
1,2015-10-05,0.523125,0.5888314783105022,0.01999182149389289,-3.2866679172067585,Virgen,Sensor 1
1,2015-10-06,0.5247048611111111,0.5888314783105022,0.01999182149389289,-3.2076425461772198,Virgen,Sensor 1
1,2015-10-07,0.5273472222222222,0.5888314783105022,0.01999182149389289,-3.07547044210365,Virgen,Sensor 1
1,2015-10-08,0.5289409722222222,0.5888314783105022,0.01999182149389289,-2.9957503425375887,Virgen,Sensor 1
1,2015-10-09,0.5281736111111112,0.5888314783105022,0.01999182149389289,-3.034134094180504,Virgen,Sensor 1
1,2015-10-10,0.5268923611111112,0.5888314783105022,0.01999182149389289,-3.098222801674787,Virgen,Sensor 1
1,2015-10-11,0.5268784722222223,0.5888314783105022,0.01999182149389289,-3.0989175302113092,Virgen,Sensor 1
1,2015-10-12,0.526125,0.5888314783105022,0.01999182149389289,-3.136606553317708,Virgen,Sensor 1
1,2015-10-13,0.5264166666666666,0.5888314783105022,0.01999182149389289,-3.122017254050716,Virgen,Sensor 1
1,2015-10-14,0.5285520833333334,0.5888314783105022,0.01999182149389289,-3.015202741560243,Virgen,Sensor 1
1,2015-10-15,0.6022048611111112,0.5888314783105022,0.01999182149389289,0.6689426876232496,Virgen,Sensor 1
1,2015-10-16,0.6163229166666667,0.5888314783105022,0.01999182149389289,1.3751342449992674,Virgen,Sensor 1
1,2015-10-17,0.6081805555555556,0.5888314783105022,0.01999182149389289,0.9678496404624352,Virgen,Sensor 1
1,2015-10-18,0.6052777777777778,0.5888314783105022,0.01999182149389289,0.8226513763290468,Virgen,Sensor 1
1,2015-10-19,0.6046006944444444,0.5888314783105022,0.01999182149389289,0.7887833601735295,Virgen,Sensor 1
1,2015-10-20,0.6010243055555555,0.5888314783105022,0.01999182149389289,0.6098907620187585,Virgen,Sensor 1
1,2015-10-21,0.5981527777777778,0.5888314783105022,0.01999182149389289,0.4662556370925497,Virgen,Sensor 1
1,2015-10-22,0.595013888888889,0.5888314783105022,0.01999182149389289,0.30924698783826976,Virgen,Sensor 1
1,2015-10-23,0.5927326388888888,0.5888314783105022,0.01999182149389289,0.1951378257142982,Virgen,Sensor 1
1,2015-10-24,0.5903159722222222,0.5888314783105022,0.01999182149389289,0.07425506035923202,Virgen,Sensor 1
1,2015-10-25,0.5883125,0.5888314783105022,0.01999182149389289,-0.025959531034264214,Virgen,Sensor 1
1,2015-10-26,0.58715625,0.5888314783105022,0.01999182149389289,-0.08379568169983422,Virgen,Sensor 1
1,2015-10-27,0.5856284722222223,0.5888314783105022,0.01999182149389289,-0.16021582071740703,Virgen,Sensor 1
1,2015-10-28,0.5840659722222221,0.5888314783105022,0.01999182149389289,-0.23837278107629412,Virgen,Sensor 1
1,2015-10-29,0.5834930555555555,0.5888314783105022,0.01999182149389289,-0.2670303332078797,Virgen,Sensor 1
1,2015-10-30,0.6147395833333333,0.5888314783105022,0.01999182149389289,1.2959351918355995,Virgen,Sensor 1
1,2015-10-31,0.6376840277777778,0.5888314783105022,0.01999182149389289,2.4436267341722253,Virgen,Sensor 1
1,2015-11-01,0.6202361111111111,0.5888314783105022,0.01999182149389289,1.5708740101647267,Virgen,Sensor 1
1,2015-11-02,0.6111319444444444,0.5888314783105022,0.01999182149389289,1.115479454473649,Virgen,Sensor 1
1,2015-11-03,0.6023993055555555,0.5888314783105022,0.01999182149389289,0.678668887134574,Virgen,Sensor 1
1,2015-11-04,0.59590625,0.5888314783105022,0.01999182149389289,0.35388329630989235,Virgen,Sensor 1
1,2015-11-05,0.591548611111111,0.5888314783105022,0.01999182149389289,0.13591221797567787,Virgen,Sensor 1
1,2015-11-06,0.5879618055555556,0.5888314783105022,0.01999182149389289,-0.04350142658148067,Virgen,Sensor 1
1,2015-11-07,0.5859618055555554,0.5888314783105022,0.01999182149389289,-0.14354233584085324,Virgen,Sensor 1
1,2015-11-08,0.5843888888888888,0.5888314783105022,0.01999182149389289,-0.2222203426021224,Virgen,Sensor 1
1,2015-11-09,0.5824409722222222,0.5888314783105022,0.01999182149389289,-0.3196560198495236,Virgen,Sensor 1
1,2015-11-10,0.5883333333333334,0.5888314783105022,0.01999182149389289,-0.024917438229477867,Virgen,Sensor 1
1,2015-11-11,0.5915173611111111,0.5888314783105022,0.01999182149389289,0.1343490787685039,Virgen,Sensor 1
1,2015-11-12,0.5898715277777777,0.5888314783105022,0.01999182149389289,0.052023747190482555,Virgen,Sensor 1
1,2015-11-13,0.5880555555555556,0.5888314783105022,0.01999182149389289,-0.03881200895994767,Virgen,Sensor 1
1,2015-11-14,0.5863819444444444,0.5888314783105022,0.01999182149389289,-0.12252679761101934,Virgen,Sensor 1
1,2015-11-15,0.5845104166666667,0.5888314783105022,0.01999182149389289,-0.21614146790753908,Virgen,Sensor 1
1,2015-11-16,0.5829618055555555,0.5888314783105022,0.01999182149389289,-0.29360369972989825,Virgen,Sensor 1
1,2015-11-17,0.5811319444444444,0.5888314783105022,0.01999182149389289,-0.3851341844168564,Virgen,Sensor 1
1,2015-11-18,0.5792291666666666,0.5888314783105022,0.01999182149389289,-0.48031199392056123,Virgen,Sensor 1
1,2015-11-19,0.5774791666666667,0.5888314783105022,0.01999182149389289,-0.5678477895225031,Virgen,Sensor 1
1,2015-11-20,0.5763472222222222,0.5888314783105022,0.01999182149389289,-0.6244681652491576,Virgen,Sensor 1
1,2015-11-21,0.5743645833333333,0.5888314783105022,0.01999182149389289,-0.7236406638378731,Virgen,Sensor 1
1,2015-11-22,0.5731215277777778,0.5888314783105022,0.01999182149389289,-0.7858188678567121,Virgen,Sensor 1
1,2015-11-23,0.5807152777777778,0.5888314783105022,0.01999182149389289,-0.40597604051255554,Virgen,Sensor 1
1,2015-11-24,0.61175,0.5888314783105022,0.01999182149389289,1.146394874348942,Virgen,Sensor 1
1,2015-11-25,0.613638888888889,0.5888314783105022,0.01999182149389289,1.2408779553161244,Virgen,Sensor 1
1,2015-11-26,0.6074548611111111,0.5888314783105022,0.01999182149389289,0.9315500744290867,Virgen,Sensor 1
1,2015-11-27,0.6039305555555555,0.5888314783105022,0.01999182149389289,0.7552627082862761,Virgen,Sensor 1
1,2015-11-28,0.6175138888888889,0.5888314783105022,0.01999182149389289,1.4347072170061461,Virgen,Sensor 1
1,2015-11-29,0.6123298611111111,0.5888314783105022,0.01999182149389289,1.1753997907487916,Virgen,Sensor 1
1,2015-11-30,0.6017604166666666,0.5888314783105022,0.01999182149389289,0.6467113744544946,Virgen,Sensor 1
1,2015-12-01,0.5965138888888889,0.5888314783105022,0.01999182149389289,0.38427766978279226,Virgen,Sensor 1
1,2015-12-02,0.5968055555555556,0.5888314783105022,0.01999182149389289,0.39886696904978447,Virgen,Sensor 1
1,2015-12-03,0.5958715277777777,0.5888314783105022,0.01999182149389289,0.35214647496858364,Virgen,Sensor 1
1,2015-12-04,0.592392361111111,0.5888314783105022,0.01999182149389289,0.1781169765694749,Virgen,Sensor 1
1,2015-12-05,0.5897638888888889,0.5888314783105022,0.01999182149389289,0.046639601032427175,Virgen,Sensor 1
1,2015-12-06,0.5871423611111111,0.5888314783105022,0.01999182149389289,-0.08449041023636214,Virgen,Sensor 1
1,2015-12-07,0.5839270833333333,0.5888314783105022,0.01999182149389289,-0.24532006644152346,Virgen,Sensor 1
1,2015-12-08,0.5814374999999999,0.5888314783105022,0.01999182149389289,-0.36985015661334186,Virgen,Sensor 1
1,2015-12-09,0.5787256944444444,0.5888314783105022,0.01999182149389289,-0.5054959033695294,Virgen,Sensor 1
1,2015-12-10,0.5764444444444444,0.5888314783105022,0.01999182149389289,-0.6196050654934955,Virgen,Sensor 1
1,2015-12-11,0.5750208333333333,0.5888314783105022,0.01999182149389289,-0.6908147404871421,Virgen,Sensor 1
1,2015-12-12,0.5734340277777777,0.5888314783105022,0.01999182149389289,-0.7701874757849392,Virgen,Sensor 1
1,2015-12-13,0.5711944444444444,0.5888314783105022,0.01999182149389289,-0.8822124522993325,Virgen,Sensor 1
1,2015-12-14,0.5687465277777777,0.5888314783105022,0.01999182149389289,-1.0046583568615837,Virgen,Sensor 1
1,2015-12-15,0.5681076388888888,0.5888314783105022,0.01999182149389289,-1.0366158695416576,Virgen,Sensor 1
1,2015-12-16,0.5771979166666665,0.5888314783105022,0.01999182149389289,-0.5819160423871078,Virgen,Sensor 1
1,2015-12-17,0.5791180555555555,0.5888314783105022,0.01999182149389289,-0.4858698222127458,Virgen,Sensor 1
1,2015-12-18,0.5788680555555555,0.5888314783105022,0.01999182149389289,-0.4983749358701653,Virgen,Sensor 1
1,2015-12-19,0.5800312499999999,0.5888314783105022,0.01999182149389289,-0.4401914209363369,Virgen,Sensor 1
1,2015-12-20,0.5816354166666666,0.5888314783105022,0.01999182149389289,-0.3599502749678827,Virgen,Sensor 1
1,2015-12-21,0.5807013888888889,0.5888314783105022,0.01999182149389289,-0.40667076904907795,Virgen,Sensor 1
1,2015-12-22,0.5789826388888888,0.5888314783105022,0.01999182149389289,-0.4926434254438515,Virgen,Sensor 1
1,2015-12-23,0.5766874999999999,0.5888314783105022,0.01999182149389289,-0.6074473161043399,Virgen,Sensor 1
1,2015-12-24,0.5753645833333333,0.5888314783105022,0.01999182149389289,-0.6736202092081895,Virgen,Sensor 1
1,2015-12-25,0.5740104166666666,0.5888314783105022,0.01999182149389289,-0.7413562415192188,Virgen,Sensor 1
1,2015-12-26,0.5719826388888889,0.5888314783105022,0.01999182149389289,-0.8427866078516305,Virgen,Sensor 1
1,2015-12-27,0.5705868055555555,0.5888314783105022,0.01999182149389289,-0.9126068257722324,Virgen,Sensor 1
1,2015-12-28,0.5692499999999999,0.5888314783105022,0.01999182149389289,-0.97947444741261,Virgen,Sensor 1
1,2015-12-29,0.5675034722222221,0.5888314783105022,0.01999182149389289,-1.0668365608804282,Virgen,Sensor 1
1,2015-12-30,0.5659166666666666,0.5888314783105022,0.01999182149389289,-1.1462092961782198,Virgen,Sensor 1
1,2015-12-31,0.5644166666666667,0.5888314783105022,0.01999182149389289,-1.2212399781227423,Virgen,Sensor 1
2,2016-01-01,0.5622673611111111,0.5816518837726347,0.030128585433101943,-0.6433930562244722,Virgen,Sensor 2
2,2016-01-02,0.5594513888888889,0.5816518837726347,0.030128585433101943,-0.7368581884815051,Virgen,Sensor 2
2,2016-01-03,0.5560381944444445,0.5816518837726347,0.030128585433101943,-0.8501457655575397,Virgen,Sensor 2
2,2016-01-04,0.5521319444444445,0.5816518837726347,0.030128585433101943,-0.9797983842864711,Virgen,Sensor 2
2,2016-01-05,0.5482013888888889,0.5816518837726347,0.030128585433101943,-1.1102577304208265,Virgen,Sensor 2
2,2016-01-06,0.5450798611111112,0.5816518837726347,0.030128585433101943,-1.213864578631767,Virgen,Sensor 2
2,2016-01-07,0.5424930555555556,0.5816518837726347,0.030128585433101943,-1.299723423923371,Virgen,Sensor 2
2,2016-01-08,0.5394305555555556,0.5816518837726347,0.030128585433101943,-1.4013710770068522,Virgen,Sensor 2
2,2016-01-09,0.5420625,0.5816518837726347,0.030128585433101943,-1.3140140236766058,Virgen,Sensor 2
2,2016-01-10,0.5522569444444445,0.5816518837726347,0.030128585433101943,-0.9756495004871439,Virgen,Sensor 2
2,2016-01-11,0.5555833333333333,0.5816518837726347,0.030128585433101943,-0.8652430927161988,Virgen,Sensor 2
2,2016-01-12,0.556,0.5816518837726347,0.030128585433101943,-0.8514134800517773,Virgen,Sensor 2
2,2016-01-13,0.555045138888889,0.5816518837726347,0.030128585433101943,-0.8831063424077378,Virgen,Sensor 2
2,2016-01-14,0.5628333333333333,0.5816518837726347,0.030128585433101943,-0.624607832355303,Virgen,Sensor 2
2,2016-01-15,0.5677986111111111,0.5816518837726347,0.030128585433101943,-0.4598049481043059,Virgen,Sensor 2
2,2016-01-16,0.5662465277777777,0.5816518837726347,0.030128585433101943,-0.5113202552792683,Virgen,Sensor 2
2,2016-01-17,0.5636284722222222,0.5816518837726347,0.030128585433101943,-0.5982163215207013,Virgen,Sensor 2
2,2016-01-18,0.5610972222222222,0.5816518837726347,0.030128585433101943,-0.6822312184570483,Virgen,Sensor 2
2,2016-01-19,0.5598472222222223,0.5816518837726347,0.030128585433101943,-0.7237200564503053,Virgen,Sensor 2
2,2016-01-20,0.588298611111111,0.5816518837726347,0.030128585433101943,0.22061199498512438,Virgen,Sensor 2
2,2016-01-21,0.5972465277777778,0.5816518837726347,0.030128585433101943,0.5176029269535315,Virgen,Sensor 2
2,2016-01-22,0.5976909722222222,0.5816518837726347,0.030128585433101943,0.5323545137955796,Virgen,Sensor 2
2,2016-01-23,0.5949166666666666,0.5816518837726347,0.030128585433101943,0.4402723428049868,Virgen,Sensor 2
2,2016-01-24,0.5910590277777777,0.5816518837726347,0.030128585433101943,0.31223317888690394,Virgen,Sensor 2
2,2016-01-25,0.5898090277777777,0.5816518837726347,0.030128585433101943,0.2707443408936431,Virgen,Sensor 2
2,2016-01-26,0.6023298611111111,0.5816518837726347,0.030128585433101943,0.6863242014594473,Virgen,Sensor 2
2,2016-01-27,0.6002361111111111,0.5816518837726347,0.030128585433101943,0.61683039782074,Virgen,Sensor 2
2,2016-01-28,0.5942500000000001,0.5816518837726347,0.030128585433101943,0.4181449625419183,Virgen,Sensor 2
2,2016-01-29,0.5893368055555555,0.5816518837726347,0.030128585433101943,0.25507077987396837,Virgen,Sensor 2
2,2016-01-30,0.59675,0.5816518837726347,0.030128585433101943,0.5011226385284325,Virgen,Sensor 2
2,2016-01-31,0.6075937499999999,0.5816518837726347,0.030128585433101943,0.8610383081199435,Virgen,Sensor 2
2,2016-02-01,0.5998923611111111,0.5816518837726347,0.030128585433101943,0.6054209673725948,Virgen,Sensor 2
2,2016-02-02,0.5940694444444444,0.5816518837726347,0.030128585433101943,0.41215213038733417,Virgen,Sensor 2
2,2016-02-03,0.59009375,0.5816518837726347,0.030128585433101943,0.2801945762143326,Virgen,Sensor 2
2,2016-02-04,0.5934340277777778,0.5816518837726347,0.030128585433101943,0.3910619710740947,Virgen,Sensor 2
2,2016-02-05,0.6049305555555555,0.5816518837726347,0.030128585433101943,0.7726440338398646,Virgen,Sensor 2
2,2016-02-06,0.6012222222222222,0.5816518837726347,0.030128585433101943,0.6495604811265331,Virgen,Sensor 2
2,2016-02-07,0.5977083333333333,0.5816518837726347,0.030128585433101943,0.5329307476565954,Virgen,Sensor 2
2,2016-02-08,0.5952604166666666,0.5816518837726347,0.030128585433101943,0.45168177325313197,Virgen,Sensor 2
2,2016-02-09,0.6115625,0.5816518837726347,0.030128585433101943,0.9927653687485403,Virgen,Sensor 2
2,2016-02-10,0.61853125,0.5816518837726347,0.030128585433101943,1.2240656405609527,Virgen,Sensor 2
2,2016-02-11,0.617548611111111,0.5816518837726347,0.030128585433101943,1.191450804027362,Virgen,Sensor 2
2,2016-02-12,0.6086874999999999,0.5816518837726347,0.030128585433101943,0.8973410413640445,Virgen,Sensor 2
2,2016-02-13,0.6001631944444443,0.5816518837726347,0.030128585433101943,0.6144102156044636,Virgen,Sensor 2
2,2016-02-14,0.5950069444444445,0.5816518837726347,0.030128585433101943,0.44326875888227885,Virgen,Sensor 2
2,2016-02-15,0.5915416666666666,0.5816518837726347,0.030128585433101943,0.3282524802231896,Virgen,Sensor 2
2,2016-02-16,0.5894236111111111,0.5816518837726347,0.030128585433101943,0.257951949179058,Virgen,Sensor 2
2,2016-02-17,0.5883125,0.5816518837726347,0.030128585433101943,0.22107298207394138,Virgen,Sensor 2
2,2016-02-18,0.5874097222222221,0.5816518837726347,0.030128585433101943,0.1911088213010281,Virgen,Sensor 2
2,2016-02-19,0.5862083333333333,0.5816518837726347,0.030128585433101943,0.1512334381186231,Virgen,Sensor 2
2,2016-02-20,0.58496875,0.5816518837726347,0.030128585433101943,0.11009034044197688,Virgen,Sensor 2
2,2016-02-21,0.5835416666666666,0.5816518837726347,0.030128585433101943,0.06272391706633802,Virgen,Sensor 2
2,2016-02-22,0.5817152777777778,0.5816518837726347,0.030128585433101943,0.0021041148873007583,Virgen,Sensor 2
2,2016-02-23,0.5797083333333333,0.5816518837726347,0.030128585433101943,-0.06450851944632063,Virgen,Sensor 2
2,2016-02-24,0.5783784722222222,0.5816518837726347,0.030128585433101943,-0.10864803320025893,Virgen,Sensor 2
2,2016-02-25,0.5768854166666667,0.5816518837726347,0.030128585433101943,-0.15820414524775825,Virgen,Sensor 2
2,2016-02-26,0.5756076388888888,0.5816518837726347,0.030128585433101943,-0.20061495741864938,Virgen,Sensor 2
2,2016-02-27,0.5761840277777777,0.5816518837726347,0.030128585433101943,-0.18148399323286926,Virgen,Sensor 2
2,2016-02-28,0.5785729166666667,0.5816518837726347,0.030128585433101943,-0.10219421395686148,Virgen,Sensor 2
2,2016-02-29,0.5816041666666666,0.5816518837726347,0.030128585433101943,-0.0015837818232131162,Virgen,Sensor 2
2,2016-03-01,0.5842499999999999,0.5816518837726347,0.030128585433101943,0.08623425859585016,Virgen,Sensor 2
2,2016-03-02,0.59309375,0.5816518837726347,0.030128585433101943,0.3797677873981519,Virgen,Sensor 2
2,2016-03-03,0.5928368055555555,0.5816518837726347,0.030128585433101943,0.37123952625509277,Virgen,Sensor 2
2,2016-03-04,0.5928888888888888,0.5816518837726347,0.030128585433101943,0.3729682278381436,Virgen,Sensor 2
2,2016-03-05,0.6161423611111111,0.5816518837726347,0.030128585433101943,1.1447758612849486,Virgen,Sensor 2
2,2016-03-06,0.6171319444444445,0.5816518837726347,0.030128585433101943,1.1776211913629477,Virgen,Sensor 2
2,2016-03-07,0.617017361111111,0.5816518837726347,0.030128585433101943,1.1738180478802278,Virgen,Sensor 2
2,2016-03-08,0.6046840277777777,0.5816518837726347,0.030128585433101943,0.7644615130134162,Virgen,Sensor 2
2,2016-03-09,0.6135694444444444,0.5816518837726347,0.030128585433101943,1.059378003082158,Virgen,Sensor 2
2,2016-03-10,0.6237013888888889,0.5816518837726347,0.030128585433101943,1.3956680843719582,Virgen,Sensor 2
2,2016-03-11,0.6056319444444445,0.5816518837726347,0.030128585433101943,0.7959238818249719,Virgen,Sensor 2
2,2016-03-12,0.5996979166666666,0.5816518837726347,0.030128585433101943,0.5989671481291974,Virgen,Sensor 2
2,2016-03-13,0.6088159722222222,0.5816518837726347,0.030128585433101943,0.9016051719355741,Virgen,Sensor 2
2,2016-03-14,0.60578125,0.5816518837726347,0.030128585433101943,0.8008794930297233,Virgen,Sensor 2
2,2016-03-15,0.5994756944444445,0.5816518837726347,0.030128585433101943,0.591591354708177,Virgen,Sensor 2
2,2016-03-16,0.5950763888888889,0.5816518837726347,0.030128585433101943,0.44557369432634913,Virgen,Sensor 2
2,2016-03-17,0.61290625,0.5816518837726347,0.030128585433101943,1.037365869591292,Virgen,Sensor 2
2,2016-03-18,0.61534375,0.5816518837726347,0.030128585433101943,1.1182691036781445,Virgen,Sensor 2
2,2016-03-19,0.6120034722222223,0.5816518837726347,0.030128585433101943,1.007401708818386,Virgen,Sensor 2
2,2016-03-20,0.6089340277777777,0.5816518837726347,0.030128585433101943,0.9055235621904928,Virgen,Sensor 2
2,2016-03-21,0.6047326388888888,0.5816518837726347,0.030128585433101943,0.7660749678242648,Virgen,Sensor 2
2,2016-03-22,0.6016736111111111,0.5816518837726347,0.030128585433101943,0.6645425615129861,Virgen,Sensor 2
2,2016-03-23,0.5975208333333333,0.5816518837726347,0.030128585433101943,0.5267074219576064,Virgen,Sensor 2
2,2016-03-24,0.5947777777777777,0.5816518837726347,0.030128585433101943,0.4356624719168463,Virgen,Sensor 2
2,2016-03-25,0.5920381944444445,0.5816518837726347,0.030128585433101943,0.3447327686482922,Virgen,Sensor 2
2,2016-03-26,0.5894999999999999,0.5816518837726347,0.030128585433101943,0.2604873781675331,Virgen,Sensor 2
2,2016-03-27,0.5875868055555555,0.5816518837726347,0.030128585433101943,0.19698640668340983,Virgen,Sensor 2
2,2016-03-28,0.5874375,0.5816518837726347,0.030128585433101943,0.19203079547865842,Virgen,Sensor 2
2,2016-03-29,0.6000277777777777,0.5816518837726347,0.030128585433101943,0.6099155914885293,Virgen,Sensor 2
2,2016-03-30,0.5968888888888889,0.5816518837726347,0.030128585433101943,0.5057325094165731,Virgen,Sensor 2
2,2016-03-31,0.5967812499999999,0.5816518837726347,0.030128585433101943,0.5021598594782616,Virgen,Sensor 2
2,2016-04-01,0.5957534722222222,0.5816518837726347,0.030128585433101943,0.4680468149060285,Virgen,Sensor 2
2,2016-04-02,0.6025833333333332,0.5816518837726347,0.030128585433101943,0.6947372158303005,Virgen,Sensor 2
2,2016-04-03,0.6185659722222222,0.5816518837726347,0.030128585433101943,1.2252181082829878,Virgen,Sensor 2
2,2016-04-04,0.6157777777777778,0.5816518837726347,0.030128585433101943,1.1326749502035816,Virgen,Sensor 2
2,2016-04-05,0.6229652777777778,0.5816518837726347,0.030128585433101943,1.3712357686648158,Virgen,Sensor 2
2,2016-04-06,0.6090763888888888,0.5816518837726347,0.030128585433101943,0.9102486798508357,Virgen,Sensor 2
2,2016-04-07,0.6028819444444444,0.5816518837726347,0.030128585433101943,0.7046484382398033,Virgen,Sensor 2
2,2016-04-08,0.5993784722222222,0.5816518837726347,0.030128585433101943,0.5883644450864765,Virgen,Sensor 2
2,2016-04-09,0.5987777777777777,0.5816518837726347,0.030128585433101943,0.568426753495272,Virgen,Sensor 2
2,2016-04-10,0.6021319444444444,0.5816518837726347,0.030128585433101943,0.6797551354438475,Virgen,Sensor 2
2,2016-04-11,0.60934375,0.5816518837726347,0.030128585433101943,0.9191226813105058,Virgen,Sensor 2
2,2016-04-12,0.6169444444444445,0.5816518837726347,0.030128585433101943,1.171397865663959,Virgen,Sensor 2
2,2016-04-13,0.6123298611111111,0.5816518837726347,0.030128585433101943,1.0182349054055118,Virgen,Sensor 2
2,2016-04-14,0.6072708333333333,0.5816518837726347,0.030128585433101943,0.8503203583050202,Virgen,Sensor 2
2,2016-04-15,0.5991979166666667,0.5816518837726347,0.030128585433101943,0.582371612931896,Virgen,Sensor 2
2,2016-04-16,0.5936597222222222,0.5816518837726347,0.030128585433101943,0.3985530112673212,Virgen,Sensor 2
2,2016-04-17,0.5912708333333333,0.5816518837726347,0.030128585433101943,0.31926323199131706,Virgen,Sensor 2
2,2016-04-18,0.6011875,0.5816518837726347,0.030128585433101943,0.6484080134044979,Virgen,Sensor 2
2,2016-04-19,0.6047812499999999,0.5816518837726347,0.030128585433101943,0.7676884226351132,Virgen,Sensor 2
2,2016-04-20,0.6023993055555555,0.5816518837726347,0.030128585433101943,0.6886291369035176,Virgen,Sensor 2
2,2016-04-21,0.5984409722222223,0.5816518837726347,0.030128585433101943,0.5572478165915354,Virgen,Sensor 2
2,2016-04-22,0.5960208333333333,0.5816518837726347,0.030128585433101943,0.4769208163656986,Virgen,Sensor 2
2,2016-04-23,0.5961597222222221,0.5816518837726347,0.030128585433101943,0.4815306872538354,Virgen,Sensor 2
2,2016-04-24,0.6032256944444444,0.5816518837726347,0.030128585433101943,0.7160578686879484,Virgen,Sensor 2
2,2016-04-25,0.6131145833333334,0.5816518837726347,0.030128585433101943,1.0442806759235026,Virgen,Sensor 2
2,2016-04-26,0.6079340277777778,0.5816518837726347,0.030128585433101943,0.87233249179589,Virgen,Sensor 2
2,2016-04-27,0.6036354166666666,0.5816518837726347,0.030128585433101943,0.7296569878079614,Virgen,Sensor 2
2,2016-04-28,0.6197986111111111,0.5816518837726347,0.030128585433101943,1.2661307124152292,Virgen,Sensor 2
2,2016-04-29,0.6109548611111111,0.5816518837726347,0.030128585433101943,0.9725971836129275,Virgen,Sensor 2
2,2016-04-30,0.6021701388888888,0.5816518837726347,0.030128585433101943,0.681022849938085,Virgen,Sensor 2
2,2016-05-01,0.5996145833333333,0.5816518837726347,0.030128585433101943,0.5962012255963138,Virgen,Sensor 2
2,2016-05-02,0.5983611111111111,0.5816518837726347,0.030128585433101943,0.5545971408308542,Virgen,Sensor 2
2,2016-05-03,0.5948159722222222,0.5816518837726347,0.030128585433101943,0.43693018641108383,Virgen,Sensor 2
2,2016-05-04,0.5908611111111111,0.5816518837726347,0.030128585433101943,0.3056641128713041,Virgen,Sensor 2
2,2016-05-05,0.5885625,0.5816518837726347,0.030128585433101943,0.22937074967259205,Virgen,Sensor 2
2,2016-05-06,0.5867395833333333,0.5816518837726347,0.030128585433101943,0.1688661942657572,Virgen,Sensor 2
2,2016-05-07,0.5868749999999999,0.5816518837726347,0.030128585433101943,0.17336081838169162,Virgen,Sensor 2
2,2016-05-08,0.587829861111111,0.5816518837726347,0.030128585433101943,0.20505368073765204,Virgen,Sensor 2
2,2016-05-09,0.587,0.5816518837726347,0.030128585433101943,0.1775097021810188,Virgen,Sensor 2
2,2016-05-10,0.5879513888888889,0.5816518837726347,0.030128585433101943,0.2090873177647768,Virgen,Sensor 2
2,2016-05-11,0.5929652777777777,0.5816518837726347,0.030128585433101943,0.37550365682662235,Virgen,Sensor 2
2,2016-05-12,0.59284375,0.5816518837726347,0.030128585433101943,0.3714700197995012,Virgen,Sensor 2
2,2016-05-13,0.5912222222222222,0.5816518837726347,0.030128585433101943,0.31764977718046866,Virgen,Sensor 2
2,2016-05-14,0.5903958333333333,0.5816518837726347,0.030128585433101943,0.2902210453960378,Virgen,Sensor 2
2,2016-05-15,0.5906770833333332,0.5816518837726347,0.030128585433101943,0.2995560339445176,Virgen,Sensor 2
2,2016-05-16,0.6060486111111111,0.5816518837726347,0.030128585433101943,0.8097534944893897,Virgen,Sensor 2
2,2016-05-17,0.6173680555555555,0.5816518837726347,0.030128585433101943,1.1854579718727816,Virgen,Sensor 2
2,2016-05-18,0.615985294117647,0.5816518837726347,0.030128585433101943,1.1395626396482135,Virgen,Sensor 2
2,2016-05-19,0.6075659722222222,0.5816518837726347,0.030128585433101943,0.8601163339423169,Virgen,Sensor 2
2,2016-05-20,0.6015694444444444,0.5816518837726347,0.030128585433101943,0.6610851583468806,Virgen,Sensor 2
2,2016-05-21,0.5978715277777777,0.5816518837726347,0.030128585433101943,0.5383473459501601,Virgen,Sensor 2
2,2016-05-22,0.5950833333333333,0.5816518837726347,0.030128585433101943,0.44580418787075393,Virgen,Sensor 2
2,2016-05-23,0.5947708333333332,0.5816518837726347,0.030128585433101943,0.4354319783724378,Virgen,Sensor 2
2,2016-05-24,0.5950243055555555,0.5816518837726347,0.030128585433101943,0.4438449927432946,Virgen,Sensor 2
2,2016-05-25,0.60859375,0.5816518837726347,0.030128585433101943,0.8942293785145536,Virgen,Sensor 2
2,2016-05-26,0.6066284722222223,0.5816518837726347,0.030128585433101943,0.8289997054473759,Virgen,Sensor 2
2,2016-05-27,0.6013090277777777,0.5816518837726347,0.030128585433101943,0.6524416504316191,Virgen,Sensor 2
2,2016-05-28,0.5962743055555556,0.5816518837726347,0.030128585433101943,0.4853338307365554,Virgen,Sensor 2
2,2016-05-29,0.5939895833333333,0.5816518837726347,0.030128585433101943,0.409501454626653,Virgen,Sensor 2
2,2016-05-30,0.6004027777777777,0.5816518837726347,0.030128585433101943,0.6223622428865071,Virgen,Sensor 2
2,2016-05-31,0.6188506944444444,0.5816518837726347,0.030128585433101943,1.2346683436036736,Virgen,Sensor 2
2,2016-06-01,0.6194340277777778,0.5816518837726347,0.030128585433101943,1.2540298013338622,Virgen,Sensor 2
2,2016-06-02,0.6157222222222223,0.5816518837726347,0.030128585433101943,1.1308310018483283,Virgen,Sensor 2
2,2016-06-03,0.6199340277777777,0.5816518837726347,0.030128585433101943,1.2706253365311637,Virgen,Sensor 2
2,2016-06-04,0.6151006944444445,0.5816518837726347,0.030128585433101943,1.1102018296239022,Virgen,Sensor 2
2,2016-06-05,0.6102465277777778,0.5816518837726347,0.030128585433101943,0.9490868420834153,Virgen,Sensor 2
2,2016-06-06,0.6083541666666666,0.5816518837726347,0.030128585433101943,0.8862773512325102,Virgen,Sensor 2
2,2016-06-07,0.6067152777777778,0.5816518837726347,0.030128585433101943,0.8318808747524619,Virgen,Sensor 2
2,2016-06-08,0.6016701388888889,0.5816518837726347,0.030128585433101943,0.6644273147407836,Virgen,Sensor 2
2,2016-06-09,0.5992118055555555,0.5816518837726347,0.030128585433101943,0.5828326000207092,Virgen,Sensor 2
2,2016-06-10,0.5967256944444445,0.5816518837726347,0.030128585433101943,0.5003159111230083,Virgen,Sensor 2
2,2016-06-11,0.5950590277777777,0.5816518837726347,0.030128585433101943,0.44499746046532973,Virgen,Sensor 2
2,2016-06-12,0.5946631944444445,0.5816518837726347,0.030128585433101943,0.4318593284341337,Virgen,Sensor 2
2,2016-06-13,0.6244861111111111,0.5816518837726347,0.030128585433101943,1.4217138548899453,Virgen,Sensor 2
2,2016-06-14,0.6197256944444445,0.5816518837726347,0.030128585433101943,1.2637105301989566,Virgen,Sensor 2
2,2016-06-15,0.6102777777777777,0.5816518837726347,0.030128585433101943,0.9501240630332444,Virgen,Sensor 2
2,2016-06-16,0.6057326388888888,0.5816518837726347,0.030128585433101943,0.7992660382188712,Virgen,Sensor 2
2,2016-06-17,0.6181527777777778,0.5816518837726347,0.030128585433101943,1.2115037423907724,Virgen,Sensor 2
2,2016-06-18,0.6158125,0.5816518837726347,0.030128585433101943,1.1338274179256167,Virgen,Sensor 2
2,2016-06-19,0.614125,0.5816518837726347,0.030128585433101943,1.07781748663472,Virgen,Sensor 2
2,2016-06-20,0.6224513888888888,0.5816518837726347,0.030128585433101943,1.3541792463786972,Virgen,Sensor 2
2,2016-06-21,0.6232708333333333,0.5816518837726347,0.030128585433101943,1.3813774846187232,Virgen,Sensor 2
2,2016-06-22,0.6147152777777778,0.5816518837726347,0.030128585433101943,1.0974094379093136,Virgen,Sensor 2
2,2016-06-23,0.6196527777777778,0.5816518837726347,0.030128585433101943,1.261290347982684,Virgen,Sensor 2
2,2016-06-24,0.6211527777777778,0.5816518837726347,0.030128585433101943,1.3110769535745916,Virgen,Sensor 2
2,2016-06-25,0.6114826388888889,0.5816518837726347,0.030128585433101943,0.9901146929878591,Virgen,Sensor 2
2,2016-06-26,0.605,0.5816518837726347,0.030128585433101943,0.7749489692839349,Virgen,Sensor 2
2,2016-06-27,0.6006631944444444,0.5816518837726347,0.030128585433101943,0.6310057508017687,Virgen,Sensor 2
2,2016-06-28,0.5977534722222222,0.5816518837726347,0.030128585433101943,0.5344289556952414,Virgen,Sensor 2
2,2016-06-29,0.5994062499999999,0.5816518837726347,0.030128585433101943,0.5892864192641031,Virgen,Sensor 2
2,2016-06-30,0.6007152777777778,0.5816518837726347,0.030128585433101943,0.6327344523848232,Virgen,Sensor 2
2,2016-07-01,0.5985763888888889,0.5816518837726347,0.030128585433101943,0.5617424407074698,Virgen,Sensor 2
2,2016-07-02,0.5959027777777778,0.5816518837726347,0.030128585433101943,0.4730024261107799,Virgen,Sensor 2
2,2016-07-03,0.5947604166666667,0.5816518837726347,0.030128585433101943,0.4350862380558306,Virgen,Sensor 2
2,2016-07-04,0.5930763888888888,0.5816518837726347,0.030128585433101943,0.3791915535371325,Virgen,Sensor 2
2,2016-07-05,0.5912361111111111,0.5816518837726347,0.030128585433101943,0.318110764269282,Virgen,Sensor 2
2,2016-07-06,0.5894652777777778,0.5816518837726347,0.030128585433101943,0.2593349104455016,Virgen,Sensor 2
2,2016-07-07,0.5874409722222222,0.5816518837726347,0.030128585433101943,0.1921460422508645,Virgen,Sensor 2
2,2016-07-08,0.5862048611111111,0.5816518837726347,0.030128585433101943,0.1511181913464207,Virgen,Sensor 2
2,2016-07-09,0.5858402777777777,0.5816518837726347,0.030128585433101943,0.13901728026505003,Virgen,Sensor 2
2,2016-07-10,0.585,0.5816518837726347,0.030128585433101943,0.1111275613918059,Virgen,Sensor 2
2,2016-07-11,0.5844618055555555,0.5816518837726347,0.030128585433101943,0.09326431170026331,Virgen,Sensor 2
2,2016-07-12,0.5835034722222221,0.5816518837726347,0.030128585433101943,0.06145620257209681,Virgen,Sensor 2
2,2016-07-13,0.5824513888888888,0.5816518837726347,0.030128585433101943,0.026536430594439515,Virgen,Sensor 2
2,2016-07-14,0.5812152777777777,0.5816518837726347,0.030128585433101943,-0.014491420310004307,Virgen,Sensor 2
2,2016-07-15,0.5810173611111111,0.5816518837726347,0.030128585433101943,-0.021060486325600467,Virgen,Sensor 2
2,2016-07-16,0.5803958333333333,0.5816518837726347,0.030128585433101943,-0.041689658550026626,Virgen,Sensor 2
2,2016-07-17,0.5782604166666666,0.5816518837726347,0.030128585433101943,-0.11256642345517762,Virgen,Sensor 2
2,2016-07-18,0.5774618055555556,0.5816518837726347,0.030128585433101943,-0.1390731810619781,Virgen,Sensor 2
2,2016-07-19,0.577,0.5816518837726347,0.030128585433101943,-0.15440100176504565,Virgen,Sensor 2
2,2016-07-20,0.5765833333333332,0.5816518837726347,0.030128585433101943,-0.16823061442946716,Virgen,Sensor 2
2,2016-07-21,0.5779826388888888,0.5816518837726347,0.030128585433101943,-0.12178616523145862,Virgen,Sensor 2
2,2016-07-22,0.5800902777777778,0.5816518837726347,0.030128585433101943,-0.051831374503934255,Virgen,Sensor 2
2,2016-07-23,0.58121875,0.5816518837726347,0.030128585433101943,-0.014376173537798215,Virgen,Sensor 2
2,2016-07-24,0.5814027777777777,0.5816518837726347,0.030128585433101943,-0.008268094611015369,Virgen,Sensor 2
2,2016-07-25,0.5802638888888888,0.5816518837726347,0.030128585433101943,-0.046069035893762315,Virgen,Sensor 2
2,2016-07-26,0.5782777777777777,0.5816518837726347,0.030128585433101943,-0.11199018959416189,Virgen,Sensor 2
2,2016-07-27,0.5763124999999999,0.5816518837726347,0.030128585433101943,-0.17721986266133966,Virgen,Sensor 2
2,2016-07-28,0.5751493055555555,0.5816518837726347,0.030128585433101943,-0.21582753134950713,Virgen,Sensor 2
2,2016-07-29,0.5745694444444445,0.5816518837726347,0.030128585433101943,-0.23507374230748967,Virgen,Sensor 2
2,2016-07-30,0.5786527777777777,0.5816518837726347,0.030128585433101943,-0.09954353819618401,Virgen,Sensor 2
2,2016-07-31,0.5918993055555555,0.5816518837726347,0.030128585433101943,0.34012289776014804,Virgen,Sensor 2
2,2016-08-01,0.595,0.5816518837726347,0.030128585433101943,0.4430382653378704,Virgen,Sensor 2
2,2016-08-02,0.595,0.5816518837726347,0.030128585433101943,0.4430382653378704,Virgen,Sensor 2
2,2016-08-03,0.5946006944444444,0.5816518837726347,0.030128585433101943,0.4297848865344683,Virgen,Sensor 2
2,2016-08-04,0.5943125,0.5816518837726347,0.030128585433101943,0.42021940444158007,Virgen,Sensor 2
2,2016-08-05,0.5933576388888889,0.5816518837726347,0.030128585433101943,0.38852654208561965,Virgen,Sensor 2
2,2016-08-06,0.5906180555555555,0.5816518837726347,0.030128585433101943,0.29759683881705823,Virgen,Sensor 2
2,2016-08-07,0.587454861111111,0.5816518837726347,0.030128585433101943,0.19260702933967414,Virgen,Sensor 2
2,2016-08-08,0.5860034722222222,0.5816518837726347,0.030128585433101943,0.14443387855861475,Virgen,Sensor 2
2,2016-08-09,0.5849791666666666,0.5816518837726347,0.030128585433101943,0.11043608075858409,Virgen,Sensor 2
2,2016-08-10,0.5835729166666667,0.5816518837726347,0.030128585433101943,0.06376113801617074,Virgen,Sensor 2
2,2016-08-11,0.58178125,0.5816518837726347,0.030128585433101943,0.004293803559168602,Virgen,Sensor 2
2,2016-08-12,0.58165625,0.5816518837726347,0.030128585433101943,0.00014491975984141402,Virgen,Sensor 2
2,2016-08-13,0.5815520833333333,0.5816518837726347,0.030128585433101943,-0.0033124834062639615,Virgen,Sensor 2
2,2016-08-14,0.5797083333333333,0.5816518837726347,0.030128585433101943,-0.06450851944632063,Virgen,Sensor 2
2,2016-08-15,0.57665625,0.5816518837726347,0.030128585433101943,-0.1658104322131908,Virgen,Sensor 2
2,2016-08-16,0.5739375,0.5816518837726347,0.030128585433101943,-0.25604865484852674,Virgen,Sensor 2
2,2016-08-17,0.5722499999999999,0.5816518837726347,0.030128585433101943,-0.31205858613942716,Virgen,Sensor 2
2,2016-08-18,0.57040625,0.5816518837726347,0.030128585433101943,-0.3732546221794802,Virgen,Sensor 2
2,2016-08-19,0.5692083333333333,0.5816518837726347,0.030128585433101943,-0.41301475858968645,Virgen,Sensor 2
2,2016-08-20,0.5681666666666666,0.5816518837726347,0.030128585433101943,-0.44758879025073656,Virgen,Sensor 2
2,2016-08-21,0.565829861111111,0.5816518837726347,0.030128585433101943,-0.5251498679436898,Virgen,Sensor 2
2,2016-08-22,0.5631249999999999,0.5816518837726347,0.030128585433101943,-0.6149271034902124,Virgen,Sensor 2
2,2016-08-23,0.5625798611111111,0.5816518837726347,0.030128585433101943,-0.6330208467261561,Virgen,Sensor 2
2,2016-08-24,0.5613888888888889,0.5816518837726347,0.030128585433101943,-0.6725504895919538,Virgen,Sensor 2
2,2016-08-25,0.5590868055555557,0.5816518837726347,0.030128585433101943,-0.7489590995628683,Virgen,Sensor 2
2,2016-08-26,0.5572013888888889,0.5816518837726347,0.030128585433101943,-0.8115380968693686,Virgen,Sensor 2
2,2016-08-27,0.5560347222222223,0.5816518837726347,0.030128585433101943,-0.8502610123297422,Virgen,Sensor 2
2,2016-08-28,0.5543715277777779,0.5816518837726347,0.030128585433101943,-0.9054642162152148,Virgen,Sensor 2
2,2016-08-29,0.5520138888888889,0.5816518837726347,0.030128585433101943,-0.9837167745413897,Virgen,Sensor 2
2,2016-08-30,0.5491215277777779,0.5816518837726347,0.030128585433101943,-1.0797173357868977,Virgen,Sensor 2
2,2016-08-31,0.5471111111111111,0.5816518837726347,0.030128585433101943,-1.146445216892725,Virgen,Sensor 2
2,2016-09-01,0.5457534722222223,0.5816518837726347,0.030128585433101943,-1.19150670482429,Virgen,Sensor 2
2,2016-09-02,0.5445625000000001,0.5816518837726347,0.030128585433101943,-1.2310363476900879,Virgen,Sensor 2
2,2016-09-03,0.5427638888888889,0.5816518837726347,0.030128585433101943,-1.2907341756914985,Virgen,Sensor 2
2,2016-09-04,0.5407986111111112,0.5816518837726347,0.030128585433101943,-1.3559638487586763,Virgen,Sensor 2
2,2016-09-05,0.5383888888888889,0.5816518837726347,0.030128585433101943,-1.435945108667902,Virgen,Sensor 2
2,2016-09-06,0.5367604166666667,0.5816518837726347,0.030128585433101943,-1.4899958448313395,Virgen,Sensor 2
2,2016-09-07,0.5351805555555555,0.5816518837726347,0.030128585433101943,-1.5424331261839321,Virgen,Sensor 2
2,2016-09-08,0.532732638888889,0.5816518837726347,0.030128585433101943,-1.623682100587392,Virgen,Sensor 2
2,2016-09-09,0.5296006944444445,0.5816518837726347,0.030128585433101943,-1.727634689114947,Virgen,Sensor 2
2,2016-09-10,0.5265520833333334,0.5816518837726347,0.030128585433101943,-1.8288213551096149,Virgen,Sensor 2
2,2016-09-11,0.5249791666666668,0.5816518837726347,0.030128585433101943,-1.8810281429177953,Virgen,Sensor 2
2,2016-09-12,0.5236041666666666,0.5816518837726347,0.030128585433101943,-1.9266658647103831,Virgen,Sensor 2
2,2016-09-13,0.5212604166666668,0.5816518837726347,0.030128585433101943,-2.0044574359477374,Virgen,Sensor 2
2,2016-09-14,0.5326180555555555,0.5816518837726347,0.030128585433101943,-1.627485244070112,Virgen,Sensor 2
2,2016-09-15,0.6120625,0.5816518837726347,0.030128585433101943,1.0093609039458418,Virgen,Sensor 2
2,2016-09-16,0.6072534722222221,0.5816518837726347,0.030128585433101943,0.8497441244440008,Virgen,Sensor 2
2,2016-09-17,0.6013159722222222,0.5816518837726347,0.030128585433101943,0.6526721439760276,Virgen,Sensor 2
2,2016-09-18,0.5974027777777777,0.5816518837726347,0.030128585433101943,0.5227890317026878,Virgen,Sensor 2
2,2016-09-19,0.5954340277777778,0.5816518837726347,0.030128585433101943,0.4574441118633076,Virgen,Sensor 2
2,2016-09-20,0.59771875,0.5816518837726347,0.030128585433101943,0.5332764879732063,Virgen,Sensor 2
2,2016-09-21,0.5978993055555555,0.5816518837726347,0.030128585433101943,0.5392693201277867,Virgen,Sensor 2
2,2016-09-22,0.5962395833333333,0.5816518837726347,0.030128585433101943,0.4841813630145166,Virgen,Sensor 2
2,2016-09-23,0.5947465277777778,0.5816518837726347,0.030128585433101943,0.43462525096701726,Virgen,Sensor 2
2,2016-09-24,0.5936006944444444,0.5816518837726347,0.030128585433101943,0.39659381613986183,Virgen,Sensor 2
2,2016-09-25,0.5930312499999999,0.5816518837726347,0.030128585433101943,0.3776933454984865,Virgen,Sensor 2
2,2016-09-26,0.5918090277777778,0.5816518837726347,0.030128585433101943,0.3371264816828597,Virgen,Sensor 2
2,2016-09-27,0.5898333333333333,0.5816518837726347,0.030128585433101943,0.271551068299071,Virgen,Sensor 2
2,2016-09-28,0.5883680555555555,0.5816518837726347,0.030128585433101943,0.2229169304291946,Virgen,Sensor 2
2,2016-09-29,0.5873159722222222,0.5816518837726347,0.030128585433101943,0.18799715845153733,Virgen,Sensor 2
2,2016-09-30,0.5873680555555555,0.5816518837726347,0.030128585433101943,0.1897258600345882,Virgen,Sensor 2
2,2016-10-01,0.61775,0.5816518837726347,0.030128585433101943,1.198135116815168,Virgen,Sensor 2
2,2016-10-02,0.6156979166666666,0.5816518837726347,0.030128585433101943,1.1300242744429005,Virgen,Sensor 2
2,2016-10-03,0.6084722222222223,0.5816518837726347,0.030128585433101943,0.8901957414874326,Virgen,Sensor 2
2,2016-10-04,0.6044375,0.5816518837726347,0.030128585433101943,0.756278992186968,Virgen,Sensor 2
2,2016-10-05,0.6014027777777778,0.5816518837726347,0.030128585433101943,0.6555533132811172,Virgen,Sensor 2
2,2016-10-06,0.5992881944444445,0.5816518837726347,0.030128585433101943,0.585368029009188,Virgen,Sensor 2
2,2016-10-07,0.5988680555555556,0.5816518837726347,0.030128585433101943,0.5714231695725641,Virgen,Sensor 2
2,2016-10-08,0.6042430555555556,0.5816518837726347,0.030128585433101943,0.7498251729435742,Virgen,Sensor 2
2,2016-10-09,0.6000208333333332,0.5816518837726347,0.030128585433101943,0.6096850979441207,Virgen,Sensor 2
2,2016-10-10,0.6011666666666666,0.5816518837726347,0.030128585433101943,0.6477165327712762,Virgen,Sensor 2
2,2016-10-11,0.6038125,0.5816518837726347,0.030128585433101943,0.7355345731903394,Virgen,Sensor 2
2,2016-10-12,0.601875,0.5816518837726347,0.030128585433101943,0.671226874300792,Virgen,Sensor 2
2,2016-10-13,0.6027430555555555,0.5816518837726347,0.030128585433101943,0.7000385673516627,Virgen,Sensor 2
2,2016-10-14,0.60015625,0.5816518837726347,0.030128585433101943,0.6141797220600588,Virgen,Sensor 2
2,2016-10-15,0.5960312499999999,0.5816518837726347,0.030128585433101943,0.47726655668230583,Virgen,Sensor 2
2,2016-10-16,0.5917395833333333,0.5816518837726347,0.030128585433101943,0.3348215462387894,Virgen,Sensor 2
2,2016-10-17,0.5874722222222222,0.5816518837726347,0.030128585433101943,0.19318326320069357,Virgen,Sensor 2
2,2016-10-18,0.5844340277777778,0.5816518837726347,0.030128585433101943,0.09234233752263668,Virgen,Sensor 2
2,2016-10-19,0.5812673611111111,0.5816518837726347,0.030128585433101943,-0.012762718726949777,Virgen,Sensor 2
2,2016-10-20,0.577954861111111,0.5816518837726347,0.030128585433101943,-0.12270813940908523,Virgen,Sensor 2
2,2016-10-21,0.5760798611111111,0.5816518837726347,0.030128585433101943,-0.18494139639897095,Virgen,Sensor 2
2,2016-10-22,0.5734791666666665,0.5816518837726347,0.030128585433101943,-0.27126122877939185,Virgen,Sensor 2
2,2016-10-23,0.5698784722222222,0.5816518837726347,0.030128585433101943,-0.3907721315544119,Virgen,Sensor 2
2,2016-10-24,0.5721805555555555,0.5816518837726347,0.030128585433101943,-0.31436352158349745,Virgen,Sensor 2
2,2016-10-25,0.5908020833333333,0.5816518837726347,0.030128585433101943,0.3037049177438447,Virgen,Sensor 2
2,2016-10-26,0.5891909722222222,0.5816518837726347,0.030128585433101943,0.25023041544142305,Virgen,Sensor 2
2,2016-10-27,0.5855694444444444,0.5816518837726347,0.030128585433101943,0.13002803203317753,Virgen,Sensor 2
2,2016-10-28,0.5813368055555554,0.5816518837726347,0.030128585433101943,-0.010457783282883212,Virgen,Sensor 2
2,2016-10-29,0.5771979166666665,0.5816518837726347,0.030128585433101943,-0.1478319357494495,Virgen,Sensor 2
2,2016-10-30,0.5721458333333334,0.5816518837726347,0.030128585433101943,-0.3155159893055289,Virgen,Sensor 2
2,2016-10-31,0.5669097222222221,0.5816518837726347,0.030128585433101943,-0.48930812178840216,Virgen,Sensor 2
2,2016-11-01,0.5614930555555556,0.5816518837726347,0.030128585433101943,-0.6690930864258485,Virgen,Sensor 2
2,2016-11-02,0.55615625,0.5816518837726347,0.030128585433101943,-0.846227375302621,Virgen,Sensor 2
2,2016-11-03,0.5519166666666667,0.5816518837726347,0.030128585433101943,-0.9869436841630866,Virgen,Sensor 2
2,2016-11-04,0.5533402777777778,0.5816518837726347,0.030128585433101943,-0.939692507559654,Virgen,Sensor 2
2,2016-11-05,0.5536111111111112,0.5816518837726347,0.030128585433101943,-0.9307032593277814,Virgen,Sensor 2
2,2016-11-06,0.5522847222222222,0.5816518837726347,0.030128585433101943,-0.9747275263095173,Virgen,Sensor 2
2,2016-11-07,0.5508819444444445,0.5816518837726347,0.030128585433101943,-1.0212872222797282,Virgen,Sensor 2
2,2016-11-08,0.5490798611111112,0.5816518837726347,0.030128585433101943,-1.0811002970533412,Virgen,Sensor 2
2,2016-11-09,0.5460520833333333,0.5816518837726347,0.030128585433101943,-1.181595482414791,Virgen,Sensor 2
2,2016-11-10,0.5424756944444444,0.5816518837726347,0.030128585433101943,-1.3002996577843904,Virgen,Sensor 2
2,2016-11-11,0.5473645833333334,0.5816518837726347,0.030128585433101943,-1.1380322025218683,Virgen,Sensor 2
2,2016-11-12,0.5703506944444444,0.5816518837726347,0.030128585433101943,-0.3750985705347371,Virgen,Sensor 2
2,2016-11-13,0.5690833333333333,0.5816518837726347,0.030128585433101943,-0.41716364238901366,Virgen,Sensor 2
2,2016-11-14,0.5660555555555554,0.5816518837726347,0.030128585433101943,-0.5176588277504633,Virgen,Sensor 2
2,2016-11-15,0.5620347222222223,0.5816518837726347,0.030128585433101943,-0.6511145899621035,Virgen,Sensor 2
2,2016-11-16,0.5571840277777779,0.5816518837726347,0.030128585433101943,-0.8121143307303843,Virgen,Sensor 2
2,2016-11-17,0.5520486111111111,0.5816518837726347,0.030128585433101943,-0.9825643068193547,Virgen,Sensor 2
2,2016-11-18,0.5467673611111112,0.5816518837726347,0.030128585433101943,-1.1578546473408666,Virgen,Sensor 2
2,2016-11-19,0.5415729166666667,0.5816518837726347,0.030128585433101943,-1.3302638185572964,Virgen,Sensor 2
2,2016-11-20,0.5360138888888889,0.5816518837726347,0.030128585433101943,-1.514773900855093,Virgen,Sensor 2
2,2016-11-21,0.5296875000000001,0.5816518837726347,0.030128585433101943,-1.7247535198098574,Virgen,Sensor 2
2,2016-11-22,0.5229166666666667,0.5816518837726347,0.030128585433101943,-1.9494847256066736,Virgen,Sensor 2
2,2016-11-23,0.5165347222222222,0.5816518837726347,0.030128585433101943,-2.1613082929166985,Virgen,Sensor 2
2,2016-11-24,0.5105937500000001,0.5816518837726347,0.030128585433101943,-2.3584955201568745,Virgen,Sensor 2
2,2016-11-25,0.5061041666666667,0.5816518837726347,0.030128585433101943,-2.507509596615994,Virgen,Sensor 2
2,2016-11-26,0.5026458333333333,0.5816518837726347,0.030128585433101943,-2.622295381730675,Virgen,Sensor 2
2,2016-11-27,0.49797569444444445,0.5816518837726347,0.030128585433101943,-2.7773022903443754,Virgen,Sensor 2
2,2016-11-28,0.49349305555555556,0.5816518837726347,0.030128585433101943,-2.926085873259087,Virgen,Sensor 2
2,2016-11-29,0.49590625,0.5816518837726347,0.030128585433101943,-2.8459893665776583,Virgen,Sensor 2
2,2016-11-30,0.5203020833333334,0.5816518837726347,0.030128585433101943,-2.036265545075904,Virgen,Sensor 2
2,2016-12-01,0.5155347222222223,0.5816518837726347,0.030128585433101943,-2.1944993633113015,Virgen,Sensor 2
2,2016-12-02,0.5127777777777778,0.5816518837726347,0.030128585433101943,-2.2860053004408787,Virgen,Sensor 2
2,2016-12-03,0.5099548611111111,0.5816518837726347,0.030128585433101943,-2.37970092624232,Virgen,Sensor 2
2,2016-12-04,0.5077256944444444,0.5816518837726347,0.030128585433101943,-2.4536893539969653,Virgen,Sensor 2
2,2016-12-05,0.504826388888889,0.5816518837726347,0.030128585433101943,-2.549920408786878,Virgen,Sensor 2
2,2016-12-06,0.5009548611111111,0.5816518837726347,0.030128585433101943,-2.678420559793778,Virgen,Sensor 2
2,2016-12-07,0.49716666666666665,0.5816518837726347,0.030128585433101943,-2.8041547882677906,Virgen,Sensor 2
2,2016-12-08,0.4935555555555556,0.5816518837726347,0.030128585433101943,-2.924011431359423,Virgen,Sensor 2
2,2016-12-09,0.49071875,0.5816518837726347,0.030128585433101943,-3.0181680442496797,Virgen,Sensor 2
2,2016-12-10,0.4884166666666666,0.5816518837726347,0.030128585433101943,-3.0945766542205977,Virgen,Sensor 2
2,2016-12-11,0.4839409722222222,0.5816518837726347,0.030128585433101943,-3.2431297435909006,Virgen,Sensor 2
2,2016-12-12,0.4791423611111111,0.5816518837726347,0.030128585433101943,-3.4024007827761307,Virgen,Sensor 2
2,2016-12-13,0.4737430555555555,0.5816518837726347,0.030128585433101943,-3.581609513552565,Virgen,Sensor 2
2,2016-12-14,0.48609375,0.5816518837726347,0.030128585433101943,-3.171676744824734,Virgen,Sensor 2
2,2016-12-15,0.5560694444444445,0.5816518837726347,0.030128585433101943,-0.849108544607707,Virgen,Sensor 2
2,2016-12-16,0.5859479166666666,0.5816518837726347,0.030128585433101943,0.14258993020335783,Virgen,Sensor 2
2,2016-12-17,0.6015763888888889,0.5816518837726347,0.030128585433101943,0.6613156518912892,Virgen,Sensor 2
2,2016-12-18,0.5916458333333333,0.5816518837726347,0.030128585433101943,0.33170988338929497,Virgen,Sensor 2
2,2016-12-19,0.5856909722222222,0.5816518837726347,0.030128585433101943,0.1340616690603023,Virgen,Sensor 2
2,2016-12-20,0.5870868055555555,0.5816518837726347,0.030128585433101943,0.18039087148610478,Virgen,Sensor 2
2,2016-12-21,0.5884340277777778,0.5816518837726347,0.030128585433101943,0.22510661910106247,Virgen,Sensor 2
2,2016-12-22,0.59484375,0.5816518837726347,0.030128585433101943,0.4378521605887141,Virgen,Sensor 2
2,2016-12-23,0.5895729166666667,0.5816518837726347,0.030128585433101943,0.2629075603838094,Virgen,Sensor 2
2,2016-12-24,0.5851701388888889,0.5816518837726347,0.030128585433101943,0.11677465322977913,Virgen,Sensor 2
2,2016-12-25,0.5926979166666667,0.5816518837726347,0.030128585433101943,0.3666296553669559,Virgen,Sensor 2
2,2016-12-26,0.5919826388888888,0.5816518837726347,0.030128585433101943,0.34288882029303164,Virgen,Sensor 2
2,2016-12-27,0.6034375,0.5816518837726347,0.030128585433101943,0.7230879217923616,Virgen,Sensor 2
2,2016-12-28,0.6019305555555555,0.5816518837726347,0.030128585433101943,0.6730708226560452,Virgen,Sensor 2
2,2016-12-29,0.5995798611111112,0.5816518837726347,0.030128585433101943,0.5950487578742824,Virgen,Sensor 2
2,2016-12-30,0.5947222222222223,0.5816518837726347,0.030128585433101943,0.43381852356159306,Virgen,Sensor 2
2,2016-12-31,0.5910729166666666,0.5816518837726347,0.030128585433101943,0.31269416597571725,Virgen,Sensor 2
3,2017-01-01,0.5979965277777777,0.5909174785468478,0.027154061851208784,0.26069945887726204,Virgen,Sensor 3
3,2017-01-02,0.6160451388888889,0.5909174785468478,0.027154061851208784,0.9253739083209196,Virgen,Sensor 3
3,2017-01-03,0.6046666666666667,0.5909174785468478,0.027154061851208784,0.5063400162803559,Virgen,Sensor 3
3,2017-01-04,0.5978402777777778,0.5909174785468478,0.027154061851208784,0.25494525529416523,Virgen,Sensor 3
3,2017-01-05,0.5947222222222223,0.5909174785468478,0.027154061851208784,0.14011692601359568,Virgen,Sensor 3
3,2017-01-06,0.6124270833333333,0.5909174785468478,0.027154061851208784,0.7921321275744214,Virgen,Sensor 3
3,2017-01-07,0.6138923611111111,0.5909174785468478,0.027154061851208784,0.846093770064847,Virgen,Sensor 3
3,2017-01-08,0.6128576388888889,0.5909174785468478,0.027154061851208784,0.8079881552256376,Virgen,Sensor 3
3,2017-01-09,0.6133298611111111,0.5909174785468478,0.027154061851208784,0.8253786371656788,Virgen,Sensor 3
3,2017-01-10,0.6178854166666666,0.5909174785468478,0.027154061851208784,0.9931456394107864,Virgen,Sensor 3
3,2017-01-11,0.6111423611111111,0.5909174785468478,0.027154061851208784,0.7448197870022499,Virgen,Sensor 3
3,2017-01-12,0.6058229166666667,0.5909174785468478,0.027154061851208784,0.5489211227953098,Virgen,Sensor 3
3,2017-01-13,0.6162083333333332,0.5909174785468478,0.027154061851208784,0.9313838542854893,Virgen,Sensor 3
3,2017-01-14,0.6059444444444444,0.5909174785468478,0.027154061851208784,0.5533966144710545,Virgen,Sensor 3
3,2017-01-15,0.6097152777777777,0.5909174785468478,0.027154061851208784,0.6922647276099151,Virgen,Sensor 3
3,2017-01-16,0.6054618055555555,0.5909174785468478,0.027154061851208784,0.5356225189588061,Virgen,Sensor 3
3,2017-01-17,0.59853125,0.5909174785468478,0.027154061851208784,0.28039162225054687,Virgen,Sensor 3
3,2017-01-18,0.5936944444444444,0.5909174785468478,0.027154061851208784,0.10226705355585518,Virgen,Sensor 3
3,2017-01-19,0.5891840277777778,0.5909174785468478,0.027154061851208784,-0.06383762320968894,Virgen,Sensor 3
3,2017-01-20,0.5861145833333333,0.5909174785468478,0.027154061851208784,-0.17687575581996062,Virgen,Sensor 3
3,2017-01-21,0.5849236111111111,0.5909174785468478,0.027154061851208784,-0.22073557424227083,Virgen,Sensor 3
3,2017-01-22,0.5836493055555555,0.5909174785468478,0.027154061851208784,-0.26766430124223917,Virgen,Sensor 3
3,2017-01-23,0.5813506944444444,0.5909174785468478,0.027154061851208784,-0.3523150295092055,Virgen,Sensor 3
3,2017-01-24,0.5772673611111111,0.5909174785468478,0.027154061851208784,-0.5026915498142719,Virgen,Sensor 3
3,2017-01-25,0.5738541666666666,0.5909174785468478,0.027154061851208784,-0.6283889303073713,Virgen,Sensor 3
3,2017-01-26,0.571767361111111,0.5909174785468478,0.027154061851208784,-0.705239515939466,Virgen,Sensor 3
3,2017-01-27,0.5700625,0.5909174785468478,0.027154061851208784,-0.7680242705906424,Virgen,Sensor 3
3,2017-01-28,0.5846215277777778,0.5909174785468478,0.027154061851208784,-0.23186036783626943,Virgen,Sensor 3
3,2017-01-29,0.6265763888888889,0.5909174785468478,0.027154061851208784,1.3132072298219968,Virgen,Sensor 3
3,2017-01-30,0.6176805555555556,0.5909174785468478,0.027154061851208784,0.9856012391573876,Virgen,Sensor 3
3,2017-01-31,0.6108784722222222,0.5909174785468478,0.027154061851208784,0.735101576506346,Virgen,Sensor 3
3,2017-02-01,0.6089305555555555,0.5909174785468478,0.027154061851208784,0.6633658385036721,Virgen,Sensor 3
3,2017-02-02,0.6170625,0.5909174785468478,0.027154061851208784,0.9628401672064487,Virgen,Sensor 3
3,2017-02-03,0.6167083333333333,0.5909174785468478,0.027154061851208784,0.9497973057514179,Virgen,Sensor 3
3,2017-02-04,0.6088819444444444,0.5909174785468478,0.027154061851208784,0.6615756418333743,Virgen,Sensor 3
3,2017-02-05,0.6038090277777778,0.5909174785468478,0.027154061851208784,0.47475583216866196,Virgen,Sensor 3
3,2017-02-06,0.60053125,0.5909174785468478,0.027154061851208784,0.35404542811425305,Virgen,Sensor 3
3,2017-02-07,0.5979270833333333,0.5909174785468478,0.027154061851208784,0.25814203506255373,Virgen,Sensor 3
3,2017-02-08,0.5954930555555555,0.5909174785468478,0.027154061851208784,0.168504330356897,Virgen,Sensor 3
3,2017-02-09,0.5934097222222222,0.5909174785468478,0.027154061851208784,0.09178161591553673,Virgen,Sensor 3
3,2017-02-10,0.5911944444444444,0.5909174785468478,0.027154061851208784,0.010199796226220413,Virgen,Sensor 3
3,2017-02-11,0.5957986111111111,0.5909174785468478,0.027154061851208784,0.17975699514163,Virgen,Sensor 3
3,2017-02-12,0.6025451388888888,0.5909174785468478,0.027154061851208784,0.4282107187409009,Virgen,Sensor 3
3,2017-02-13,0.5986215277777778,0.5909174785468478,0.027154061851208784,0.2837162732096738,Virgen,Sensor 3
3,2017-02-14,0.5937638888888889,0.5909174785468478,0.027154061851208784,0.10482447737056759,Virgen,Sensor 3
3,2017-02-15,0.6067395833333333,0.5909174785468478,0.027154061851208784,0.5826791171495088,Virgen,Sensor 3
3,2017-02-16,0.6246354166666667,0.5909174785468478,0.027154061851208784,1.241727234200796,Virgen,Sensor 3
3,2017-02-17,0.6213298611111111,0.5909174785468478,0.027154061851208784,1.1199938606205035,Virgen,Sensor 3
3,2017-02-18,0.6097951388888889,0.5909174785468478,0.027154061851208784,0.6952057649968388,Virgen,Sensor 3
3,2017-02-19,0.6019548611111111,0.5909174785468478,0.027154061851208784,0.4064726163158494,Virgen,Sensor 3
3,2017-02-20,0.6017430555555555,0.5909174785468478,0.027154061851208784,0.39867247368097775,Virgen,Sensor 3
3,2017-02-21,0.61384375,0.5909174785468478,0.027154061851208784,0.8443035733945491,Virgen,Sensor 3
3,2017-02-22,0.6456597222222222,0.5909174785468478,0.027154061851208784,2.0159872941048596,Virgen,Sensor 3
3,2017-02-23,0.6368784722222222,0.5909174785468478,0.027154061851208784,1.6926010527345223,Virgen,Sensor 3
3,2017-02-24,0.6347638888888889,0.5909174785468478,0.027154061851208784,1.6147274975765442,Virgen,Sensor 3
3,2017-02-25,0.6249340277777777,0.5909174785468478,0.027154061851208784,1.252724156604056,Virgen,Sensor 3
3,2017-02-26,0.6282256944444444,0.5909174785468478,0.027154061851208784,1.3739460454214065,Virgen,Sensor 3
3,2017-02-27,0.6252326388888889,0.5909174785468478,0.027154061851208784,1.2637210790073201,Virgen,Sensor 3
3,2017-02-28,0.6233541666666667,0.5909174785468478,0.027154061851208784,1.1945427648193587,Virgen,Sensor 3
3,2017-03-01,0.6263333333333334,0.5909174785468478,0.027154061851208784,1.3042562464705074,Virgen,Sensor 3
3,2017-03-02,0.6223472222222222,0.5909174785468478,0.027154061851208784,1.1574601195060326,Virgen,Sensor 3
3,2017-03-03,0.6232673611111111,0.5909174785468478,0.027154061851208784,1.1913459850509702,Virgen,Sensor 3
3,2017-03-04,0.6185763888888889,0.5909174785468478,0.027154061851208784,1.018592006367172,Virgen,Sensor 3
3,2017-03-05,0.6103055555555555,0.5909174785468478,0.027154061851208784,0.7140028300349706,Virgen,Sensor 3
3,2017-03-06,0.6041458333333334,0.5909174785468478,0.027154061851208784,0.4871593376700168,Virgen,Sensor 3
3,2017-03-07,0.6005416666666666,0.5909174785468478,0.027154061851208784,0.3544290416864603,Virgen,Sensor 3
3,2017-03-08,0.6024166666666666,0.5909174785468478,0.027154061851208784,0.4234794846836833,Virgen,Sensor 3
3,2017-03-09,0.612017361111111,0.5909174785468478,0.027154061851208784,0.7770433270676198,Virgen,Sensor 3
3,2017-03-10,0.6227534722222222,0.5909174785468478,0.027154061851208784,1.1724210488220999,Virgen,Sensor 3
3,2017-03-11,0.62115625,0.5909174785468478,0.027154061851208784,1.1136003010837225,Virgen,Sensor 3
3,2017-03-12,0.6198437499999999,0.5909174785468478,0.027154061851208784,1.0652649909856635,Virgen,Sensor 3
3,2017-03-13,0.6198194444444445,0.5909174785468478,0.027154061851208784,1.0643698926505187,Virgen,Sensor 3
3,2017-03-14,0.6290868055555555,0.5909174785468478,0.027154061851208784,1.4056581007238347,Virgen,Sensor 3
3,2017-03-15,0.62534375,0.5909174785468478,0.027154061851208784,1.2678129571108576,Virgen,Sensor 3
3,2017-03-16,0.6171423611111111,0.5909174785468478,0.027154061851208784,0.9657812045933685,Virgen,Sensor 3
3,2017-03-17,0.6072430555555556,0.5909174785468478,0.027154061851208784,0.6012204398061718,Virgen,Sensor 3
3,2017-03-18,0.6038159722222223,0.5909174785468478,0.027154061851208784,0.4750115745501348,Virgen,Sensor 3
3,2017-03-19,0.6061423611111111,0.5909174785468478,0.027154061851208784,0.5606852723429845,Virgen,Sensor 3
3,2017-03-20,0.6143611111111111,0.5909174785468478,0.027154061851208784,0.8633563808141537,Virgen,Sensor 3
3,2017-03-21,0.6116979166666666,0.5909174785468478,0.027154061851208784,0.7652791775199451,Virgen,Sensor 3
3,2017-03-22,0.6073333333333334,0.5909174785468478,0.027154061851208784,0.6045450907652987,Virgen,Sensor 3
3,2017-03-23,0.6054930555555555,0.5909174785468478,0.027154061851208784,0.5367733596754278,Virgen,Sensor 3
3,2017-03-24,0.6229166666666667,0.5909174785468478,0.027154061851208784,1.1784309947866736,Virgen,Sensor 3
3,2017-03-25,0.6161979166666667,0.5909174785468478,0.027154061851208784,0.9310002407132861,Virgen,Sensor 3
3,2017-03-26,0.6134305555555556,0.5909174785468478,0.027154061851208784,0.829086901697013,Virgen,Sensor 3
3,2017-03-27,0.6154166666666667,0.5909174785468478,0.027154061851208784,0.9022292227977775,Virgen,Sensor 3
3,2017-03-28,0.6081041666666667,0.5909174785468478,0.027154061851208784,0.6329324951086001,Virgen,Sensor 3
3,2017-03-29,0.6124375,0.5909174785468478,0.027154061851208784,0.7925157411466287,Virgen,Sensor 3
3,2017-03-30,0.6271145833333334,0.5909174785468478,0.027154061851208784,1.333027264386016,Virgen,Sensor 3
3,2017-03-31,0.6299166666666667,0.5909174785468478,0.027154061851208784,1.4362193153096452,Virgen,Sensor 3
3,2017-04-01,0.6199236111111112,0.5909174785468478,0.027154061851208784,1.0682060283725874,Virgen,Sensor 3
3,2017-04-02,0.60909375,0.5909174785468478,0.027154061851208784,0.6693757844682459,Virgen,Sensor 3
3,2017-04-03,0.602111111111111,0.5909174785468478,0.027154061851208784,0.4122268198989503,Virgen,Sensor 3
3,2017-04-04,0.5971041666666665,0.5909174785468478,0.027154061851208784,0.227836562858212,Virgen,Sensor 3
3,2017-04-05,0.5939201388888888,0.5909174785468478,0.027154061851208784,0.11057868095366849,Virgen,Sensor 3
3,2017-04-06,0.5914236111111111,0.5909174785468478,0.027154061851208784,0.01863929481477221,Virgen,Sensor 3
3,2017-04-07,0.5894999999999999,0.5909174785468478,0.027154061851208784,-0.05220134485275276,Virgen,Sensor 3
3,2017-04-08,0.5898819444444444,0.5909174785468478,0.027154061851208784,-0.03813551387183447,Virgen,Sensor 3
3,2017-04-09,0.5996493055555555,0.5909174785468478,0.027154061851208784,0.3215661456674102,Virgen,Sensor 3
3,2017-04-10,0.6032256944444444,0.5909174785468478,0.027154061851208784,0.4532734721250793,Virgen,Sensor 3
3,2017-04-11,0.6039131944444445,0.5909174785468478,0.027154061851208784,0.4785919678907306,Virgen,Sensor 3
3,2017-04-12,0.6201354166666666,0.5909174785468478,0.027154061851208784,1.0760061710074549,Virgen,Sensor 3
3,2017-04-13,0.6221840277777777,0.5909174785468478,0.027154061851208784,1.1514501735414588,Virgen,Sensor 3
3,2017-04-14,0.6226111111111111,0.5909174785468478,0.027154061851208784,1.1671783300019407,Virgen,Sensor 3
3,2017-04-15,0.6147083333333333,0.5909174785468478,0.027154061851208784,0.8761434998877117,Virgen,Sensor 3
3,2017-04-16,0.6094756944444444,0.5909174785468478,0.027154061851208784,0.68344161544916,Virgen,Sensor 3
3,2017-04-17,0.6046006944444444,0.5909174785468478,0.027154061851208784,0.5039104636563778,Virgen,Sensor 3
3,2017-04-18,0.6011319444444445,0.5909174785468478,0.027154061851208784,0.37616714411151586,Virgen,Sensor 3
3,2017-04-19,0.5978611111111111,0.5909174785468478,0.027154061851208784,0.2557124824385757,Virgen,Sensor 3
3,2017-04-20,0.6228715277777778,0.5909174785468478,0.027154061851208784,1.1767686693071102,Virgen,Sensor 3
3,2017-04-21,0.6244375,0.5909174785468478,0.027154061851208784,1.2344385763288659,Virgen,Sensor 3
3,2017-04-22,0.6127465277777778,0.5909174785468478,0.027154061851208784,0.8038962771221002,Virgen,Sensor 3
3,2017-04-23,0.6058993055555555,0.5909174785468478,0.027154061851208784,0.551734288991491,Virgen,Sensor 3
3,2017-04-24,0.6074826388888889,0.5909174785468478,0.027154061851208784,0.6100435519669267,Virgen,Sensor 3
3,2017-04-25,0.6026284722222222,0.5909174785468478,0.027154061851208784,0.43127962731855496,Virgen,Sensor 3
3,2017-04-26,0.6014652777777777,0.5909174785468478,0.027154061851208784,0.3884427784221281,Virgen,Sensor 3
3,2017-04-27,0.6249340277777777,0.5909174785468478,0.027154061851208784,1.252724156604056,Virgen,Sensor 3
3,2017-04-28,0.6153923611111112,0.5909174785468478,0.027154061851208784,0.9013341244626286,Virgen,Sensor 3
3,2017-04-29,0.6082847222222223,0.5909174785468478,0.027154061851208784,0.639581797026854,Virgen,Sensor 3
3,2017-04-30,0.6135625,0.5909174785468478,0.027154061851208784,0.833946006944965,Virgen,Sensor 3
3,2017-05-01,0.61359375,0.5909174785468478,0.027154061851208784,0.8350968476615868,Virgen,Sensor 3
3,2017-05-02,0.6074062499999999,0.5909174785468478,0.027154061851208784,0.6072303857707415,Virgen,Sensor 3
3,2017-05-03,0.6031527777777778,0.5909174785468478,0.027154061851208784,0.4505881771196325,Virgen,Sensor 3
3,2017-05-04,0.6005208333333333,0.5909174785468478,0.027154061851208784,0.35366181454204576,Virgen,Sensor 3
3,2017-05-05,0.602892361111111,0.5909174785468478,0.027154061851208784,0.4409978378144589,Virgen,Sensor 3
3,2017-05-06,0.6136805555555556,0.5909174785468478,0.027154061851208784,0.8382936274299753,Virgen,Sensor 3
3,2017-05-07,0.6310381944444444,0.5909174785468478,0.027154061851208784,1.477521709917243,Virgen,Sensor 3
3,2017-05-08,0.6219236111111112,0.5909174785468478,0.027154061851208784,1.1418598342362936,Virgen,Sensor 3
3,2017-05-09,0.6212916666666666,0.5909174785468478,0.027154061851208784,1.1185872775224088,Virgen,Sensor 3
3,2017-05-10,0.6110625,0.5909174785468478,0.027154061851208784,0.7418787496153302,Virgen,Sensor 3
3,2017-05-11,0.6098888888888889,0.5909174785468478,0.027154061851208784,0.6986582871467002,Virgen,Sensor 3
3,2017-05-12,0.6245833333333333,0.5909174785468478,0.027154061851208784,1.2398091663397595,Virgen,Sensor 3
3,2017-05-13,0.6170138888888889,0.5909174785468478,0.027154061851208784,0.9610499705361509,Virgen,Sensor 3
3,2017-05-14,0.6245381944444444,0.5909174785468478,0.027154061851208784,1.2381468408601959,Virgen,Sensor 3
3,2017-05-15,0.6250798611111111,0.5909174785468478,0.027154061851208784,1.2580947466149537,Virgen,Sensor 3
3,2017-05-16,0.6208402777777777,0.5909174785468478,0.027154061851208784,1.1019640227267822,Virgen,Sensor 3
3,2017-05-17,0.6125104166666666,0.5909174785468478,0.027154061851208784,0.7952010361520756,Virgen,Sensor 3
3,2017-05-18,0.6061666666666666,0.5909174785468478,0.027154061851208784,0.5615803706781334,Virgen,Sensor 3
3,2017-05-19,0.6006458333333333,0.5909174785468478,0.027154061851208784,0.3582651774085289,Virgen,Sensor 3
3,2017-05-20,0.5971805555555556,0.5909174785468478,0.027154061851208784,0.23064972905440137,Virgen,Sensor 3
3,2017-05-21,0.5977013888888889,0.5909174785468478,0.027154061851208784,0.2498304076647404,Virgen,Sensor 3
3,2017-05-22,0.60490625,0.5909174785468478,0.027154061851208784,0.5151631284411108,Virgen,Sensor 3
3,2017-05-23,0.6166631944444444,0.5909174785468478,0.027154061851208784,0.9481349802718544,Virgen,Sensor 3
3,2017-05-24,0.6103194444444444,0.5909174785468478,0.027154061851208784,0.7145143147979123,Virgen,Sensor 3
3,2017-05-25,0.6054861111111111,0.5909174785468478,0.027154061851208784,0.536517617293955,Virgen,Sensor 3
3,2017-05-26,0.6028888888888889,0.5909174785468478,0.027154061851208784,0.44086996662372857,Virgen,Sensor 3
3,2017-05-27,0.6035972222222221,0.5909174785468478,0.027154061851208784,0.46695568953378624,Virgen,Sensor 3
3,2017-05-28,0.6022465277777778,0.5909174785468478,0.027154061851208784,0.4172137963376408,Virgen,Sensor 3
3,2017-05-29,0.5999131944444445,0.5909174785468478,0.027154061851208784,0.33128435616331825,Virgen,Sensor 3
3,2017-05-30,0.5970833333333333,0.5909174785468478,0.027154061851208784,0.22706933571380153,Virgen,Sensor 3
3,2017-05-31,0.5945243055555555,0.5909174785468478,0.027154061851208784,0.13282826814166163,Virgen,Sensor 3
3,2017-06-01,0.5936180555555555,0.5909174785468478,0.027154061851208784,0.09945388735966988,Virgen,Sensor 3
3,2017-06-02,0.5935208333333333,0.5909174785468478,0.027154061851208784,0.09587349401907413,Virgen,Sensor 3
3,2017-06-03,0.5916701388888889,0.5909174785468478,0.027154061851208784,0.027718149357000062,Virgen,Sensor 3
3,2017-06-04,0.5908541666666667,0.5909174785468478,0.027154061851208784,-0.00233158046586471,Virgen,Sensor 3
3,2017-06-05,0.5909340277777777,0.5909174785468478,0.027154061851208784,0.0006094569210508908,Virgen,Sensor 3
3,2017-06-06,0.5921145833333333,0.5909174785468478,0.027154061851208784,0.0440856617711579,Virgen,Sensor 3
3,2017-06-07,0.5907013888888888,0.5909174785468478,0.027154061851208784,-0.0079579128582353,Virgen,Sensor 3
3,2017-06-08,0.5900902777777778,0.5909174785468478,0.027154061851208784,-0.030463242427697216,Virgen,Sensor 3
3,2017-06-09,0.6213854166666667,0.5909174785468478,0.027154061851208784,1.1220397996722742,Virgen,Sensor 3
3,2017-06-10,0.6134201388888889,0.5909174785468478,0.027154061851208784,0.8287032881248058,Virgen,Sensor 3
3,2017-06-11,0.6051944444444444,0.5909174785468478,0.027154061851208784,0.5257764372721636,Virgen,Sensor 3
3,2017-06-12,0.6004895833333334,0.5909174785468478,0.027154061851208784,0.352510973825428,Virgen,Sensor 3
3,2017-06-13,0.6212222222222222,0.5909174785468478,0.027154061851208784,1.1160298537077005,Virgen,Sensor 3
3,2017-06-14,0.6201770833333333,0.5909174785468478,0.027154061851208784,1.077540625296284,Virgen,Sensor 3
3,2017-06-15,0.6156666666666667,0.5909174785468478,0.027154061851208784,0.9114359485307398,Virgen,Sensor 3
3,2017-06-16,0.6201284722222222,0.5909174785468478,0.027154061851208784,1.075750428625986,Virgen,Sensor 3
3,2017-06-17,0.6138402777777778,0.5909174785468478,0.027154061851208784,0.8441757022038147,Virgen,Sensor 3
3,2017-06-18,0.6054965277777777,0.5909174785468478,0.027154061851208784,0.5369012308661623,Virgen,Sensor 3
3,2017-06-19,0.5992291666666667,0.5909174785468478,0.027154061851208784,0.3060937315884054,Virgen,Sensor 3
3,2017-06-20,0.60015625,0.5909174785468478,0.027154061851208784,0.3402353395148076,Virgen,Sensor 3
3,2017-06-21,0.6304687499999999,0.5909174785468478,0.027154061851208784,1.456550834636602,Virgen,Sensor 3
3,2017-06-22,0.6186597222222222,0.5909174785468478,0.027154061851208784,1.0216609149448261,Virgen,Sensor 3
3,2017-06-23,0.6090069444444445,0.5909174785468478,0.027154061851208784,0.6661790046998574,Virgen,Sensor 3
3,2017-06-24,0.6016319444444443,0.5909174785468478,0.027154061851208784,0.39458059557743624,Virgen,Sensor 3
3,2017-06-25,0.5963715277777778,0.5909174785468478,0.027154061851208784,0.20085574161300537,Virgen,Sensor 3
3,2017-06-26,0.5928993055555556,0.5909174785468478,0.027154061851208784,0.07298455087740495,Virgen,Sensor 3
3,2017-06-27,0.5902395833333334,0.5909174785468478,0.027154061851208784,-0.024964781226065106,Virgen,Sensor 3
3,2017-06-28,0.5878854166666666,0.5909174785468478,0.027154061851208784,-0.11166144854480625,Virgen,Sensor 3
3,2017-06-29,0.5858993055555555,0.5909174785468478,0.027154061851208784,-0.18480376964557077,Virgen,Sensor 3
3,2017-06-30,0.58453125,0.5909174785468478,0.027154061851208784,-0.23518501879539638,Virgen,Sensor 3
3,2017-07-01,0.5830243055555555,0.5909174785468478,0.027154061851208784,-0.2906811155746469,Virgen,Sensor 3
3,2017-07-02,0.5813402777777777,0.5909174785468478,0.027154061851208784,-0.35269864308141274,Virgen,Sensor 3
3,2017-07-03,0.5801805555555555,0.5909174785468478,0.027154061851208784,-0.39540762078710523,Virgen,Sensor 3
3,2017-07-04,0.5813263888888889,0.5909174785468478,0.027154061851208784,-0.3532101278443544,Virgen,Sensor 3
3,2017-07-05,0.582,0.5909174785468478,0.027154061851208784,-0.3284031168416489,Virgen,Sensor 3
3,2017-07-06,0.5819131944444443,0.5909174785468478,0.027154061851208784,-0.33159989661004147,Virgen,Sensor 3
3,2017-07-07,0.5843958333333332,0.5909174785468478,0.027154061851208784,-0.24017199523408683,Virgen,Sensor 3
3,2017-07-08,0.5941666666666667,0.5909174785468478,0.027154061851208784,0.11965753549590044,Virgen,Sensor 3
3,2017-07-09,0.5955138888888888,0.5909174785468478,0.027154061851208784,0.16927155750130743,Virgen,Sensor 3
3,2017-07-10,0.5945520833333333,0.5909174785468478,0.027154061851208784,0.13385123766754903,Virgen,Sensor 3
3,2017-07-11,0.5927881944444444,0.5909174785468478,0.027154061851208784,0.06889267277386345,Virgen,Sensor 3
3,2017-07-12,0.5901701388888889,0.5909174785468478,0.027154061851208784,-0.027522205040777525,Virgen,Sensor 3
3,2017-07-13,0.5864097222222222,0.5909174785468478,0.027154061851208784,-0.1660067046074349,Virgen,Sensor 3
3,2017-07-14,0.5822152777777778,0.5909174785468478,0.027154061851208784,-0.32047510301603876,Virgen,Sensor 3
3,2017-07-15,0.5779201388888888,0.5909174785468478,0.027154061851208784,-0.4786517659559809,Virgen,Sensor 3
3,2017-07-16,0.5736527777777778,0.5909174785468478,0.027154061851208784,-0.6358054593700316,Virgen,Sensor 3
3,2017-07-17,0.5702291666666667,0.5909174785468478,0.027154061851208784,-0.7618864534353341,Virgen,Sensor 3
3,2017-07-18,0.5683541666666666,0.5909174785468478,0.027154061851208784,-0.8309368964325613,Virgen,Sensor 3
3,2017-07-19,0.5671770833333333,0.5909174785468478,0.027154061851208784,-0.8742852300919298,Virgen,Sensor 3
3,2017-07-20,0.568204861111111,0.5909174785468478,0.027154061851208784,-0.8364353576341934,Virgen,Sensor 3
3,2017-07-21,0.5685277777777777,0.5909174785468478,0.027154061851208784,-0.8245433368957802,Virgen,Sensor 3
3,2017-07-22,0.5677777777777777,0.5909174785468478,0.027154061851208784,-0.8521635140946711,Virgen,Sensor 3
3,2017-07-23,0.5685590277777777,0.5909174785468478,0.027154061851208784,-0.8233924961791624,Virgen,Sensor 3
3,2017-07-24,0.5718506944444444,0.5909174785468478,0.027154061851208784,-0.7021706073618119,Virgen,Sensor 3
3,2017-07-25,0.585125,0.5909174785468478,0.027154061851208784,-0.21331904517960645,Virgen,Sensor 3
3,2017-07-26,0.6335416666666667,0.5909174785468478,0.027154061851208784,1.5697168384376123,Virgen,Sensor 3
3,2017-07-27,0.6343784722222222,0.5909174785468478,0.027154061851208784,1.6005337954048915,Virgen,Sensor 3
3,2017-07-28,0.6255347222222222,0.5909174785468478,0.027154061851208784,1.2748458726013145,Virgen,Sensor 3
3,2017-07-29,0.6189895833333333,0.5909174785468478,0.027154061851208784,1.0338086780647082,Virgen,Sensor 3
3,2017-07-30,0.6142569444444445,0.5909174785468478,0.027154061851208784,0.8595202450920851,Virgen,Sensor 3
3,2017-07-31,0.6104652777777777,0.5909174785468478,0.027154061851208784,0.7198849048088058,Virgen,Sensor 3
3,2017-08-01,0.6070659722222222,0.5909174785468478,0.027154061851208784,0.5946990090786564,Virgen,Sensor 3
3,2017-08-02,0.6031493055555556,0.5909174785468478,0.027154061851208784,0.4504603059288981,Virgen,Sensor 3
3,2017-08-03,0.5993715277777778,0.5909174785468478,0.027154061851208784,0.31133645040856467,Virgen,Sensor 3
3,2017-08-04,0.5965416666666666,0.5909174785468478,0.027154061851208784,0.20712142995904795,Virgen,Sensor 3
3,2017-08-05,0.5942430555555556,0.5909174785468478,0.027154061851208784,0.12247070169208164,Virgen,Sensor 3
3,2017-08-06,0.5923888888888889,0.5909174785468478,0.027154061851208784,0.054187485839269085,Virgen,Sensor 3
3,2017-08-07,0.5902118055555555,0.5909174785468478,0.027154061851208784,-0.02598775075195253,Virgen,Sensor 3
3,2017-08-08,0.5892604166666666,0.5909174785468478,0.027154061851208784,-0.06102445701350774,Virgen,Sensor 3
3,2017-08-09,0.5918020833333333,0.5909174785468478,0.027154061851208784,0.03257725460495202,Virgen,Sensor 3
3,2017-08-10,0.593,0.5909174785468478,0.027154061851208784,0.07669281540873508,Virgen,Sensor 3
3,2017-08-11,0.592486111111111,0.5909174785468478,0.027154061851208784,0.05776787917986484,Virgen,Sensor 3
3,2017-08-12,0.5904340277777778,0.5909174785468478,0.027154061851208784,-0.017803994544873608,Virgen,Sensor 3
3,2017-08-13,0.5879201388888888,0.5909174785468478,0.027154061851208784,-0.11038273663745005,Virgen,Sensor 3
3,2017-08-14,0.5848958333333333,0.5909174785468478,0.027154061851208784,-0.22175854376815823,Virgen,Sensor 3
3,2017-08-15,0.5810763888888889,0.5909174785468478,0.027154061851208784,-0.3624168535773167,Virgen,Sensor 3
3,2017-08-16,0.57765625,0.5909174785468478,0.027154061851208784,-0.48836997645188485,Virgen,Sensor 3
3,2017-08-17,0.573642361111111,0.5909174785468478,0.027154061851208784,-0.6361890729422429,Virgen,Sensor 3
3,2017-08-18,0.5693576388888889,0.5909174785468478,0.027154061851208784,-0.7939821223099697,Virgen,Sensor 3
3,2017-08-19,0.5684444444444444,0.5909174785468478,0.027154061851208784,-0.8276122454734343,Virgen,Sensor 3
3,2017-08-20,0.5719340277777777,0.5909174785468478,0.027154061851208784,-0.6991016987841578,Virgen,Sensor 3
3,2017-08-21,0.5746979166666666,0.5909174785468478,0.027154061851208784,-0.5973162309586191,Virgen,Sensor 3
3,2017-08-22,0.5757881944444444,0.5909174785468478,0.027154061851208784,-0.5571646770676391,Virgen,Sensor 3
3,2017-08-23,0.5755555555555555,0.5909174785468478,0.027154061851208784,-0.5657320468469252,Virgen,Sensor 3
3,2017-08-24,0.5739722222222221,0.5909174785468478,0.027154061851208784,-0.6240413098223611,Virgen,Sensor 3
3,2017-08-25,0.5720833333333333,0.5909174785468478,0.027154061851208784,-0.6936032375825257,Virgen,Sensor 3
3,2017-08-26,0.5706840277777778,0.5909174785468478,0.027154061851208784,-0.745135327448969,Virgen,Sensor 3
3,2017-08-27,0.5690416666666667,0.5909174785468478,0.027154061851208784,-0.8056184006669099,Virgen,Sensor 3
3,2017-08-28,0.568,0.5909174785468478,0.027154061851208784,-0.8439797578875922,Virgen,Sensor 3
3,2017-08-29,0.5680277777777777,0.5909174785468478,0.027154061851208784,-0.8429567883617088,Virgen,Sensor 3
3,2017-08-30,0.5689236111111111,0.5909174785468478,0.027154061851208784,-0.8099660211519203,Virgen,Sensor 3
3,2017-08-31,0.569,0.5909174785468478,0.027154061851208784,-0.8071528549557391,Virgen,Sensor 3
3,2017-09-01,0.5682395833333334,0.5909174785468478,0.027154061851208784,-0.835156645726833,Virgen,Sensor 3
3,2017-09-02,0.568,0.5909174785468478,0.027154061851208784,-0.8439797578875922,Virgen,Sensor 3
3,2017-09-03,0.5676111111111111,0.5909174785468478,0.027154061851208784,-0.8583013312499792,Virgen,Sensor 3
3,2017-09-04,0.5664965277777777,0.5909174785468478,0.027154061851208784,-0.8993479834761082,Virgen,Sensor 3
3,2017-09-05,0.5642743055555556,0.5909174785468478,0.027154061851208784,-0.9811855455468892,Virgen,Sensor 3
3,2017-09-06,0.56190625,0.5909174785468478,0.027154061851208784,-1.068393697628568,Virgen,Sensor 3
3,2017-09-07,0.5601701388888889,0.5909174785468478,0.027154061851208784,-1.1323292929963702,Virgen,Sensor 3
3,2017-09-08,0.5575173611111112,0.5909174785468478,0.027154061851208784,-1.2300228827183675,Virgen,Sensor 3
3,2017-09-09,0.5545590277777779,0.5909174785468478,0.027154061851208784,-1.3389691372250976,Virgen,Sensor 3
3,2017-09-10,0.5526875,0.5909174785468478,0.027154061851208784,-1.4078917090315903,Virgen,Sensor 3
3,2017-09-11,0.5508680555555556,0.5909174785468478,0.027154061851208784,-1.4748962129770424,Virgen,Sensor 3
3,2017-09-12,0.5483194444444446,0.5909174785468478,0.027154061851208784,-1.568753666976971,Virgen,Sensor 3
3,2017-09-13,0.5455381944444445,0.5909174785468478,0.027154061851208784,-1.67117849075619,Virgen,Sensor 3
3,2017-09-14,0.5439027777777778,0.5909174785468478,0.027154061851208784,-1.731405821592658,Virgen,Sensor 3
3,2017-09-15,0.5425694444444445,0.5909174785468478,0.027154061851208784,-1.7805083588351274,Virgen,Sensor 3
3,2017-09-16,0.5410381944444445,0.5909174785468478,0.027154061851208784,-1.8368995539495308,Virgen,Sensor 3
3,2017-09-17,0.5396180555555555,0.5909174785468478,0.027154061851208784,-1.8891988709603929,Virgen,Sensor 3
3,2017-09-18,0.539,0.5909174785468478,0.027154061851208784,-1.9119599429113276,Virgen,Sensor 3
3,2017-09-19,0.5380243055555556,0.5909174785468478,0.027154061851208784,-1.9478917475080317,Virgen,Sensor 3
3,2017-09-20,0.5354583333333334,0.5909174785468478,0.027154061851208784,-2.0423885574616403,Virgen,Sensor 3
3,2017-09-21,0.5322847222222222,0.5909174785468478,0.027154061851208784,-2.1592628257939808,Virgen,Sensor 3
3,2017-09-22,0.5291909722222222,0.5909174785468478,0.027154061851208784,-2.2731960567394016,Virgen,Sensor 3
3,2017-09-23,0.5275347222222222,0.5909174785468478,0.027154061851208784,-2.334190614720284,Virgen,Sensor 3
3,2017-09-24,0.5263055555555556,0.5909174785468478,0.027154061851208784,-2.3794570162406847,Virgen,Sensor 3
3,2017-09-25,0.5246736111111111,0.5909174785468478,0.027154061851208784,-2.4395564758864183,Virgen,Sensor 3
3,2017-09-26,0.5229791666666667,0.5909174785468478,0.027154061851208784,-2.5019576169653917,Virgen,Sensor 3
3,2017-09-27,0.5207743055555556,0.5909174785468478,0.027154061851208784,-2.5831558230824965,Virgen,Sensor 3
3,2017-09-28,0.5181076388888889,0.5909174785468478,0.027154061851208784,-2.6813608975674397,Virgen,Sensor 3
3,2017-09-29,0.5149756944444445,0.5909174785468478,0.027154061851208784,-2.7967007116109506,Virgen,Sensor 3
3,2017-09-30,0.5124583333333333,0.5909174785468478,0.027154061851208784,-2.8894073248942616,Virgen,Sensor 3
3,2017-10-01,0.512,0.5909174785468478,0.027154061851208784,-2.906286322071361,Virgen,Sensor 3
3,2017-10-02,0.5111631944444445,0.5909174785468478,0.027154061851208784,-2.93710327903864,Virgen,Sensor 3
3,2017-10-03,0.5093506944444445,0.5909174785468478,0.027154061851208784,-3.0038520406026237,Virgen,Sensor 3
3,2017-10-04,0.5307395833333334,0.5909174785468478,0.027154061851208784,-2.216165505671322,Virgen,Sensor 3
3,2017-10-05,0.5695833333333333,0.5909174785468478,0.027154061851208784,-0.7856704949121563,Virgen,Sensor 3
3,2017-10-06,0.5722534722222222,0.5909174785468478,0.027154061851208784,-0.687337549236479,Virgen,Sensor 3
3,2017-10-07,0.5713472222222221,0.5909174785468478,0.027154061851208784,-0.7207119300184749,Virgen,Sensor 3
3,2017-10-08,0.5702048611111111,0.5909174785468478,0.027154061851208784,-0.7627815517704831,Virgen,Sensor 3
3,2017-10-09,0.5690833333333333,0.5909174785468478,0.027154061851208784,-0.804083946378085,Virgen,Sensor 3
3,2017-10-10,0.5686215277777777,0.5909174785468478,0.027154061851208784,-0.8210908147459188,Virgen,Sensor 3
3,2017-10-11,0.5673159722222221,0.5909174785468478,0.027154061851208784,-0.869170382462509,Virgen,Sensor 3
3,2017-10-12,0.5652916666666665,0.5909174785468478,0.027154061851208784,-0.9437192866613642,Virgen,Sensor 3
3,2017-10-13,0.5634861111111111,0.5909174785468478,0.027154061851208784,-1.0102123058438706,Virgen,Sensor 3
3,2017-10-14,0.5610416666666667,0.5909174785468478,0.027154061851208784,-1.1002336241217348,Virgen,Sensor 3
3,2017-10-15,0.5588784722222223,0.5909174785468478,0.027154061851208784,-1.1798973759500104,Virgen,Sensor 3
3,2017-10-16,0.5569618055555555,0.5909174785468478,0.027154061851208784,-1.2504822732360668,Virgen,Sensor 3
3,2017-10-17,0.5567395833333334,0.5909174785468478,0.027154061851208784,-1.2586660294431415,Virgen,Sensor 3
3,2017-10-18,0.5642847222222221,0.5909174785468478,0.027154061851208784,-0.980801931974686,Virgen,Sensor 3
3,2017-10-19,0.5687465277777777,0.5909174785468478,0.027154061851208784,-0.8164874518794398,Virgen,Sensor 3
3,2017-10-20,0.5685833333333332,0.5909174785468478,0.027154061851208784,-0.8224973978440135,Virgen,Sensor 3
3,2017-10-21,0.5674791666666666,0.5909174785468478,0.027154061851208784,-0.8631604364979312,Virgen,Sensor 3
3,2017-10-22,0.5696805555555555,0.5909174785468478,0.027154061851208784,-0.7820901015715607,Virgen,Sensor 3
3,2017-10-23,0.5783923611111111,0.5909174785468478,0.027154061851208784,-0.4612612840159357,Virgen,Sensor 3
3,2017-10-24,0.5941979166666667,0.5909174785468478,0.027154061851208784,0.12080837621251816,Virgen,Sensor 3
3,2017-10-25,0.5945806451612903,0.5909174785468478,0.027154061851208784,0.13490308133327641,Virgen,Sensor 3
3,2017-12-04,0.546,0.5909174785468478,0.027154061851208784,-1.654171622388356,Virgen,Sensor 3
3,2017-12-05,0.546,0.5909174785468478,0.027154061851208784,-1.654171622388356,Virgen,Sensor 3
3,2017-12-06,0.546,0.5909174785468478,0.027154061851208784,-1.654171622388356,Virgen,Sensor 3
3,2017-12-07,0.54559375,0.5909174785468478,0.027154061851208784,-1.6691325517044233,Virgen,Sensor 3
3,2017-12-08,0.5444166666666667,0.5909174785468478,0.027154061851208784,-1.7124808853637918,Virgen,Sensor 3
3,2017-12-09,0.5449375000000001,0.5909174785468478,0.027154061851208784,-1.6933002067534486,Virgen,Sensor 3
3,2017-12-10,0.5753854166666666,0.5909174785468478,0.027154061851208784,-0.5719977351929678,Virgen,Sensor 3
3,2017-12-11,0.595204861111111,0.5909174785468478,0.027154061851208784,0.15789102152584003,Virgen,Sensor 3
3,2017-12-12,0.6016111111111111,0.5909174785468478,0.027154061851208784,0.3938133684330258,Virgen,Sensor 3
3,2017-12-13,0.5971631944444444,0.5909174785468478,0.027154061851208784,0.23001037310072123,Virgen,Sensor 3
3,2017-12-14,0.5919722222222222,0.5909174785468478,0.027154061851208784,0.038842942950998674,Virgen,Sensor 3
3,2017-12-15,0.58653125,0.5909174785468478,0.027154061851208784,-0.1615312129316902,Virgen,Sensor 3
3,2017-12-16,0.5819270833333333,0.5909174785468478,0.027154061851208784,-0.3310884118470957,Virgen,Sensor 3
3,2017-12-17,0.5771493055555555,0.5909174785468478,0.027154061851208784,-0.5070391702992822,Virgen,Sensor 3
3,2017-12-18,0.5724062499999999,0.5909174785468478,0.027154061851208784,-0.6817112168441166,Virgen,Sensor 3
3,2017-12-19,0.5686354166666666,0.5909174785468478,0.027154061851208784,-0.8205793299829772,Virgen,Sensor 3
3,2017-12-20,0.5652256944444445,0.5909174785468478,0.027154061851208784,-0.946148839285334,Virgen,Sensor 3
3,2017-12-21,0.5617256944444445,0.5909174785468478,0.027154061851208784,-1.0750429995468178,Virgen,Sensor 3
3,2017-12-22,0.5583576388888889,0.5909174785468478,0.027154061851208784,-1.1990780545603537,Virgen,Sensor 3
3,2017-12-23,0.5544583333333334,0.5909174785468478,0.027154061851208784,-1.3426774017564318,Virgen,Sensor 3
3,2017-12-24,0.550013888888889,0.5909174785468478,0.027154061851208784,-1.506352525897998,Virgen,Sensor 3
3,2017-12-25,0.5460173611111112,0.5909174785468478,0.027154061851208784,-1.6535322664346759,Virgen,Sensor 3
3,2017-12-26,0.558763888888889,0.5909174785468478,0.027154061851208784,-1.1841171252442864,Virgen,Sensor 3
3,2017-12-27,0.6042847222222222,0.5909174785468478,0.027154061851208784,0.4922741852994375,Virgen,Sensor 3
3,2017-12-28,0.6169930555555555,0.5909174785468478,0.027154061851208784,0.9602827433917364,Virgen,Sensor 3
3,2017-12-29,0.6159548611111112,0.5909174785468478,0.027154061851208784,0.9220492573617968,Virgen,Sensor 3
3,2017-12-30,0.6146041666666666,0.5909174785468478,0.027154061851208784,0.8723073641656431,Virgen,Sensor 3
3,2017-12-31,0.6148715277777778,0.5909174785468478,0.027154061851208784,0.8821534458522855,Virgen,Sensor 3
4,2018-01-01,0.6116909722222222,0.5858744197108067,0.028779318584864412,0.8970522507434552,Virgen,Sensor 4
4,2018-01-02,0.61403125,0.5858744197108067,0.028779318584864412,0.9783702906712172,Virgen,Sensor 4
4,2018-01-03,0.6109548611111111,0.5858744197108067,0.028779318584864412,0.8714744696385789,Virgen,Sensor 4
4,2018-01-04,0.603017361111111,0.5858744197108067,0.028779318584864412,0.5956687733850712,Virgen,Sensor 4
4,2018-01-05,0.6014722222222222,0.5858744197108067,0.028779318584864412,0.5419795630470102,Virgen,Sensor 4
4,2018-01-06,0.5988993055555556,0.5858744197108067,0.028779318584864412,0.4525779790908238,Virgen,Sensor 4
4,2018-01-07,0.5943125,0.5858744197108067,0.028779318584864412,0.29319944682884524,Virgen,Sensor 4
4,2018-01-08,0.589298611111111,0.5858744197108067,0.028779318584864412,0.11898097552960177,Virgen,Sensor 4
4,2018-01-09,0.5844374999999999,0.5858744197108067,0.028779318584864412,-0.04992889969126757,Virgen,Sensor 4
4,2018-01-10,0.5859930555555555,0.5858744197108067,0.028779318584864412,0.0041222603794100025,Virgen,Sensor 4
4,2018-01-11,0.6099201388888889,0.5858744197108067,0.028779318584864412,0.8355207961987078,Virgen,Sensor 4
4,2018-01-12,0.6115902777777777,0.5858744197108067,0.028779318584864412,0.893553403328164,Virgen,Sensor 4
4,2018-01-13,0.6224166666666666,0.5858744197108067,0.028779318584864412,1.2697398254272152,Virgen,Sensor 4
4,2018-01-14,0.6259236111111111,0.5858744197108067,0.028779318584864412,1.3915962354079854,Virgen,Sensor 4
4,2018-01-15,0.6262152777777777,0.5858744197108067,0.028779318584864412,1.4017308279212384,Virgen,Sensor 4
4,2018-01-16,0.6250833333333333,0.5858744197108067,0.028779318584864412,1.3623989569769508,Virgen,Sensor 4
4,2018-01-17,0.6172673611111111,0.5858744197108067,0.028779318584864412,1.0908160076039675,Virgen,Sensor 4
4,2018-01-18,0.6111736111111111,0.5858744197108067,0.028779318584864412,0.8790754140235196,Virgen,Sensor 4
4,2018-01-19,0.6129201388888889,0.5858744197108067,0.028779318584864412,0.939762319192159,Virgen,Sensor 4
4,2018-01-20,0.6301458333333333,0.5858744197108067,0.028779318584864412,1.5383065270283987,Virgen,Sensor 4
4,2018-01-21,0.6243541666666667,0.5858744197108067,0.028779318584864412,1.3370624756938203,Virgen,Sensor 4
4,2018-01-22,0.6144895833333333,0.5858744197108067,0.028779318584864412,0.9942960789063241,Virgen,Sensor 4
4,2018-01-23,0.6065763888888889,0.5858744197108067,0.028779318584864412,0.7193349320289244,Virgen,Sensor 4
4,2018-01-24,0.6014236111111111,0.5858744197108067,0.028779318584864412,0.5402904642948021,Virgen,Sensor 4
4,2018-01-25,0.5979930555555555,0.5858744197108067,0.028779318584864412,0.421088352353215,Virgen,Sensor 4
4,2018-01-26,0.5966770833333332,0.5858744197108067,0.028779318584864412,0.3753620361327075,Virgen,Sensor 4
4,2018-01-27,0.5948090277777777,0.5858744197108067,0.028779318584864412,0.31045238408354375,Virgen,Sensor 4
4,2018-01-28,0.5921701388888888,0.5858744197108067,0.028779318584864412,0.21875845182078688,Virgen,Sensor 4
4,2018-01-29,0.5888333333333333,0.5858744197108067,0.028779318584864412,0.10281388747274918,Virgen,Sensor 4
4,2018-01-30,0.5853645833333333,0.5858744197108067,0.028779318584864412,-0.01771537348842944,Virgen,Sensor 4
4,2018-01-31,0.5814374999999999,0.5858744197108067,0.028779318584864412,-0.15417042268471884,Virgen,Sensor 4
4,2018-02-01,0.5776597222222222,0.5858744197108067,0.028779318584864412,-0.2854375257135089,Virgen,Sensor 4
4,2018-02-02,0.5737395833333333,0.5858744197108067,0.028779318584864412,-0.42165127508805256,Virgen,Sensor 4
4,2018-02-03,0.5706979166666666,0.5858744197108067,0.028779318584864412,-0.5273405970119702,Virgen,Sensor 4
4,2018-02-04,0.5685972222222221,0.5858744197108067,0.028779318584864412,-0.6003337930895621,Virgen,Sensor 4
4,2018-02-05,0.5646111111111111,0.5858744197108067,0.028779318584864412,-0.7388398907706725,Virgen,Sensor 4
4,2018-02-06,0.5609166666666667,0.5858744197108067,0.028779318584864412,-0.8672113959385298,Virgen,Sensor 4
4,2018-02-07,0.5585868055555556,0.5858744197108067,0.028779318584864412,-0.9481674861336753,Virgen,Sensor 4
4,2018-02-08,0.5550104166666667,0.5858744197108067,0.028779318584864412,-1.072436894331887,Virgen,Sensor 4
4,2018-02-09,0.5519375000000001,0.5858744197108067,0.028779318584864412,-1.1792120654536504,Virgen,Sensor 4
4,2018-02-10,0.5493055555555556,0.5858744197108067,0.028779318584864412,-1.2706646978946654,Virgen,Sensor 4
4,2018-02-11,0.546875,0.5858744197108067,0.028779318584864412,-1.355119635505102,Virgen,Sensor 4
4,2018-02-12,0.5440034722222222,0.5858744197108067,0.028779318584864412,-1.4548971117962872,Virgen,Sensor 4
4,2018-02-13,0.5409895833333334,0.5858744197108067,0.028779318584864412,-1.5596212344332259,Virgen,Sensor 4
4,2018-02-14,0.5381354166666666,0.5858744197108067,0.028779318584864412,-1.6587954611700526,Virgen,Sensor 4
4,2018-02-15,0.536420138888889,0.5858744197108067,0.028779318584864412,-1.7183965171408422,Virgen,Sensor 4
4,2018-02-16,0.5351979166666667,0.5858744197108067,0.028779318584864412,-1.7608652857678042,Virgen,Sensor 4
4,2018-02-17,0.5340034722222222,0.5858744197108067,0.028779318584864412,-1.8023688551077912,Virgen,Sensor 4
4,2018-02-18,0.5329479166666666,0.5858744197108067,0.028779318584864412,-1.8390464280128955,Virgen,Sensor 4
4,2018-02-19,0.5329236111111111,0.5858744197108067,0.028779318584864412,-1.8398909773889998,Virgen,Sensor 4
4,2018-02-20,0.5635034722222222,0.5858744197108067,0.028779318584864412,-0.7773272123388559,Virgen,Sensor 4
4,2018-02-21,0.5852395833333333,0.5858744197108067,0.028779318584864412,-0.022058770279824686,Virgen,Sensor 4
4,2018-02-22,0.5824236111111111,0.5858744197108067,0.028779318584864412,-0.1199058479970559,Virgen,Sensor 4
4,2018-02-23,0.5842847222222223,0.5858744197108067,0.028779318584864412,-0.055237495769633965,Virgen,Sensor 4
4,2018-02-24,0.5827256944444444,0.5858744197108067,0.028779318584864412,-0.1094093057511863,Virgen,Sensor 4
4,2018-02-25,0.5785451388888888,0.5858744197108067,0.028779318584864412,-0.25467179844113713,Virgen,Sensor 4
4,2018-02-26,0.5738993055555555,0.5858744197108067,0.028779318584864412,-0.4161013791879405,Virgen,Sensor 4
4,2018-02-27,0.5698263888888888,0.5858744197108067,0.028779318584864412,-0.5576237246408544,Virgen,Sensor 4
4,2018-02-28,0.566861111111111,0.5858744197108067,0.028779318584864412,-0.660658748525585,Virgen,Sensor 4
4,2018-03-01,0.5645833333333333,0.5858744197108067,0.028779318584864412,-0.7398050900576475,Virgen,Sensor 4
4,2018-03-02,0.5626458333333333,0.5858744197108067,0.028779318584864412,-0.8071277403242526,Virgen,Sensor 4
4,2018-03-03,0.5612743055555556,0.5858744197108067,0.028779318584864412,-0.8547844551187102,Virgen,Sensor 4
4,2018-03-04,0.5602430555555556,0.5858744197108067,0.028779318584864412,-0.8906174786477066,Virgen,Sensor 4
4,2018-03-05,0.5593472222222222,0.5858744197108067,0.028779318584864412,-0.9217451556526988,Virgen,Sensor 4
4,2018-03-06,0.5589930555555556,0.5858744197108067,0.028779318584864412,-0.9340514465616474,Virgen,Sensor 4
4,2018-03-07,0.5581666666666667,0.5858744197108067,0.028779318584864412,-0.9627661253491944,Virgen,Sensor 4
4,2018-03-08,0.558,0.5858744197108067,0.028779318584864412,-0.9685573210710522,Virgen,Sensor 4
4,2018-03-09,0.5579756944444445,0.5858744197108067,0.028779318584864412,-0.9694018704471563,Virgen,Sensor 4
4,2018-03-10,0.558,0.5858744197108067,0.028779318584864412,-0.9685573210710522,Virgen,Sensor 4
4,2018-03-11,0.5574930555555556,0.5858744197108067,0.028779318584864412,-0.9861722080583711,Virgen,Sensor 4
4,2018-03-12,0.55659375,0.5858744197108067,0.028779318584864412,-1.0174205349742342,Virgen,Sensor 4
4,2018-03-13,0.5548125,0.5858744197108067,0.028779318584864412,-1.0793139392515945,Virgen,Sensor 4
4,2018-03-14,0.5518159722222222,0.5858744197108067,0.028779318584864412,-1.1834348123341747,Virgen,Sensor 4
4,2018-03-15,0.5488229166666667,0.5858744197108067,0.028779318584864412,-1.2874350355058803,Virgen,Sensor 4
4,2018-03-16,0.5459652777777778,0.5858744197108067,0.028779318584864412,-1.3867299121535779,Virgen,Sensor 4
4,2018-03-17,0.5442118055555556,0.5858744197108067,0.028779318584864412,-1.447658117143963,Virgen,Sensor 4
4,2018-03-18,0.5421597222222223,0.5858744197108067,0.028779318584864412,-1.5189622144693429,Virgen,Sensor 4
4,2018-03-19,0.5448090277777777,0.5858744197108067,0.028779318584864412,-1.4269063324739732,Virgen,Sensor 4
4,2018-03-20,0.5553645833333334,0.5858744197108067,0.028779318584864412,-1.060130603422938,Virgen,Sensor 4
4,2018-03-21,0.5548125,0.5858744197108067,0.028779318584864412,-1.0793139392515945,Virgen,Sensor 4
4,2018-03-22,0.5536631944444445,0.5858744197108067,0.028779318584864412,-1.1192490597502442,Virgen,Sensor 4
4,2018-03-23,0.5527361111111112,0.5858744197108067,0.028779318584864412,-1.1514625859530785,Virgen,Sensor 4
4,2018-03-24,0.5726180555555556,0.5858744197108067,0.028779318584864412,-0.4606211962997235,Virgen,Sensor 4
4,2018-03-25,0.5837881944444444,0.5858744197108067,0.028779318584864412,-0.07249043302434019,Virgen,Sensor 4
4,2018-03-26,0.581861111111111,0.5858744197108067,0.028779318584864412,-0.13945113355832875,Virgen,Sensor 4
4,2018-03-27,0.5812326388888889,0.5858744197108067,0.028779318584864412,-0.16128876742616818,Virgen,Sensor 4
4,2018-03-28,0.5795034722222222,0.5858744197108067,0.028779318584864412,-0.22137242304044918,Virgen,Sensor 4
4,2018-03-29,0.5770763888888888,0.5858744197108067,0.028779318584864412,-0.3057067107400149,Virgen,Sensor 4
4,2018-03-30,0.5746666666666667,0.5858744197108067,0.028779318584864412,-0.38943774888521443,Virgen,Sensor 4
4,2018-03-31,0.5818715277777777,0.5858744197108067,0.028779318584864412,-0.13908918382571214,Virgen,Sensor 4
4,2018-04-01,0.5895208333333333,0.5858744197108067,0.028779318584864412,0.1267025698254134,Virgen,Sensor 4
4,2018-04-02,0.6038402777777778,0.5858744197108067,0.028779318584864412,0.6242628022617511,Virgen,Sensor 4
4,2018-04-03,0.620625,0.5858744197108067,0.028779318584864412,1.2074844714172384,Virgen,Sensor 4
4,2018-04-04,0.6253680555555555,0.5858744197108067,0.028779318584864412,1.3722922496684582,Virgen,Sensor 4
4,2018-04-05,0.6210868055555555,0.5858744197108067,0.028779318584864412,1.22353090956322,Virgen,Sensor 4
4,2018-04-06,0.6109270833333333,0.5858744197108067,0.028779318584864412,0.8705092703516039,Virgen,Sensor 4
4,2018-04-07,0.6152395833333333,0.5858744197108067,0.028779318584864412,1.020356459654688,Virgen,Sensor 4
4,2018-04-08,0.6200625,0.5858744197108067,0.028779318584864412,1.1879391858559656,Virgen,Sensor 4
4,2018-04-09,0.6138680555555556,0.5858744197108067,0.028779318584864412,0.9726997448602304,Virgen,Sensor 4
4,2018-04-10,0.6058645833333334,0.5858744197108067,0.028779318584864412,0.6946017003001561,Virgen,Sensor 4
4,2018-04-11,0.60003125,0.5858744197108067,0.028779318584864412,0.49190985003511134,Virgen,Sensor 4
4,2018-04-12,0.5957361111111111,0.5858744197108067,0.028779318584864412,0.3426659102863857,Virgen,Sensor 4
4,2018-04-13,0.5923958333333332,0.5858744197108067,0.028779318584864412,0.2266006960274694,Virgen,Sensor 4
4,2018-04-14,0.5894999999999999,0.5858744197108067,0.028779318584864412,0.1259786703601802,Virgen,Sensor 4
4,2018-04-15,0.5863680555555555,0.5858744197108067,0.028779318584864412,0.017152450753591893,Virgen,Sensor 4
4,2018-04-16,0.5845590277777777,0.5858744197108067,0.028779318584864412,-0.04570615281074709,Virgen,Sensor 4
4,2018-04-17,0.59228125,0.5858744197108067,0.028779318584864412,0.22261924896869462,Virgen,Sensor 4
4,2018-04-18,0.5944583333333333,0.5858744197108067,0.028779318584864412,0.2982667430854698,Virgen,Sensor 4
4,2018-04-19,0.5939722222222222,0.5858744197108067,0.028779318584864412,0.281375755563384,Virgen,Sensor 4
4,2018-04-20,0.5927951388888889,0.5858744197108067,0.028779318584864412,0.24047543577775926,Virgen,Sensor 4
4,2018-04-21,0.5915,0.5858744197108067,0.028779318584864412,0.19547301902248493,Virgen,Sensor 4
4,2018-04-22,0.5897361111111111,0.5858744197108067,0.028779318584864412,0.1341828642994832,Virgen,Sensor 4
4,2018-04-23,0.5877743055555555,0.5858744197108067,0.028779318584864412,0.06601566465677397,Virgen,Sensor 4
4,2018-04-24,0.588,0.5858744197108067,0.028779318584864412,0.07385790886345651,Virgen,Sensor 4
4,2018-04-25,0.588,0.5858744197108067,0.028779318584864412,0.07385790886345651,Virgen,Sensor 4
4,2018-04-26,0.5908020833333333,0.5858744197108067,0.028779318584864412,0.17122238693720024,Virgen,Sensor 4
4,2018-04-27,0.5993993055555555,0.5858744197108067,0.028779318584864412,0.4699515662563971,Virgen,Sensor 4
4,2018-04-28,0.603454861111111,0.5858744197108067,0.028779318584864412,0.6108706621549488,Virgen,Sensor 4
4,2018-04-29,0.6126909722222221,0.5858744197108067,0.028779318584864412,0.9317994250746017,Virgen,Sensor 4
4,2018-04-30,0.6230798611111111,0.5858744197108067,0.028779318584864412,1.2927839584037792,Virgen,Sensor 4
4,2018-05-01,0.6125798611111111,0.5858744197108067,0.028779318584864412,0.9279386279266978,Virgen,Sensor 4
4,2018-05-02,0.6129409722222222,0.5858744197108067,0.028779318584864412,0.9404862186573922,Virgen,Sensor 4
4,2018-05-03,0.6071527777777778,0.5858744197108067,0.028779318584864412,0.7393628172336847,Virgen,Sensor 4
4,2018-05-04,0.6015937499999999,0.5858744197108067,0.028779318584864412,0.5462023099275307,Virgen,Sensor 4
4,2018-05-05,0.6006319444444445,0.5858744197108067,0.028779318584864412,0.5127822846159757,Virgen,Sensor 4
4,2018-05-06,0.6194340277777778,0.5858744197108067,0.028779318584864412,1.1661015519881262,Virgen,Sensor 4
4,2018-05-07,0.6145972222222222,0.5858744197108067,0.028779318584864412,0.998036226143361,Virgen,Sensor 4
4,2018-05-08,0.6131805555555556,0.5858744197108067,0.028779318584864412,0.9488110625075661,Virgen,Sensor 4
4,2018-05-09,0.6171979166666666,0.5858744197108067,0.028779318584864412,1.0884030093865222,Virgen,Sensor 4
4,2018-05-10,0.6205,0.5858744197108067,0.028779318584864412,1.203141074625847,Virgen,Sensor 4
4,2018-05-11,0.6102291666666667,0.5858744197108067,0.028779318584864412,0.8462586382663231,Virgen,Sensor 4
4,2018-05-12,0.6048263888888888,0.5858744197108067,0.028779318584864412,0.6585273769494102,Virgen,Sensor 4
4,2018-05-13,0.6042534722222223,0.5858744197108067,0.028779318584864412,0.6386201416555246,Virgen,Sensor 4
4,2018-05-14,0.6169583333333333,0.5858744197108067,0.028779318584864412,1.0800781655363523,Virgen,Sensor 4
4,2018-05-15,0.6070729166666666,0.5858744197108067,0.028779318584864412,0.7365878692836267,Virgen,Sensor 4
4,2018-05-16,0.6078506944444445,0.5858744197108067,0.028779318584864412,0.7636134493189694,Virgen,Sensor 4
4,2018-05-17,0.6097951388888889,0.5858744197108067,0.028779318584864412,0.8311773994073164,Virgen,Sensor 4
4,2018-05-18,0.6040868055555556,0.5858744197108067,0.028779318584864412,0.6328289459336669,Virgen,Sensor 4
4,2018-05-19,0.6094131944444444,0.5858744197108067,0.028779318584864412,0.8179059092113888,Virgen,Sensor 4
4,2018-05-20,0.608375,0.5858744197108067,0.028779318584864412,0.7818315858606468,Virgen,Sensor 4
4,2018-05-21,0.6063888888888889,0.5858744197108067,0.028779318584864412,0.7128198368418335,Virgen,Sensor 4
4,2018-05-22,0.6045659722222222,0.5858744197108067,0.028779318584864412,0.6494786336340069,Virgen,Sensor 4
4,2018-05-23,0.6076909722222221,0.5858744197108067,0.028779318584864412,0.7580635534188496,Virgen,Sensor 4
4,2018-05-24,0.6223506944444445,0.5858744197108067,0.028779318584864412,1.2674474771206485,Virgen,Sensor 4
4,2018-05-25,0.62296875,0.5858744197108067,0.028779318584864412,1.2889231612558714,Virgen,Sensor 4
4,2018-05-26,0.6203854166666667,0.5858744197108067,0.028779318584864412,1.1991596275670684,Virgen,Sensor 4
4,2018-05-27,0.6209722222222223,0.5858744197108067,0.028779318584864412,1.2195494625044454,Virgen,Sensor 4
4,2018-05-28,0.6115069444444444,0.5858744197108067,0.028779318584864412,0.8906578054672352,Virgen,Sensor 4
4,2018-05-29,0.6168888888888888,0.5858744197108067,0.028779318584864412,1.0776651673189108,Virgen,Sensor 4
4,2018-05-30,0.6151423611111111,0.5858744197108067,0.028779318584864412,1.0169782621502714,Virgen,Sensor 4
4,2018-05-31,0.6122708333333333,0.5858744197108067,0.028779318584864412,0.9172007858590864,Virgen,Sensor 4
4,2018-06-01,0.6052152777777777,0.5858744197108067,0.028779318584864412,0.6720401669670796,Virgen,Sensor 4
4,2018-06-02,0.6000173611111111,0.5858744197108067,0.028779318584864412,0.4914272503916238,Virgen,Sensor 4
4,2018-06-03,0.596923611111111,0.5858744197108067,0.028779318584864412,0.38392817980462324,Virgen,Sensor 4
4,2018-06-04,0.5948784722222222,0.5858744197108067,0.028779318584864412,0.312865382300989,Virgen,Sensor 4
4,2018-06-05,0.5940069444444444,0.5858744197108067,0.028779318584864412,0.28258225467210085,Virgen,Sensor 4
4,2018-06-06,0.5939583333333334,0.5858744197108067,0.028779318584864412,0.2808931559198965,Virgen,Sensor 4
4,2018-06-07,0.5921631944444443,0.5858744197108067,0.028779318584864412,0.21851715199904118,Virgen,Sensor 4
4,2018-06-08,0.5897361111111111,0.5858744197108067,0.028779318584864412,0.1341828642994832,Virgen,Sensor 4
4,2018-06-09,0.5876388888888888,0.5858744197108067,0.028779318584864412,0.06131031813276214,Virgen,Sensor 4
4,2018-06-10,0.5851458333333333,0.5858744197108067,0.028779318584864412,-0.02531631787337016,Virgen,Sensor 4
4,2018-06-11,0.58275,0.5858744197108067,0.028779318584864412,-0.10856475637508221,Virgen,Sensor 4
4,2018-06-12,0.5800972222222222,0.5858744197108067,0.028779318584864412,-0.20074128828133045,Virgen,Sensor 4
4,2018-06-13,0.5772083333333333,0.5858744197108067,0.028779318584864412,-0.30112201412687395,Virgen,Sensor 4
4,2018-06-14,0.5745138888888888,0.5858744197108067,0.028779318584864412,-0.39474634496358857,Virgen,Sensor 4
4,2018-06-15,0.5726041666666667,0.5858744197108067,0.028779318584864412,-0.461103795943211,Virgen,Sensor 4
4,2018-06-16,0.5704756944444445,0.5858744197108067,0.028779318584864412,-0.535062191307778,Virgen,Sensor 4
4,2018-06-17,0.5759305555555555,0.5858744197108067,0.028779318584864412,-0.34552118132778986,Virgen,Sensor 4
4,2018-06-18,0.6090069444444445,0.5858744197108067,0.028779318584864412,0.8037898696393609,Virgen,Sensor 4
4,2018-06-19,0.6132152777777777,0.5858744197108067,0.028779318584864412,0.9500175616162829,Virgen,Sensor 4
4,2018-06-20,0.611375,0.5858744197108067,0.028779318584864412,0.8860731088540981,Virgen,Sensor 4
4,2018-06-21,0.607548611111111,0.5858744197108067,0.028779318584864412,0.753116907073096,Virgen,Sensor 4
4,2018-06-22,0.6041770833333333,0.5858744197108067,0.028779318584864412,0.6359658436163376,Virgen,Sensor 4
4,2018-06-23,0.6013576388888889,0.5858744197108067,0.028779318584864412,0.5379981159882354,Virgen,Sensor 4
4,2018-06-24,0.5988090277777778,0.5858744197108067,0.028779318584864412,0.44944108140814926,Virgen,Sensor 4
4,2018-06-25,0.5966388888888888,0.5858744197108067,0.028779318584864412,0.3740348871131159,Virgen,Sensor 4
4,2018-06-26,0.5980451388888889,0.5858744197108067,0.028779318584864412,0.422898101016298,Virgen,Sensor 4
4,2018-06-27,0.6019479166666666,0.5858744197108067,0.028779318584864412,0.5585086008364795,Virgen,Sensor 4
4,2018-06-28,0.6007222222222222,0.5858744197108067,0.028779318584864412,0.5159191822986464,Virgen,Sensor 4
4,2018-06-29,0.6041180555555555,0.5858744197108067,0.028779318584864412,0.6339147951315128,Virgen,Sensor 4
4,2018-06-30,0.6195416666666667,0.5858744197108067,0.028779318584864412,1.1698416992251592,Virgen,Sensor 4
4,2018-07-01,0.6177256944444445,0.5858744197108067,0.028779318584864412,1.1067417958390784,Virgen,Sensor 4
4,2018-07-02,0.6101875,0.5858744197108067,0.028779318584864412,0.8448108393358567,Virgen,Sensor 4
4,2018-07-03,0.6044965277777777,0.5858744197108067,0.028779318584864412,0.6470656354165656,Virgen,Sensor 4
4,2018-07-04,0.6005520833333333,0.5858744197108067,0.028779318584864412,0.5100073366659178,Virgen,Sensor 4
4,2018-07-05,0.5985034722222222,0.5858744197108067,0.028779318584864412,0.43882388925140875,Virgen,Sensor 4
4,2018-07-06,0.5967916666666667,0.5858744197108067,0.028779318584864412,0.37934348319149,Virgen,Sensor 4
4,2018-07-07,0.5952222222222221,0.5858744197108067,0.028779318584864412,0.32480972347731724,Virgen,Sensor 4
4,2018-07-08,0.5934062499999999,0.5858744197108067,0.028779318584864412,0.26170982009123644,Virgen,Sensor 4
4,2018-07-09,0.5923020833333333,0.5858744197108067,0.028779318584864412,0.2233431484339278,Virgen,Sensor 4
4,2018-07-10,0.5910347222222222,0.5858744197108067,0.028779318584864412,0.17930593096562847,Virgen,Sensor 4
4,2018-07-11,0.5902569444444444,0.5858744197108067,0.028779318584864412,0.1522803509302897,Virgen,Sensor 4
4,2018-07-12,0.5897951388888889,0.5858744197108067,0.028779318584864412,0.136233912784308,Virgen,Sensor 4
4,2018-07-13,0.589,0.5858744197108067,0.028779318584864412,0.10860508319460693,Virgen,Sensor 4
4,2018-07-14,0.5880555555555556,0.5858744197108067,0.028779318584864412,0.0757883074374104,Virgen,Sensor 4
4,2018-07-15,0.5874895833333333,0.5858744197108067,0.028779318584864412,0.05612237196526665,Virgen,Sensor 4
4,2018-07-16,0.5885555555555555,0.5858744197108067,0.028779318584864412,0.09316189460298367,Virgen,Sensor 4
4,2018-07-17,0.5873159722222222,0.5858744197108067,0.028779318584864412,0.05008987642166321,Virgen,Sensor 4
4,2018-07-18,0.59009375,0.5858744197108067,0.028779318584864412,0.14660980511930283,Virgen,Sensor 4
4,2018-07-19,0.59571875,0.5858744197108067,0.028779318584864412,0.34206266073202346,Virgen,Sensor 4
4,2018-07-20,0.5979965277777777,0.5858744197108067,0.028779318584864412,0.4212090022640859,Virgen,Sensor 4
4,2018-07-21,0.5985347222222221,0.5858744197108067,0.028779318584864412,0.4399097384492547,Virgen,Sensor 4
4,2018-07-22,0.5999513888888889,0.5858744197108067,0.028779318584864412,0.48913490208505334,Virgen,Sensor 4
4,2018-07-23,0.6107152777777778,0.5858744197108067,0.028779318584864412,0.8631496257884088,Virgen,Sensor 4
4,2018-07-24,0.6111597222222223,0.5858744197108067,0.028779318584864412,0.8785928143800321,Virgen,Sensor 4
4,2018-07-25,0.6076111111111111,0.5858744197108067,0.028779318584864412,0.7552886054687955,Virgen,Sensor 4
4,2018-07-26,0.6043263888888889,0.5858744197108067,0.028779318584864412,0.641153789783837,Virgen,Sensor 4
4,2018-07-27,0.6031979166666667,0.5858744197108067,0.028779318584864412,0.6019425687504203,Virgen,Sensor 4
4,2018-07-28,0.6018368055555556,0.5858744197108067,0.028779318584864412,0.5546478036885794,Virgen,Sensor 4
4,2018-07-29,0.5988020833333333,0.5858744197108067,0.028779318584864412,0.4491997815864036,Virgen,Sensor 4
4,2018-07-30,0.6093055555555555,0.5858744197108067,0.028779318584864412,0.8141657619743559,Virgen,Sensor 4
4,2018-07-31,0.6141111111111112,0.5858744197108067,0.028779318584864412,0.9811452386212751,Virgen,Sensor 4
4,2018-08-01,0.6134097222222222,0.5858744197108067,0.028779318584864412,0.9567739566251195,Virgen,Sensor 4
4,2018-08-02,0.6170486111111111,0.5858744197108067,0.028779318584864412,1.083215063219027,Virgen,Sensor 4
4,2018-08-03,0.6090416666666667,0.5858744197108067,0.028779318584864412,0.8049963687480817,Virgen,Sensor 4
4,2018-08-04,0.6031319444444444,0.5858744197108067,0.028779318584864412,0.5996502204438499,Virgen,Sensor 4
4,2018-08-05,0.5984861111111112,0.5858744197108067,0.028779318584864412,0.43822063969705033,Virgen,Sensor 4
4,2018-08-06,0.5947013888888889,0.5858744197108067,0.028779318584864412,0.3067122368465146,Virgen,Sensor 4
4,2018-08-07,0.5912777777777777,0.5858744197108067,0.028779318584864412,0.18775142472666942,Virgen,Sensor 4
4,2018-08-08,0.5880069444444445,0.5858744197108067,0.028779318584864412,0.0740992086852022,Virgen,Sensor 4
4,2018-08-09,0.5860694444444444,0.5858744197108067,0.028779318584864412,0.00677655841859706,Virgen,Sensor 4
4,2018-08-10,0.5922847222222223,0.5858744197108067,0.028779318584864412,0.22273989887956938,Virgen,Sensor 4
4,2018-08-11,0.6030520833333334,0.5858744197108067,0.028779318584864412,0.5968752724937958,Virgen,Sensor 4
4,2018-08-12,0.6037604166666666,0.5858744197108067,0.028779318584864412,0.6214878543116893,Virgen,Sensor 4
4,2018-08-13,0.6020555555555556,0.5858744197108067,0.028779318584864412,0.5622487480735162,Virgen,Sensor 4
4,2018-08-14,0.6000520833333334,0.5858744197108067,0.028779318584864412,0.4926337495003445,Virgen,Sensor 4
4,2018-08-15,0.5980416666666666,0.5858744197108067,0.028779318584864412,0.4227774511054232,Virgen,Sensor 4
4,2018-08-16,0.5961631944444444,0.5858744197108067,0.028779318584864412,0.3575058493236467,Virgen,Sensor 4
4,2018-08-17,0.5985416666666666,0.5858744197108067,0.028779318584864412,0.4401510382710004,Virgen,Sensor 4
4,2018-08-18,0.60325,0.5858744197108067,0.028779318584864412,0.6037523174134994,Virgen,Sensor 4
4,2018-08-19,0.6026840277777779,0.5858744197108067,0.028779318584864412,0.5840863819413595,Virgen,Sensor 4
4,2018-08-20,0.6009131944444444,0.5858744197108067,0.028779318584864412,0.5225549273966084,Virgen,Sensor 4
4,2018-08-21,0.5988645833333333,0.5858744197108067,0.028779318584864412,0.4513714799820993,Virgen,Sensor 4
4,2018-08-22,0.5978229166666666,0.5858744197108067,0.028779318584864412,0.41517650672048634,Virgen,Sensor 4
4,2018-08-23,0.5967048611111111,0.5858744197108067,0.028779318584864412,0.3763272354196864,Virgen,Sensor 4
4,2018-08-24,0.5947118055555555,0.5858744197108067,0.028779318584864412,0.30707418657912733,Virgen,Sensor 4
4,2018-08-25,0.5918611111111111,0.5858744197108067,0.028779318584864412,0.20802060975317543,Virgen,Sensor 4
4,2018-08-26,0.5894097222222222,0.5858744197108067,0.028779318584864412,0.12284177267750952,Virgen,Sensor 4
4,2018-08-27,0.5889479166666667,0.5858744197108067,0.028779318584864412,0.10679533453152784,Virgen,Sensor 4
4,2018-08-28,0.5899375,0.5858744197108067,0.028779318584864412,0.14118055913006167,Virgen,Sensor 4
4,2018-08-29,0.591,0.5858744197108067,0.028779318584864412,0.17809943185690777,Virgen,Sensor 4
4,2018-08-30,0.5907638888888889,0.5858744197108067,0.028779318584864412,0.16989523791760863,Virgen,Sensor 4
4,2018-08-31,0.5896666666666666,0.5858744197108067,0.028779318584864412,0.13176986608203797,Virgen,Sensor 4
4,2018-09-01,0.5884340277777778,0.5858744197108067,0.028779318584864412,0.0889391477224632,Virgen,Sensor 4
4,2018-09-02,0.5863993055555555,0.5858744197108067,0.028779318584864412,0.018238299951441668,Virgen,Sensor 4
4,2018-09-03,0.5861076388888888,0.5858744197108067,0.028779318584864412,0.008103707438188659,Virgen,Sensor 4
4,2018-09-04,0.6040034722222223,0.5858744197108067,0.028779318584864412,0.629933348072738,Virgen,Sensor 4
4,2018-09-05,0.6257534722222222,0.5858744197108067,0.028779318584864412,1.3856843897752567,Virgen,Sensor 4
4,2018-09-06,0.6156597222222222,0.5858744197108067,0.028779318584864412,1.034955098870207,Virgen,Sensor 4
4,2018-09-07,0.6088194444444445,0.5858744197108067,0.028779318584864412,0.79727477445227,Virgen,Sensor 4
4,2018-09-08,0.6040416666666667,0.5858744197108067,0.028779318584864412,0.6312604970923296,Virgen,Sensor 4
4,2018-09-09,0.6007743055555556,0.5858744197108067,0.028779318584864412,0.5177289309617294,Virgen,Sensor 4
4,2018-09-10,0.5987638888888889,0.5858744197108067,0.028779318584864412,0.447872632566812,Virgen,Sensor 4
4,2018-09-11,0.5967430555555555,0.5858744197108067,0.028779318584864412,0.37765438443927796,Virgen,Sensor 4
4,2018-09-12,0.5936284722222223,0.5858744197108067,0.028779318584864412,0.2694314143870519,Virgen,Sensor 4
4,2018-09-13,0.5898993055555555,0.5858744197108067,0.028779318584864412,0.1398534101104662,Virgen,Sensor 4
4,2018-09-14,0.5863368055555555,0.5858744197108067,0.028779318584864412,0.016066601555742115,Virgen,Sensor 4
4,2018-09-15,0.5828368055555555,0.5858744197108067,0.028779318584864412,-0.10554850860328242,Virgen,Sensor 4
4,2018-09-16,0.5940416666666667,0.5858744197108067,0.028779318584864412,0.2837887537808254,Virgen,Sensor 4
4,2018-09-17,0.6007569444444445,0.5858744197108067,0.028779318584864412,0.517125681407371,Virgen,Sensor 4
4,2018-09-18,0.5986666666666667,0.5858744197108067,0.028779318584864412,0.4444944350623956,Virgen,Sensor 4
4,2018-09-19,0.5952951388888889,0.5858744197108067,0.028779318584864412,0.32734337160563337,Virgen,Sensor 4
4,2018-09-20,0.592,0.5858744197108067,0.028779318584864412,0.2128466061880582,Virgen,Sensor 4
4,2018-09-21,0.5889930555555556,0.5858744197108067,0.028779318584864412,0.10836378337286512,Virgen,Sensor 4
4,2018-09-22,0.5863541666666666,0.5858744197108067,0.028779318584864412,0.016669851110104387,Virgen,Sensor 4
4,2018-09-23,0.5868576388888889,0.5858744197108067,0.028779318584864412,0.034164088186552435,Virgen,Sensor 4
4,2018-09-24,0.5869270833333333,0.5858744197108067,0.028779318584864412,0.03657708640399381,Virgen,Sensor 4
4,2018-09-25,0.5842604166666666,0.5858744197108067,0.028779318584864412,-0.05608204514574192,Virgen,Sensor 4
4,2018-09-26,0.5811909722222222,0.5858744197108067,0.028779318584864412,-0.16273656635663455,Virgen,Sensor 4
4,2018-09-27,0.5775,0.5858744197108067,0.028779318584864412,-0.29098742161362096,Virgen,Sensor 4
4,2018-09-28,0.5731145833333333,0.5858744197108067,0.028779318584864412,-0.4433682590450211,Virgen,Sensor 4
4,2018-09-29,0.5683437499999999,0.5858744197108067,0.028779318584864412,-0.6091412365832197,Virgen,Sensor 4
4,2018-09-30,0.5639930555555556,0.5858744197108067,0.028779318584864412,-0.7603155749058953,Virgen,Sensor 4
4,2018-10-01,0.5600243055555556,0.5858744197108067,0.028779318584864412,-0.8982184230326472,Virgen,Sensor 4
4,2018-10-02,0.5568437500000001,0.5858744197108067,0.028779318584864412,-1.0087337413914437,Virgen,Sensor 4
4,2018-10-03,0.5543888888888889,0.5858744197108067,0.028779318584864412,-1.0940332283779846,Virgen,Sensor 4
4,2018-10-04,0.5525763888888889,0.5858744197108067,0.028779318584864412,-1.1570124818531944,Virgen,Sensor 4
4,2018-10-05,0.5510659722222223,0.5858744197108067,0.028779318584864412,-1.2094951930825346,Virgen,Sensor 4
4,2018-10-06,0.5495694444444444,0.5858744197108067,0.028779318584864412,-1.2614953046683912,Virgen,Sensor 4
4,2018-10-07,0.5490312500000001,0.5858744197108067,0.028779318584864412,-1.2801960408535562,Virgen,Sensor 4
4,2018-10-08,0.5497604166666668,0.5858744197108067,0.028779318584864412,-1.2548595595704255,Virgen,Sensor 4
4,2018-10-09,0.5527673611111111,0.5858744197108067,0.028779318584864412,-1.1503767367552324,Virgen,Sensor 4
4,2018-10-10,0.5593159722222223,0.5858744197108067,0.028779318584864412,-0.9228310048505447,Virgen,Sensor 4
4,2018-10-11,0.5617048611111112,0.5858744197108067,0.028779318584864412,-0.8398238661705745,Virgen,Sensor 4
4,2018-10-12,0.5614375,0.5858744197108067,0.028779318584864412,-0.8491139093077233,Virgen,Sensor 4
4,2018-10-13,0.5594548611111112,0.5858744197108067,0.028779318584864412,-0.9180050084156619,Virgen,Sensor 4
4,2018-10-14,0.5564097222222223,0.5858744197108067,0.028779318584864412,-1.0238149802504504,Virgen,Sensor 4
4,2018-10-15,0.5530520833333334,0.5858744197108067,0.028779318584864412,-1.1404834440637213,Virgen,Sensor 4
4,2018-10-16,0.5493611111111112,0.5858744197108067,0.028779318584864412,-1.2687342993207116,Virgen,Sensor 4
4,2018-10-17,0.5455798611111111,0.5858744197108067,0.028779318584864412,-1.4001220522603763,Virgen,Sensor 4
4,2018-10-18,0.5419236111111112,0.5858744197108067,0.028779318584864412,-1.527166408408642,Virgen,Sensor 4
4,2018-10-19,0.5389479166666667,0.5858744197108067,0.028779318584864412,-1.6305633820259893,Virgen,Sensor 4
4,2018-10-20,0.5365104166666668,0.5858744197108067,0.028779318584864412,-1.7152596194581677,Virgen,Sensor 4
4,2018-10-21,0.5346944444444445,0.5858744197108067,0.028779318584864412,-1.7783595228442524,Virgen,Sensor 4
4,2018-10-22,0.5319340277777778,0.5858744197108067,0.028779318584864412,-1.8742762019875334,Virgen,Sensor 4
4,2018-10-23,0.5282916666666666,0.5858744197108067,0.028779318584864412,-2.0008379584923155,Virgen,Sensor 4
4,2018-10-24,0.5239861111111112,0.5858744197108067,0.028779318584864412,-2.150443847973654,Virgen,Sensor 4
4,2018-10-25,0.5188611111111112,0.5858744197108067,0.028779318584864412,-2.3285231164207976,Virgen,Sensor 4
4,2018-10-26,0.5147847222222223,0.5858744197108067,0.028779318584864412,-2.4701661117845863,Virgen,Sensor 4
4,2018-10-27,0.5122604166666667,0.5858744197108067,0.028779318584864412,-2.557878596988568,Virgen,Sensor 4
4,2018-10-28,0.5100451388888889,0.5858744197108067,0.028779318584864412,-2.634853240124935,Virgen,Sensor 4
4,2018-10-29,0.5066250000000001,0.5858744197108067,0.028779318584864412,-2.7536934023339015,Virgen,Sensor 4
4,2018-10-30,0.5025729166666667,0.5858744197108067,0.028779318584864412,-2.8944918483215862,Virgen,Sensor 4
4,2018-10-31,0.49881249999999994,0.5858744197108067,0.028779318584864412,-3.02515570179602,Virgen,Sensor 4
4,2018-11-01,0.49614236111111115,0.5858744197108067,0.028779318584864412,-3.1179354832566224,Virgen,Sensor 4
4,2018-11-02,0.49392013888888886,0.5858744197108067,0.028779318584864412,-3.195151426214737,Virgen,Sensor 4
4,2018-11-03,0.49097222222222225,0.5858744197108067,0.028779318584864412,-3.2975832005451053,Virgen,Sensor 4
4,2018-11-04,0.4876597222222222,0.5858744197108067,0.028779318584864412,-3.412683215517043,Virgen,Sensor 4
4,2018-11-05,0.48914583333333334,0.5858744197108067,0.028779318584864412,-3.3610450536638043,Virgen,Sensor 4
4,2018-11-06,0.5035347222222222,0.5858744197108067,0.028779318584864412,-2.861071823010031,Virgen,Sensor 4
4,2018-11-07,0.5252916666666667,0.5858744197108067,0.028779318584864412,-2.105079481485763,Virgen,Sensor 4
4,2018-11-08,0.5230034722222222,0.5858744197108067,0.028779318584864412,-2.184587772750446,Virgen,Sensor 4
4,2018-11-09,0.5207743055555556,0.5858744197108067,0.028779318584864412,-2.2620450155303002,Virgen,Sensor 4
4,2018-11-10,0.5185937500000001,0.5858744197108067,0.028779318584864412,-2.337813159557946,Virgen,Sensor 4
4,2018-11-11,0.533263888888889,0.5858744197108067,0.028779318584864412,-1.8280672861235348,Virgen,Sensor 4
4,2018-11-12,0.5673020833333333,0.5858744197108067,0.028779318584864412,-0.6453362098448326,Virgen,Sensor 4
4,2018-11-13,0.5652083333333332,0.5858744197108067,0.028779318584864412,-0.7180881061006829,Virgen,Sensor 4
4,2018-11-14,0.5897777777777777,0.5858744197108067,0.028779318584864412,0.1356306632299457,Virgen,Sensor 4
4,2018-11-15,0.6116006944444444,0.5858744197108067,0.028779318584864412,0.8939153530607806,Virgen,Sensor 4
4,2018-11-16,0.62425,0.5858744197108067,0.028779318584864412,1.3334429783676582,Virgen,Sensor 4
4,2018-11-17,0.611375,0.5858744197108067,0.028779318584864412,0.8860731088540981,Virgen,Sensor 4
4,2018-11-18,0.6065659722222222,0.5858744197108067,0.028779318584864412,0.7189729822963078,Virgen,Sensor 4
4,2018-11-19,0.6278715277777778,0.5858744197108067,0.028779318584864412,1.459280835407207,Virgen,Sensor 4
4,2018-11-20,0.6464826388888888,0.5858744197108067,0.028779318584864412,2.105964357681392,Virgen,Sensor 4
4,2018-11-21,0.645875,0.5858744197108067,0.028779318584864412,2.0848506232787853,Virgen,Sensor 4
4,2018-11-22,0.6222083333333334,0.5858744197108067,0.028779318584864412,1.2625008307748948,Virgen,Sensor 4
4,2018-11-23,0.6084236111111111,0.5858744197108067,0.028779318584864412,0.783520684612855,Virgen,Sensor 4
4,2018-11-24,0.6011284722222222,0.5858744197108067,0.028779318584864412,0.5300352218706781,Virgen,Sensor 4
4,2018-11-25,0.59646875,0.5858744197108067,0.028779318584864412,0.3681230414803872,Virgen,Sensor 4
4,2018-11-26,0.6080590277777778,0.5858744197108067,0.028779318584864412,0.7708524439712897,Virgen,Sensor 4
4,2018-11-27,0.6291041666666666,0.5858744197108067,0.028779318584864412,1.502111553766782,Virgen,Sensor 4
4,2018-11-28,0.6208055555555556,0.5858744197108067,0.028779318584864412,1.2137582667825875,Virgen,Sensor 4
4,2018-11-29,0.6090416666666667,0.5858744197108067,0.028779318584864412,0.8049963687480817,Virgen,Sensor 4
4,2018-11-30,0.6019826388888888,0.5858744197108067,0.028779318584864412,0.5597150999452001,Virgen,Sensor 4
4,2018-12-01,0.5982986111111112,0.5858744197108067,0.028779318584864412,0.4317055445099594,Virgen,Sensor 4
4,2018-12-02,0.5950034722222222,0.5858744197108067,0.028779318584864412,0.3172087790923804,Virgen,Sensor 4
4,2018-12-03,0.59203125,0.5858744197108067,0.028779318584864412,0.21393245538590797,Virgen,Sensor 4
4,2018-12-04,0.5897395833333333,0.5858744197108067,0.028779318584864412,0.13430351421035414,Virgen,Sensor 4
4,2018-12-05,0.589,0.5858744197108067,0.028779318584864412,0.10860508319460693,Virgen,Sensor 4
4,2018-12-06,0.5879548611111111,0.5858744197108067,0.028779318584864412,0.07228946002211924,Virgen,Sensor 4
4,2018-12-07,0.5869027777777778,0.5858744197108067,0.028779318584864412,0.03573253702788972,Virgen,Sensor 4
4,2018-12-08,0.5890798611111111,0.5858744197108067,0.028779318584864412,0.11138003114466491,Virgen,Sensor 4
4,2018-12-09,0.5916701388888889,0.5858744197108067,0.028779318584864412,0.20138486465521357,Virgen,Sensor 4
4,2018-12-10,0.5910312499999999,0.5858744197108067,0.028779318584864412,0.1791852810547537,Virgen,Sensor 4
4,2018-12-11,0.5919756944444444,0.5858744197108067,0.028779318584864412,0.2120020568119541,Virgen,Sensor 4
4,2018-12-12,0.6040208333333333,0.5858744197108067,0.028779318584864412,0.6305365976270964,Virgen,Sensor 4
4,2018-12-13,0.6057777777777777,0.5858744197108067,0.028779318584864412,0.6915854525283525,Virgen,Sensor 4
4,2018-12-14,0.6040486111111112,0.5858744197108067,0.028779318584864412,0.6315017969140753,Virgen,Sensor 4
4,2018-12-15,0.6010763888888888,0.5858744197108067,0.028779318584864412,0.5282254732075952,Virgen,Sensor 4
4,2018-12-16,0.5975902777777777,0.5858744197108067,0.028779318584864412,0.40709296269205814,Virgen,Sensor 4
4,2018-12-17,0.5941631944444444,0.5858744197108067,0.028779318584864412,0.2880115006613459,Virgen,Sensor 4
4,2018-12-18,0.592375,0.5858744197108067,0.028779318584864412,0.22587679656224008,Virgen,Sensor 4
4,2018-12-19,0.5922534722222221,0.5858744197108067,0.028779318584864412,0.22165404968171576,Virgen,Sensor 4
4,2018-12-20,0.5950451388888889,0.5858744197108067,0.028779318584864412,0.31865657802284675,Virgen,Sensor 4
4,2018-12-21,0.5978402777777778,0.5858744197108067,0.028779318584864412,0.41577975627484864,Virgen,Sensor 4
4,2018-12-22,0.6114444444444445,0.5858744197108067,0.028779318584864412,0.8884861070715394,Virgen,Sensor 4
4,2018-12-23,0.6072013888888889,0.5858744197108067,0.028779318584864412,0.7410519159858929,Virgen,Sensor 4
4,2018-12-24,0.6028506944444444,0.5858744197108067,0.028779318584864412,0.5898775776632135,Virgen,Sensor 4
4,2018-12-25,0.5994618055555555,0.5858744197108067,0.028779318584864412,0.4721232646520928,Virgen,Sensor 4
4,2018-12-26,0.5967222222222222,0.5858744197108067,0.028779318584864412,0.3769304849740448,Virgen,Sensor 4
4,2018-12-27,0.5948888888888889,0.5858744197108067,0.028779318584864412,0.3132273320336056,Virgen,Sensor 4
4,2018-12-28,0.5936944444444444,0.5858744197108067,0.028779318584864412,0.27172376269361853,Virgen,Sensor 4
4,2018-12-29,0.5921354166666667,0.5858744197108067,0.028779318584864412,0.21755195271207003,Virgen,Sensor 4
4,2018-12-30,0.5893715277777778,0.5858744197108067,0.028779318584864412,0.12151462365791792,Virgen,Sensor 4
4,2018-12-31,0.5864999999999999,0.5858744197108067,0.028779318584864412,0.021737147366728965,Virgen,Sensor 4
5,2019-01-01,0.5829479166666666,0.5977003614916286,0.02049242328088508,-0.7198975261614305,Virgen,Sensor 5
5,2019-01-02,0.5794479166666666,0.5977003614916286,0.02049242328088508,-0.8906923585746707,Virgen,Sensor 5
5,2019-01-03,0.5766215277777778,0.5977003614916286,0.02049242328088508,-1.0286159633210779,Virgen,Sensor 5
5,2019-01-04,0.5744340277777777,0.5977003614916286,0.02049242328088508,-1.135362733579355,Virgen,Sensor 5
5,2019-01-05,0.5721145833333332,0.5977003614916286,0.02049242328088508,-1.248548197916707,Virgen,Sensor 5
5,2019-01-06,0.5688819444444444,0.5977003614916286,0.02049242328088508,-1.406296202853934,Virgen,Sensor 5
5,2019-01-07,0.5664131944444444,0.5977003614916286,0.02049242328088508,-1.5267675578597044,Virgen,Sensor 5
5,2019-01-08,0.5766458333333333,0.5977003614916286,0.02049242328088508,-1.0274298880959862,Virgen,Sensor 5
5,2019-01-09,0.5946215277777778,0.5977003614916286,0.02049242328088508,-0.15024253948154315,Virgen,Sensor 5
5,2019-01-10,0.5935277777777777,0.5977003614916286,0.02049242328088508,-0.20361592461068712,Virgen,Sensor 5
5,2019-01-11,0.5911180555555555,0.5977003614916286,0.02049242328088508,-0.3212068112126574,Virgen,Sensor 5
5,2019-01-12,0.5884270833333333,0.5977003614916286,0.02049242328088508,-0.4525222825621263,Virgen,Sensor 5
5,2019-01-13,0.58553125,0.5977003614916286,0.02049242328088508,-0.5938346736659396,Virgen,Sensor 5
5,2019-01-14,0.5826701388888889,0.5977003614916286,0.02049242328088508,-0.7334526715910497,Virgen,Sensor 5
5,2019-01-15,0.5803645833333333,0.5977003614916286,0.02049242328088508,-0.8459603786569162,Virgen,Sensor 5
5,2019-01-16,0.5786180555555556,0.5977003614916286,0.02049242328088508,-0.9311883555456648,Virgen,Sensor 5
5,2019-01-17,0.578,0.5977003614916286,0.02049242328088508,-0.9613485541265773,Virgen,Sensor 5
5,2019-01-18,0.5780416666666667,0.5977003614916286,0.02049242328088508,-0.9593152823121315,Virgen,Sensor 5
5,2019-01-19,0.5894236111111111,0.5977003614916286,0.02049242328088508,-0.4038931983333542,Virgen,Sensor 5
5,2019-01-20,0.6218784722222223,0.5977003614916286,0.02049242328088508,1.1798561058001604,Virgen,Sensor 5
5,2019-01-21,0.6166041666666666,0.5977003614916286,0.02049242328088508,0.9224777819552005,Virgen,Sensor 5
5,2019-01-22,0.6099930555555555,0.5977003614916286,0.02049242328088508,0.599865320730186,Virgen,Sensor 5
5,2019-01-23,0.6047708333333334,0.5977003614916286,0.02049242328088508,0.3450285866532887,Virgen,Sensor 5
5,2019-01-24,0.6005104166666667,0.5977003614916286,0.02049242328088508,0.13712654362645516,Virgen,Sensor 5
5,2019-01-25,0.597111111111111,0.5977003614916286,0.02049242328088508,-0.028754548568555284,Virgen,Sensor 5
5,2019-01-26,0.5936215277777778,0.5977003614916286,0.02049242328088508,-0.19904106302818397,Virgen,Sensor 5
5,2019-01-27,0.5903368055555556,0.5977003614916286,0.02049242328088508,-0.35933065773346834,Virgen,Sensor 5
5,2019-01-28,0.5932187499999999,0.5977003614916286,0.02049242328088508,-0.21869602390114065,Virgen,Sensor 5
5,2019-01-29,0.6275902777777778,0.5977003614916286,0.02049242328088508,1.4585837836967692,Virgen,Sensor 5
5,2019-01-30,0.6298472222222222,0.5977003614916286,0.02049242328088508,1.5687193403124526,Virgen,Sensor 5
5,2019-01-31,0.6219409722222222,0.5977003614916286,0.02049242328088508,1.182906013521824,Virgen,Sensor 5
5,2019-02-01,0.6198263888888889,0.5977003614916286,0.02049242328088508,1.0797174689388216,Virgen,Sensor 5
5,2019-02-02,0.6120034722222223,0.5977003614916286,0.02049242328088508,0.6979706857770844,Virgen,Sensor 5
5,2019-02-03,0.6050451388888889,0.5977003614916286,0.02049242328088508,0.35841429276503917,Virgen,Sensor 5
5,2019-02-04,0.6030729166666666,0.5977003614916286,0.02049242328088508,0.26217276021471786,Virgen,Sensor 5
5,2019-02-05,0.6134756944444444,0.5977003614916286,0.02049242328088508,0.7698129565540772,Virgen,Sensor 5
5,2019-02-06,0.6174027777777779,0.5977003614916286,0.02049242328088508,0.9614488250653711,Virgen,Sensor 5
5,2019-02-07,0.6149166666666667,0.5977003614916286,0.02049242328088508,0.8401302734702465,Virgen,Sensor 5
5,2019-02-08,0.6111388888888889,0.5977003614916286,0.02049242328088508,0.6557802956273818,Virgen,Sensor 5
5,2019-02-09,0.6139270833333333,0.5977003614916286,0.02049242328088508,0.7918400678772172,Virgen,Sensor 5
5,2019-02-10,0.6175208333333333,0.5977003614916286,0.02049242328088508,0.967209761872955,Virgen,Sensor 5
5,2019-02-11,0.6072500000000001,0.5977003614916286,0.02049242328088508,0.46600825961267056,Virgen,Sensor 5
5,2019-02-12,0.6022881944444445,0.5977003614916286,0.02049242328088508,0.22387947437603822,Virgen,Sensor 5
5,2019-02-13,0.6024999999999999,0.5977003614916286,0.02049242328088508,0.23421527276611992,Virgen,Sensor 5
5,2019-02-14,0.6079548611111112,0.5977003614916286,0.02049242328088508,0.500404441140338,Virgen,Sensor 5
5,2019-02-15,0.6042569444444443,0.5977003614916286,0.02049242328088508,0.31995156760848004,Virgen,Sensor 5
5,2019-02-16,0.5989618055555556,0.5977003614916286,0.02049242328088508,0.06155660785630802,Virgen,Sensor 5
5,2019-02-17,0.5935972222222222,0.5977003614916286,0.02049242328088508,-0.20022713825327557,Virgen,Sensor 5
5,2019-02-18,0.5893645833333333,0.5977003614916286,0.02049242328088508,-0.4067736667371488,Virgen,Sensor 5
5,2019-02-19,0.58546875,0.5977003614916286,0.02049242328088508,-0.5968845813876029,Virgen,Sensor 5
5,2019-02-20,0.60515625,0.5977003614916286,0.02049242328088508,0.36383635093688577,Virgen,Sensor 5
5,2019-02-21,0.6090694444444444,0.5977003614916286,0.02049242328088508,0.554794462176694,Virgen,Sensor 5
5,2019-02-22,0.6050625,0.5977003614916286,0.02049242328088508,0.359261489354388,Virgen,Sensor 5
5,2019-02-23,0.6014652777777777,0.5977003614916286,0.02049242328088508,0.18372235604077602,Virgen,Sensor 5
5,2019-02-24,0.6029444444444444,0.5977003614916286,0.02049242328088508,0.25590350545351703,Virgen,Sensor 5
5,2019-02-25,0.6327326388888889,0.5977003614916286,0.02049242328088508,1.7095234134626542,Virgen,Sensor 5
5,2019-02-26,0.6243993055555556,0.5977003614916286,0.02049242328088508,1.3028690505739826,Virgen,Sensor 5
5,2019-02-27,0.6141666666666666,0.5977003614916286,0.02049242328088508,0.8035313808102645,Virgen,Sensor 5
5,2019-02-28,0.6049618055555555,0.5977003614916286,0.02049242328088508,0.35434774913614747,Virgen,Sensor 5
5,2019-03-01,0.5982638888888888,0.5977003614916286,0.02049242328088508,0.02749930496437795,Virgen,Sensor 5
5,2019-03-02,0.6033194444444444,0.5977003614916286,0.02049242328088508,0.274202951783508,Virgen,Sensor 5
5,2019-03-03,0.61728125,0.5977003614916286,0.02049242328088508,0.9555184489399077,Virgen,Sensor 5
5,2019-03-04,0.6207534722222222,0.5977003614916286,0.02049242328088508,1.1249577668101876,Virgen,Sensor 5
5,2019-03-05,0.611454861111111,0.5977003614916286,0.02049242328088508,0.6711992735535727,Virgen,Sensor 5
5,2019-03-06,0.602625,0.5977003614916286,0.02049242328088508,0.24031508820945205,Virgen,Sensor 5
5,2019-03-07,0.5976909722222222,0.5977003614916286,0.02049242328088508,-0.0004581824842145684,Virgen,Sensor 5
5,2019-03-08,0.5952256944444444,0.5977003614916286,0.02049242328088508,-0.12076009817211625,Virgen,Sensor 5
5,2019-03-09,0.5933888888888889,0.5977003614916286,0.02049242328088508,-0.21039349732549398,Virgen,Sensor 5
5,2019-03-10,0.5913055555555555,0.5977003614916286,0.02049242328088508,-0.3120570880476619,Virgen,Sensor 5
5,2019-03-11,0.5964166666666667,0.5977003614916286,0.02049242328088508,-0.06264241214260584,Virgen,Sensor 5
5,2019-03-12,0.5974965277777777,0.5977003614916286,0.02049242328088508,-0.009946784284952841,Virgen,Sensor 5
5,2019-03-13,0.5944791666666666,0.5977003614916286,0.02049242328088508,-0.15718955151422953,Virgen,Sensor 5
5,2019-03-14,0.5917222222222223,0.5977003614916286,0.02049242328088508,-0.2917243699032251,Virgen,Sensor 5
5,2019-03-15,0.593,0.5977003614916286,0.02049242328088508,-0.2293707009269651,Virgen,Sensor 5
5,2019-03-16,0.5925659722222222,0.5977003614916286,0.02049242328088508,-0.25055061566075076,Virgen,Sensor 5
5,2019-03-17,0.5905069444444444,0.5977003614916286,0.02049242328088508,-0.35102813115782705,Virgen,Sensor 5
5,2019-03-18,0.5883715277777778,0.5977003614916286,0.02049242328088508,-0.45523331164804687,Virgen,Sensor 5
5,2019-03-19,0.5909131944444445,0.5977003614916286,0.02049242328088508,-0.33120373096700173,Virgen,Sensor 5
5,2019-03-20,0.6029791666666666,0.5977003614916286,0.02049242328088508,0.2575978986322201,Virgen,Sensor 5
5,2019-03-21,0.60278125,0.5977003614916286,0.02049242328088508,0.24793985751361855,Virgen,Sensor 5
5,2019-03-22,0.6174062499999999,0.5977003614916286,0.02049242328088508,0.9616182643832344,Virgen,Sensor 5
5,2019-03-23,0.6280694444444445,0.5977003614916286,0.02049242328088508,1.4819664095628695,Virgen,Sensor 5
5,2019-03-24,0.6171354166666666,0.5977003614916286,0.02049242328088508,0.9484019975893526,Virgen,Sensor 5
5,2019-03-25,0.6098819444444444,0.5977003614916286,0.02049242328088508,0.5944432625583393,Virgen,Sensor 5
5,2019-03-26,0.6039131944444445,0.5977003614916286,0.02049242328088508,0.3031770751393289,Virgen,Sensor 5
5,2019-03-27,0.5982986111111112,0.5977003614916286,0.02049242328088508,0.029193698143086436,Virgen,Sensor 5
5,2019-03-28,0.5935972222222222,0.5977003614916286,0.02049242328088508,-0.20022713825327557,Virgen,Sensor 5
5,2019-03-29,0.5943854166666667,0.5977003614916286,0.02049242328088508,-0.16176441309672185,Virgen,Sensor 5
5,2019-03-30,0.5959201388888888,0.5977003614916286,0.02049242328088508,-0.08687223459806027,Virgen,Sensor 5
5,2019-03-31,0.60309375,0.5977003614916286,0.02049242328088508,0.26318939612194076,Virgen,Sensor 5
5,2019-04-01,0.6033680555555555,0.5977003614916286,0.02049242328088508,0.27657510223369125,Virgen,Sensor 5
5,2019-04-02,0.6175798611111111,0.5977003614916286,0.02049242328088508,0.9700902302767497,Virgen,Sensor 5
5,2019-04-03,0.6250555555555555,0.5977003614916286,0.02049242328088508,1.3348930816514615,Virgen,Sensor 5
5,2019-04-04,0.6237222222222223,0.5977003614916286,0.02049242328088508,1.269828383589281,Virgen,Sensor 5
5,2019-04-05,0.6172708333333333,0.5977003614916286,0.02049242328088508,0.9550101309862962,Virgen,Sensor 5
5,2019-04-06,0.6071597222222223,0.5977003614916286,0.02049242328088508,0.4616028373480415,Virgen,Sensor 5
5,2019-04-07,0.6005868055555555,0.5977003614916286,0.02049242328088508,0.14085420861959866,Virgen,Sensor 5
5,2019-04-08,0.5968229166666666,0.5977003614916286,0.02049242328088508,-0.04281801195178588,Virgen,Sensor 5
5,2019-04-09,0.5942847222222222,0.5977003614916286,0.02049242328088508,-0.16667815331496239,Virgen,Sensor 5
5,2019-04-10,0.5910625,0.5977003614916286,0.02049242328088508,-0.32391784029857795,Virgen,Sensor 5
5,2019-04-11,0.5874375,0.5977003614916286,0.02049242328088508,-0.5008124881551557,Virgen,Sensor 5
5,2019-04-12,0.5838888888888889,0.5977003614916286,0.02049242328088508,-0.673979471018579,Virgen,Sensor 5
5,2019-04-13,0.5811041666666665,0.5977003614916286,0.02049242328088508,-0.8098698039505511,Virgen,Sensor 5
5,2019-04-14,0.5793229166666667,0.5977003614916286,0.02049242328088508,-0.8967921740179974,Virgen,Sensor 5
5,2019-04-15,0.5781805555555555,0.5977003614916286,0.02049242328088508,-0.9525377095973246,Virgen,Sensor 5
5,2019-04-16,0.5774166666666667,0.5977003614916286,0.02049242328088508,-0.9898143595287813,Virgen,Sensor 5
5,2019-04-17,0.5760277777777777,0.5977003614916286,0.02049242328088508,-1.0575900866768986,Virgen,Sensor 5
5,2019-04-18,0.5745833333333333,0.5977003614916286,0.02049242328088508,-1.1280768429109311,Virgen,Sensor 5
5,2019-04-19,0.5727812499999999,0.5977003614916286,0.02049242328088508,-1.2160158488856112,Virgen,Sensor 5
5,2019-04-20,0.5713888888888888,0.5977003614916286,0.02049242328088508,-1.283961015351592,Virgen,Sensor 5
5,2019-04-21,0.571,0.5977003614916286,0.02049242328088508,-1.302938218953063,Virgen,Sensor 5
5,2019-04-22,0.5709965277777777,0.5977003614916286,0.02049242328088508,-1.303107658270937,Virgen,Sensor 5
5,2019-04-23,0.5826979166666666,0.5977003614916286,0.02049242328088508,-0.7320971570480894,Virgen,Sensor 5
5,2019-04-24,0.6189236111111112,0.5977003614916286,0.02049242328088508,1.0356632462925526,Virgen,Sensor 5
5,2019-04-25,0.6163298611111111,0.5977003614916286,0.02049242328088508,0.9090920758434501,Virgen,Sensor 5
5,2019-04-26,0.611,0.5977003614916286,0.02049242328088508,0.6490027229125696,Virgen,Sensor 5
5,2019-04-27,0.6063506944444444,0.5977003614916286,0.02049242328088508,0.42212347628426483,Virgen,Sensor 5
5,2019-04-28,0.6025381944444445,0.5977003614916286,0.02049242328088508,0.23607910526269707,Virgen,Sensor 5
5,2019-04-29,0.5997499999999999,0.5977003614916286,0.02049242328088508,0.10001933301285632,Virgen,Sensor 5
5,2019-04-30,0.59728125,0.5977003614916286,0.02049242328088508,-0.02045202199290862,Virgen,Sensor 5
5,2019-05-01,0.5951319444444444,0.5977003614916286,0.02049242328088508,-0.12533495975461398,Virgen,Sensor 5
5,2019-05-02,0.5928888888888888,0.5977003614916286,0.02049242328088508,-0.2347927590988171,Virgen,Sensor 5
5,2019-05-03,0.5905243055555556,0.5977003614916286,0.02049242328088508,-0.3501809345684728,Virgen,Sensor 5
5,2019-05-04,0.5886006944444444,0.5977003614916286,0.02049242328088508,-0.44405031666861094,Virgen,Sensor 5
5,2019-05-05,0.5865069444444444,0.5977003614916286,0.02049242328088508,-0.5462222253443904,Virgen,Sensor 5
5,2019-05-06,0.584392361111111,0.5977003614916286,0.02049242328088508,-0.6494107699273927,Virgen,Sensor 5
5,2019-05-07,0.5846284722222221,0.5977003614916286,0.02049242328088508,-0.6378888963122139,Virgen,Sensor 5
5,2019-05-08,0.5897430555555556,0.5977003614916286,0.02049242328088508,-0.3883047810892838,Virgen,Sensor 5
5,2019-05-09,0.5958437499999999,0.5977003614916286,0.02049242328088508,-0.09059989959120919,Virgen,Sensor 5
5,2019-05-10,0.5985694444444445,0.5977003614916286,0.02049242328088508,0.04240996493696821,Virgen,Sensor 5
5,2019-05-11,0.5995937499999999,0.5977003614916286,0.02049242328088508,0.09239456370869521,Virgen,Sensor 5
5,2019-05-12,0.5982222222222222,0.5977003614916286,0.02049242328088508,0.025466033149937516,Virgen,Sensor 5
5,2019-05-13,0.6071284722222222,0.5977003614916286,0.02049242328088508,0.4600778834872071,Virgen,Sensor 5
5,2019-05-14,0.6178472222222222,0.5977003614916286,0.02049242328088508,0.9831370577527628,Virgen,Sensor 5
5,2019-05-15,0.6210972222222222,0.5977003614916286,0.02049242328088508,1.1417322592793442,Virgen,Sensor 5
5,2019-05-16,0.61609375,0.5977003614916286,0.02049242328088508,0.8975702022282713,Virgen,Sensor 5
5,2019-05-17,0.6076284722222222,0.5977003614916286,0.02049242328088508,0.48447714526052477,Virgen,Sensor 5
5,2019-05-18,0.6024027777777777,0.5977003614916286,0.02049242328088508,0.2294709718657535,Virgen,Sensor 5
5,2019-05-19,0.5994409722222221,0.5977003614916286,0.02049242328088508,0.0849392337224028,Virgen,Sensor 5
5,2019-05-20,0.6093333333333333,0.5977003614916286,0.02049242328088508,0.567671850334833,Virgen,Sensor 5
5,2019-05-21,0.6145,0.5977003614916286,0.02049242328088508,0.8197975553258151,Virgen,Sensor 5
5,2019-05-22,0.6077499999999999,0.5977003614916286,0.02049242328088508,0.4904075213859828,Virgen,Sensor 5
5,2019-05-23,0.6024652777777777,0.5977003614916286,0.02049242328088508,0.23252087958741685,Virgen,Sensor 5
5,2019-05-24,0.5989513888888889,0.5977003614916286,0.02049242328088508,0.061048289902696555,Virgen,Sensor 5
5,2019-05-25,0.5968645833333333,0.5977003614916286,0.02049242328088508,-0.040784740137345454,Virgen,Sensor 5
5,2019-05-26,0.5950347222222222,0.5977003614916286,0.02049242328088508,-0.1300792606549804,Virgen,Sensor 5
5,2019-05-27,0.5966493055555555,0.5977003614916286,0.02049242328088508,-0.05128997784530123,Virgen,Sensor 5
5,2019-05-28,0.5941597222222222,0.5977003614916286,0.02049242328088508,-0.1727779687582891,Virgen,Sensor 5
5,2019-05-29,0.5978472222222222,0.5977003614916286,0.02049242328088508,0.007166586819946535,Virgen,Sensor 5
5,2019-05-30,0.6074965277777777,0.5977003614916286,0.02049242328088508,0.47803845118145527,Virgen,Sensor 5
5,2019-05-31,0.6092430555555555,0.5977003614916286,0.02049242328088508,0.563266428070204,Virgen,Sensor 5
5,2019-06-01,0.6063298611111111,0.5977003614916286,0.02049242328088508,0.42110684037704194,Virgen,Sensor 5
5,2019-06-02,0.6062951388888889,0.5977003614916286,0.02049242328088508,0.41941244719833887,Virgen,Sensor 5
5,2019-06-03,0.6063645833333333,0.5977003614916286,0.02049242328088508,0.422801233555745,Virgen,Sensor 5
5,2019-06-04,0.6045138888888889,0.5977003614916286,0.02049242328088508,0.3324900771308871,Virgen,Sensor 5
5,2019-06-05,0.60828125,0.5977003614916286,0.02049242328088508,0.5163317370201403,Virgen,Sensor 5
5,2019-06-06,0.61790625,0.5977003614916286,0.02049242328088508,0.9860175261565575,Virgen,Sensor 5
5,2019-06-07,0.6096145833333333,0.5977003614916286,0.02049242328088508,0.5813964350823263,Virgen,Sensor 5
5,2019-06-08,0.604,0.5977003614916286,0.02049242328088508,0.3074130580860838,Virgen,Sensor 5
5,2019-06-09,0.5997430555555555,0.5977003614916286,0.02049242328088508,0.09968045437711895,Virgen,Sensor 5
5,2019-06-10,0.6002222222222222,0.5977003614916286,0.02049242328088508,0.12306308024321914,Virgen,Sensor 5
5,2019-06-11,0.6043958333333334,0.5977003614916286,0.02049242328088508,0.32672914032329775,Virgen,Sensor 5
5,2019-06-12,0.6088055555555555,0.5977003614916286,0.02049242328088508,0.5419170740185496,Virgen,Sensor 5
5,2019-06-13,0.6078125,0.5977003614916286,0.02049242328088508,0.4934574291076516,Virgen,Sensor 5
5,2019-06-14,0.6046631944444445,0.5977003614916286,0.02049242328088508,0.33977596779931085,Virgen,Sensor 5
5,2019-06-15,0.6046145833333333,0.5977003614916286,0.02049242328088508,0.3374038173491222,Virgen,Sensor 5
5,2019-06-16,0.6067222222222222,0.5977003614916286,0.02049242328088508,0.4402534832963817,Virgen,Sensor 5
5,2019-06-17,0.6085729166666667,0.5977003614916286,0.02049242328088508,0.530564639721245,Virgen,Sensor 5
5,2019-06-18,0.6085173611111111,0.5977003614916286,0.02049242328088508,0.527853610635319,Virgen,Sensor 5
5,2019-06-19,0.6097951388888889,0.5977003614916286,0.02049242328088508,0.5902072796115844,Virgen,Sensor 5
5,2019-06-20,0.6133159722222222,0.5977003614916286,0.02049242328088508,0.7620187479320475,Virgen,Sensor 5
5,2019-06-21,0.6291041666666666,0.5977003614916286,0.02049242328088508,1.532459326288208,Virgen,Sensor 5
5,2019-06-22,0.618892361111111,0.5977003614916286,0.02049242328088508,1.0341382924317126,Virgen,Sensor 5
5,2019-06-23,0.6133645833333333,0.5977003614916286,0.02049242328088508,0.7643908983822307,Virgen,Sensor 5
5,2019-06-24,0.6179861111111111,0.5977003614916286,0.02049242328088508,0.9899146304675751,Virgen,Sensor 5
5,2019-06-25,0.6144791666666667,0.5977003614916286,0.02049242328088508,0.8187809194185922,Virgen,Sensor 5
5,2019-06-26,0.6078402777777777,0.5977003614916286,0.02049242328088508,0.4948129436506119,Virgen,Sensor 5
5,2019-06-27,0.6026180555555556,0.5977003614916286,0.02049242328088508,0.23997620957371468,Virgen,Sensor 5
5,2019-06-28,0.5985451388888889,0.5977003614916286,0.02049242328088508,0.041223889711876606,Virgen,Sensor 5
5,2019-06-29,0.5960902777777778,0.5977003614916286,0.02049242328088508,-0.0785697080224136,Virgen,Sensor 5
5,2019-06-30,0.5972048611111112,0.5977003614916286,0.02049242328088508,-0.02417968698605212,Virgen,Sensor 5
5,2019-07-01,0.5999444444444444,0.5977003614916286,0.02049242328088508,0.1095079348135946,Virgen,Sensor 5
5,2019-07-02,0.5989444444444444,0.5977003614916286,0.02049242328088508,0.060709411266953776,Virgen,Sensor 5
5,2019-07-03,0.5974479166666666,0.5977003614916286,0.02049242328088508,-0.012318934735136055,Virgen,Sensor 5
5,2019-07-04,0.5944444444444444,0.5977003614916286,0.02049242328088508,-0.1588839446929272,Virgen,Sensor 5
5,2019-07-05,0.5911284722222222,0.5977003614916286,0.02049242328088508,-0.3206984932590459,Virgen,Sensor 5
5,2019-07-06,0.5886840277777777,0.5977003614916286,0.02049242328088508,-0.4399837730397247,Virgen,Sensor 5
5,2019-07-07,0.588,0.5977003614916286,0.02049242328088508,-0.4733633186601692,Virgen,Sensor 5
5,2019-07-08,0.5958159722222223,0.5977003614916286,0.02049242328088508,-0.09195541413416407,Virgen,Sensor 5
5,2019-07-09,0.6214097222222222,0.5977003614916286,0.02049242328088508,1.1569817978876717,Virgen,Sensor 5
5,2019-07-10,0.6171666666666666,0.5977003614916286,0.02049242328088508,0.949926951450187,Virgen,Sensor 5
5,2019-07-11,0.6121840277777778,0.5977003614916286,0.02049242328088508,0.7067815303063372,Virgen,Sensor 5
5,2019-07-12,0.6078020833333333,0.5977003614916286,0.02049242328088508,0.49294911115404016,Virgen,Sensor 5
5,2019-07-13,0.6040208333333333,0.5977003614916286,0.02049242328088508,0.3084296939933068,Virgen,Sensor 5
5,2019-07-14,0.60971875,0.5977003614916286,0.02049242328088508,0.5864796146184355,Virgen,Sensor 5
5,2019-07-15,0.6275625,0.5977003614916286,0.02049242328088508,1.457228269153809,Virgen,Sensor 5
5,2019-07-16,0.6171597222222222,0.5977003614916286,0.02049242328088508,0.9495880728144442,Virgen,Sensor 5
5,2019-07-17,0.6107048611111111,0.5977003614916286,0.02049242328088508,0.6346003808935962,Virgen,Sensor 5
5,2019-07-18,0.6065555555555555,0.5977003614916286,0.02049242328088508,0.43212039603860913,Virgen,Sensor 5
5,2019-07-19,0.6032430555555555,0.5977003614916286,0.02049242328088508,0.2704752867903591,Virgen,Sensor 5
5,2019-07-20,0.6006805555555554,0.5977003614916286,0.02049242328088508,0.145429070202091,Virgen,Sensor 5
5,2019-07-21,0.6035972222222221,0.5977003614916286,0.02049242328088508,0.2877580972131272,Virgen,Sensor 5
5,2019-07-22,0.605298611111111,0.5977003614916286,0.02049242328088508,0.3707833629695667,Virgen,Sensor 5
5,2019-07-23,0.6110347222222222,0.5977003614916286,0.02049242328088508,0.6506971160912726,Virgen,Sensor 5
5,2019-07-24,0.617545138888889,0.5977003614916286,0.02049242328088508,0.9683958370980521,Virgen,Sensor 5
5,2019-07-25,0.6163194444444444,0.5977003614916286,0.02049242328088508,0.9085837578898386,Virgen,Sensor 5
5,2019-07-26,0.6118680555555556,0.5977003614916286,0.02049242328088508,0.6913625523801409,Virgen,Sensor 5
5,2019-07-27,0.6074409722222222,0.5977003614916286,0.02049242328088508,0.4753274220955293,Virgen,Sensor 5
5,2019-07-28,0.6047013888888889,0.5977003614916286,0.02049242328088508,0.3416398002958826,Virgen,Sensor 5
5,2019-07-29,0.6045694444444444,0.5977003614916286,0.02049242328088508,0.33520110621680765,Virgen,Sensor 5
5,2019-07-30,0.6016284722222223,0.5977003614916286,0.02049242328088508,0.19168600398068533,Virgen,Sensor 5
5,2019-07-31,0.5979930555555555,0.5977003614916286,0.02049242328088508,0.014283038170496176,Virgen,Sensor 5
5,2019-08-01,0.5943958333333332,0.5977003614916286,0.02049242328088508,-0.1612560951431158,Virgen,Sensor 5
5,2019-08-02,0.5908888888888888,0.5977003614916286,0.02049242328088508,-0.33238980619209874,Virgen,Sensor 5
5,2019-08-03,0.5873784722222222,0.5977003614916286,0.02049242328088508,-0.5036929565589503,Virgen,Sensor 5
5,2019-08-04,0.58759375,0.5977003614916286,0.02049242328088508,-0.4931877188509891,Virgen,Sensor 5
5,2019-08-05,0.5925069444444444,0.5977003614916286,0.02049242328088508,-0.25343108406454545,Virgen,Sensor 5
5,2019-08-06,0.5958437499999999,0.5977003614916286,0.02049242328088508,-0.09059989959120919,Virgen,Sensor 5
5,2019-08-07,0.5955659722222222,0.5977003614916286,0.02049242328088508,-0.10415504502082833,Virgen,Sensor 5
5,2019-08-08,0.5941006944444445,0.5977003614916286,0.02049242328088508,-0.17565843716208376,Virgen,Sensor 5
5,2019-08-09,0.5919583333333333,0.5977003614916286,0.02049242328088508,-0.28020249628805177,Virgen,Sensor 5
5,2019-08-10,0.5902499999999999,0.5977003614916286,0.02049242328088508,-0.3635666406802287,Virgen,Sensor 5
5,2019-08-11,0.5890277777777777,0.5977003614916286,0.02049242328088508,-0.42320928057056806,Virgen,Sensor 5
5,2019-08-12,0.589,0.5977003614916286,0.02049242328088508,-0.42456479511352835,Virgen,Sensor 5
5,2019-08-13,0.5888402777777777,0.5977003614916286,0.02049242328088508,-0.4323590037355636,Virgen,Sensor 5
5,2019-08-14,0.5892083333333332,0.5977003614916286,0.02049242328088508,-0.4143984360413154,Virgen,Sensor 5
5,2019-08-15,0.6004722222222223,0.5977003614916286,0.02049242328088508,0.13526271112988342,Virgen,Sensor 5
5,2019-08-16,0.6186354166666667,0.5977003614916286,0.02049242328088508,1.0215997829093166,Virgen,Sensor 5
5,2019-08-17,0.6143229166666667,0.5977003614916286,0.02049242328088508,0.8111561501144311,Virgen,Sensor 5
5,2019-08-18,0.6091493055555556,0.5977003614916286,0.02049242328088508,0.5586915664877117,Virgen,Sensor 5
5,2019-08-19,0.6045625,0.5977003614916286,0.02049242328088508,0.3348622275810703,Virgen,Sensor 5
5,2019-08-20,0.6013715277777778,0.5977003614916286,0.02049242328088508,0.1791474944582837,Virgen,Sensor 5
5,2019-08-21,0.5988784722222222,0.5977003614916286,0.02049242328088508,0.057490064227421735,Virgen,Sensor 5
5,2019-08-22,0.5968020833333333,0.5977003614916286,0.02049242328088508,-0.04383464785900881,Virgen,Sensor 5
5,2019-08-23,0.5977118055555555,0.5977003614916286,0.02049242328088508,0.0005584534230029391,Virgen,Sensor 5
5,2019-08-24,0.5988090277777778,0.5977003614916286,0.02049242328088508,0.0541012778700156,Virgen,Sensor 5
5,2019-08-25,0.6000868055555555,0.5977003614916286,0.02049242328088508,0.11645494684627555,Virgen,Sensor 5
5,2019-08-26,0.5993298611111111,0.5977003614916286,0.02049242328088508,0.07951717555055622,Virgen,Sensor 5
5,2019-08-27,0.5977569444444444,0.5977003614916286,0.02049242328088508,0.002761164555317471,Virgen,Sensor 5
5,2019-08-28,0.5953611111111111,0.5977003614916286,0.02049242328088508,-0.11415196477517264,Virgen,Sensor 5
5,2019-08-29,0.5949791666666666,0.5977003614916286,0.02049242328088508,-0.1327902897409064,Virgen,Sensor 5
5,2019-08-30,0.5955833333333334,0.5977003614916286,0.02049242328088508,-0.10330784843147409,Virgen,Sensor 5
5,2019-08-31,0.5934791666666667,0.5977003614916286,0.02049242328088508,-0.20598807506086492,Virgen,Sensor 5
5,2019-09-01,0.5909895833333333,0.5977003614916286,0.02049242328088508,-0.3274760659738582,Virgen,Sensor 5
5,2019-09-02,0.5879930555555555,0.5977003614916286,0.02049242328088508,-0.47370219729591195,Virgen,Sensor 5
5,2019-09-03,0.5844618055555555,0.5977003614916286,0.02049242328088508,-0.6460219835699865,Virgen,Sensor 5
5,2019-09-04,0.5810416666666666,0.5977003614916286,0.02049242328088508,-0.8129197116722144,Virgen,Sensor 5
5,2019-09-05,0.5782326388888888,0.5977003614916286,0.02049242328088508,-0.9499961198292727,Virgen,Sensor 5
5,2019-09-06,0.5760659722222221,0.5977003614916286,0.02049242328088508,-1.055726254180327,Virgen,Sensor 5
5,2019-09-07,0.5743715277777777,0.5977003614916286,0.02049242328088508,-1.1384126413010236,Virgen,Sensor 5
5,2019-09-08,0.57265625,0.5977003614916286,0.02049242328088508,-1.222115664328938,Virgen,Sensor 5
5,2019-09-09,0.5706423611111111,0.5977003614916286,0.02049242328088508,-1.3203904686936998,Virgen,Sensor 5
5,2019-09-10,0.5681527777777777,0.5977003614916286,0.02049242328088508,-1.441878459606693,Virgen,Sensor 5
5,2019-09-11,0.5647881944444444,0.5977003614916286,0.02049242328088508,-1.606065158622995,Virgen,Sensor 5
5,2019-09-12,0.561607638888889,0.5977003614916286,0.02049242328088508,-1.7612715737921647,Virgen,Sensor 5
5,2019-09-13,0.5596597222222223,0.5977003614916286,0.02049242328088508,-1.8563270311173945,Virgen,Sensor 5
5,2019-09-14,0.5588194444444445,0.5977003614916286,0.02049242328088508,-1.897331346042,Virgen,Sensor 5
5,2019-09-15,0.558,0.5977003614916286,0.02049242328088508,-1.9373190250593881,Virgen,Sensor 5
5,2019-09-16,0.5578368055555556,0.5977003614916286,0.02049242328088508,-1.945282672999292,Virgen,Sensor 5
5,2019-09-17,0.5567430555555556,0.5977003614916286,0.02049242328088508,-1.9986560581284307,Virgen,Sensor 5
5,2019-09-18,0.5550729166666667,0.5977003614916286,0.02049242328088508,-2.080156370024036,Virgen,Sensor 5
5,2019-09-19,0.5528333333333334,0.5977003614916286,0.02049242328088508,-2.189444730050365,Virgen,Sensor 5
5,2019-09-20,0.5505277777777778,0.5977003614916286,0.02049242328088508,-2.301952437116231,Virgen,Sensor 5
5,2019-09-21,0.5483125000000001,0.5977003614916286,0.02049242328088508,-2.4100547219174686,Virgen,Sensor 5
5,2019-09-22,0.5461666666666667,0.5977003614916286,0.02049242328088508,-2.5147682203613053,Virgen,Sensor 5
5,2019-09-23,0.5438402777777778,0.5977003614916286,0.02049242328088508,-2.6282925633343948,Virgen,Sensor 5
5,2019-09-24,0.5417048611111112,0.5977003614916286,0.02049242328088508,-2.7324977438246147,Virgen,Sensor 5
5,2019-09-25,0.5400277777777779,0.5977003614916286,0.02049242328088508,-2.814336934355957,Virgen,Sensor 5
5,2019-09-26,0.5386180555555556,0.5977003614916286,0.02049242328088508,-2.883129297411292,Virgen,Sensor 5
5,2019-09-27,0.5366111111111111,0.5977003614916286,0.02049242328088508,-2.9810652231403165,Virgen,Sensor 5
5,2019-09-28,0.5338125,0.5977003614916286,0.02049242328088508,-3.117633313343763,Virgen,Sensor 5
5,2019-09-29,0.5313368055555556,0.5977003614916286,0.02049242328088508,-3.238443546985271,Virgen,Sensor 5
5,2019-09-30,0.5288541666666666,0.5977003614916286,0.02049242328088508,-3.359592659262527,Virgen,Sensor 5
5,2019-10-01,0.5296423611111112,0.5977003614916286,0.02049242328088508,-3.3211299341059677,Virgen,Sensor 5
5,2019-10-02,0.5341354166666668,0.5977003614916286,0.02049242328088508,-3.101875456781824,Virgen,Sensor 5
5,2019-10-03,0.54975,0.5977003614916286,0.02049242328088508,-2.339906844319179,Virgen,Sensor 5
5,2019-10-04,0.5566215277777778,0.5977003614916286,0.02049242328088508,-2.0045864342538886,Virgen,Sensor 5
5,2019-10-05,0.5576076388888889,0.5977003614916286,0.02049242328088508,-1.9564656679787333,Virgen,Sensor 5
5,2019-10-06,0.5558472222222223,0.5977003614916286,0.02049242328088508,-2.0423714021389623,Virgen,Sensor 5
5,2019-10-07,0.57934375,0.5977003614916286,0.02049242328088508,-0.8957755381107745,Virgen,Sensor 5
5,2019-10-08,0.6251944444444445,0.5977003614916286,0.02049242328088508,1.3416706543662793,Virgen,Sensor 5
5,2019-10-09,0.6217361111111112,0.5977003614916286,0.02049242328088508,1.1729090937674795,Virgen,Sensor 5
5,2019-10-10,0.6155833333333334,0.5977003614916286,0.02049242328088508,0.8726626225013422,Virgen,Sensor 5
5,2019-10-11,0.6112430555555555,0.5977003614916286,0.02049242328088508,0.6608634751634856,Virgen,Sensor 5
5,2019-10-12,0.6076701388888889,0.5977003614916286,0.02049242328088508,0.48651041707497067,Virgen,Sensor 5
5,2019-10-13,0.604923611111111,0.5977003614916286,0.02049242328088508,0.35248391663957573,Virgen,Sensor 5
5,2019-10-14,0.60284375,0.5977003614916286,0.02049242328088508,0.25098976523528194,Virgen,Sensor 5
5,2019-10-15,0.6002951388888889,0.5977003614916286,0.02049242328088508,0.12662130591849396,Virgen,Sensor 5
5,2019-10-16,0.5980555555555555,0.5977003614916286,0.02049242328088508,0.017332945892159533,Virgen,Sensor 5
5,2019-10-17,0.5963229166666666,0.5977003614916286,0.02049242328088508,-0.067217273725109,Virgen,Sensor 5
5,2019-10-18,0.6622812499999999,0.5977003614916286,0.02049242328088508,3.151452008538739,Virgen,Sensor 5
5,2019-10-19,0.6568055555555555,0.5977003614916286,0.02049242328088508,2.8842462042573085,Virgen,Sensor 5
5,2019-10-20,0.6476215277777778,0.5977003614916286,0.02049242328088508,2.43607920849042,Virgen,Sensor 5
5,2019-10-21,0.6368923611111111,0.5977003614916286,0.02049242328088508,1.9125117162712528,Virgen,Sensor 5
5,2019-10-22,0.6310625000000001,0.5977003614916286,0.02049242328088508,1.6280231015670545,Virgen,Sensor 5
5,2019-10-23,0.6308090277777778,0.5977003614916286,0.02049242328088508,1.6156540313625216,Virgen,Sensor 5
5,2019-10-24,0.6289513888888889,0.5977003614916286,0.02049242328088508,1.525003996301921,Virgen,Sensor 5
5,2019-10-25,0.6610868055555555,0.5977003614916286,0.02049242328088508,3.093164883191365,Virgen,Sensor 5
5,2019-10-26,0.6374826388888889,0.5977003614916286,0.02049242328088508,1.9413164003091996,Virgen,Sensor 5
5,2019-10-27,0.6278645833333333,0.5977003614916286,0.02049242328088508,1.4719694898085198,Virgen,Sensor 5
5,2019-10-28,0.6185208333333333,0.5977003614916286,0.02049242328088508,1.0160082854195958,Virgen,Sensor 5
5,2019-10-29,0.6133298611111111,0.5977003614916286,0.02049242328088508,0.7626965052035276,Virgen,Sensor 5
5,2019-10-30,0.6344930555555556,0.5977003614916286,0.02049242328088508,1.7954291476228885,Virgen,Sensor 5
5,2019-10-31,0.6223993055555556,0.5977003614916286,0.02049242328088508,1.2052720034807012,Virgen,Sensor 5
5,2019-11-01,0.6135069444444444,0.5977003614916286,0.02049242328088508,0.7713379104149116,Virgen,Sensor 5
5,2019-11-02,0.6134895833333334,0.5977003614916286,0.02049242328088508,0.7704907138255628,Virgen,Sensor 5
5,2019-11-03,0.6101736111111111,0.5977003614916286,0.02049242328088508,0.608676165259444,Virgen,Sensor 5
5,2019-11-04,0.6065937499999999,0.5977003614916286,0.02049242328088508,0.4339842285351809,Virgen,Sensor 5
5,2019-11-05,0.6025138888888889,0.5977003614916286,0.02049242328088508,0.23489303003760548,Virgen,Sensor 5
5,2019-11-06,0.5988819444444444,0.5977003614916286,0.02049242328088508,0.05765950354529042,Virgen,Sensor 5
5,2019-11-07,0.5963090277777777,0.5977003614916286,0.02049242328088508,-0.06789503099658914,Virgen,Sensor 5
5,2019-11-08,0.5949027777777778,0.5977003614916286,0.02049242328088508,-0.1365179547340499,Virgen,Sensor 5
5,2019-11-09,0.593204861111111,0.5977003614916286,0.02049242328088508,-0.2193737811726208,Virgen,Sensor 5
5,2019-11-10,0.5913854166666667,0.5977003614916286,0.02049242328088508,-0.30815998373664427,Virgen,Sensor 5
5,2019-11-11,0.6018784722222222,0.5977003614916286,0.02049242328088508,0.20388563486734418,Virgen,Sensor 5
5,2019-11-12,0.615361111111111,0.5977003614916286,0.02049242328088508,0.8618185061576382,Virgen,Sensor 5
5,2019-11-13,0.6151145833333334,0.5977003614916286,0.02049242328088508,0.8497883145888535,Virgen,Sensor 5
5,2019-11-14,0.6114618055555555,0.5977003614916286,0.02049242328088508,0.6715381521893155,Virgen,Sensor 5
5,2019-11-15,0.6064583333333333,0.5977003614916286,0.02049242328088508,0.4273760951382427,Virgen,Sensor 5
5,2019-11-16,0.6017222222222222,0.5977003614916286,0.02049242328088508,0.19626086556317765,Virgen,Sensor 5
5,2019-11-17,0.5974583333333333,0.5977003614916286,0.02049242328088508,-0.011810616781524591,Virgen,Sensor 5
5,2019-11-18,0.5935416666666666,0.5977003614916286,0.02049242328088508,-0.20293816733920156,Virgen,Sensor 5
5,2019-11-19,0.5898993055555555,0.5977003614916286,0.02049242328088508,-0.38068001178512806,Virgen,Sensor 5
5,2019-11-20,0.5881423611111111,0.5977003614916286,0.02049242328088508,-0.46641630662748823,Virgen,Sensor 5
5,2019-11-21,0.5868090277777777,0.5977003614916286,0.02049242328088508,-0.5314810046896796,Virgen,Sensor 5
5,2019-11-22,0.5855555555555555,0.5977003614916286,0.02049242328088508,-0.5926485984408479,Virgen,Sensor 5
5,2019-11-23,0.5831909722222223,0.5977003614916286,0.02049242328088508,-0.7080367739105037,Virgen,Sensor 5
5,2019-11-24,0.5814479166666666,0.5977003614916286,0.02049242328088508,-0.7930953114813891,Virgen,Sensor 5
5,2019-11-25,0.5835,0.5977003614916286,0.02049242328088508,-0.6929566746200502,Virgen,Sensor 5
5,2019-11-26,0.5889930555555556,0.5977003614916286,0.02049242328088508,-0.42490367374926574,Virgen,Sensor 5
5,2019-11-27,0.59,0.5977003614916286,0.02049242328088508,-0.3757662715668876,Virgen,Sensor 5
5,2019-11-28,0.5898125,0.5977003614916286,0.02049242328088508,-0.38491599473188304,Virgen,Sensor 5
5,2019-11-29,0.589,0.5977003614916286,0.02049242328088508,-0.42456479511352835,Virgen,Sensor 5
5,2019-11-30,0.58734375,0.5977003614916286,0.02049242328088508,-0.505387349737648,Virgen,Sensor 5
5,2019-12-01,0.5868854166666666,0.5977003614916286,0.02049242328088508,-0.5277533396965307,Virgen,Sensor 5
5,2019-12-02,0.5957326388888888,0.5977003614916286,0.02049242328088508,-0.09602195776305576,Virgen,Sensor 5
5,2019-12-03,0.5988159722222223,0.5977003614916286,0.02049242328088508,0.054440156505758376,Virgen,Sensor 5
5,2019-12-04,0.5970624999999999,0.5977003614916286,0.02049242328088508,-0.031126699018738498,Virgen,Sensor 5
5,2019-12-05,0.5979479166666667,0.5977003614916286,0.02049242328088508,0.012080327038187061,Virgen,Sensor 5
5,2019-12-06,0.6277777777777778,0.5977003614916286,0.02049242328088508,1.4677335068617647,Virgen,Sensor 5
5,2019-12-07,0.6446006944444445,0.5977003614916286,0.02049242328088508,2.2886670019432747,Virgen,Sensor 5
5,2019-12-08,0.64028125,0.5977003614916286,0.02049242328088508,2.0778844905126466,Virgen,Sensor 5
5,2019-12-09,0.6331770833333333,0.5977003614916286,0.02049242328088508,1.7312116461500515,Virgen,Sensor 5
5,2019-12-10,0.6206388888888889,0.5977003614916286,0.02049242328088508,1.119366269320467,Virgen,Sensor 5
5,2019-12-11,0.6124340277777778,0.5977003614916286,0.02049242328088508,0.718981161192996,Virgen,Sensor 5
5,2019-12-12,0.613826388888889,0.5977003614916286,0.02049242328088508,0.7869263276589821,Virgen,Sensor 5
5,2019-12-13,0.6215347222222223,0.5977003614916286,0.02049242328088508,1.1630816133310038,Virgen,Sensor 5
5,2019-12-14,0.6139375,0.5977003614916286,0.02049242328088508,0.7923483858308287,Virgen,Sensor 5
5,2019-12-15,0.607923611111111,0.5977003614916286,0.02049242328088508,0.49887948727949816,Virgen,Sensor 5
5,2019-12-16,0.6028402777777777,0.5977003614916286,0.02049242328088508,0.2508203259174078,Virgen,Sensor 5
5,2019-12-17,0.5983159722222222,0.5977003614916286,0.02049242328088508,0.030040894732435264,Virgen,Sensor 5
5,2019-12-18,0.5940069444444444,0.5977003614916286,0.02049242328088508,-0.18023329874458693,Virgen,Sensor 5
5,2019-12-19,0.5905451388888889,0.5977003614916286,0.02049242328088508,-0.34916429866124993,Virgen,Sensor 5
5,2019-12-20,0.5896666666666666,0.5977003614916286,0.02049242328088508,-0.3920324460824381,Virgen,Sensor 5
5,2019-12-21,0.5894618055555555,0.5977003614916286,0.02049242328088508,-0.4020293658367824,Virgen,Sensor 5
5,2019-12-22,0.5895972222222222,0.5977003614916286,0.02049242328088508,-0.39542123243983884,Virgen,Sensor 5
5,2019-12-23,0.5906076388888889,0.5977003614916286,0.02049242328088508,-0.34611439093958657,Virgen,Sensor 5
5,2019-12-24,0.5914513888888888,0.5977003614916286,0.02049242328088508,-0.30494063669711224,Virgen,Sensor 5
5,2019-12-25,0.5917881944444444,0.5977003614916286,0.02049242328088508,-0.288505022863693,Virgen,Sensor 5
5,2019-12-26,0.5906041666666666,0.5977003614916286,0.02049242328088508,-0.3462838302574606,Virgen,Sensor 5
5,2019-12-27,0.5884756944444445,0.5977003614916286,0.02049242328088508,-0.45015013211193766,Virgen,Sensor 5
5,2019-12-28,0.5877083333333333,0.5977003614916286,0.02049242328088508,-0.4875962213612739,Virgen,Sensor 5
5,2019-12-29,0.5868333333333333,0.5977003614916286,0.02049242328088508,-0.5302949294645826,Virgen,Sensor 5
5,2019-12-30,0.5880277777777778,0.5977003614916286,0.02049242328088508,-0.4720078041172035,Virgen,Sensor 5
5,2019-12-31,0.6172569444444445,0.5977003614916286,0.02049242328088508,0.954332373714816,Virgen,Sensor 5
6,2020-01-01,0.6290833333333333,0.598435048432532,0.019809225161422816,1.5471723225442884,Virgen,Sensor 6
6,2020-01-02,0.6241493055555556,0.598435048432532,0.019809225161422816,1.2980950498306418,Virgen,Sensor 6
6,2020-01-03,0.6164340277777778,0.598435048432532,0.019809225161422816,0.9086160209990239,Virgen,Sensor 6
6,2020-01-04,0.6128541666666667,0.598435048432532,0.019809225161422816,0.7278991538858857,Virgen,Sensor 6
6,2020-01-05,0.6085416666666666,0.598435048432532,0.019809225161422816,0.5101975545119553,Virgen,Sensor 6
6,2020-01-06,0.6046701388888889,0.598435048432532,0.019809225161422816,0.3147569077310139,Virgen,Sensor 6
6,2020-01-07,0.600486111111111,0.598435048432532,0.019809225161422816,0.10354078273456806,Virgen,Sensor 6
6,2020-01-08,0.5976111111111111,0.598435048432532,0.019809225161422816,-0.0415936168480485,Virgen,Sensor 6
6,2020-01-09,0.5969166666666667,0.598435048432532,0.019809225161422816,-0.07665023510471951,Virgen,Sensor 6
6,2020-01-10,0.5944027777777777,0.598435048432532,0.019809225161422816,-0.20355519319387094,Virgen,Sensor 6
6,2020-01-11,0.5921597222222222,0.598435048432532,0.019809225161422816,-0.31678807016291516,Virgen,Sensor 6
6,2020-01-12,0.5906076388888889,0.598435048432532,0.019809225161422816,-0.39513961196657565,Virgen,Sensor 6
6,2020-01-13,0.5888541666666667,0.598435048432532,0.019809225161422816,-0.4836575730646701,Virgen,Sensor 6
6,2020-01-14,0.5870590277777777,0.598435048432532,0.019809225161422816,-0.5742789312581674,Virgen,Sensor 6
6,2020-01-15,0.5847256944444443,0.598435048432532,0.019809225161422816,-0.6920691686005863,Virgen,Sensor 6
6,2020-01-16,0.5820868055555555,0.598435048432532,0.019809225161422816,-0.825284317975935,Virgen,Sensor 6
6,2020-01-17,0.5797708333333333,0.598435048432532,0.019809225161422816,-0.9421981398619286,Virgen,Sensor 6
6,2020-01-18,0.5769444444444445,0.598435048432532,0.019809225161422816,-1.084878576166579,Virgen,Sensor 6
6,2020-01-19,0.575375,0.598435048432532,0.019809225161422816,-1.1641065334266592,Virgen,Sensor 6
6,2020-01-20,0.5752395833333332,0.598435048432532,0.019809225161422816,-1.1709425739867128,Virgen,Sensor 6
6,2020-01-21,0.5774166666666667,0.598435048432532,0.019809225161422816,-1.0610400757520433,Virgen,Sensor 6
6,2020-01-22,0.5836944444444444,0.598435048432532,0.019809225161422816,-0.7441282467117393,Virgen,Sensor 6
6,2020-01-23,0.5876180555555555,0.598435048432532,0.019809225161422816,-0.54605835356155,Virgen,Sensor 6
6,2020-01-24,0.5877152777777778,0.598435048432532,0.019809225161422816,-0.5411504270056119,Virgen,Sensor 6
6,2020-01-25,0.5935277777777777,0.598435048432532,0.019809225161422816,-0.24772653219728014,Virgen,Sensor 6
6,2020-01-26,0.6304166666666666,0.598435048432532,0.019809225161422816,1.614481029597095,Virgen,Sensor 6
6,2020-01-27,0.623107638888889,0.598435048432532,0.019809225161422816,1.2455101224456382,Virgen,Sensor 6
6,2020-01-28,0.6151701388888889,0.598435048432532,0.019809225161422816,0.8448129757718849,Virgen,Sensor 6
6,2020-01-29,0.6089652777777778,0.598435048432532,0.019809225161422816,0.5315820916485247,Virgen,Sensor 6
6,2020-01-30,0.6061493055555556,0.598435048432532,0.019809225161422816,0.389427504617725,Virgen,Sensor 6
6,2020-01-31,0.6031736111111111,0.598435048432532,0.019809225161422816,0.23920989538788864,Virgen,Sensor 6
6,2020-02-01,0.6001944444444445,0.598435048432532,0.019809225161422816,0.08881700306677061,Virgen,Sensor 6
6,2020-02-02,0.5983472222222221,0.598435048432532,0.019809225161422816,-0.0044336014959802435,Virgen,Sensor 6
6,2020-02-03,0.5980104166666667,0.598435048432532,0.019809225161422816,-0.021436061350462242,Virgen,Sensor 6
6,2020-02-04,0.5970833333333333,0.598435048432532,0.019809225161422816,-0.06823664672311937,Virgen,Sensor 6
6,2020-02-05,0.594892361111111,0.598435048432532,0.019809225161422816,-0.1788402773229212,Virgen,Sensor 6
6,2020-02-06,0.5914756944444445,0.598435048432532,0.019809225161422816,-0.3513188391457355,Virgen,Sensor 6
6,2020-02-07,0.5879479166666666,0.598435048432532,0.019809225161422816,-0.5294064598896314,Virgen,Sensor 6
6,2020-02-08,0.5843576388888888,0.598435048432532,0.019809225161422816,-0.7106491762766204,Virgen,Sensor 6
6,2020-02-09,0.5808784722222221,0.598435048432532,0.019809225161422816,-0.8862828337425445,Virgen,Sensor 6
6,2020-02-10,0.5790277777777777,0.598435048432532,0.019809225161422816,-0.9797087213965714,Virgen,Sensor 6
6,2020-02-11,0.5775659722222222,0.598435048432532,0.019809225161422816,-1.0535029028268628,Virgen,Sensor 6
6,2020-02-12,0.5753576388888888,0.598435048432532,0.019809225161422816,-1.1649829488830787,Virgen,Sensor 6
6,2020-02-13,0.5729513888888889,0.598435048432532,0.019809225161422816,-1.2864541311424413,Virgen,Sensor 6
6,2020-02-14,0.5705798611111111,0.598435048432532,0.019809225161422816,-1.4061724824889703,Virgen,Sensor 6
6,2020-02-15,0.5679513888888889,0.598435048432532,0.019809225161422816,-1.5388617825904738,Virgen,Sensor 6
6,2020-02-16,0.5652951388888888,0.598435048432532,0.019809225161422816,-1.6729533474222424,Virgen,Sensor 6
6,2020-02-17,0.5629097222222222,0.598435048432532,0.019809225161422816,-1.7933728311339037,Virgen,Sensor 6
6,2020-02-18,0.5607083333333334,0.598435048432532,0.019809225161422816,-1.9045023110075505,Virgen,Sensor 6
6,2020-02-19,0.5585173611111112,0.598435048432532,0.019809225161422816,-2.015105941607347,Virgen,Sensor 6
6,2020-02-20,0.5565972222222223,0.598435048432532,0.019809225161422816,-2.112037491087041,Virgen,Sensor 6
6,2020-02-21,0.5548854166666667,0.598435048432532,0.019809225161422816,-2.1984520550897386,Virgen,Sensor 6
6,2020-02-22,0.5530868055555556,0.598435048432532,0.019809225161422816,-2.2892486963745178,Virgen,Sensor 6
6,2020-02-23,0.5508958333333334,0.598435048432532,0.019809225161422816,-2.399852326974314,Virgen,Sensor 6
6,2020-02-24,0.5489826388888889,0.598435048432532,0.019809225161422816,-2.496433310271445,Virgen,Sensor 6
6,2020-02-25,0.5478472222222223,0.598435048432532,0.019809225161422816,-2.5537508811210996,Virgen,Sensor 6
6,2020-02-26,0.5467048611111112,0.598435048432532,0.019809225161422816,-2.611419018153323,Virgen,Sensor 6
6,2020-02-27,0.5487118055555557,0.598435048432532,0.019809225161422816,-2.510105391391541,Virgen,Sensor 6
6,2020-02-28,0.5572361111111112,0.598435048432532,0.019809225161422816,-2.0797854022909057,Virgen,Sensor 6
6,2020-02-29,0.5629548611111111,0.598435048432532,0.019809225161422816,-1.7910941509472191,Virgen,Sensor 6
6,2020-03-01,0.5689375,0.598435048432532,0.019809225161422816,-1.4890813846659998,Virgen,Sensor 6
6,2020-03-02,0.5729722222222222,0.598435048432532,0.019809225161422816,-1.28540243259474,Virgen,Sensor 6
6,2020-03-03,0.575048611111111,0.598435048432532,0.019809225161422816,-1.180583144007296,Virgen,Sensor 6
6,2020-03-04,0.5766493055555555,0.598435048432532,0.019809225161422816,-1.0997776389256693,Virgen,Sensor 6
6,2020-03-05,0.5769375,0.598435048432532,0.019809225161422816,-1.0852291423491478,Virgen,Sensor 6
6,2020-03-06,0.577,0.598435048432532,0.019809225161422816,-1.0820740467060492,Virgen,Sensor 6
6,2020-03-07,0.5789930555555556,0.598435048432532,0.019809225161422816,-0.9814615523093997,Virgen,Sensor 6
6,2020-03-08,0.5872291666666666,0.598435048432532,0.019809225161422816,-0.5656900597852855,Virgen,Sensor 6
6,2020-03-09,0.5978320610687023,0.598435048432532,0.019809225161422816,-0.03043972487141833,Virgen,Sensor 6
6,2020-03-18,0.5976999999999999,0.598435048432532,0.019809225161422816,-0.03710636971119882,Virgen,Sensor 6
6,2020-03-19,0.5964548611111111,0.598435048432532,0.019809225161422816,-0.09996288624540442,Virgen,Sensor 6
6,2020-03-20,0.5942118055555555,0.598435048432532,0.019809225161422816,-0.21319576321445421,Virgen,Sensor 6
6,2020-03-21,0.5917743055555555,0.598435048432532,0.019809225161422816,-0.336244493295369,Virgen,Sensor 6
6,2020-03-22,0.5888298611111111,0.598435048432532,0.019809225161422816,-0.4848845547036532,Virgen,Sensor 6
6,2020-03-23,0.5858854166666666,0.598435048432532,0.019809225161422816,-0.633524616111943,Virgen,Sensor 6
6,2020-03-24,0.5826770833333332,0.598435048432532,0.019809225161422816,-0.7954861924577655,Virgen,Sensor 6
6,2020-03-25,0.5793472222222221,0.598435048432532,0.019809225161422816,-0.9635826769985035,Virgen,Sensor 6
6,2020-03-26,0.5765277777777778,0.598435048432532,0.019809225161422816,-1.1059125471205848,Virgen,Sensor 6
6,2020-03-27,0.5736458333333333,0.598435048432532,0.019809225161422816,-1.2513975128857704,Virgen,Sensor 6
6,2020-03-28,0.5708576388888889,0.598435048432532,0.019809225161422816,-1.3921498351863053,Virgen,Sensor 6
6,2020-03-29,0.569017361111111,0.598435048432532,0.019809225161422816,-1.485049873566487,Virgen,Sensor 6
6,2020-03-30,0.5682326388888889,0.598435048432532,0.019809225161422816,-1.5246638521965215,Virgen,Sensor 6
6,2020-03-31,0.567673611111111,0.598435048432532,0.019809225161422816,-1.5528844298931446,Virgen,Sensor 6
6,2020-04-01,0.5664895833333332,0.598435048432532,0.019809225161422816,-1.612655964020771,Virgen,Sensor 6
6,2020-04-02,0.5789027777777778,0.598435048432532,0.019809225161422816,-0.9860189126827688,Virgen,Sensor 6
6,2020-04-03,0.6213333333333333,0.598435048432532,0.019809225161422816,1.1559404627998366,Virgen,Sensor 6
6,2020-04-04,0.6192534722222223,0.598435048432532,0.019809225161422816,1.050945891121111,Virgen,Sensor 6
6,2020-04-05,0.6151701388888889,0.598435048432532,0.019809225161422816,0.8448129757718849,Virgen,Sensor 6
6,2020-04-06,0.6158090277777778,0.598435048432532,0.019809225161422816,0.8770650645680206,Virgen,Sensor 6
6,2020-04-07,0.6243923611111111,0.598435048432532,0.019809225161422816,1.310364866220473,Virgen,Sensor 6
6,2020-04-08,0.6200416666666667,0.598435048432532,0.019809225161422816,1.0907351528424327,Virgen,Sensor 6
6,2020-04-09,0.6134201388888889,0.598435048432532,0.019809225161422816,0.756470297765072,Virgen,Sensor 6
6,2020-04-10,0.6093611111111111,0.598435048432532,0.019809225161422816,0.5515643640548291,Virgen,Sensor 6
6,2020-04-11,0.6096840277777777,0.598435048432532,0.019809225161422816,0.5678656915441788,Virgen,Sensor 6
6,2020-04-12,0.6280451388888889,0.598435048432532,0.019809225161422816,1.4947626782505663,Virgen,Sensor 6
6,2020-04-13,0.6636631944444444,0.598435048432532,0.019809225161422816,3.2928166286352276,Virgen,Sensor 6
6,2020-04-14,0.6483090277777778,0.598435048432532,0.019809225161422816,2.517714798980229,Virgen,Sensor 6
6,2020-04-15,0.6254340277777778,0.598435048432532,0.019809225161422816,1.3629497936054824,Virgen,Sensor 6
6,2020-04-16,0.6141631944444444,0.598435048432532,0.019809225161422816,0.7939808792997093,Virgen,Sensor 6
6,2020-04-17,0.6101388888888889,0.598435048432532,0.019809225161422816,0.5908277765023002,Virgen,Sensor 6
6,2020-04-18,0.6079097222222223,0.598435048432532,0.019809225161422816,0.4782960318983885,Virgen,Sensor 6
6,2020-04-19,0.6134965277777777,0.598435048432532,0.019809225161422816,0.7603265257733032,Virgen,Sensor 6
6,2020-04-20,0.6118055555555555,0.598435048432532,0.019809225161422816,0.6749636603183073,Virgen,Sensor 6
6,2020-04-21,0.6078749999999999,0.598435048432532,0.019809225161422816,0.47654320098554903,Virgen,Sensor 6
6,2020-04-22,0.6044027777777777,0.598435048432532,0.019809225161422816,0.30126010970219397,Virgen,Sensor 6
6,2020-04-23,0.6017638888888889,0.598435048432532,0.019809225161422816,0.1680449603268452,Virgen,Sensor 6
6,2020-04-24,0.6007083333333333,0.598435048432532,0.019809225161422816,0.11475890057670346,Virgen,Sensor 6
6,2020-04-25,0.6273263888888888,0.598435048432532,0.019809225161422816,1.4584790783549066,Virgen,Sensor 6
6,2020-04-26,0.6409652777777778,0.598435048432532,0.019809225161422816,2.146991060915932,Virgen,Sensor 6
6,2020-04-27,0.6241875,0.598435048432532,0.019809225161422816,1.3000231638347572,Virgen,Sensor 6
6,2020-04-28,0.6149097222222222,0.598435048432532,0.019809225161422816,0.8316667439256283,Virgen,Sensor 6
6,2020-04-29,0.6095798611111111,0.598435048432532,0.019809225161422816,0.5626071988056772,Virgen,Sensor 6
6,2020-04-30,0.6053124999999999,0.598435048432532,0.019809225161422816,0.34718427961843135,Virgen,Sensor 6
6,2020-05-01,0.6224479166666667,0.598435048432532,0.019809225161422816,1.2122063351017953,Virgen,Sensor 6
6,2020-05-02,0.6618194444444445,0.598435048432532,0.019809225161422816,3.19974130716377,Virgen,Sensor 6
6,2020-05-03,0.6407326388888889,0.598435048432532,0.019809225161422816,2.135247093799946,Virgen,Sensor 6
6,2020-05-04,0.6327361111111112,0.598435048432532,0.019809225161422816,1.7315701345743815,Virgen,Sensor 6
6,2020-05-05,0.6324340277777778,0.598435048432532,0.019809225161422816,1.7163205056327278,Virgen,Sensor 6
6,2020-05-06,0.6199513888888889,0.598435048432532,0.019809225161422816,1.0861777924690637,Virgen,Sensor 6
6,2020-05-07,0.6115486111111111,0.598435048432532,0.019809225161422816,0.6619927115633437,Virgen,Sensor 6
6,2020-05-08,0.6087465277777777,0.598435048432532,0.019809225161422816,0.5205392568976709,Virgen,Sensor 6
6,2020-05-09,0.6144131944444444,0.598435048432532,0.019809225161422816,0.8066012618721096,Virgen,Sensor 6
6,2020-05-10,0.6140208333333333,0.598435048432532,0.019809225161422816,0.7867942725570923,Virgen,Sensor 6
6,2020-05-11,0.6094618055555556,0.598435048432532,0.019809225161422816,0.556647573702049,Virgen,Sensor 6
6,2020-05-12,0.6483159722222223,0.598435048432532,0.019809225161422816,2.5180653651627978,Virgen,Sensor 6
6,2020-05-13,0.6399479166666667,0.598435048432532,0.019809225161422816,2.0956331151699117,Virgen,Sensor 6
6,2020-05-14,0.6224791666666667,0.598435048432532,0.019809225161422816,1.2137838829233474,Virgen,Sensor 6
6,2020-05-15,0.6129305555555555,0.598435048432532,0.019809225161422816,0.7317553818941167,Virgen,Sensor 6
6,2020-05-16,0.6082326388888889,0.598435048432532,0.019809225161422816,0.4945973593877381,Virgen,Sensor 6
6,2020-05-17,0.618125,0.598435048432532,0.019809225161422816,0.9939788864540198,Virgen,Sensor 6
6,2020-05-18,0.6157222222222223,0.598435048432532,0.019809225161422816,0.8726829872859388,Virgen,Sensor 6
6,2020-05-19,0.6145104166666666,0.598435048432532,0.019809225161422816,0.8115091884280421,Virgen,Sensor 6
6,2020-05-20,0.6117465277777777,0.598435048432532,0.019809225161422816,0.6719838477664903,Virgen,Sensor 6
6,2020-05-21,0.6100520833333333,0.598435048432532,0.019809225161422816,0.5864456992202128,Virgen,Sensor 6
6,2020-05-22,0.6089270833333333,0.598435048432532,0.019809225161422816,0.529653977644409,Virgen,Sensor 6
6,2020-05-23,0.6067743055555556,0.598435048432532,0.019809225161422816,0.4209784610487284,Virgen,Sensor 6
6,2020-05-24,0.606920138888889,0.598435048432532,0.019809225161422816,0.42834035088263267,Virgen,Sensor 6
6,2020-05-25,0.6125972222222222,0.598435048432532,0.019809225161422816,0.7149282051309165,Virgen,Sensor 6
6,2020-05-26,0.6129895833333333,0.598435048432532,0.019809225161422816,0.7347351944459337,Virgen,Sensor 6
6,2020-05-27,0.6109965277777777,0.598435048432532,0.019809225161422816,0.6341227000492841,Virgen,Sensor 6
6,2020-05-28,0.6069895833333333,0.598435048432532,0.019809225161422816,0.43184601270829476,Virgen,Sensor 6
6,2020-05-29,0.6028645833333334,0.598435048432532,0.019809225161422816,0.22360970026367147,Virgen,Sensor 6
6,2020-05-30,0.6138402777777778,0.598435048432532,0.019809225161422816,0.7776795518103597,Virgen,Sensor 6
6,2020-05-31,0.6265208333333333,0.598435048432532,0.019809225161422816,1.4178134011771706,Virgen,Sensor 6
6,2020-06-01,0.6176805555555556,0.598435048432532,0.019809225161422816,0.971542650769749,Virgen,Sensor 6
6,2020-06-02,0.61296875,0.598435048432532,0.019809225161422816,0.7336834958982322,Virgen,Sensor 6
6,2020-06-03,0.6153958333333334,0.598435048432532,0.019809225161422816,0.856206376705302,Virgen,Sensor 6
6,2020-06-04,0.6115486111111111,0.598435048432532,0.019809225161422816,0.6619927115633437,Virgen,Sensor 6
6,2020-06-05,0.6066562499999999,0.598435048432532,0.019809225161422816,0.41501883594508887,Virgen,Sensor 6
6,2020-06-06,0.6034375,0.598435048432532,0.019809225161422816,0.2525314103254213,Virgen,Sensor 6
6,2020-06-07,0.6001597222222222,0.598435048432532,0.019809225161422816,0.08706417215393678,Virgen,Sensor 6
6,2020-06-08,0.5972638888888889,0.598435048432532,0.019809225161422816,-0.059121925976381204,Virgen,Sensor 6
6,2020-06-09,0.5945277777777778,0.598435048432532,0.019809225161422816,-0.19724500190766803,Virgen,Sensor 6
6,2020-06-10,0.5917777777777777,0.598435048432532,0.019809225161422816,-0.3360692102040873,Virgen,Sensor 6
6,2020-06-11,0.5890902777777778,0.598435048432532,0.019809225161422816,-0.4717383228574023,Virgen,Sensor 6
6,2020-06-12,0.5866493055555555,0.598435048432532,0.019809225161422816,-0.5949623360296044,Virgen,Sensor 6
6,2020-06-13,0.5839166666666666,0.598435048432532,0.019809225161422816,-0.7329101288696039,Virgen,Sensor 6
6,2020-06-14,0.58075,0.598435048432532,0.019809225161422816,-0.8927683081200235,Virgen,Sensor 6
6,2020-06-15,0.5784305555555556,0.598435048432532,0.019809225161422816,-1.0098574130973044,Virgen,Sensor 6
6,2020-06-16,0.5758958333333333,0.598435048432532,0.019809225161422816,-1.1378140697341572,Virgen,Sensor 6
6,2020-06-17,0.5927673611111111,0.598435048432532,0.019809225161422816,-0.2861135291883315,Virgen,Sensor 6
6,2020-06-18,0.6051527777777778,0.598435048432532,0.019809225161422816,0.3391212574194002,Virgen,Sensor 6
6,2020-06-19,0.6048819444444444,0.598435048432532,0.019809225161422816,0.3254491762992986,Virgen,Sensor 6
6,2020-06-20,0.6066354166666666,0.598435048432532,0.019809225161422816,0.41396713739739305,Virgen,Sensor 6
6,2020-06-21,0.6331111111111112,0.598435048432532,0.019809225161422816,1.7505007084329847,Virgen,Sensor 6
6,2020-06-22,0.6296076388888889,0.598435048432532,0.019809225161422816,1.5736400693280774,Virgen,Sensor 6
6,2020-06-23,0.6206180555555556,0.598435048432532,0.019809225161422816,1.1198321459954699,Virgen,Sensor 6
6,2020-06-24,0.6146388888888888,0.598435048432532,0.019809225161422816,0.8179946628055267,Virgen,Sensor 6
6,2020-06-25,0.6099895833333333,0.598435048432532,0.019809225161422816,0.5832906035771143,Virgen,Sensor 6
6,2020-06-26,0.6061180555555555,0.598435048432532,0.019809225161422816,0.3878499567961729,Virgen,Sensor 6
6,2020-06-27,0.6071875,0.598435048432532,0.019809225161422816,0.44183714891144704,Virgen,Sensor 6
6,2020-06-28,0.6110520833333334,0.598435048432532,0.019809225161422816,0.6369272295098249,Virgen,Sensor 6
6,2020-06-29,0.6098888888888889,0.598435048432532,0.019809225161422816,0.5782073939299001,Virgen,Sensor 6
6,2020-06-30,0.6083472222222223,0.598435048432532,0.019809225161422816,0.5003817014000903,Virgen,Sensor 6
6,2020-07-01,0.6057534722222222,0.598435048432532,0.019809225161422816,0.36944523221142045,Virgen,Sensor 6
6,2020-07-02,0.6049131944444445,0.598435048432532,0.019809225161422816,0.3270267241208507,Virgen,Sensor 6
6,2020-07-03,0.6087847222222221,0.598435048432532,0.019809225161422816,0.5224673709017864,Virgen,Sensor 6
6,2020-07-04,0.6115243055555556,0.598435048432532,0.019809225161422816,0.6607657299243606,Virgen,Sensor 6
6,2020-07-05,0.6147743055555556,0.598435048432532,0.019809225161422816,0.8248307033655803,Virgen,Sensor 6
6,2020-07-06,0.6156701388888889,0.598435048432532,0.019809225161422816,0.8700537409166853,Virgen,Sensor 6
6,2020-07-07,0.6131979166666667,0.598435048432532,0.019809225161422816,0.7452521799229367,Virgen,Sensor 6
6,2020-07-08,0.6093645833333333,0.598435048432532,0.019809225161422816,0.5517396471461109,Virgen,Sensor 6
6,2020-07-09,0.6070034722222223,0.598435048432532,0.019809225161422816,0.4325471450734328,Virgen,Sensor 6
6,2020-07-10,0.6063784722222222,0.598435048432532,0.019809225161422816,0.4009961886424238,Virgen,Sensor 6
6,2020-07-11,0.6046875,0.598435048432532,0.019809225161422816,0.3156333231874336,Virgen,Sensor 6
6,2020-07-12,0.6081423611111111,0.598435048432532,0.019809225161422816,0.49003999901436895,Virgen,Sensor 6
6,2020-07-13,0.6124027777777777,0.598435048432532,0.019809225161422816,0.7051123520190459,Virgen,Sensor 6
6,2020-07-14,0.6213888888888889,0.598435048432532,0.019809225161422816,1.1587449922603719,Virgen,Sensor 6
6,2020-07-15,0.62090625,0.598435048432532,0.019809225161422816,1.1343806425719856,Virgen,Sensor 6
6,2020-07-16,0.62121875,0.598435048432532,0.019809225161422816,1.15015612078749,Virgen,Sensor 6
6,2020-07-17,0.6152500000000001,0.598435048432532,0.019809225161422816,0.8488444868714032,Virgen,Sensor 6
6,2020-07-18,0.6108090277777777,0.598435048432532,0.019809225161422816,0.6246574131199826,Virgen,Sensor 6
6,2020-07-19,0.6096388888888888,0.598435048432532,0.019809225161422816,0.5655870113574942,Virgen,Sensor 6
6,2020-07-20,0.6132013888888889,0.598435048432532,0.019809225161422816,0.7454274630142184,Virgen,Sensor 6
6,2020-07-21,0.617548611111111,0.598435048432532,0.019809225161422816,0.9648818933009771,Virgen,Sensor 6
6,2020-07-22,0.6183090277777779,0.598435048432532,0.019809225161422816,1.0032688902920397,Virgen,Sensor 6
6,2020-07-23,0.615875,0.598435048432532,0.019809225161422816,0.8803954433024009,Virgen,Sensor 6
6,2020-07-24,0.6118333333333333,0.598435048432532,0.019809225161422816,0.6763659250485777,Virgen,Sensor 6
6,2020-07-25,0.6125833333333334,0.598435048432532,0.019809225161422816,0.714227072765784,Virgen,Sensor 6
6,2020-07-26,0.6112256944444444,0.598435048432532,0.019809225161422816,0.6456913840739885,Virgen,Sensor 6
6,2020-07-27,0.6124791666666667,0.598435048432532,0.019809225161422816,0.7089685800272826,Virgen,Sensor 6
6,2020-07-28,0.6148298611111112,0.598435048432532,0.019809225161422816,0.8276352328261155,Virgen,Sensor 6
6,2020-07-29,0.6122638888888888,0.598435048432532,0.019809225161422816,0.6981010283677106,Virgen,Sensor 6
6,2020-07-30,0.6133854166666667,0.598435048432532,0.019809225161422816,0.7547174668522383,Virgen,Sensor 6
6,2020-07-31,0.6137812500000001,0.598435048432532,0.019809225161422816,0.7746997392585429,Virgen,Sensor 6
6,2020-08-01,0.6134722222222222,0.598435048432532,0.019809225161422816,0.75909954413432,Virgen,Sensor 6
6,2020-08-02,0.6103819444444444,0.598435048432532,0.019809225161422816,0.6030975928921315,Virgen,Sensor 6
6,2020-08-03,0.6069375,0.598435048432532,0.019809225161422816,0.4292167663390468,Virgen,Sensor 6
6,2020-08-04,0.6040416666666667,0.598435048432532,0.019809225161422816,0.28303066820872885,Virgen,Sensor 6
6,2020-08-05,0.6013541666666666,0.598435048432532,0.019809225161422816,0.14736155555540822,Virgen,Sensor 6
6,2020-08-06,0.5989409722222222,0.598435048432532,0.019809225161422816,0.025539807113476587,Virgen,Sensor 6
6,2020-08-07,0.5971249999999999,0.598435048432532,0.019809225161422816,-0.06613324962772213,Virgen,Sensor 6
6,2020-08-08,0.597,0.598435048432532,0.019809225161422816,-0.07244344091391944,Virgen,Sensor 6
6,2020-08-09,0.597,0.598435048432532,0.019809225161422816,-0.07244344091391944,Virgen,Sensor 6
6,2020-08-10,0.5962569444444443,0.598435048432532,0.019809225161422816,-0.10995402244856231,Virgen,Sensor 6
6,2020-08-11,0.5944791666666666,0.598435048432532,0.019809225161422816,-0.1996989651856399,Virgen,Sensor 6
6,2020-08-12,0.5921145833333333,0.598435048432532,0.019809225161422816,-0.3190667503495997,Virgen,Sensor 6
6,2020-08-13,0.5897361111111111,0.598435048432532,0.019809225161422816,-0.4391356678786975,Virgen,Sensor 6
6,2020-08-14,0.5872326388888889,0.598435048432532,0.019809225161422816,-0.5655147766939982,Virgen,Sensor 6
6,2020-08-15,0.5857881944444444,0.598435048432532,0.019809225161422816,-0.6384325426678755,Virgen,Sensor 6
6,2020-08-16,0.5843854166666667,0.598435048432532,0.019809225161422816,-0.70924691154635,Virgen,Sensor 6
6,2020-08-17,0.5823680555555555,0.598435048432532,0.019809225161422816,-0.8110863875819827,Virgen,Sensor 6
6,2020-08-18,0.5798020833333333,0.598435048432532,0.019809225161422816,-0.9406205920403821,Virgen,Sensor 6
6,2020-08-19,0.5771076388888888,0.598435048432532,0.019809225161422816,-1.0766402708762661,Virgen,Sensor 6
6,2020-08-20,0.5746458333333333,0.598435048432532,0.019809225161422816,-1.200915982596164,Virgen,Sensor 6
6,2020-08-21,0.5957604166666666,0.598435048432532,0.019809225161422816,-0.13501950450208106,Virgen,Sensor 6
6,2020-08-22,0.6190763888888889,0.598435048432532,0.019809225161422816,1.04200645346566,Virgen,Sensor 6
6,2020-08-23,0.6180104166666667,0.598435048432532,0.019809225161422816,0.9881945444416675,Virgen,Sensor 6
6,2020-08-24,0.6134340277777778,0.598435048432532,0.019809225161422816,0.7571714301302045,Virgen,Sensor 6
6,2020-08-25,0.609204861111111,0.598435048432532,0.019809225161422816,0.5436766249470741,Virgen,Sensor 6
6,2020-08-26,0.6052708333333333,0.598435048432532,0.019809225161422816,0.3450808825230341,Virgen,Sensor 6
6,2020-08-27,0.601625,0.598435048432532,0.019809225161422816,0.16103363667550988,Virgen,Sensor 6
6,2020-08-28,0.5983506944444444,0.598435048432532,0.019809225161422816,-0.004258318404692938,Virgen,Sensor 6
6,2020-08-29,0.5943784722222222,0.598435048432532,0.019809225161422816,-0.20478217483285407,Virgen,Sensor 6
6,2020-08-30,0.5928194444444445,0.598435048432532,0.019809225161422816,-0.28348428281907795,Virgen,Sensor 6
6,2020-08-31,0.5920520833333334,0.598435048432532,0.019809225161422816,-0.3222218459926983,Virgen,Sensor 6
6,2020-09-01,0.5904479166666666,0.598435048432532,0.019809225161422816,-0.40320263416561236,Virgen,Sensor 6
6,2020-09-02,0.5894201388888889,0.598435048432532,0.019809225161422816,-0.4550864291854837,Virgen,Sensor 6
6,2020-09-03,0.5882916666666667,0.598435048432532,0.019809225161422816,-0.5120534338525747,Virgen,Sensor 6
6,2020-09-04,0.5870520833333334,0.598435048432532,0.019809225161422816,-0.5746294974407308,Virgen,Sensor 6
6,2020-09-05,0.58496875,0.598435048432532,0.019809225161422816,-0.6797993522107438,Virgen,Sensor 6
6,2020-09-06,0.5878229166666666,0.598435048432532,0.019809225161422816,-0.5357166511758287,Virgen,Sensor 6
6,2020-09-07,0.5937673611111111,0.598435048432532,0.019809225161422816,-0.23563199889872502,Virgen,Sensor 6
6,2020-09-08,0.5962326388888889,0.598435048432532,0.019809225161422816,-0.11118100408753982,Virgen,Sensor 6
6,2020-09-09,0.5974895833333334,0.598435048432532,0.019809225161422816,-0.047728525042964105,Virgen,Sensor 6
6,2020-09-10,0.598,0.598435048432532,0.019809225161422816,-0.02196191062431295,Virgen,Sensor 6
6,2020-09-11,0.598,0.598435048432532,0.019809225161422816,-0.02196191062431295,Virgen,Sensor 6
6,2020-09-12,0.5972013888888889,0.598435048432532,0.019809225161422816,-0.062277021619485465,Virgen,Sensor 6
6,2020-09-13,0.5959652777777777,0.598435048432532,0.019809225161422816,-0.12467780211635976,Virgen,Sensor 6
6,2020-09-14,0.5941562499999999,0.598435048432532,0.019809225161422816,-0.21600029267498946,Virgen,Sensor 6
6,2020-09-15,0.5930381944444444,0.598435048432532,0.019809225161422816,-0.27244144806822984,Virgen,Sensor 6
6,2020-09-16,0.5918333333333332,0.598435048432532,0.019809225161422816,-0.33326468074355764,Virgen,Sensor 6
6,2020-09-17,0.5897291666666666,0.598435048432532,0.019809225161422816,-0.4394862340612665,Virgen,Sensor 6
6,2020-09-18,0.58653125,0.598435048432532,0.019809225161422816,-0.6009219611332383,Virgen,Sensor 6
6,2020-09-19,0.5849861111111111,0.598435048432532,0.019809225161422816,-0.6789229367543297,Virgen,Sensor 6
6,2020-09-20,0.5854826388888889,0.598435048432532,0.019809225161422816,-0.653857454700811,Virgen,Sensor 6
6,2020-09-21,0.5860277777777777,0.598435048432532,0.019809225161422816,-0.626338009369326,Virgen,Sensor 6
6,2020-09-22,0.5860138888888888,0.598435048432532,0.019809225161422816,-0.6270391417344584,Virgen,Sensor 6
6,2020-09-23,0.5845555555555555,0.598435048432532,0.019809225161422816,-0.7006580400734681,Virgen,Sensor 6
6,2020-09-24,0.5929375,0.598435048432532,0.019809225161422816,-0.27752465771544405,Virgen,Sensor 6
6,2020-09-25,0.6162395833333334,0.598435048432532,0.019809225161422816,0.898800167887159,Virgen,Sensor 6
6,2020-09-26,0.6175069444444444,0.598435048432532,0.019809225161422816,0.9627784962055798,Virgen,Sensor 6
6,2020-09-27,0.6134583333333333,0.598435048432532,0.019809225161422816,0.7583984117691877,Virgen,Sensor 6
6,2020-09-28,0.6096736111111111,0.598435048432532,0.019809225161422816,0.5673398422703281,Virgen,Sensor 6
6,2020-09-29,0.6058368055555555,0.598435048432532,0.019809225161422816,0.3736520264022205,Virgen,Sensor 6
6,2020-09-30,0.6021388888888889,0.598435048432532,0.019809225161422816,0.18697553418544832,Virgen,Sensor 6
6,2020-10-01,0.6013194444444445,0.598435048432532,0.019809225161422816,0.14560872464258,Virgen,Sensor 6
6,2020-10-02,0.6008125,0.598435048432532,0.019809225161422816,0.12001739331520495,Virgen,Sensor 6
6,2020-10-03,0.5991041666666667,0.598435048432532,0.019809225161422816,0.03377811240379503,Virgen,Sensor 6
6,2020-10-04,0.5991388888888889,0.598435048432532,0.019809225161422816,0.035530943316628864,Virgen,Sensor 6
6,2020-10-05,0.6006840277777777,0.598435048432532,0.019809225161422816,0.11353191893772034,Virgen,Sensor 6
6,2020-10-06,0.6014513888888888,0.598435048432532,0.019809225161422816,0.15226948211134073,Virgen,Sensor 6
6,2020-10-07,0.6012256944444444,0.598435048432532,0.019809225161422816,0.1408760811779236,Virgen,Sensor 6
6,2020-10-08,0.6002604166666666,0.598435048432532,0.019809225161422816,0.09214738180115097,Virgen,Sensor 6
6,2020-10-09,0.5992534722222221,0.598435048432532,0.019809225161422816,0.041315285328975465,Virgen,Sensor 6
6,2020-10-10,0.5979965277777777,0.598435048432532,0.019809225161422816,-0.022137193715600256,Virgen,Sensor 6
6,2020-10-11,0.5956874999999999,0.598435048432532,0.019809225161422816,-0.1387004494190304,Virgen,Sensor 6
6,2020-10-12,0.5932465277777778,0.598435048432532,0.019809225161422816,-0.26192446259122687,Virgen,Sensor 6
6,2020-10-13,0.5910138888888888,0.598435048432532,0.019809225161422816,-0.37463149028642595,Virgen,Sensor 6
6,2020-10-14,0.5888402777777777,0.598435048432532,0.019809225161422816,-0.4843587054298081,Virgen,Sensor 6
6,2020-10-15,0.5864895833333333,0.598435048432532,0.019809225161422816,-0.6030253582286355,Virgen,Sensor 6
6,2020-10-16,0.5835520833333333,0.598435048432532,0.019809225161422816,-0.7513148534543563,Virgen,Sensor 6
6,2020-10-17,0.5811319444444444,0.598435048432532,0.019809225161422816,-0.873487168078857,Virgen,Sensor 6
6,2020-10-18,0.5800520833333332,0.598435048432532,0.019809225161422816,-0.9280002094679818,Virgen,Sensor 6
6,2020-10-19,0.57865625,0.598435048432532,0.019809225161422816,-0.9984640121638872,Virgen,Sensor 6
6,2020-10-20,0.5768576388888889,0.598435048432532,0.019809225161422816,-1.0892606534486662,Virgen,Sensor 6
6,2020-10-21,0.576,0.598435048432532,0.019809225161422816,-1.1325555769956557,Virgen,Sensor 6
6,2020-10-22,0.5770972222222222,0.598435048432532,0.019809225161422816,-1.0771661201501168,Virgen,Sensor 6
6,2020-10-23,0.579267361111111,0.598435048432532,0.019809225161422816,-0.9676141880980219,Virgen,Sensor 6
6,2020-10-24,0.5799826388888889,0.598435048432532,0.019809225161422816,-0.9315058712936439,Virgen,Sensor 6
6,2020-10-25,0.5889444444444444,0.598435048432532,0.019809225161422816,-0.4791002126913066,Virgen,Sensor 6
6,2020-10-26,0.6017222222222222,0.598435048432532,0.019809225161422816,0.16594156323144235,Virgen,Sensor 6
6,2020-10-27,0.6045243055555556,0.598435048432532,0.019809225161422816,0.30739501789711515,Virgen,Sensor 6
6,2020-10-28,0.6039722222222221,0.598435048432532,0.019809225161422816,0.27952500638305555,Virgen,Sensor 6
6,2020-10-29,0.602638888888889,0.598435048432532,0.019809225161422816,0.21221629933025438,Virgen,Sensor 6
6,2020-10-30,0.6011215277777777,0.598435048432532,0.019809225161422816,0.13561758843942212,Virgen,Sensor 6
6,2020-10-31,0.5991423611111111,0.598435048432532,0.019809225161422816,0.03570622640791057,Virgen,Sensor 6
6,2020-11-01,0.5968402777777777,0.598435048432532,0.019809225161422816,-0.08050646311295619,Virgen,Sensor 6
6,2020-11-02,0.5943784722222222,0.598435048432532,0.019809225161422816,-0.20478217483285407,Virgen,Sensor 6
6,2020-11-03,0.5915416666666666,0.598435048432532,0.019809225161422816,-0.3479884604113551,Virgen,Sensor 6
6,2020-11-04,0.58828125,0.598435048432532,0.019809225161422816,-0.5125792831264255,Virgen,Sensor 6
6,2020-11-05,0.5847361111111111,0.598435048432532,0.019809225161422816,-0.69154331932673,Virgen,Sensor 6
6,2020-11-06,0.5811909722222222,0.598435048432532,0.019809225161422816,-0.8705073555270401,Virgen,Sensor 6
6,2020-11-07,0.5779027777777777,0.598435048432532,0.019809225161422816,-1.0365004429723808,Virgen,Sensor 6
6,2020-11-08,0.5750555555555555,0.598435048432532,0.019809225161422816,-1.180232577824727,Virgen,Sensor 6
6,2020-11-09,0.5729965277777778,0.598435048432532,0.019809225161422816,-1.2841754509557568,Virgen,Sensor 6
6,2020-11-10,0.5711249999999999,0.598435048432532,0.019809225161422816,-1.3786530371574908,Virgen,Sensor 6
6,2020-11-11,0.5689027777777778,0.598435048432532,0.019809225161422816,-1.4908342155788337,Virgen,Sensor 6
6,2020-11-12,0.5663541666666666,0.598435048432532,0.019809225161422816,-1.619492004580819,Virgen,Sensor 6
6,2020-11-13,0.5638784722222222,0.598435048432532,0.019809225161422816,-1.7444688486658493,Virgen,Sensor 6
6,2020-11-14,0.5613298611111112,0.598435048432532,0.019809225161422816,-1.8731266376678288,Virgen,Sensor 6
6,2020-11-15,0.5590138888888889,0.598435048432532,0.019809225161422816,-1.9900404595538281,Virgen,Sensor 6
6,2020-11-16,0.5569097222222222,0.598435048432532,0.019809225161422816,-2.0962620128715423,Virgen,Sensor 6
6,2020-11-17,0.5541944444444444,0.598435048432532,0.019809225161422816,-2.233333390255128,Virgen,Sensor 6
6,2020-11-18,0.5517604166666668,0.598435048432532,0.019809225161422816,-2.3562068372447555,Virgen,Sensor 6
6,2020-11-19,0.5499201388888889,0.598435048432532,0.019809225161422816,-2.4491068756249375,Virgen,Sensor 6
6,2020-11-20,0.5530312500000001,0.598435048432532,0.019809225161422816,-2.2920532258350472,Virgen,Sensor 6
6,2020-11-21,0.5660451388888889,0.598435048432532,0.019809225161422816,-1.635092199705036,Virgen,Sensor 6
6,2020-11-22,0.5763368055555556,0.598435048432532,0.019809225161422816,-1.1155531171411681,Virgen,Sensor 6
6,2020-11-23,0.5822743055555555,0.598435048432532,0.019809225161422816,-0.8158190310466334,Virgen,Sensor 6
6,2020-11-24,0.5891527777777777,0.598435048432532,0.019809225161422816,-0.4685832272143036,Virgen,Sensor 6
6,2020-11-25,0.591,0.598435048432532,0.019809225161422816,-0.37533262265155837,Virgen,Sensor 6
6,2020-11-26,0.591,0.598435048432532,0.019809225161422816,-0.37533262265155837,Virgen,Sensor 6
6,2020-11-27,0.5897534722222222,0.598435048432532,0.019809225161422816,-0.43825925242228336,Virgen,Sensor 6
6,2020-11-28,0.5901458333333333,0.598435048432532,0.019809225161422816,-0.41845226310726613,Virgen,Sensor 6
6,2020-11-29,0.5915451388888888,0.598435048432532,0.019809225161422816,-0.3478131773200734,Virgen,Sensor 6
6,2020-11-30,0.5925451388888888,0.598435048432532,0.019809225161422816,-0.2973316470304669,Virgen,Sensor 6
6,2020-12-01,0.6040902777777778,0.598435048432532,0.019809225161422816,0.28548463148669506,Virgen,Sensor 6
6,2020-12-02,0.6202708333333333,0.598435048432532,0.019809225161422816,1.1023038368671314,Virgen,Sensor 6
6,2020-12-03,0.6183645833333333,0.598435048432532,0.019809225161422816,1.0060734197525694,Virgen,Sensor 6
6,2020-12-04,0.6172083333333334,0.598435048432532,0.019809225161422816,0.9477041503552134,Virgen,Sensor 6
6,2020-12-05,0.6236493055555555,0.598435048432532,0.019809225161422816,1.2728542846858357,Virgen,Sensor 6
6,2020-12-06,0.6195069444444444,0.598435048432532,0.019809225161422816,1.0637415567847928,Virgen,Sensor 6
6,2020-12-07,0.6135138888888889,0.598435048432532,0.019809225161422816,0.7612029412297229,Virgen,Sensor 6
6,2020-12-08,0.6159548611111112,0.598435048432532,0.019809225161422816,0.884426954401925,Virgen,Sensor 6
6,2020-12-09,0.6136041666666666,0.598435048432532,0.019809225161422816,0.7657603016030863,Virgen,Sensor 6
6,2020-12-10,0.6154236111111111,0.598435048432532,0.019809225161422816,0.8576086414355668,Virgen,Sensor 6
6,2020-12-11,0.6237604166666667,0.598435048432532,0.019809225161422816,1.2784633436069062,Virgen,Sensor 6
6,2020-12-12,0.6195694444444445,0.598435048432532,0.019809225161422816,1.066896652427897,Virgen,Sensor 6
6,2020-12-13,0.6145694444444445,0.598435048432532,0.019809225161422816,0.8144890009798647,Virgen,Sensor 6
6,2020-12-14,0.6101284722222222,0.598435048432532,0.019809225161422816,0.5903019272284495,Virgen,Sensor 6
6,2020-12-15,0.6092430555555555,0.598435048432532,0.019809225161422816,0.5456047389511897,Virgen,Sensor 6
6,2020-12-16,0.623736111111111,0.598435048432532,0.019809225161422816,1.2772363619679175,Virgen,Sensor 6
6,2020-12-17,0.6169930555555555,0.598435048432532,0.019809225161422816,0.9368365986956414,Virgen,Sensor 6
6,2020-12-18,0.6179722222222223,0.598435048432532,0.019809225161422816,0.986266430437552,Virgen,Sensor 6
6,2020-12-19,0.6163611111111111,0.598435048432532,0.019809225161422816,0.9049350760820746,Virgen,Sensor 6
6,2020-12-20,0.61128125,0.598435048432532,0.019809225161422816,0.6484959135345237,Virgen,Sensor 6
6,2020-12-21,0.6179270833333333,0.598435048432532,0.019809225161422816,0.9839877502508675,Virgen,Sensor 6
6,2020-12-22,0.6135243055555555,0.598435048432532,0.019809225161422816,0.761728790503568,Virgen,Sensor 6
6,2020-12-23,0.6208472222222222,0.598435048432532,0.019809225161422816,1.1314008300201686,Virgen,Sensor 6
6,2020-12-24,0.6212916666666666,0.598435048432532,0.019809225161422816,1.1538370657044337,Virgen,Sensor 6
6,2020-12-25,0.62378125,0.598435048432532,0.019809225161422816,1.279515042154602,Virgen,Sensor 6
6,2020-12-26,0.6190659722222223,0.598435048432532,0.019809225161422816,1.0414806041918092,Virgen,Sensor 6
6,2020-12-27,0.6119131944444445,0.598435048432532,0.019809225161422816,0.6803974361480961,Virgen,Sensor 6
6,2020-12-28,0.6070416666666667,0.598435048432532,0.019809225161422816,0.4344752590775483,Virgen,Sensor 6
6,2020-12-29,0.6034583333333333,0.598435048432532,0.019809225161422816,0.2535831088731227,Virgen,Sensor 6
6,2020-12-30,0.6008611111111111,0.598435048432532,0.019809225161422816,0.1224713565931712,Virgen,Sensor 6
6,2020-12-31,0.5993090277777777,0.598435048432532,0.019809225161422816,0.044119814789510714,Virgen,Sensor 6
7,2021-01-01,0.597,0.6076394844514804,0.01396431017088246,-0.7619054805632471,Virgen,Sensor 7
7,2021-01-02,0.5965659722222222,0.6076394844514804,0.01396431017088246,-0.7929866992175563,Virgen,Sensor 7
7,2021-01-03,0.5979375,0.6076394844514804,0.01396431017088246,-0.6947700482699389,Virgen,Sensor 7
7,2021-01-04,0.5984444444444444,0.6076394844514804,0.01396431017088246,-0.6584671848817076,Virgen,Sensor 7
7,2021-01-05,0.6031527777777778,0.6076394844514804,0.01396431017088246,-0.3212981249197735,Virgen,Sensor 7
7,2021-01-06,0.6035381944444445,0.6076394844514804,0.01396431017088246,-0.2936980027547459,Virgen,Sensor 7
7,2021-01-07,0.60246875,0.6076394844514804,0.01396431017088246,-0.37028212551896217,Virgen,Sensor 7
7,2021-01-08,0.6011423611111111,0.6076394844514804,0.01396431017088246,-0.46526632972653015,Virgen,Sensor 7
7,2021-01-09,0.5993055555555555,0.6076394844514804,0.01396431017088246,-0.5968020470715616,Virgen,Sensor 7
7,2021-01-10,0.5987881944444444,0.6076394844514804,0.01396431017088246,-0.6338508597074972,Virgen,Sensor 7
7,2021-01-11,0.6023819444444444,0.6076394844514804,0.01396431017088246,-0.3764983692498287,Virgen,Sensor 7
7,2021-01-12,0.6044131944444444,0.6076394844514804,0.01396431017088246,-0.23103826594766344,Virgen,Sensor 7
7,2021-01-13,0.6027986111111111,0.6076394844514804,0.01396431017088246,-0.3466603993416882,Virgen,Sensor 7
7,2021-01-14,0.6009791666666666,0.6076394844514804,0.01396431017088246,-0.4769528679405511,Virgen,Sensor 7
7,2021-01-15,0.6041319444444444,0.6076394844514804,0.01396431017088246,-0.25117889563565593,Virgen,Sensor 7
7,2021-01-16,0.6346736111111111,0.6076394844514804,0.01396431017088246,1.9359442986307058,Virgen,Sensor 7
7,2021-01-17,0.6323020833333334,0.6076394844514804,0.01396431017088246,1.7661165199035702,Virgen,Sensor 7
7,2021-01-18,0.6174861111111111,0.6076394844514804,0.01396431017088246,0.7051280399200991,Virgen,Sensor 7
7,2021-01-19,0.61103125,0.6076394844514804,0.01396431017088246,0.24288815609323225,Virgen,Sensor 7
7,2021-01-20,0.6061597222222221,0.6076394844514804,0.01396431017088246,-0.10596744208273072,Virgen,Sensor 7
7,2021-01-21,0.6028645833333334,0.6076394844514804,0.01396431017088246,-0.34193605410623024,Virgen,Sensor 7
7,2021-01-22,0.6025763888888889,0.6076394844514804,0.01396431017088246,-0.3625739832926949,Virgen,Sensor 7
7,2021-01-23,0.6195486111111111,0.6076394844514804,0.01396431017088246,0.8528259909653773,Virgen,Sensor 7
7,2021-01-24,0.6162916666666667,0.6076394844514804,0.01396431017088246,0.6195925261834471,Virgen,Sensor 7
7,2021-01-25,0.6110763888888889,0.6076394844514804,0.01396431017088246,0.2461206028332816,Virgen,Sensor 7
7,2021-01-26,0.6074965277777777,0.6076394844514804,0.01396431017088246,-0.010237288627458397,Virgen,Sensor 7
7,2021-01-27,0.6064861111111112,0.6076394844514804,0.01396431017088246,-0.08259436565468094,Virgen,Sensor 7
7,2021-01-28,0.6049756944444444,0.6076394844514804,0.01396431017088246,-0.1907570065716785,Virgen,Sensor 7
7,2021-01-29,0.6039618055555556,0.6076394844514804,0.01396431017088246,-0.2633627333481411,Virgen,Sensor 7
7,2021-01-30,0.6036979166666666,0.6076394844514804,0.01396431017088246,-0.282260114289965,Virgen,Sensor 7
7,2021-01-31,0.6035243055555556,0.6076394844514804,0.01396431017088246,-0.2946926017516823,Virgen,Sensor 7
7,2021-02-01,0.6009791666666666,0.6076394844514804,0.01396431017088246,-0.4769528679405511,Virgen,Sensor 7
7,2021-02-02,0.5987222222222222,0.6076394844514804,0.01396431017088246,-0.6385752049429552,Virgen,Sensor 7
7,2021-02-03,0.5971493055555555,0.6076394844514804,0.01396431017088246,-0.7512135413461707,Virgen,Sensor 7
7,2021-02-04,0.5953680555555555,0.6076394844514804,0.01396431017088246,-0.8787708627034484,Virgen,Sensor 7
7,2021-02-05,0.5938888888888889,0.6076394844514804,0.01396431017088246,-0.9846956558773251,Virgen,Sensor 7
7,2021-02-06,0.5930312499999999,0.6076394844514804,0.01396431017088246,-1.046112143938247,Virgen,Sensor 7
7,2021-02-07,0.5915833333333333,0.6076394844514804,0.01396431017088246,-1.1497990893690107,Virgen,Sensor 7
7,2021-02-08,0.5890034722222222,0.6076394844514804,0.01396431017088246,-1.3345458530502246,Virgen,Sensor 7
7,2021-02-09,0.5881215277777777,0.6076394844514804,0.01396431017088246,-1.397702889355779,Virgen,Sensor 7
7,2021-02-10,0.6294027777777778,0.6076394844514804,0.01396431017088246,1.5584939792927868,Virgen,Sensor 7
7,2021-02-11,0.642875,0.6076394844514804,0.01396431017088246,2.5232550063225134,Virgen,Sensor 7
7,2021-02-12,0.6362256944444444,0.6076394844514804,0.01396431017088246,2.0470907365385127,Virgen,Sensor 7
7,2021-02-13,0.6224652777777778,0.6076394844514804,0.01396431017088246,1.0616917803223294,Virgen,Sensor 7
7,2021-02-14,0.6127048611111111,0.6076394844514804,0.01396431017088246,0.3627373352242428,Virgen,Sensor 7
7,2021-02-15,0.6060625,0.6076394844514804,0.01396431017088246,-0.11292963506129367,Virgen,Sensor 7
7,2021-02-16,0.6016944444444444,0.6076394844514804,0.01396431017088246,-0.4257310195982495,Virgen,Sensor 7
7,2021-02-17,0.5987604166666666,0.6076394844514804,0.01396431017088246,-0.635840057701378,Virgen,Sensor 7
7,2021-02-18,0.5957118055555556,0.6076394844514804,0.01396431017088246,-0.8541545375292301,Virgen,Sensor 7
7,2021-02-19,0.5933229166666666,0.6076394844514804,0.01396431017088246,-1.0252255650025501,Virgen,Sensor 7
7,2021-02-20,0.5927777777777777,0.6076394844514804,0.01396431017088246,-1.0642635756323586,Virgen,Sensor 7
7,2021-02-21,0.5914965277777777,0.6076394844514804,0.01396431017088246,-1.1560153330998773,Virgen,Sensor 7
7,2021-02-22,0.5897048611111111,0.6076394844514804,0.01396431017088246,-1.2843186037048593,Virgen,Sensor 7
7,2021-02-23,0.5895902777777777,0.6076394844514804,0.01396431017088246,-1.2925240454295988,Virgen,Sensor 7
7,2021-02-24,0.5904062499999999,0.6076394844514804,0.01396431017088246,-1.2340913543595022,Virgen,Sensor 7
7,2021-02-25,0.5900034722222222,0.6076394844514804,0.01396431017088246,-1.2629347252706984,Virgen,Sensor 7
7,2021-02-26,0.5999097222222223,0.6076394844514804,0.01396431017088246,-0.5535369907047594,Virgen,Sensor 7
7,2021-02-27,0.6101909722222222,0.6076394844514804,0.01396431017088246,0.18271491677848692,Virgen,Sensor 7
7,2021-02-28,0.6141145833333334,0.6076394844514804,0.01396431017088246,0.4636891334134373,Virgen,Sensor 7
7,2021-03-01,0.6629583333333334,0.6076394844514804,0.01396431017088246,3.9614451558946713,Virgen,Sensor 7
7,2021-03-02,0.6444965277777778,0.6076394844514804,0.01396431017088246,2.6393744392150102,Virgen,Sensor 7
7,2021-03-03,0.6411041666666667,0.6076394844514804,0.01396431017088246,2.39644363421294,Virgen,Sensor 7
7,2021-03-04,0.6351354166666667,0.6076394844514804,0.01396431017088246,1.9690147152788957,Virgen,Sensor 7
7,2021-03-05,0.6218611111111111,0.6076394844514804,0.01396431017088246,1.0184267239555271,Virgen,Sensor 7
7,2021-03-06,0.6168784722222223,0.6076394844514804,0.01396431017088246,0.6616143338040728,Virgen,Sensor 7
7,2021-03-07,0.6118229166666667,0.6076394844514804,0.01396431017088246,0.29958029891868815,Virgen,Sensor 7
7,2021-03-08,0.6078125,0.6076394844514804,0.01396431017088246,0.012389838552879133,Virgen,Sensor 7
7,2021-03-09,0.6076944444444444,0.6076394844514804,0.01396431017088246,0.003935747078907568,Virgen,Sensor 7
7,2021-03-10,0.6231354166666666,0.6076394844514804,0.01396431017088246,1.1096811819245735,Virgen,Sensor 7
7,2021-03-11,0.6485173611111111,0.6076394844514804,0.01396431017088246,2.9273108488285238,Virgen,Sensor 7
7,2021-03-12,0.6326805555555555,0.6076394844514804,0.01396431017088246,1.7932193425701177,Virgen,Sensor 7
7,2021-03-13,0.6243090277777777,0.6076394844514804,0.01396431017088246,1.193724797165825,Virgen,Sensor 7
7,2021-03-14,0.6226076388888889,0.6076394844514804,0.01396431017088246,1.0718864200409417,Virgen,Sensor 7
7,2021-03-15,0.6178159722222223,0.6076394844514804,0.01396431017088246,0.728749766097381,Virgen,Sensor 7
7,2021-03-16,0.6412048611111111,0.6076394844514804,0.01396431017088246,2.403654476940735,Virgen,Sensor 7
7,2021-03-17,0.6539201388888889,0.6076394844514804,0.01396431017088246,3.3142098586373505,Virgen,Sensor 7
7,2021-03-18,0.6387847222222223,0.6076394844514804,0.01396431017088246,2.2303456017243177,Virgen,Sensor 7
7,2021-03-19,0.6295902777777778,0.6076394844514804,0.01396431017088246,1.5719210657514484,Virgen,Sensor 7
7,2021-03-20,0.6194166666666666,0.6076394844514804,0.01396431017088246,0.8433773004944614,Virgen,Sensor 7
7,2021-03-21,0.6130625,0.6076394844514804,0.01396431017088246,0.3883482593953896,Virgen,Sensor 7
7,2021-03-22,0.6083298611111111,0.6076394844514804,0.01396431017088246,0.04943865118881474,Virgen,Sensor 7
7,2021-03-23,0.60553125,0.6076394844514804,0.01396431017088246,-0.1509730466941657,Virgen,Sensor 7
7,2021-03-24,0.6048854166666666,0.6076394844514804,0.01396431017088246,-0.1972219000517772,Virgen,Sensor 7
7,2021-03-25,0.6031354166666667,0.6076394844514804,0.01396431017088246,-0.32254137366594204,Virgen,Sensor 7
7,2021-03-26,0.6005486111111111,0.6076394844514804,0.01396431017088246,-0.50778543684562,Virgen,Sensor 7
7,2021-03-27,0.5976076388888889,0.6076394844514804,0.01396431017088246,-0.7183917744472129,Virgen,Sensor 7
7,2021-03-28,0.5978402777777778,0.6076394844514804,0.01396431017088246,-0.7017322412485019,Virgen,Sensor 7
7,2021-03-29,0.5998194444444445,0.6076394844514804,0.01396431017088246,-0.5600018841848581,Virgen,Sensor 7
7,2021-03-30,0.6008888888888888,0.6076394844514804,0.01396431017088246,-0.4834177614206498,Virgen,Sensor 7
7,2021-03-31,0.6036736111111112,0.6076394844514804,0.01396431017088246,-0.2840006625345978,Virgen,Sensor 7
7,2021-04-01,0.6042118055555555,0.6076394844514804,0.01396431017088246,-0.24545995140326154,Virgen,Sensor 7
7,2021-04-02,0.6038194444444445,0.6076394844514804,0.01396431017088246,-0.2735573730667534,Virgen,Sensor 7
7,2021-04-03,0.6016736111111111,0.6076394844514804,0.01396431017088246,-0.42722291809365814,Virgen,Sensor 7
7,2021-04-04,0.6017638888888889,0.6076394844514804,0.01396431017088246,-0.42075802461355943,Virgen,Sensor 7
7,2021-04-05,0.6018368055555556,0.6076394844514804,0.01396431017088246,-0.41553637987962927,Virgen,Sensor 7
7,2021-04-06,0.6001215277777777,0.6076394844514804,0.01396431017088246,-0.538369356001465,Virgen,Sensor 7
7,2021-04-07,0.5984340277777778,0.6076394844514804,0.01396431017088246,-0.659213134129412,Virgen,Sensor 7
7,2021-04-08,0.5983368055555556,0.6076394844514804,0.01396431017088246,-0.6661753271079749,Virgen,Sensor 7
7,2021-04-09,0.5998090277777778,0.6076394844514804,0.01396431017088246,-0.5607478334325624,Virgen,Sensor 7
7,2021-04-10,0.5990104166666667,0.6076394844514804,0.01396431017088246,-0.6179372757564905,Virgen,Sensor 7
7,2021-04-11,0.5976944444444444,0.6076394844514804,0.01396431017088246,-0.7121755307163542,Virgen,Sensor 7
7,2021-04-12,0.5954583333333333,0.6076394844514804,0.01396431017088246,-0.8723059692233497,Virgen,Sensor 7
7,2021-04-13,0.5935868055555555,0.6076394844514804,0.01396431017088246,-1.006328184060726,Virgen,Sensor 7
7,2021-04-14,0.5919930555555556,0.6076394844514804,0.01396431017088246,-1.1204584189593423,Virgen,Sensor 7
7,2021-04-15,0.5903368055555556,0.6076394844514804,0.01396431017088246,-1.2390643493441842,Virgen,Sensor 7
7,2021-04-16,0.5885520833333333,0.6076394844514804,0.01396431017088246,-1.3668703204507022,Virgen,Sensor 7
7,2021-04-17,0.5928333333333333,0.6076394844514804,0.01396431017088246,-1.060285179644605,Virgen,Sensor 7
7,2021-04-18,0.5981458333333333,0.6076394844514804,0.01396431017088246,-0.6798510633158766,Virgen,Sensor 7
7,2021-04-19,0.5992604166666666,0.6076394844514804,0.01396431017088246,-0.600034493811611,Virgen,Sensor 7
7,2021-04-20,0.6012187499999999,0.6076394844514804,0.01396431017088246,-0.4597960352433758,Virgen,Sensor 7
7,2021-04-21,0.6006319444444445,0.6076394844514804,0.01396431017088246,-0.5018178428639936,Virgen,Sensor 7
7,2021-04-22,0.599,0.6076394844514804,0.01396431017088246,-0.6186832250041948,Virgen,Sensor 7
7,2021-04-23,0.5969791666666667,0.6076394844514804,0.01396431017088246,-0.7633973790586479,Virgen,Sensor 7
7,2021-04-24,0.5949652777777777,0.6076394844514804,0.01396431017088246,-0.9076142336146445,Virgen,Sensor 7
7,2021-04-25,0.5933993055555555,0.6076394844514804,0.01396431017088246,-1.0197552705193877,Virgen,Sensor 7
7,2021-04-26,0.5906701388888889,0.6076394844514804,0.01396431017088246,-1.2151939734176782,Virgen,Sensor 7
7,2021-04-27,0.6001527777777778,0.6076394844514804,0.01396431017088246,-0.536131508258352,Virgen,Sensor 7
7,2021-04-28,0.6272291666666666,0.6076394844514804,0.01396431017088246,1.4028392362720092,Virgen,Sensor 7
7,2021-04-29,0.6216909722222222,0.6076394844514804,0.01396431017088246,1.006242886243042,Virgen,Sensor 7
7,2021-04-30,0.6284861111111111,0.6076394844514804,0.01396431017088246,1.492850445494887,Virgen,Sensor 7
7,2021-05-01,0.6285833333333334,0.6076394844514804,0.01396431017088246,1.499812638473458,Virgen,Sensor 7
7,2021-05-02,0.6246875,0.6076394844514804,0.01396431017088246,1.2208276198323804,Virgen,Sensor 7
7,2021-05-03,0.6166006944444444,0.6076394844514804,0.01396431017088246,0.6417223538653124,Virgen,Sensor 7
7,2021-05-04,0.6152951388888889,0.6076394844514804,0.01396431017088246,0.5482300481531529,Virgen,Sensor 7
7,2021-05-05,0.6112222222222221,0.6076394844514804,0.01396431017088246,0.2565638923011181,Virgen,Sensor 7
7,2021-05-06,0.6095833333333334,0.6076394844514804,0.01396431017088246,0.13920121066246055,Virgen,Sensor 7
7,2021-05-07,0.6283402777777778,0.6076394844514804,0.01396431017088246,1.4824071560270426,Virgen,Sensor 7
7,2021-05-08,0.62609375,0.6076394844514804,0.01396431017088246,1.321530768272343,Virgen,Sensor 7
7,2021-05-09,0.6247013888888888,0.6076394844514804,0.01396431017088246,1.2218222188293169,Virgen,Sensor 7
7,2021-05-10,0.6181076388888889,0.6076394844514804,0.01396431017088246,0.7496363450330699,Virgen,Sensor 7
7,2021-05-11,0.6137361111111111,0.6076394844514804,0.01396431017088246,0.43658631074688187,Virgen,Sensor 7
7,2021-05-12,0.6106840277777779,0.6076394844514804,0.01396431017088246,0.21802318116978975,Virgen,Sensor 7
7,2021-05-13,0.6108784722222222,0.6076394844514804,0.01396431017088246,0.23194756712691564,Virgen,Sensor 7
7,2021-05-14,0.6094930555555556,0.6076394844514804,0.01396431017088246,0.13273631718236184,Virgen,Sensor 7
7,2021-05-15,0.6123402777777778,0.6076394844514804,0.01396431017088246,0.33662911155462377,Virgen,Sensor 7
7,2021-05-16,0.6317569444444444,0.6076394844514804,0.01396431017088246,1.7270785092737537,Virgen,Sensor 7
7,2021-05-17,0.6272395833333334,0.6076394844514804,0.01396431017088246,1.4035851855197214,Virgen,Sensor 7
7,2021-05-18,0.6284375,0.6076394844514804,0.01396431017088246,1.4893693490056057,Virgen,Sensor 7
7,2021-05-19,0.6206770833333333,0.6076394844514804,0.01396431017088246,0.9336371594665714,Virgen,Sensor 7
7,2021-05-20,0.6141493055555556,0.6076394844514804,0.01396431017088246,0.46617563090578235,Virgen,Sensor 7
7,2021-05-21,0.6093333333333333,0.6076394844514804,0.01396431017088246,0.12129842871757304,Virgen,Sensor 7
7,2021-05-22,0.6056840277777777,0.6076394844514804,0.01396431017088246,-0.14003245772784909,Virgen,Sensor 7
7,2021-05-23,0.603454861111111,0.6076394844514804,0.01396431017088246,-0.2996655967363803,Virgen,Sensor 7
7,2021-05-24,0.6165868055555556,0.6076394844514804,0.01396431017088246,0.640727754868376,Virgen,Sensor 7
7,2021-05-25,0.62221875,0.6076394844514804,0.01396431017088246,1.044037648126682,Virgen,Sensor 7
7,2021-05-26,0.6178159722222223,0.6076394844514804,0.01396431017088246,0.728749766097381,Virgen,Sensor 7
7,2021-05-27,0.6128611111111111,0.6076394844514804,0.01396431017088246,0.3739265739397915,Virgen,Sensor 7
7,2021-05-28,0.6087083333333333,0.6076394844514804,0.01396431017088246,0.07654147385537018,Virgen,Sensor 7
7,2021-05-29,0.6047986111111111,0.6076394844514804,0.01396431017088246,-0.20343814378263583,Virgen,Sensor 7
7,2021-05-30,0.6007361111111111,0.6076394844514804,0.01396431017088246,-0.49435835038695847,Virgen,Sensor 7
7,2021-05-31,0.6041076388888889,0.6076394844514804,0.01396431017088246,-0.2529194438802967,Virgen,Sensor 7
7,2021-06-01,0.6049375,0.6076394844514804,0.01396431017088246,-0.19349215381325566,Virgen,Sensor 7
7,2021-06-02,0.6025520833333333,0.6076394844514804,0.01396431017088246,-0.3643145315373356,Virgen,Sensor 7
7,2021-06-03,0.5998090277777778,0.6076394844514804,0.01396431017088246,-0.5607478334325624,Virgen,Sensor 7
7,2021-06-04,0.597642361111111,0.6076394844514804,0.01396431017088246,-0.7159052769548757,Virgen,Sensor 7
7,2021-06-05,0.5951076388888888,0.6076394844514804,0.01396431017088246,-0.8974195938960323,Virgen,Sensor 7
7,2021-06-06,0.5918020833333333,0.6076394844514804,0.01396431017088246,-1.1341341551672441,Virgen,Sensor 7
7,2021-06-07,0.5947604166666667,0.6076394844514804,0.01396431017088246,-0.9222845688194747,Virgen,Sensor 7
7,2021-06-08,0.6110243055555555,0.6076394844514804,0.01396431017088246,0.24239085659476006,Virgen,Sensor 7
7,2021-06-09,0.6127847222222222,0.6076394844514804,0.01396431017088246,0.36845627945663717,Virgen,Sensor 7
7,2021-06-10,0.6099513888888889,0.6076394844514804,0.01396431017088246,0.16555808408131167,Virgen,Sensor 7
7,2021-06-11,0.6064756944444444,0.6076394844514804,0.01396431017088246,-0.08334031490239319,Virgen,Sensor 7
7,2021-06-12,0.6029583333333333,0.6076394844514804,0.01396431017088246,-0.33522251087690735,Virgen,Sensor 7
7,2021-06-13,0.5994166666666667,0.6076394844514804,0.01396431017088246,-0.5888452550960542,Virgen,Sensor 7
7,2021-06-14,0.6011979166666666,0.6076394844514804,0.01396431017088246,-0.46128793373878446,Virgen,Sensor 7
7,2021-06-15,0.6013854166666666,0.6076394844514804,0.01396431017088246,-0.4478608472801228,Virgen,Sensor 7
7,2021-06-16,0.6008993055555556,0.6076394844514804,0.01396431017088246,-0.48267181217293753,Virgen,Sensor 7
7,2021-06-17,0.5996840277777777,0.6076394844514804,0.01396431017088246,-0.5696992244050062,Virgen,Sensor 7
7,2021-06-18,0.5980381944444444,0.6076394844514804,0.01396431017088246,-0.6875592055421439,Virgen,Sensor 7
7,2021-06-19,0.6006701388888889,0.6076394844514804,0.01396431017088246,-0.4990826956224164,Virgen,Sensor 7
7,2021-06-20,0.6218159722222222,0.6076394844514804,0.01396431017088246,1.0151942772154778,Virgen,Sensor 7
7,2021-06-21,0.62475,0.6076394844514804,0.01396431017088246,1.2253033153186064,Virgen,Sensor 7
7,2021-06-22,0.6170868055555556,0.6076394844514804,0.01396431017088246,0.676533318758143,Virgen,Sensor 7
7,2021-06-23,0.6124548611111111,0.6076394844514804,0.01396431017088246,0.34483455327936324,Virgen,Sensor 7
7,2021-06-24,0.6091319444444445,0.6076394844514804,0.01396431017088246,0.1068767432619829,Virgen,Sensor 7
7,2021-06-25,0.60534375,0.6076394844514804,0.01396431017088246,-0.16440013315282737,Virgen,Sensor 7
7,2021-06-26,0.6026041666666666,0.6076394844514804,0.01396431017088246,-0.36058478529882204,Virgen,Sensor 7
7,2021-06-27,0.6027499999999999,0.6076394844514804,0.01396431017088246,-0.3501414958309776,Virgen,Sensor 7
7,2021-06-28,0.6020833333333333,0.6076394844514804,0.01396431017088246,-0.3978822476839898,Virgen,Sensor 7
7,2021-06-29,0.5998888888888889,0.6076394844514804,0.01396431017088246,-0.555028889200168,Virgen,Sensor 7
7,2021-06-30,0.5971076388888888,0.6076394844514804,0.01396431017088246,-0.7541973383369799,Virgen,Sensor 7
7,2021-07-01,0.597,0.6076394844514804,0.01396431017088246,-0.7619054805632471,Virgen,Sensor 7
7,2021-07-02,0.5962847222222222,0.6076394844514804,0.01396431017088246,-0.8131273289055487,Virgen,Sensor 7
7,2021-07-03,0.5944097222222222,0.6076394844514804,0.01396431017088246,-0.9473981934921574,Virgen,Sensor 7
7,2021-07-04,0.5925069444444444,0.6076394844514804,0.01396431017088246,-1.0836582560726469,Virgen,Sensor 7
7,2021-07-05,0.5903993055555555,0.6076394844514804,0.01396431017088246,-1.2345886538579665,Virgen,Sensor 7
7,2021-07-06,0.5880277777777778,0.6076394844514804,0.01396431017088246,-1.404416432585102,Virgen,Sensor 7
7,2021-07-07,0.5860277777777777,0.6076394844514804,0.01396431017088246,-1.5476386881441624,Virgen,Sensor 7
7,2021-07-08,0.5835625,0.6076394844514804,0.01396431017088246,-1.7241800101006288,Virgen,Sensor 7
7,2021-07-09,0.5805729166666667,0.6076394844514804,0.01396431017088246,-1.9382674441915029,Virgen,Sensor 7
7,2021-07-10,0.5788784722222222,0.6076394844514804,0.01396431017088246,-2.059608521817922,Virgen,Sensor 7
7,2021-07-11,0.5809930555555556,0.6076394844514804,0.01396431017088246,-1.9081808245341303,Virgen,Sensor 7
7,2021-07-12,0.5857743055555555,0.6076394844514804,0.01396431017088246,-1.565790119838274,Virgen,Sensor 7
7,2021-07-13,0.5883541666666666,0.6076394844514804,0.01396431017088246,-1.381043356157068,Virgen,Sensor 7
7,2021-07-14,0.589,0.6076394844514804,0.01396431017088246,-1.3347945027994566,Virgen,Sensor 7
7,2021-07-15,0.5889791666666667,0.6076394844514804,0.01396431017088246,-1.3362864012948572,Virgen,Sensor 7
7,2021-07-16,0.5875104166666667,0.6076394844514804,0.01396431017088246,-1.4414652452210377,Virgen,Sensor 7
7,2021-07-17,0.5865277777777778,0.6076394844514804,0.01396431017088246,-1.5118331242543952,Virgen,Sensor 7
7,2021-07-18,0.6200763888888888,0.6076394844514804,0.01396431017088246,0.8906207528490093,Virgen,Sensor 7
7,2021-07-19,0.648875,0.6076394844514804,0.01396431017088246,2.9529217729996704,Virgen,Sensor 7
7,2021-07-20,0.6464027777777779,0.6076394844514804,0.01396431017088246,2.7758831515447397,Virgen,Sensor 7
7,2021-07-21,0.6349201388888889,0.6076394844514804,0.01396431017088246,1.9535984308263532,Virgen,Sensor 7
7,2021-07-22,0.6250972222222222,0.6076394844514804,0.01396431017088246,1.2501682902420488,Virgen,Sensor 7
7,2021-07-23,0.6194861111111112,0.6076394844514804,0.01396431017088246,0.8483502954791594,Virgen,Sensor 7
7,2021-07-24,0.6150208333333333,0.6076394844514804,0.01396431017088246,0.5285867179636327,Virgen,Sensor 7
7,2021-07-25,0.6107638888888889,0.6076394844514804,0.01396431017088246,0.2237421254021762,Virgen,Sensor 7
7,2021-07-26,0.6071527777777778,0.6076394844514804,0.01396431017088246,-0.03485361380166878,Virgen,Sensor 7
7,2021-07-27,0.6052604166666666,0.6076394844514804,0.01396431017088246,-0.1703677271344539,Virgen,Sensor 7
7,2021-07-28,0.603,0.6076394844514804,0.01396431017088246,-0.3322387138860901,Virgen,Sensor 7
7,2021-07-29,0.600625,0.6076394844514804,0.01396431017088246,-0.5023151423624658,Virgen,Sensor 7
7,2021-07-30,0.5983229166666667,0.6076394844514804,0.01396431017088246,-0.6671699261049113,Virgen,Sensor 7
7,2021-07-31,0.5962465277777778,0.6076394844514804,0.01396431017088246,-0.8158624761471259,Virgen,Sensor 7
7,2021-08-01,0.5940590277777777,0.6076394844514804,0.01396431017088246,-0.9725118181648399,Virgen,Sensor 7
7,2021-08-02,0.5917569444444444,0.6076394844514804,0.01396431017088246,-1.1373666019072934,Virgen,Sensor 7
7,2021-08-03,0.5968541666666667,0.6076394844514804,0.01396431017088246,-0.7723487700310916,Virgen,Sensor 7
7,2021-08-04,0.5995520833333333,0.6076394844514804,0.01396431017088246,-0.5791479148759142,Virgen,Sensor 7
7,2021-08-05,0.5990104166666667,0.6076394844514804,0.01396431017088246,-0.6179372757564905,Virgen,Sensor 7
7,2021-08-06,0.5968472222222222,0.6076394844514804,0.01396431017088246,-0.7728460695295638,Virgen,Sensor 7
7,2021-08-07,0.5942916666666667,0.6076394844514804,0.01396431017088246,-0.955852284966129,Virgen,Sensor 7
7,2021-08-08,0.5915381944444444,0.6076394844514804,0.01396431017088246,-1.15303153610906,Virgen,Sensor 7
7,2021-08-09,0.5885937499999999,0.6076394844514804,0.01396431017088246,-1.363886523459893,Virgen,Sensor 7
7,2021-08-10,0.5861215277777778,0.6076394844514804,0.01396431017088246,-1.5409251449148236,Virgen,Sensor 7
7,2021-08-11,0.5833541666666666,0.6076394844514804,0.01396431017088246,-1.739098995054699,Virgen,Sensor 7
7,2021-08-12,0.583,0.6076394844514804,0.01396431017088246,-1.7644612694766137,Virgen,Sensor 7
7,2021-08-13,0.5822083333333333,0.6076394844514804,0.01396431017088246,-1.8211534123020696,Virgen,Sensor 7
7,2021-08-14,0.5850486111111111,0.6076394844514804,0.01396431017088246,-1.61775791742828,Virgen,Sensor 7
7,2021-08-15,0.5858298611111111,0.6076394844514804,0.01396431017088246,-1.5618117238505203,Virgen,Sensor 7
7,2021-08-16,0.5867673611111112,0.6076394844514804,0.01396431017088246,-1.494676291557212,Virgen,Sensor 7
7,2021-08-17,0.6049409722222222,0.6076394844514804,0.01396431017088246,-0.19324350406402352,Virgen,Sensor 7
7,2021-08-18,0.6114131944444444,0.6076394844514804,0.01396431017088246,0.2702396285090198,Virgen,Sensor 7
7,2021-08-19,0.6134375,0.6076394844514804,0.01396431017088246,0.4152024323127129,Virgen,Sensor 7
7,2021-08-20,0.6130416666666666,0.6076394844514804,0.01396431017088246,0.386856360899981,Virgen,Sensor 7
7,2021-08-21,0.6099861111111111,0.6076394844514804,0.01396431017088246,0.16804458157365673,Virgen,Sensor 7
7,2021-08-22,0.6064444444444445,0.6076394844514804,0.01396431017088246,-0.08557816264549817,Virgen,Sensor 7
7,2021-08-23,0.605,0.6076394844514804,0.01396431017088246,-0.18901645832703776,Virgen,Sensor 7
7,2021-08-24,0.6038749999999999,0.6076394844514804,0.01396431017088246,-0.2695789770790077,Virgen,Sensor 7
7,2021-08-25,0.6021388888888889,0.6076394844514804,0.01396431017088246,-0.3939038516962361,Virgen,Sensor 7
7,2021-08-26,0.6005555555555555,0.6076394844514804,0.01396431017088246,-0.5072881373471558,Virgen,Sensor 7
7,2021-08-27,0.5983402777777778,0.6076394844514804,0.01396431017088246,-0.6659266773587428,Virgen,Sensor 7
7,2021-08-28,0.5966041666666667,0.6076394844514804,0.01396431017088246,-0.7902515519759712,Virgen,Sensor 7
7,2021-08-29,0.5951666666666666,0.6076394844514804,0.01396431017088246,-0.8931925481590465,Virgen,Sensor 7
7,2021-08-30,0.5936076388888889,0.6076394844514804,0.01396431017088246,-1.0048362855653177,Virgen,Sensor 7
7,2021-08-31,0.5972777777777778,0.6076394844514804,0.01396431017088246,-0.7420135006244868,Virgen,Sensor 7
7,2021-09-01,0.598,0.6076394844514804,0.01396431017088246,-0.690294352783721,Virgen,Sensor 7
7,2021-09-02,0.5970798611111111,0.6076394844514804,0.01396431017088246,-0.7561865363308528,Virgen,Sensor 7
7,2021-09-03,0.5958993055555556,0.6076394844514804,0.01396431017088246,-0.8407274510705685,Virgen,Sensor 7
7,2021-09-04,0.5939861111111111,0.6076394844514804,0.01396431017088246,-0.9777334628987622,Virgen,Sensor 7
7,2021-09-05,0.5914548611111111,0.6076394844514804,0.01396431017088246,-1.1589991300906866,Virgen,Sensor 7
7,2021-09-06,0.6007361111111111,0.6076394844514804,0.01396431017088246,-0.49435835038695847,Virgen,Sensor 7
7,2021-09-07,0.6158194444444445,0.6076394844514804,0.01396431017088246,0.5857761602875607,Virgen,Sensor 7
7,2021-09-08,0.6145625,0.6076394844514804,0.01396431017088246,0.4957649510646828,Virgen,Sensor 7
7,2021-09-09,0.6174131944444444,0.6076394844514804,0.01396431017088246,0.6999063951861769,Virgen,Sensor 7
7,2021-09-10,0.6139583333333333,0.6076394844514804,0.01396431017088246,0.45249989469788066,Virgen,Sensor 7
7,2021-09-11,0.6125902777777777,0.6076394844514804,0.01396431017088246,0.3545318934995033,Virgen,Sensor 7
7,2021-09-12,0.6135381944444444,0.6076394844514804,0.01396431017088246,0.42241327504050796,Virgen,Sensor 7
7,2021-09-13,0.6148159722222223,0.6076394844514804,0.01396431017088246,0.5139163827588025,Virgen,Sensor 7
7,2021-09-14,0.6143402777777778,0.6076394844514804,0.01396431017088246,0.47985136711367615,Virgen,Sensor 7
7,2021-09-15,0.6102673611111111,0.6076394844514804,0.01396431017088246,0.1881852112616492,Virgen,Sensor 7
7,2021-09-16,0.6068263888888888,0.6076394844514804,0.01396431017088246,-0.058226690229710616,Virgen,Sensor 7
7,2021-09-17,0.6042118055555555,0.6076394844514804,0.01396431017088246,-0.24545995140326154,Virgen,Sensor 7
7,2021-09-18,0.6014895833333332,0.6076394844514804,0.01396431017088246,-0.4404013548030877,Virgen,Sensor 7
7,2021-09-19,0.6004201388888889,0.6076394844514804,0.01396431017088246,-0.516985477567296,Virgen,Sensor 7
7,2021-09-20,0.5999722222222222,0.6076394844514804,0.01396431017088246,-0.5490612952185415,Virgen,Sensor 7
7,2021-09-21,0.5981290322580645,0.6076394844514804,0.01396431017088246,-0.6810542072637842,Virgen,Sensor 7
7,2021-09-23,0.6200113636363637,0.6076394844514804,0.01396431017088246,0.8859642211815338,Virgen,Sensor 7
7,2021-09-24,0.6172430555555555,0.6076394844514804,0.01396431017088246,0.6877225574736837,Virgen,Sensor 7
7,2021-09-25,0.6147395833333333,0.6076394844514804,0.01396431017088246,0.5084460882756402,Virgen,Sensor 7
7,2021-09-26,0.6142465277777778,0.6076394844514804,0.01396431017088246,0.4731378238843453,Virgen,Sensor 7
7,2021-09-27,0.6117569444444445,0.6076394844514804,0.01396431017088246,0.29485595368323814,Virgen,Sensor 7
7,2021-09-28,0.6077777777777778,0.6076394844514804,0.01396431017088246,0.009903341060534088,Virgen,Sensor 7
7,2021-09-29,0.6039444444444445,0.6076394844514804,0.01396431017088246,-0.26460598209430963,Virgen,Sensor 7
7,2021-09-30,0.6020347222222222,0.6076394844514804,0.01396431017088246,-0.40136334417327124,Virgen,Sensor 7
7,2021-10-01,0.5997951388888888,0.6076394844514804,0.01396431017088246,-0.5617424324295068,Virgen,Sensor 7
7,2021-10-02,0.5971840277777778,0.6076394844514804,0.01396431017088246,-0.7487270438538176,Virgen,Sensor 7
7,2021-10-03,0.5941805555555555,0.6076394844514804,0.01396431017088246,-0.9638090769416363,Virgen,Sensor 7
7,2021-10-04,0.5908472222222222,0.6076394844514804,0.01396431017088246,-1.2025128362067208,Virgen,Sensor 7
7,2021-10-05,0.59,0.6076394844514804,0.01396431017088246,-1.2631833750199304,Virgen,Sensor 7
7,2021-10-06,0.5888402777777777,0.6076394844514804,0.01396431017088246,-1.3462323912642453,Virgen,Sensor 7
7,2021-10-07,0.5874513888888888,0.6076394844514804,0.01396431017088246,-1.4456922909580314,Virgen,Sensor 7
7,2021-10-08,0.5861736111111111,0.6076394844514804,0.01396431017088246,-1.5371953986763098,Virgen,Sensor 7
7,2021-10-09,0.5843402777777778,0.6076394844514804,0.01396431017088246,-1.6684824662721092,Virgen,Sensor 7
7,2021-10-10,0.5829618055555555,0.6076394844514804,0.01396431017088246,-1.7671964167181908,Virgen,Sensor 7
7,2021-10-11,0.5944722222222222,0.6076394844514804,0.01396431017088246,-0.9429224980059394,Virgen,Sensor 7
7,2021-10-12,0.5975416666666666,0.6076394844514804,0.01396431017088246,-0.7231161196826709,Virgen,Sensor 7
7,2021-10-13,0.6032118055555555,0.6076394844514804,0.01396431017088246,-0.3170710791827877,Virgen,Sensor 7
7,2021-10-14,0.6029340277777777,0.6076394844514804,0.01396431017088246,-0.33696305912154806,Virgen,Sensor 7
7,2021-10-15,0.6001388888888889,0.6076394844514804,0.01396431017088246,-0.5371261072552884,Virgen,Sensor 7
7,2021-10-16,0.6000069444444445,0.6076394844514804,0.01396431017088246,-0.5465747977261964,Virgen,Sensor 7
7,2021-10-17,0.6132361111111111,0.6076394844514804,0.01396431017088246,0.4007807468571148,Virgen,Sensor 7
7,2021-10-18,0.6229305555555555,0.6076394844514804,0.01396431017088246,1.0950108467197435,Virgen,Sensor 7
7,2021-10-19,0.6260729166666666,0.6076394844514804,0.01396431017088246,1.3200388697769343,Virgen,Sensor 7
7,2021-10-20,0.6281145833333333,0.6076394844514804,0.01396431017088246,1.466244922326796,Virgen,Sensor 7
7,2021-10-21,0.6214444444444445,0.6076394844514804,0.01396431017088246,0.9885887540473945,Virgen,Sensor 7
7,2021-10-22,0.6188090277777777,0.6076394844514804,0.01396431017088246,0.799863594378427,Virgen,Sensor 7
7,2021-10-23,0.6230798611111111,0.6076394844514804,0.01396431017088246,1.1057027859368278,Virgen,Sensor 7
7,2021-10-24,0.6192847222222222,0.6076394844514804,0.01396431017088246,0.8339286100235533,Virgen,Sensor 7
7,2021-10-25,0.6237604166666667,0.6076394844514804,0.01396431017088246,1.1544381367867844,Virgen,Sensor 7
7,2021-10-26,0.6262569444444445,0.6076394844514804,0.01396431017088246,1.3332173064863637,Virgen,Sensor 7
7,2021-10-27,0.6231006944444445,0.6076394844514804,0.01396431017088246,1.1071946844322365,Virgen,Sensor 7
7,2021-10-28,0.6189444444444444,0.6076394844514804,0.01396431017088246,0.8095609345985751,Virgen,Sensor 7
7,2021-10-29,0.6238159722222222,0.6076394844514804,0.01396431017088246,1.1584165327745302,Virgen,Sensor 7
7,2021-10-30,0.6199027777777778,0.6076394844514804,0.01396431017088246,0.878188265387292,Virgen,Sensor 7
7,2021-10-31,0.6173923611111111,0.6076394844514804,0.01396431017088246,0.6984144966907683,Virgen,Sensor 7
7,2021-11-01,0.612736111111111,0.6076394844514804,0.01396431017088246,0.36497518296734777,Virgen,Sensor 7
7,2021-11-02,0.6128472222222222,0.6076394844514804,0.01396431017088246,0.37293197494285507,Virgen,Sensor 7
7,2021-11-03,0.6157118055555555,0.6076394844514804,0.01396431017088246,0.5780680180612856,Virgen,Sensor 7
7,2021-11-04,0.6181527777777778,0.6076394844514804,0.01396431017088246,0.7528687917731192,Virgen,Sensor 7
7,2021-11-05,0.6130590277777778,0.6076394844514804,0.01396431017088246,0.3880996096461575,Virgen,Sensor 7
7,2021-11-06,0.6090034722222222,0.6076394844514804,0.01396431017088246,0.09767670254029909,Virgen,Sensor 7
7,2021-11-07,0.6068506944444444,0.6076394844514804,0.01396431017088246,-0.05648614198506988,Virgen,Sensor 7
7,2021-11-08,0.6133020833333334,0.6076394844514804,0.01396431017088246,0.4055050920925728,Virgen,Sensor 7
7,2021-11-09,0.6201875,0.6076394844514804,0.01396431017088246,0.8985775448245166,Virgen,Sensor 7
7,2021-11-10,0.6205243055555556,0.6076394844514804,0.01396431017088246,0.9226965705002628,Virgen,Sensor 7
7,2021-11-11,0.6147604166666666,0.6076394844514804,0.01396431017088246,0.5099379867710409,Virgen,Sensor 7
7,2021-11-12,0.6103749999999999,0.6076394844514804,0.01396431017088246,0.1958933534879085,Virgen,Sensor 7
7,2021-11-13,0.6154027777777777,0.6076394844514804,0.01396431017088246,0.5559381903794202,Virgen,Sensor 7
7,2021-11-14,0.6179131944444445,0.6076394844514804,0.01396431017088246,0.7357119590759439,Virgen,Sensor 7
7,2021-11-15,0.6133368055555555,0.6076394844514804,0.01396431017088246,0.4079915895849099,Virgen,Sensor 7
7,2021-11-16,0.6172951388888889,0.6076394844514804,0.01396431017088246,0.6914523037122053,Virgen,Sensor 7
7,2021-11-17,0.6251770833333333,0.6076394844514804,0.01396431017088246,1.2558872344744432,Virgen,Sensor 7
7,2021-11-18,0.6154340277777778,0.6076394844514804,0.01396431017088246,0.5581760381225331,Virgen,Sensor 7
7,2021-11-19,0.6135416666666667,0.6076394844514804,0.01396431017088246,0.422661924789748,Virgen,Sensor 7
7,2021-11-20,0.6176284722222223,0.6076394844514804,0.01396431017088246,0.7153226796387193,Virgen,Sensor 7
7,2021-11-21,0.6127604166666667,0.6076394844514804,0.01396431017088246,0.3667157312119964,Virgen,Sensor 7
7,2021-11-22,0.6092638888888888,0.6076394844514804,0.01396431017088246,0.11632543373288295,Virgen,Sensor 7
7,2021-11-23,0.6080069444444445,0.6076394844514804,0.01396431017088246,0.026314224510012977,Virgen,Sensor 7
7,2021-11-24,0.6148923611111111,0.6076394844514804,0.01396431017088246,0.5193866772419568,Virgen,Sensor 7
7,2021-11-25,0.6465000000000001,0.6076394844514804,0.01396431017088246,2.782845344523303,Virgen,Sensor 7
7,2021-11-26,0.6428229166666667,0.6076394844514804,0.01396431017088246,2.519525260084,Virgen,Sensor 7
7,2021-11-27,0.6376284722222222,0.6076394844514804,0.01396431017088246,2.147545235229235,Virgen,Sensor 7
7,2021-11-28,0.6217951388888889,0.6076394844514804,0.01396431017088246,1.0137023787200772,Virgen,Sensor 7
7,2021-11-29,0.6139583333333333,0.6076394844514804,0.01396431017088246,0.45249989469788066,Virgen,Sensor 7
7,2021-11-30,0.61634375,0.6076394844514804,0.01396431017088246,0.6233222724219606,Virgen,Sensor 7
7,2021-12-01,0.6133194444444444,0.6076394844514804,0.01396431017088246,0.40674834083874134,Virgen,Sensor 7
7,2021-12-02,0.6095590277777778,0.6076394844514804,0.01396431017088246,0.13746066241781982,Virgen,Sensor 7
7,2021-12-03,0.6057951388888889,0.6076394844514804,0.01396431017088246,-0.13207566575234178,Virgen,Sensor 7
7,2021-12-04,0.6040833333333333,0.6076394844514804,0.01396431017088246,-0.2546599921249374,Virgen,Sensor 7
7,2021-12-05,0.6097534722222222,0.6076394844514804,0.01396431017088246,0.1513850483749457,Virgen,Sensor 7
7,2021-12-06,0.6192638888888888,0.6076394844514804,0.01396431017088246,0.8324367115281448,Virgen,Sensor 7
7,2021-12-07,0.6161736111111111,0.6076394844514804,0.01396431017088246,0.6111384347094755,Virgen,Sensor 7
7,2021-12-08,0.6115798611111111,0.6076394844514804,0.01396431017088246,0.2821748164722728,Virgen,Sensor 7
7,2021-12-09,0.6085486111111111,0.6076394844514804,0.01396431017088246,0.06510358539058933,Virgen,Sensor 7
7,2021-12-10,0.6054236111111111,0.6076394844514804,0.01396431017088246,-0.15868118892043295,Virgen,Sensor 7
7,2021-12-11,0.6050694444444444,0.6076394844514804,0.01396431017088246,-0.18404346334234767,Virgen,Sensor 7
7,2021-12-12,0.6155972222222222,0.6076394844514804,0.01396431017088246,0.569862576336554,Virgen,Sensor 7
7,2021-12-13,0.6200590277777778,0.6076394844514804,0.01396431017088246,0.8893775041028408,Virgen,Sensor 7
7,2021-12-14,0.620736111111111,0.6076394844514804,0.01396431017088246,0.9378642052035572,Virgen,Sensor 7
7,2021-12-15,0.6151423611111111,0.6076394844514804,0.01396431017088246,0.5372894591868363,Virgen,Sensor 7
7,2021-12-16,0.6135138888888889,0.6076394844514804,0.01396431017088246,0.4206727267958752,Virgen,Sensor 7
7,2021-12-17,0.6170625,0.6076394844514804,0.01396431017088246,0.6747927705134943,Virgen,Sensor 7
7,2021-12-18,0.6268159722222222,0.6076394844514804,0.01396431017088246,1.3732499161131086,Virgen,Sensor 7
7,2021-12-19,0.6282361111111111,0.6076394844514804,0.01396431017088246,1.4749476635500076,Virgen,Sensor 7
7,2021-12-20,0.6190868055555555,0.6076394844514804,0.01396431017088246,0.8197555743171874,Virgen,Sensor 7
7,2021-12-21,0.6302986111111112,0.6076394844514804,0.01396431017088246,1.6226456145952857,Virgen,Sensor 7
7,2021-12-22,0.6272465277777778,0.6076394844514804,0.01396431017088246,1.4040824850181857,Virgen,Sensor 7
7,2021-12-23,0.6165798611111111,0.6076394844514804,0.01396431017088246,0.6402304553699038,Virgen,Sensor 7
7,2021-12-24,0.6122569444444443,0.6076394844514804,0.01396431017088246,0.3306615175729893,Virgen,Sensor 7
7,2021-12-25,0.6081736111111111,0.6076394844514804,0.01396431017088246,0.03824941247326601,Virgen,Sensor 7
7,2021-12-26,0.6040034722222223,0.6076394844514804,0.01396431017088246,-0.26037893635732384,Virgen,Sensor 7
7,2021-12-27,0.6000972222222223,0.6076394844514804,0.01396431017088246,-0.5401099042460977,Virgen,Sensor 7
7,2021-12-28,0.5964930555555555,0.6076394844514804,0.01396431017088246,-0.7982083439514784,Virgen,Sensor 7
7,2021-12-29,0.5931597222222221,0.6076394844514804,0.01396431017088246,-1.0369121032165711,Virgen,Sensor 7
7,2021-12-30,0.6013506944444444,0.6076394844514804,0.01396431017088246,-0.4503473447724599,Virgen,Sensor 7
7,2021-12-31,0.607,0.6076394844514804,0.01396431017088246,-0.04579420276798539,Virgen,Sensor 7
8,2022-01-01,0.6051805555555556,0.6037554092881521,0.026713317615696678,0.05334965457701591,Virgen,Sensor 8
8,2022-01-02,0.6018576388888889,0.6037554092881521,0.026713317615696678,-0.07104210815612337,Virgen,Sensor 8
8,2022-01-03,0.5986597222222222,0.6037554092881521,0.026713317615696678,-0.19075455693064777,Virgen,Sensor 8
8,2022-01-04,0.5950069444444445,0.6037554092881521,0.026713317615696678,-0.3274945092767901,Virgen,Sensor 8
8,2022-01-05,0.5911805555555555,0.6037554092881521,0.026713317615696678,-0.4707335087876782,Virgen,Sensor 8
8,2022-01-06,0.5876597222222222,0.6037554092881521,0.026713317615696678,-0.6025341852886185,Virgen,Sensor 8
8,2022-01-07,0.5842708333333333,0.6037554092881521,0.026713317615696678,-0.7293955859443567,Virgen,Sensor 8
8,2022-01-08,0.5809583333333334,0.6037554092881521,0.026713317615696678,-0.8533974058476069,Virgen,Sensor 8
8,2022-01-09,0.5775381944444444,0.6037554092881521,0.026713317615696678,-0.9814286349929998,Virgen,Sensor 8
8,2022-01-10,0.5744409722222222,0.6037554092881521,0.026713317615696678,-1.0973716364119728,Virgen,Sensor 8
8,2022-01-11,0.5722847222222222,0.6037554092881521,0.026713317615696678,-1.1780898021980553,Virgen,Sensor 8
8,2022-01-12,0.5700381944444444,0.6037554092881521,0.026713317615696678,-1.2621874725098001,Virgen,Sensor 8
8,2022-01-13,0.5690624999999999,0.6037554092881521,0.026713317615696678,-1.298712117575643,Virgen,Sensor 8
8,2022-01-14,0.6167361111111112,0.6037554092881521,0.026713317615696678,0.4859262338621559,Virgen,Sensor 8
8,2022-01-15,0.620736111111111,0.6037554092881521,0.026713317615696678,0.6356642805377775,Virgen,Sensor 8
8,2022-01-16,0.6158055555555556,0.6037554092881521,0.026713317615696678,0.45109134105914617,Virgen,Sensor 8
8,2022-01-17,0.6129479166666667,0.6037554092881521,0.026713317615696678,0.3441170247275138,Virgen,Sensor 8
8,2022-01-18,0.6091458333333333,0.6037554092881521,0.026713317615696678,0.20178789181968912,Virgen,Sensor 8
8,2022-01-19,0.6052673611111111,0.6037554092881521,0.026713317615696678,0.056599178159384686,Virgen,Sensor 8
8,2022-01-20,0.6022500000000001,0.6037554092881521,0.026713317615696678,-0.056354261563806685,Virgen,Sensor 8
8,2022-01-21,0.6018298611111111,0.6037554092881521,0.026713317615696678,-0.07208195570248037,Virgen,Sensor 8
8,2022-01-22,0.6001597222222222,0.6037554092881521,0.026713317615696678,-0.13460278942728607,Virgen,Sensor 8
8,2022-01-23,0.599,0.6037554092881521,0.026713317615696678,-0.17801642448775568,Virgen,Sensor 8
8,2022-01-24,0.5975243055555555,0.6037554092881521,0.026713317615696678,-0.233258325388054,Virgen,Sensor 8
8,2022-01-25,0.5952604166666666,0.6037554092881521,0.026713317615696678,-0.3180059004162709,Virgen,Sensor 8
8,2022-01-26,0.5952604166666666,0.6037554092881521,0.026713317615696678,-0.3180059004162709,Virgen,Sensor 8
8,2022-01-27,0.5964791666666667,0.6037554092881521,0.026713317615696678,-0.27238258931978954,Virgen,Sensor 8
8,2022-01-28,0.6099375,0.6037554092881521,0.026713317615696678,0.23142354689090966,Virgen,Sensor 8
8,2022-01-29,0.6162118055555555,0.6037554092881521,0.026713317615696678,0.4662991114246372,Virgen,Sensor 8
8,2022-01-30,0.6124479166666666,0.6037554092881521,0.026713317615696678,0.32539976889305855,Virgen,Sensor 8
8,2022-01-31,0.6090833333333333,0.6037554092881521,0.026713317615696678,0.19944823484038376,Virgen,Sensor 8
8,2022-02-01,0.6132361111111111,0.6037554092881521,0.026713317615696678,0.35490544302098137,Virgen,Sensor 8
8,2022-02-02,0.6114340277777778,0.6037554092881521,0.026713317615696678,0.2874453334509736,Virgen,Sensor 8
8,2022-02-03,0.6076979166666666,0.6037554092881521,0.026713317615696678,0.147585838465752,Virgen,Sensor 8
8,2022-02-04,0.6036701388888889,0.6037554092881521,0.026713317615696678,-0.003192055756230726,Virgen,Sensor 8
8,2022-02-05,0.6004756944444444,0.6037554092881521,0.026713317615696678,-0.12277452358746155,Virgen,Sensor 8
8,2022-02-06,0.6093125,0.6037554092881521,0.026713317615696678,0.20802697709784365,Virgen,Sensor 8
8,2022-02-07,0.6097638888888889,0.6037554092881521,0.026713317615696678,0.22492449972616793,Virgen,Sensor 8
8,2022-02-08,0.6099930555555555,0.6037554092881521,0.026713317615696678,0.23350324198362368,Virgen,Sensor 8
8,2022-02-09,0.6085277777777778,0.6037554092881521,0.026713317615696678,0.17865128391321444,Virgen,Sensor 8
8,2022-02-10,0.6066354166666666,0.6037554092881521,0.026713317615696678,0.10781166981754021,Virgen,Sensor 8
8,2022-02-11,0.6087630662020906,0.6037554092881521,0.026713317615696678,0.1874591911787129,Virgen,Sensor 8
8,2022-02-12,0.6271249999999999,0.6037554092881521,0.026713317615696678,0.8748292162002349,Virgen,Sensor 8
8,2022-02-13,0.63178125,0.6037554092881521,0.026713317615696678,1.0491336611585813,Virgen,Sensor 8
8,2022-02-14,0.6276666666666667,0.6037554092881521,0.026713317615696678,0.89510624335423,Virgen,Sensor 8
8,2022-02-15,0.6255138888888889,0.6037554092881521,0.026713317615696678,0.8145180585114452,Virgen,Sensor 8
8,2022-02-16,0.6172777777777778,0.6037554092881521,0.026713317615696678,0.5062032610161468,Virgen,Sensor 8
8,2022-02-17,0.6129548611111111,0.6037554092881521,0.026713317615696678,0.34437698661410104,Virgen,Sensor 8
8,2022-02-18,0.6086215277777778,0.6037554092881521,0.026713317615696678,0.18216076938217457,Virgen,Sensor 8
8,2022-02-19,0.6057638888888889,0.6037554092881521,0.026713317615696678,0.07518645305054224,Virgen,Sensor 8
8,2022-02-20,0.603625,0.6037554092881521,0.026713317615696678,-0.004881808019063986,Virgen,Sensor 8
8,2022-02-21,0.6007847222222221,0.6037554092881521,0.026713317615696678,-0.11120621963422422,Virgen,Sensor 8
8,2022-02-22,0.5977013888888889,0.6037554092881521,0.026713317615696678,-0.22662929728001452,Virgen,Sensor 8
8,2022-02-23,0.5942118055555555,0.6037554092881521,0.026713317615696678,-0.3572601452913042,Virgen,Sensor 8
8,2022-02-24,0.5911597222222222,0.6037554092881521,0.026713317615696678,-0.4715133944474439,Virgen,Sensor 8
8,2022-02-25,0.6013645833333333,0.6037554092881521,0.026713317615696678,-0.08949940210398732,Virgen,Sensor 8
8,2022-02-26,0.6183159722222222,0.6037554092881521,0.026713317615696678,0.5450675630612951,Virgen,Sensor 8
8,2022-02-27,0.6319479166666667,0.6037554092881521,0.026713317615696678,1.055372746436736,Virgen,Sensor 8
8,2022-02-28,0.6272048611111111,0.6037554092881521,0.026713317615696678,0.8778187778960166,Virgen,Sensor 8
8,2022-03-01,0.6423819444444444,0.6037554092881521,0.026713317615696678,1.4459654810376483,Virgen,Sensor 8
8,2022-03-02,0.6512881944444444,0.6037554092881521,0.026713317615696678,1.779366600588846,Virgen,Sensor 8
8,2022-03-03,0.6332118055555556,0.6037554092881521,0.026713317615696678,1.1026858097960464,Virgen,Sensor 8
8,2022-03-04,0.628170138888889,0.6037554092881521,0.026713317615696678,0.9139534801319787,Virgen,Sensor 8
8,2022-03-05,0.6303194444444444,0.6037554092881521,0.026713317615696678,0.9944116840314657,Virgen,Sensor 8
8,2022-03-06,0.6385208333333333,0.6037554092881521,0.026713317615696678,1.301426672093816,Virgen,Sensor 8
8,2022-03-07,0.6280486111111112,0.6037554092881521,0.026713317615696678,0.9094041471166617,Virgen,Sensor 8
8,2022-03-08,0.6170625,0.6037554092881521,0.026713317615696678,0.49814444253186535,Virgen,Sensor 8
8,2022-03-09,0.6109340277777777,0.6037554092881521,0.026713317615696678,0.26872807761651835,Virgen,Sensor 8
8,2022-03-10,0.60709375,0.6037554092881521,0.026713317615696678,0.12496915433245583,Virgen,Sensor 8
8,2022-03-11,0.6035381944444445,0.6037554092881521,0.026713317615696678,-0.008131331601432763,Virgen,Sensor 8
8,2022-03-12,0.6010277777777778,0.6037554092881521,0.026713317615696678,-0.10210755360358167,Virgen,Sensor 8
8,2022-03-13,0.6010868055555556,0.6037554092881521,0.026713317615696678,-0.0998978775675699,Virgen,Sensor 8
8,2022-03-14,0.6397361111111111,0.6037554092881521,0.026713317615696678,1.3469200022469996,Virgen,Sensor 8
8,2022-03-15,0.6332604166666667,0.6037554092881521,0.026713317615696678,1.1045055430021733,Virgen,Sensor 8
8,2022-03-16,0.6217013888888889,0.6037554092881521,0.026713317615696678,0.6717989827737397,Virgen,Sensor 8
8,2022-03-17,0.6615277777777778,0.6037554092881521,0.026713317615696678,2.1626804023652553,Virgen,Sensor 8
8,2022-03-18,0.6388327526132405,0.6037554092881521,0.026713317615696678,1.3131032180172568,Virgen,Sensor 8
8,2022-03-19,0.6329965277777778,0.6037554092881521,0.026713317615696678,1.0946269913117692,Virgen,Sensor 8
8,2022-03-20,0.6299722222222222,0.6037554092881521,0.026713317615696678,0.9814135897019823,Virgen,Sensor 8
8,2022-03-21,0.630357638888889,0.6037554092881521,0.026713317615696678,0.9958414744077119,Virgen,Sensor 8
8,2022-03-22,0.6209409722222222,0.6037554092881521,0.026713317615696678,0.6433331561921739,Virgen,Sensor 8
8,2022-03-23,0.6148437499999999,0.6037554092881521,0.026713317615696678,0.41508661976647754,Virgen,Sensor 8
8,2022-03-24,0.6111562500000001,0.6037554092881521,0.026713317615696678,0.27704685798739104,Virgen,Sensor 8
8,2022-03-25,0.6166701388888889,0.6037554092881521,0.026713317615696678,0.4834565959395528,Virgen,Sensor 8
8,2022-03-26,0.6183854166666667,0.6037554092881521,0.026713317615696678,0.5476671819271918,Virgen,Sensor 8
8,2022-03-27,0.6289895833333333,0.6037554092881521,0.026713317615696678,0.9446289827495522,Virgen,Sensor 8
8,2022-03-28,0.6310486111111111,0.6037554092881521,0.026713317615696678,1.0217076821233768,Virgen,Sensor 8
8,2022-03-29,0.6240868055555555,0.6037554092881521,0.026713317615696678,0.7610958908172738,Virgen,Sensor 8
8,2022-03-30,0.6241180555555556,0.6037554092881521,0.026713317615696678,0.7622657193069285,Virgen,Sensor 8
8,2022-03-31,0.6219513888888888,0.6037554092881521,0.026713317615696678,0.6811576106909611,Virgen,Sensor 8
8,2022-04-01,0.6242708333333333,0.6037554092881521,0.026713317615696678,0.7679848808119004,Virgen,Sensor 8
8,2022-04-02,0.62609375,0.6037554092881521,0.026713317615696678,0.836224876041678,Virgen,Sensor 8
8,2022-04-03,0.6208993055555555,0.6037554092881521,0.026713317615696678,0.6417733848726342,Virgen,Sensor 8
8,2022-04-04,0.6146493055555555,0.6037554092881521,0.026713317615696678,0.4078076869419701,Virgen,Sensor 8
8,2022-04-05,0.6097708333333334,0.6037554092881521,0.026713317615696678,0.22518446161275926,Virgen,Sensor 8
8,2022-04-06,0.6064166666666666,0.6037554092881521,0.026713317615696678,0.09962287038996524,Virgen,Sensor 8
8,2022-04-07,0.60359375,0.6037554092881521,0.026713317615696678,-0.006051636508714584,Virgen,Sensor 8
8,2022-04-08,0.6011006944444444,0.6037554092881521,0.026713317615696678,-0.09937795379439555,Virgen,Sensor 8
8,2022-04-09,0.6086076388888889,0.6037554092881521,0.026713317615696678,0.18164084560899604,Virgen,Sensor 8
8,2022-04-10,0.6159444444444444,0.6037554092881521,0.026713317615696678,0.4562905787909354,Virgen,Sensor 8
8,2022-04-11,0.6136041666666666,0.6037554092881521,0.026713317615696678,0.36868342301023044,Virgen,Sensor 8
8,2022-04-12,0.6097604166666666,0.6037554092881521,0.026713317615696678,0.22479451878287018,Virgen,Sensor 8
8,2022-04-13,0.6064027777777778,0.6037554092881521,0.026713317615696678,0.0991029466167909,Virgen,Sensor 8
8,2022-04-14,0.603625,0.6037554092881521,0.026713317615696678,-0.004881808019063986,Virgen,Sensor 8
8,2022-04-15,0.6026631944444445,0.6037554092881521,0.026713317615696678,-0.040886529311724325,Virgen,Sensor 8
8,2022-04-16,0.6058645833333334,0.6037554092881521,0.026713317615696678,0.07895590040609367,Virgen,Sensor 8
8,2022-04-17,0.6067118055555556,0.6037554092881521,0.026713317615696678,0.11067125057002823,Virgen,Sensor 8
8,2022-04-18,0.6163402777777778,0.6037554092881521,0.026713317615696678,0.47110840632654566,Virgen,Sensor 8
8,2022-04-19,0.6471180555555556,0.6037554092881521,0.026713317615696678,1.6232594876917763,Virgen,Sensor 8
8,2022-04-20,0.6556770833333334,0.6037554092881521,0.026713317615696678,1.9436625129134948,Virgen,Sensor 8
8,2022-04-21,0.6623020833333333,0.6037554092881521,0.026713317615696678,2.191666152719995,Virgen,Sensor 8
8,2022-04-22,0.6394965277777778,0.6037554092881521,0.026713317615696678,1.3379513171596589,Virgen,Sensor 8
8,2022-04-23,0.6356076388888889,0.6037554092881521,0.026713317615696678,1.1923726606694696,Virgen,Sensor 8
8,2022-04-24,0.63825,0.6037554092881521,0.026713317615696678,1.2912881585168206,Virgen,Sensor 8
8,2022-04-25,0.6316111111111111,0.6037554092881521,0.026713317615696678,1.0427645949371374,Virgen,Sensor 8
8,2022-04-26,0.6214097222222222,0.6037554092881521,0.026713317615696678,0.6608805835369744,Virgen,Sensor 8
8,2022-04-27,0.6150590277777778,0.6037554092881521,0.026713317615696678,0.4231454382507589,Virgen,Sensor 8
8,2022-04-28,0.6119826388888889,0.6037554092881521,0.026713317615696678,0.30798232249155577,Virgen,Sensor 8
8,2022-04-29,0.6133680555555556,0.6037554092881521,0.026713317615696678,0.3598447188661875,Virgen,Sensor 8
8,2022-04-30,0.61675,0.6037554092881521,0.026713317615696678,0.48644615763533444,Virgen,Sensor 8
8,2022-05-01,0.6173229166666666,0.6037554092881521,0.026713317615696678,0.5078930132789758,Virgen,Sensor 8
8,2022-05-02,0.6134930555555556,0.6037554092881521,0.026713317615696678,0.3645240328247982,Virgen,Sensor 8
8,2022-05-03,0.6094131944444444,0.6037554092881521,0.026713317615696678,0.21179642445339095,Virgen,Sensor 8
8,2022-05-04,0.6055486111111111,0.6037554092881521,0.026713317615696678,0.06712763456626501,Virgen,Sensor 8
8,2022-05-05,0.6020696864111498,0.6037554092881521,0.026713317615696678,-0.06310421270968523,Virgen,Sensor 8
8,2022-05-06,0.6050416666666666,0.6037554092881521,0.026713317615696678,0.04815041684521839,Virgen,Sensor 8
8,2022-05-07,0.6258923611111111,0.6037554092881521,0.026713317615696678,0.8286859813305792,Virgen,Sensor 8
8,2022-05-08,0.6205034722222222,0.6037554092881521,0.026713317615696678,0.6269555573370281,Virgen,Sensor 8
8,2022-05-09,0.6151145833333334,0.6037554092881521,0.026713317615696678,0.42522513334347706,Virgen,Sensor 8
8,2022-05-10,0.6136041666666666,0.6037554092881521,0.026713317615696678,0.36868342301023044,Virgen,Sensor 8
8,2022-05-11,0.6217597173144876,0.6037554092881521,0.026713317615696678,0.6739824789024439,Virgen,Sensor 8
8,2022-05-12,0.6190243055555555,0.6037554092881521,0.026713317615696678,0.5715836754934362,Virgen,Sensor 8
8,2022-05-13,0.6224861111111112,0.6037554092881521,0.026713317615696678,0.7011746759583689,Virgen,Sensor 8
8,2022-05-14,0.6228541666666667,0.6037554092881521,0.026713317615696678,0.714952655947618,Virgen,Sensor 8
8,2022-05-15,0.6300034722222222,0.6037554092881521,0.026713317615696678,0.9825834181916371,Virgen,Sensor 8
8,2022-05-16,0.62615625,0.6037554092881521,0.026713317615696678,0.8385645330209833,Virgen,Sensor 8
8,2022-05-17,0.6308506944444444,0.6037554092881521,0.026713317615696678,1.0142987683555718,Virgen,Sensor 8
8,2022-05-18,0.6394479166666667,0.6037554092881521,0.026713317615696678,1.3361315839535322,Virgen,Sensor 8
8,2022-05-19,0.6278368055555555,0.6037554092881521,0.026713317615696678,0.9014753095756739,Virgen,Sensor 8
8,2022-05-20,0.6246111111111111,0.6037554092881521,0.026713317615696678,0.7807230132547924,Virgen,Sensor 8
8,2022-05-21,0.6178229166666667,0.6037554092881521,0.026713317615696678,0.5266102691134311,Virgen,Sensor 8
8,2022-05-22,0.6121076388888889,0.6037554092881521,0.026713317615696678,0.3126616364501665,Virgen,Sensor 8
8,2022-05-23,0.6073958333333334,0.6037554092881521,0.026713317615696678,0.136277496399106,Virgen,Sensor 8
8,2022-05-24,0.6040277777777778,0.6037554092881521,0.026713317615696678,0.01019598140313761,Virgen,Sensor 8
8,2022-05-25,0.6020173611111111,0.6037554092881521,0.026713317615696678,-0.06506298476456016,Virgen,Sensor 8
8,2022-05-26,0.6026423611111111,0.6037554092881521,0.026713317615696678,-0.04166641497149416,Virgen,Sensor 8
8,2022-05-27,0.6046319444444443,0.6037554092881521,0.026713317615696678,0.032812665536429614,Virgen,Sensor 8
8,2022-05-28,0.6103923611111112,0.6037554092881521,0.026713317615696678,0.2484510504625317,Virgen,Sensor 8
8,2022-05-29,0.6125416666666667,0.6037554092881521,0.026713317615696678,0.3289092543620187,Virgen,Sensor 8
8,2022-05-30,0.6115208333333333,0.6037554092881521,0.026713317615696678,0.2906948570333424,Virgen,Sensor 8
8,2022-05-31,0.6098854166666666,0.6037554092881521,0.026713317615696678,0.22947383274148506,Virgen,Sensor 8
8,2022-06-01,0.6079027777777778,0.6037554092881521,0.026713317615696678,0.15525471412014846,Virgen,Sensor 8
8,2022-06-02,0.6054236111111111,0.6037554092881521,0.026713317615696678,0.06244832060765015,Virgen,Sensor 8
8,2022-06-03,0.6031423611111111,0.6037554092881521,0.026713317615696678,-0.02294915913704303,Virgen,Sensor 8
8,2022-06-04,0.6126388888888888,0.6037554092881521,0.026713317615696678,0.33254872077427233,Virgen,Sensor 8
8,2022-06-05,0.6249618055555556,0.6037554092881521,0.026713317615696678,0.7938510885275695,Virgen,Sensor 8
8,2022-06-06,0.6192743055555555,0.6037554092881521,0.026713317615696678,0.5809423034106618,Virgen,Sensor 8
8,2022-06-07,0.6137118055555555,0.6037554092881521,0.026713317615696678,0.37271283225236906,Virgen,Sensor 8
8,2022-06-08,0.6102604166666666,0.6037554092881521,0.026713317615696678,0.24351177461732548,Virgen,Sensor 8
8,2022-06-09,0.6287986111111111,0.6037554092881521,0.026713317615696678,0.9374800308683384,Virgen,Sensor 8
8,2022-06-10,0.6295590277777777,0.6037554092881521,0.026713317615696678,0.9659458574499,Virgen,Sensor 8
8,2022-06-11,0.6270833333333333,0.6037554092881521,0.026713317615696678,0.8732694448806995,Virgen,Sensor 8
8,2022-06-12,0.6215208333333333,0.6037554092881521,0.026713317615696678,0.6650399737224066,Virgen,Sensor 8
8,2022-06-13,0.6163958333333333,0.6037554092881521,0.026713317615696678,0.47318810141925965,Virgen,Sensor 8
8,2022-06-14,0.6128784722222221,0.6037554092881521,0.026713317615696678,0.341517405861613,Virgen,Sensor 8
8,2022-06-15,0.6101875,0.6037554092881521,0.026713317615696678,0.2407821748081352,Virgen,Sensor 8
8,2022-06-16,0.6075173611111111,0.6037554092881521,0.026713317615696678,0.1408268294144231,Virgen,Sensor 8
8,2022-06-17,0.6045381944444445,0.6037554092881521,0.026713317615696678,0.029303180067473664,Virgen,Sensor 8
8,2022-06-18,0.6010347222222222,0.6037554092881521,0.026713317615696678,-0.10184759171699449,Virgen,Sensor 8
8,2022-06-19,0.5983263888888888,0.6037554092881521,0.026713317615696678,-0.2032327274869527,Virgen,Sensor 8
8,2022-06-20,0.5980069444444445,0.6037554092881521,0.026713317615696678,-0.21519097427007078,Virgen,Sensor 8
8,2022-06-21,0.5972534722222221,0.6037554092881521,0.026713317615696678,-0.24339683896504938,Virgen,Sensor 8
8,2022-06-22,0.5946319444444444,0.6037554092881521,0.026713317615696678,-0.3415324511526305,Virgen,Sensor 8
8,2022-06-23,0.5979861111111111,0.6037554092881521,0.026713317615696678,-0.2159708599298406,Virgen,Sensor 8
8,2022-06-24,0.6473298611111111,0.6037554092881521,0.026713317615696678,1.63118832523276,Virgen,Sensor 8
8,2022-06-25,0.6577777777777778,0.6037554092881521,0.026713317615696678,2.022300983606855,Virgen,Sensor 8
8,2022-06-26,0.6459756944444445,0.6037554092881521,0.026713317615696678,1.580495757347783,Virgen,Sensor 8
8,2022-06-27,0.6352395833333334,0.6037554092881521,0.026713317615696678,1.1785946806802206,Virgen,Sensor 8
8,2022-06-28,0.6254340277777778,0.6037554092881521,0.026713317615696678,0.8115284968156636,Virgen,Sensor 8
8,2022-06-29,0.6177881944444444,0.6037554092881521,0.026713317615696678,0.5253104596804827,Virgen,Sensor 8
8,2022-06-30,0.6116041666666666,0.6037554092881521,0.026713317615696678,0.29381439967241757,Virgen,Sensor 8
8,2022-07-01,0.6096006944444444,0.6037554092881521,0.026713317615696678,0.21881539539131115,Virgen,Sensor 8
8,2022-07-02,0.6070625000000001,0.6037554092881521,0.026713317615696678,0.12379932584280523,Virgen,Sensor 8
8,2022-07-03,0.6204861111111111,0.6037554092881521,0.026713317615696678,0.6263056526205519,Virgen,Sensor 8
8,2022-07-04,0.6974062499999999,0.6037554092881521,0.026713317615696678,3.505773489430561,Virgen,Sensor 8
8,2022-07-05,0.7015381944444443,0.6037554092881521,0.026713317615696678,3.6604508119513888,Virgen,Sensor 8
8,2022-07-06,0.6832916666666667,0.6037554092881521,0.026713317615696678,2.977400954937149,Virgen,Sensor 8
8,2022-07-07,0.653163763066202,0.6037554092881521,0.026713317615696678,1.849577596045867,Virgen,Sensor 8
8,2022-07-08,0.6410520833333333,0.6037554092881521,0.026713317615696678,1.3961827797557347,Virgen,Sensor 8
8,2022-07-09,0.6329340277777777,0.6037554092881521,0.026713317615696678,1.0922873343324597,Virgen,Sensor 8
8,2022-07-10,0.6301840277777777,0.6037554092881521,0.026713317615696678,0.989342427242966,Virgen,Sensor 8
8,2022-07-11,0.623107638888889,0.6037554092881521,0.026713317615696678,0.7244412648081413,Virgen,Sensor 8
8,2022-07-12,0.6171875,0.6037554092881521,0.026713317615696678,0.5028237564904802,Virgen,Sensor 8
8,2022-07-13,0.6159131944444445,0.6037554092881521,0.026713317615696678,0.4551207503012848,Virgen,Sensor 8
8,2022-07-14,0.6146666666666667,0.6037554092881521,0.026713317615696678,0.40845759165844636,Virgen,Sensor 8
8,2022-07-15,0.6118402777777778,0.6037554092881521,0.026713317615696678,0.3026531038164688,Virgen,Sensor 8
8,2022-07-16,0.6093333333333333,0.6037554092881521,0.026713317615696678,0.20880686275760932,Virgen,Sensor 8
8,2022-07-17,0.6072500000000001,0.6037554092881521,0.026713317615696678,0.13081829678072546,Virgen,Sensor 8
8,2022-07-18,0.605,0.6037554092881521,0.026713317615696678,0.04659064552568287,Virgen,Sensor 8
8,2022-07-19,0.6043159722222222,0.6037554092881521,0.026713317615696678,0.020984399696605108,Virgen,Sensor 8
8,2022-07-20,0.6039965277777778,0.6037554092881521,0.026713317615696678,0.009026152913482856,Virgen,Sensor 8
8,2022-07-21,0.6029097222222223,0.6037554092881521,0.026713317615696678,-0.03165788233779235,Virgen,Sensor 8
8,2022-07-22,0.603,0.6037554092881521,0.026713317615696678,-0.02827837781212998,Virgen,Sensor 8
8,2022-07-23,0.602892361111111,0.6037554092881521,0.026713317615696678,-0.03230778705427275,Virgen,Sensor 8
8,2022-07-24,0.618826388888889,0.6037554092881521,0.026713317615696678,0.5641747617256353,Virgen,Sensor 8
8,2022-07-25,0.6288715277777778,0.6037554092881521,0.026713317615696678,0.9402096306775286,Virgen,Sensor 8
8,2022-07-26,0.6281458333333334,0.6037554092881521,0.026713317615696678,0.9130436135289154,Virgen,Sensor 8
8,2022-07-27,0.6365868055555555,0.6037554092881521,0.026713317615696678,1.229027286678602,Virgen,Sensor 8
8,2022-07-28,0.633,0.6037554092881521,0.026713317615696678,1.0947569722550627,Virgen,Sensor 8
8,2022-07-29,0.6245868055555556,0.6037554092881521,0.026713317615696678,0.7798131466517291,Virgen,Sensor 8
8,2022-07-30,0.6181076388888889,0.6037554092881521,0.026713317615696678,0.537268706463605,Virgen,Sensor 8
8,2022-07-31,0.6122152777777777,0.6037554092881521,0.026713317615696678,0.3166910456923051,Virgen,Sensor 8
8,2022-08-01,0.6076527777777777,0.6037554092881521,0.026713317615696678,0.14589608620291872,Virgen,Sensor 8
8,2022-08-02,0.6034861111111112,0.6037554092881521,0.026713317615696678,-0.010081045750853198,Virgen,Sensor 8
8,2022-08-03,0.6010763888888888,0.6037554092881521,0.026713317615696678,-0.10028782039745898,Virgen,Sensor 8
8,2022-08-04,0.5990104166666667,0.6037554092881521,0.026713317615696678,-0.17762648165787076,Virgen,Sensor 8
8,2022-08-05,0.6027465277777778,0.6037554092881521,0.026713317615696678,-0.03776698667264914,Virgen,Sensor 8
8,2022-08-06,0.6064409722222223,0.6037554092881521,0.026713317615696678,0.10053273699303282,Virgen,Sensor 8
8,2022-08-07,0.607,0.6037554092881521,0.026713317615696678,0.12145966886349573,Virgen,Sensor 8
8,2022-08-08,0.6054756944444444,0.6037554092881521,0.026713317615696678,0.06439803475707058,Virgen,Sensor 8
8,2022-08-09,0.6035555555555555,0.6037554092881521,0.026713317615696678,-0.007481426884960669,Virgen,Sensor 8
8,2022-08-10,0.607173611111111,0.6037554092881521,0.026713317615696678,0.12795871602823328,Virgen,Sensor 8
8,2022-08-11,0.6359270833333333,0.6037554092881521,0.026713317615696678,1.2043309074525876,Virgen,Sensor 8
8,2022-08-12,0.6370590277777778,0.6037554092881521,0.026713317615696678,1.2467046949667002,Virgen,Sensor 8
8,2022-08-13,0.6256840277777778,0.6037554092881521,0.026713317615696678,0.8208871247328892,Virgen,Sensor 8
8,2022-08-14,0.6172013888888889,0.6037554092881521,0.026713317615696678,0.5033436802636587,Virgen,Sensor 8
8,2022-08-15,0.6111215277777777,0.6037554092881521,0.026713317615696678,0.27574704855443855,Virgen,Sensor 8
8,2022-08-16,0.6067430555555555,0.6037554092881521,0.026713317615696678,0.11184107905967883,Virgen,Sensor 8
8,2022-08-17,0.6026111111111111,0.6037554092881521,0.026713317615696678,-0.04283624346114892,Virgen,Sensor 8
8,2022-08-18,0.5995798611111112,0.6037554092881521,0.026713317615696678,-0.1563096069575188,Virgen,Sensor 8
8,2022-08-19,0.5982951388888889,0.6037554092881521,0.026713317615696678,-0.20440255597660328,Virgen,Sensor 8
8,2022-08-20,0.5959687499999999,0.6037554092881521,0.026713317615696678,-0.2914897879841297,Virgen,Sensor 8
8,2022-08-21,0.6057534722222222,0.6037554092881521,0.026713317615696678,0.07479651022065732,Virgen,Sensor 8
8,2022-08-22,0.6208159722222222,0.6037554092881521,0.026713317615696678,0.638653842233559,Virgen,Sensor 8
8,2022-08-23,0.6192256944444444,0.6037554092881521,0.026713317615696678,0.579122570204535,Virgen,Sensor 8
8,2022-08-24,0.6149479166666666,0.6037554092881521,0.026713317615696678,0.4189860480653225,Virgen,Sensor 8
8,2022-08-25,0.6101631944444444,0.6037554092881521,0.026713317615696678,0.2398723082050718,Virgen,Sensor 8
8,2022-08-26,0.6063854166666666,0.6037554092881521,0.026713317615696678,0.09845304190031048,Virgen,Sensor 8
8,2022-08-27,0.6030243055555555,0.6037554092881521,0.026713317615696678,-0.02736851120906656,Virgen,Sensor 8
8,2022-08-28,0.5996180555555556,0.6037554092881521,0.026713317615696678,-0.15487981658127686,Virgen,Sensor 8
8,2022-08-29,0.5964444444444443,0.6037554092881521,0.026713317615696678,-0.27368239875274203,Virgen,Sensor 8
8,2022-08-30,0.5973402777777778,0.6037554092881521,0.026713317615696678,-0.24014731538267645,Virgen,Sensor 8
8,2022-08-31,0.6148645833333333,0.6037554092881521,0.026713317615696678,0.41586650542624737,Virgen,Sensor 8
8,2022-09-01,0.6176979166666666,0.6037554092881521,0.026713317615696678,0.5219309551548162,Virgen,Sensor 8
8,2022-09-02,0.6155208333333334,0.6037554092881521,0.026713317615696678,0.44043290370897226,Virgen,Sensor 8
8,2022-09-03,0.6120277777777778,0.6037554092881521,0.026713317615696678,0.309672074754389,Virgen,Sensor 8
8,2022-09-04,0.6099895833333333,0.6037554092881521,0.026713317615696678,0.23337326104033007,Virgen,Sensor 8
8,2022-09-05,0.6118263888888889,0.6037554092881521,0.026713317615696678,0.30213318004328615,Virgen,Sensor 8
8,2022-09-06,0.6187881944444444,0.6037554092881521,0.026713317615696678,0.5627449713493892,Virgen,Sensor 8
8,2022-09-07,0.6157673611111112,0.6037554092881521,0.026713317615696678,0.44966155068290425,Virgen,Sensor 8
8,2022-09-08,0.6113055555555555,0.6037554092881521,0.026713317615696678,0.28263603854906516,Virgen,Sensor 8
8,2022-09-09,0.6069548611111111,0.6037554092881521,0.026713317615696678,0.11976991660066247,Virgen,Sensor 8
8,2022-09-10,0.6025868055555555,0.6037554092881521,0.026713317615696678,-0.04374611006421234,Virgen,Sensor 8
8,2022-09-11,0.6002916666666667,0.6037554092881521,0.026713317615696678,-0.12966351358208403,Virgen,Sensor 8
8,2022-09-12,0.5982604166666667,0.6037554092881521,0.026713317615696678,-0.20570236540954748,Virgen,Sensor 8
8,2022-09-13,0.5955277777777778,0.6037554092881521,0.026713317615696678,-0.3079973677825691,Virgen,Sensor 8
8,2022-09-14,0.5917534722222222,0.6037554092881521,0.026713317615696678,-0.44928665314403265,Virgen,Sensor 8
8,2022-09-15,0.5880034722222223,0.6037554092881521,0.026713317615696678,-0.5896660719024286,Virgen,Sensor 8
8,2022-09-16,0.5846076388888889,0.6037554092881521,0.026713317615696678,-0.7167874344447582,Virgen,Sensor 8
8,2022-09-17,0.5818784722222222,0.6037554092881521,0.026713317615696678,-0.8189524558744821,Virgen,Sensor 8
8,2022-09-18,0.5798576388888889,0.6037554092881521,0.026713317615696678,-0.8946013648720648,Virgen,Sensor 8
8,2022-09-19,0.5774270833333333,0.6037554092881521,0.026713317615696678,-0.9855880251784362,Virgen,Sensor 8
8,2022-09-20,0.5745243055555556,0.6037554092881521,0.026713317615696678,-1.0942520937728977,Virgen,Sensor 8
8,2022-09-21,0.5717812499999999,0.6037554092881521,0.026713317615696678,-1.1969370389758043,Virgen,Sensor 8
8,2022-09-22,0.5753888888888888,0.6037554092881521,0.026713317615696678,-1.061886838892491,Virgen,Sensor 8
8,2022-09-23,0.60346875,0.6037554092881521,0.026713317615696678,-0.010730950467329445,Virgen,Sensor 8
8,2022-09-24,0.6035486111111111,0.6037554092881521,0.026713317615696678,-0.007741388771547844,Virgen,Sensor 8
8,2022-09-25,0.6009097222222222,0.6037554092881521,0.026713317615696678,-0.10652690567560935,Virgen,Sensor 8
8,2022-09-26,0.5970381944444445,0.6037554092881521,0.026713317615696678,-0.25145565744932247,Virgen,Sensor 8
8,2022-09-27,0.5937291666666666,0.6037554092881521,0.026713317615696678,-0.3753274964092832,Virgen,Sensor 8
8,2022-09-28,0.5909479166666666,0.6037554092881521,0.026713317615696678,-0.47944223198843167,Virgen,Sensor 8
8,2022-09-29,0.5879687499999999,0.6037554092881521,0.026713317615696678,-0.5909658813353811,Virgen,Sensor 8
8,2022-09-30,0.5849201388888888,0.6037554092881521,0.026713317615696678,-0.7050891495482272,Virgen,Sensor 8
8,2022-10-01,0.5832743055555555,0.6037554092881521,0.026713317615696678,-0.7667001166699695,Virgen,Sensor 8
8,2022-10-02,0.5839895833333333,0.6037554092881521,0.026713317615696678,-0.739924042351237,Virgen,Sensor 8
8,2022-10-03,0.5839374999999999,0.6037554092881521,0.026713317615696678,-0.7418737565006616,Virgen,Sensor 8
8,2022-10-04,0.5828159722222223,0.6037554092881521,0.026713317615696678,-0.783857601184881,Virgen,Sensor 8
8,2022-10-05,0.5808194444444443,0.6037554092881521,0.026713317615696678,-0.8585966435794044,Virgen,Sensor 8
8,2022-10-06,0.5779965156794424,0.6037554092881521,0.026713317615696678,-0.9642716033733595,Virgen,Sensor 8
8,2022-10-07,0.57628125,0.6037554092881521,0.026713317615696678,-1.0284817364657233,Virgen,Sensor 8
8,2022-10-08,0.5740069444444444,0.6037554092881521,0.026713317615696678,-1.113619254323825,Virgen,Sensor 8
8,2022-10-09,0.573,0.6037554092881521,0.026713317615696678,-1.1513137278793228,Virgen,Sensor 8
8,2022-10-10,0.573,0.6037554092881521,0.026713317615696678,-1.1513137278793228,Virgen,Sensor 8
8,2022-10-11,0.573,0.6037554092881521,0.026713317615696678,-1.1513137278793228,Virgen,Sensor 8
8,2022-10-12,0.5725625,0.6037554092881521,0.026713317615696678,-1.1676913267344686,Virgen,Sensor 8
8,2022-10-13,0.5704583333333333,0.6037554092881521,0.026713317615696678,-1.2464597783711264,Virgen,Sensor 8
8,2022-10-14,0.5734166666666666,0.6037554092881521,0.026713317615696678,-1.135716014683947,Virgen,Sensor 8
8,2022-10-15,0.6236597222222222,0.6037554092881521,0.026713317615696678,0.7451082347920129,Virgen,Sensor 8
8,2022-10-16,0.62609375,0.6037554092881521,0.026713317615696678,0.836224876041678,Virgen,Sensor 8
8,2022-10-17,0.6205104166666666,0.6037554092881521,0.026713317615696678,0.6272155192236153,Virgen,Sensor 8
8,2022-10-18,0.62015625,0.6037554092881521,0.026713317615696678,0.6139574630075447,Virgen,Sensor 8
8,2022-10-19,0.6452118055555556,0.6037554092881521,0.026713317615696678,1.5518999498229236,Virgen,Sensor 8
8,2022-10-20,0.6417916666666668,0.6037554092881521,0.026713317615696678,1.4238687206775347,Virgen,Sensor 8
8,2022-10-21,0.6379340277777777,0.6037554092881521,0.026713317615696678,1.2794598926769918,Virgen,Sensor 8
8,2022-10-22,0.6314305555555556,0.6037554092881521,0.026713317615696678,1.0360055858858086,Virgen,Sensor 8
8,2022-10-23,0.6232673611111111,0.6037554092881521,0.026713317615696678,0.7304203881997003,Virgen,Sensor 8
8,2022-10-24,0.619625,0.6037554092881521,0.026713317615696678,0.5940703786834388,Virgen,Sensor 8
8,2022-10-25,0.6190347222222222,0.6037554092881521,0.026713317615696678,0.5719736183233212,Virgen,Sensor 8
8,2022-10-26,0.6168993055555556,0.6037554092881521,0.026713317615696678,0.49203533819701273,Virgen,Sensor 8
8,2022-10-27,0.6134791666666666,0.6037554092881521,0.026713317615696678,0.36400410905161557,Virgen,Sensor 8
8,2022-10-28,0.6105138888888889,0.6037554092881521,0.026713317615696678,0.2530003834778488,Virgen,Sensor 8
8,2022-10-29,0.6075520833333333,0.6037554092881521,0.026713317615696678,0.14212663884737145,Virgen,Sensor 8
8,2022-10-30,0.6047881944444444,0.6037554092881521,0.026713317615696678,0.03866180798469923,Virgen,Sensor 8
8,2022-10-31,0.6016493055555556,0.6037554092881521,0.026713317615696678,-0.07884096475380926,Virgen,Sensor 8
8,2022-11-01,0.5980243055555555,0.6037554092881521,0.026713317615696678,-0.2145410695535987,Virgen,Sensor 8
8,2022-11-02,0.5947847222222222,0.6037554092881521,0.026713317615696678,-0.3358132896476586,Virgen,Sensor 8
8,2022-11-03,0.5924618055555555,0.6037554092881521,0.026713317615696678,-0.42277054071189146,Virgen,Sensor 8
8,2022-11-04,0.5903159722222222,0.6037554092881521,0.026713317615696678,-0.5030987636680848,Virgen,Sensor 8
8,2022-11-05,0.5878854166666666,0.6037554092881521,0.026713317615696678,-0.5940854239744563,Virgen,Sensor 8
8,2022-11-06,0.5852951388888888,0.6037554092881521,0.026713317615696678,-0.6910512076723868,Virgen,Sensor 8
8,2022-11-07,0.5820381944444444,0.6037554092881521,0.026713317615696678,-0.812973332482923,Virgen,Sensor 8
8,2022-11-08,0.5783333333333334,0.6037554092881521,0.026713317615696678,-0.9516629989784857,Virgen,Sensor 8
8,2022-11-09,0.5751909722222223,0.6037554092881521,0.026713317615696678,-1.069295752660292,Virgen,Sensor 8
8,2022-11-10,0.5728159722222221,0.6037554092881521,0.026713317615696678,-1.1582027178739494,Virgen,Sensor 8
8,2022-11-11,0.5700277777777777,0.6037554092881521,0.026713317615696678,-1.2625774153396851,Virgen,Sensor 8
8,2022-11-12,0.5671944444444443,0.6037554092881521,0.026713317615696678,-1.368641865068254,Virgen,Sensor 8
8,2022-11-13,0.5640243055555555,0.6037554092881521,0.026713317615696678,-1.4873144662964173,Virgen,Sensor 8
8,2022-11-14,0.5605902777777778,0.6037554092881521,0.026713317615696678,-1.6158656192149845,Virgen,Sensor 8
8,2022-11-15,0.5566458333333334,0.6037554092881521,0.026713317615696678,-1.763523970797892,Virgen,Sensor 8
8,2022-11-16,0.5543958333333334,0.6037554092881521,0.026713317615696678,-1.8477516220529304,Virgen,Sensor 8
8,2022-11-17,0.5530729166666668,0.6037554092881521,0.026713317615696678,-1.8972743614482528,Virgen,Sensor 8
8,2022-11-18,0.5536770833333333,0.6037554092881521,0.026713317615696678,-1.8746576773149608,Virgen,Sensor 8
8,2022-11-19,0.5545451388888889,0.6037554092881521,0.026713317615696678,-1.8421624414912563,Virgen,Sensor 8
8,2022-11-20,0.555,0.6037554092881521,0.026713317615696678,-1.8251349379196342,Virgen,Sensor 8
8,2022-11-21,0.5637152777777777,0.6037554092881521,0.026713317615696678,-1.4988827702496546,Virgen,Sensor 8
8,2022-11-22,0.5977152777777778,0.6037554092881521,0.026713317615696678,-0.22610937350683602,Virgen,Sensor 8
8,2022-11-23,0.5976736111111111,0.6037554092881521,0.026713317615696678,-0.2276691448263757,Virgen,Sensor 8
8,2022-11-24,0.5960486111111112,0.6037554092881521,0.026713317615696678,-0.288500226288344,Virgen,Sensor 8
8,2022-11-25,0.5933958333333333,0.6037554092881521,0.026713317615696678,-0.387805666965584,Virgen,Sensor 8
8,2022-11-26,0.5915729166666667,0.6037554092881521,0.026713317615696678,-0.4560456621953615,Virgen,Sensor 8
8,2022-11-27,0.5910069444444443,0.6037554092881521,0.026713317615696678,-0.4772325559524199,Virgen,Sensor 8
8,2022-11-28,0.591,0.6037554092881521,0.026713317615696678,-0.4774925178390071,Virgen,Sensor 8
8,2022-11-29,0.5897013888888889,0.6037554092881521,0.026713317615696678,-0.5261053906312659,Virgen,Sensor 8
8,2022-11-30,0.5878680555555555,0.6037554092881521,0.026713317615696678,-0.5947353286909284,Virgen,Sensor 8
8,2022-12-01,0.5853854166666665,0.6037554092881521,0.026713317615696678,-0.6876717031467244,Virgen,Sensor 8
8,2022-12-02,0.5822465277777777,0.6037554092881521,0.026713317615696678,-0.8051744758852329,Virgen,Sensor 8
8,2022-12-03,0.5785208333333333,0.6037554092881521,0.026713317615696678,-0.9446440280405697,Virgen,Sensor 8
8,2022-12-04,0.5756041666666667,0.6037554092881521,0.026713317615696678,-1.0538280204082096,Virgen,Sensor 8
8,2022-12-05,0.5727395833333333,0.6037554092881521,0.026713317615696678,-1.1610622986264332,Virgen,Sensor 8
8,2022-12-06,0.5692916666666666,0.6037554092881521,0.026713317615696678,-1.2901333753181832,Virgen,Sensor 8
8,2022-12-07,0.5655590277777777,0.6037554092881521,0.026713317615696678,-1.4298628893601113,Virgen,Sensor 8
8,2022-12-08,0.5628333333333333,0.6037554092881521,0.026713317615696678,-1.5318979298465374,Virgen,Sensor 8
8,2022-12-09,0.5601423611111112,0.6037554092881521,0.026713317615696678,-1.6326331609000153,Virgen,Sensor 8
8,2022-12-10,0.5573888888888889,0.6037554092881521,0.026713317615696678,-1.7357080489328025,Virgen,Sensor 8
8,2022-12-11,0.5546840277777778,0.6037554092881521,0.026713317615696678,-1.836963203759463,Virgen,Sensor 8
8,2022-12-12,0.5522847222222222,0.6037554092881521,0.026713317615696678,-1.9267800355761797,Virgen,Sensor 8
8,2022-12-13,0.5497916666666667,0.6037554092881521,0.026713317615696678,-2.0201063528618564,Virgen,Sensor 8
8,2022-12-14,0.5471111111111111,0.6037554092881521,0.026713317615696678,-2.1204516410854537,Virgen,Sensor 8
8,2022-12-15,0.5451215277777778,0.6037554092881521,0.026713317615696678,-2.1949307215933813,Virgen,Sensor 8
8,2022-12-16,0.5428159722222223,0.6037554092881521,0.026713317615696678,-2.2812380679411337,Virgen,Sensor 8
8,2022-12-17,0.5404340277777778,0.6037554092881521,0.026713317615696678,-2.3704049950413784,Virgen,Sensor 8
8,2022-12-18,0.5385451388888889,0.6037554092881521,0.026713317615696678,-2.441114628193759,Virgen,Sensor 8
8,2022-12-19,0.5368576388888889,0.6037554092881521,0.026713317615696678,-2.504285366635037,Virgen,Sensor 8
8,2022-12-20,0.5355659722222222,0.6037554092881521,0.026713317615696678,-2.5526382775407086,Virgen,Sensor 8
8,2022-12-21,0.5346458333333334,0.6037554092881521,0.026713317615696678,-2.5870832275138334,Virgen,Sensor 8
8,2022-12-22,0.5330798611111112,0.6037554092881521,0.026713317615696678,-2.645704632939794,Virgen,Sensor 8
8,2022-12-23,0.5318958333333333,0.6037554092881521,0.026713317615696678,-2.690028134603327,Virgen,Sensor 8
8,2022-12-24,0.5301840277777778,0.6037554092881521,0.026713317615696678,-2.7541087396476684,Virgen,Sensor 8
8,2022-12-25,0.5303333333333334,0.6037554092881521,0.026713317615696678,-2.74851955908599,Virgen,Sensor 8
8,2022-12-26,0.5343923611111111,0.6037554092881521,0.026713317615696678,-2.596571836374357,Virgen,Sensor 8
8,2022-12-27,0.5337534722222222,0.6037554092881521,0.026713317615696678,-2.6204883299406014,Virgen,Sensor 8
8,2022-12-28,0.5327118055555556,0.6037554092881521,0.026713317615696678,-2.659482612929043,Virgen,Sensor 8
8,2022-12-29,0.532,0.6037554092881521,0.026713317615696678,-2.686128706304482,Virgen,Sensor 8
8,2022-12-30,0.5313784722222222,0.6037554092881521,0.026713317615696678,-2.7093952951542546,Virgen,Sensor 8
8,2022-12-31,0.5529201388888889,0.6037554092881521,0.026713317615696678,-1.9029935229532287,Virgen,Sensor 8
9,2023-01-01,0.6068159722222223,0.5641961422308553,0.07024977844959868,0.606689884750952,Virgen,Sensor 9
9,2023-01-02,0.6243854166666667,0.5641961422308553,0.07024977844959868,0.8567895268024891,Virgen,Sensor 9
9,2023-01-03,0.6222638888888888,0.5641961422308553,0.07024977844959868,0.8265897478907313,Virgen,Sensor 9
9,2023-01-04,0.6171111111111112,0.5641961422308553,0.07024977844959868,0.7532403667040762,Virgen,Sensor 9
9,2023-01-05,0.6127013888888889,0.5641961422308553,0.07024977844959868,0.6904683221575437,Virgen,Sensor 9
9,2023-01-06,0.6092777777777778,0.5641961422308553,0.07024977844959868,0.6417334907222046,Virgen,Sensor 9
9,2023-01-07,0.6065763888888889,0.5641961422308553,0.07024977844959868,0.6032794350866119,Virgen,Sensor 9
9,2023-01-08,0.6047638888888889,0.5641961422308553,0.07024977844959868,0.5774786419737853,Virgen,Sensor 9
9,2023-01-09,0.6059513888888888,0.5641961422308553,0.07024977844959868,0.5943826098752909,Virgen,Sensor 9
9,2023-01-10,0.6204236111111111,0.5641961422308553,0.07024977844959868,0.8003935403240688,Virgen,Sensor 9
9,2023-01-11,0.652892361111111,0.5641961422308553,0.07024977844959868,1.2625836100521168,Virgen,Sensor 9
9,2023-01-12,0.64940625,0.5641961422308553,0.07024977844959868,1.2129590960956462,Virgen,Sensor 9
9,2023-01-13,0.6407430555555556,0.5641961422308553,0.07024977844959868,1.0896392133054122,Virgen,Sensor 9
9,2023-01-14,0.6236736111111111,0.5641961422308553,0.07024977844959868,0.8466570314229299,Virgen,Sensor 9
9,2023-01-15,0.62334375,0.5641961422308553,0.07024977844959868,0.8419614847836225,Virgen,Sensor 9
9,2023-01-16,0.6266770833333334,0.5641961422308553,0.07024977844959868,0.8894112192439944,Virgen,Sensor 9
9,2023-01-17,0.6175763888888889,0.5641961422308553,0.07024977844959868,0.7598635588058354,Virgen,Sensor 9
9,2023-01-18,0.6120729166666666,0.5641961422308553,0.07024977844959868,0.6815220701394937,Virgen,Sensor 9
9,2023-01-19,0.6126041666666667,0.5641961422308553,0.07024977844959868,0.6890843715691167,Virgen,Sensor 9
9,2023-01-20,0.6241944444444445,0.5641961422308553,0.07024977844959868,0.854071052432364,Virgen,Sensor 9
9,2023-01-21,0.6247847222222221,0.5641961422308553,0.07024977844959868,0.8624736095763862,Virgen,Sensor 9
9,2023-01-22,0.6176631944444444,0.5641961422308553,0.07024977844959868,0.7610992289740737,Virgen,Sensor 9
9,2023-01-23,0.6120590277777778,0.5641961422308553,0.07024977844959868,0.6813243629125758,Virgen,Sensor 9
9,2023-01-24,0.607736111111111,0.5641961422308553,0.07024977844959868,0.6197879885342816,Virgen,Sensor 9
9,2023-01-25,0.6057256944444444,0.5641961422308553,0.07024977844959868,0.5911698674378703,Virgen,Sensor 9
9,2023-01-26,0.6038194444444445,0.5641961422308553,0.07024977844959868,0.5640345505433474,Virgen,Sensor 9
9,2023-01-27,0.60109375,0.5641961422308553,0.07024977844959868,0.5252345072606478,Virgen,Sensor 9
9,2023-01-28,0.5982569444444444,0.5641961422308553,0.07024977844959868,0.4848528061626033,Virgen,Sensor 9
9,2023-01-29,0.5949409722222222,0.5641961422308553,0.07024977844959868,0.43765020573588004,Virgen,Sensor 9
9,2023-01-30,0.5910798611111111,0.5641961422308553,0.07024977844959868,0.3826875966526175,Virgen,Sensor 9
9,2023-01-31,0.599298611111111,0.5641961422308553,0.07024977844959868,0.4996808481814683,Virgen,Sensor 9
9,2023-02-01,0.6278159722222223,0.5641961422308553,0.07024977844959868,0.905623211851288,Virgen,Sensor 9
9,2023-02-02,0.6203472222222222,0.5641961422308553,0.07024977844959868,0.7993061505760178,Virgen,Sensor 9
9,2023-02-03,0.6134722222222222,0.5641961422308553,0.07024977844959868,0.7014410732515037,Virgen,Sensor 9
9,2023-02-04,0.6077777777777778,0.5641961422308553,0.07024977844959868,0.620381110215037,Virgen,Sensor 9
9,2023-02-05,0.6033298611111111,0.5641961422308553,0.07024977844959868,0.5570653707944798,Virgen,Sensor 9
9,2023-02-06,0.6006979166666667,0.5641961422308553,0.07024977844959868,0.5195998512934797,Virgen,Sensor 9
9,2023-02-07,0.5991805555555555,0.5641961422308553,0.07024977844959868,0.49800033675266353,Virgen,Sensor 9
9,2023-02-08,0.5971284722222222,0.5641961422308553,0.07024977844959868,0.46878909397549845,Virgen,Sensor 9
9,2023-02-09,0.5950069444444445,0.5641961422308553,0.07024977844959868,0.43858931506374216,Virgen,Sensor 9
9,2023-02-10,0.5935833333333334,0.5641961422308553,0.07024977844959868,0.41832432430462546,Virgen,Sensor 9
9,2023-02-11,0.59209375,0.5641961422308553,0.07024977844959868,0.39712022421764664,Virgen,Sensor 9
9,2023-02-12,0.5903090277777777,0.5641961422308553,0.07024977844959868,0.37171484555865597,Virgen,Sensor 9
9,2023-02-13,0.5893472222222222,0.5641961422308553,0.07024977844959868,0.358023620094571,Virgen,Sensor 9
9,2023-02-14,0.589,0.5641961422308553,0.07024977844959868,0.35308093942161495,Virgen,Sensor 9
9,2023-02-15,0.5883159722222222,0.5641961422308553,0.07024977844959868,0.3433438584958933,Virgen,Sensor 9
9,2023-02-16,0.5870486111111111,0.5641961422308553,0.07024977844959868,0.325303074039606,Virgen,Sensor 9
9,2023-02-17,0.5855763888888889,0.5641961422308553,0.07024977844959868,0.30434610798627576,Virgen,Sensor 9
9,2023-02-18,0.5837395833333333,0.5641961422308553,0.07024977844959868,0.2781993272263425,Virgen,Sensor 9
9,2023-02-19,0.5867465277777778,0.5641961422308553,0.07024977844959868,0.32100294185413597,Virgen,Sensor 9
9,2023-02-20,0.5904756944444444,0.5641961422308553,0.07024977844959868,0.37408733228167423,Virgen,Sensor 9
9,2023-02-21,0.5897604166666667,0.5641961422308553,0.07024977844959868,0.3639054100953876,Virgen,Sensor 9
9,2023-02-22,0.6020902777777777,0.5641961422308553,0.07024977844959868,0.5394200007920283,Virgen,Sensor 9
9,2023-02-23,0.6373993055555556,0.5641961422308553,0.07024977844959868,1.0420411984248532,Virgen,Sensor 9
9,2023-02-24,0.6296840277777778,0.5641961422308553,0.07024977844959868,0.9322148338717863,Virgen,Sensor 9
9,2023-02-25,0.6202777777777777,0.5641961422308553,0.07024977844959868,0.7983176144414267,Virgen,Sensor 9
9,2023-02-26,0.6129618055555555,0.5641961422308553,0.07024977844959868,0.6941753326622584,Virgen,Sensor 9
9,2023-02-27,0.6079201388888889,0.5641961422308553,0.07024977844959868,0.6224076092909484,Virgen,Sensor 9
9,2023-02-28,0.6038020833333333,0.5641961422308553,0.07024977844959868,0.5637874165096988,Virgen,Sensor 9
9,2023-03-01,0.6013159722222222,0.5641961422308553,0.07024977844959868,0.5283978228913394,Virgen,Sensor 9
9,2023-03-02,0.5990104166666667,0.5641961422308553,0.07024977844959868,0.4955784232229162,Virgen,Sensor 9
9,2023-03-03,0.5966631944444445,0.5641961422308553,0.07024977844959868,0.46216590187373924,Virgen,Sensor 9
9,2023-03-04,0.5941979166666667,0.5641961422308553,0.07024977844959868,0.4270728690957559,Virgen,Sensor 9
9,2023-03-05,0.5922222222222222,0.5641961422308553,0.07024977844959868,0.39894901606664024,Virgen,Sensor 9
9,2023-03-06,0.592,0.5641961422308553,0.07024977844959868,0.3957857004359487,Virgen,Sensor 9
9,2023-03-07,0.59253125,0.5641961422308553,0.07024977844959868,0.40334800186557,Virgen,Sensor 9
9,2023-03-08,0.6112152777777777,0.5641961422308553,0.07024977844959868,0.669313648877294,Virgen,Sensor 9
9,2023-03-09,0.6217847222222223,0.5641961422308553,0.07024977844959868,0.819768848562054,Virgen,Sensor 9
9,2023-03-10,0.6278506944444444,0.5641961422308553,0.07024977844959868,0.906117479918582,Virgen,Sensor 9
9,2023-03-11,0.6199479166666666,0.5641961422308553,0.07024977844959868,0.7936220678021192,Virgen,Sensor 9
9,2023-03-12,0.6134583333333333,0.5641961422308553,0.07024977844959868,0.7012433660245857,Virgen,Sensor 9
9,2023-03-13,0.6090902777777778,0.5641961422308553,0.07024977844959868,0.6390644431588086,Virgen,Sensor 9
9,2023-03-14,0.6059861111111111,0.5641961422308553,0.07024977844959868,0.5948768779425881,Virgen,Sensor 9
9,2023-03-15,0.6036736111111112,0.5641961422308553,0.07024977844959868,0.5619586246607068,Virgen,Sensor 9
9,2023-03-16,0.601548611111111,0.5641961422308553,0.07024977844959868,0.5317094189422182,Virgen,Sensor 9
9,2023-03-17,0.5986909722222222,0.5641961422308553,0.07024977844959868,0.49103115700379757,Virgen,Sensor 9
9,2023-03-18,0.5986701388888889,0.5641961422308553,0.07024977844959868,0.49073459616341986,Virgen,Sensor 9
9,2023-03-19,0.6056979166666667,0.5641961422308553,0.07024977844959868,0.590774452984036,Virgen,Sensor 9
9,2023-03-20,0.6047777777777777,0.5641961422308553,0.07024977844959868,0.5776763492007032,Virgen,Sensor 9
9,2023-03-21,0.6018368055555556,0.5641961422308553,0.07024977844959868,0.5358118439007734,Virgen,Sensor 9
9,2023-03-22,0.5986319444444445,0.5641961422308553,0.07024977844959868,0.4901909012893952,Virgen,Sensor 9
9,2023-03-23,0.5948784722222222,0.5641961422308553,0.07024977844959868,0.43676052321474856,Virgen,Sensor 9
9,2023-03-24,0.5922291666666666,0.5641961422308553,0.07024977844959868,0.3990478696800984,Virgen,Sensor 9
9,2023-03-25,0.6068090277777778,0.5641961422308553,0.07024977844959868,0.6065910311374922,Virgen,Sensor 9
9,2023-03-26,0.6138923611111111,0.5641961422308553,0.07024977844959868,0.70742171686578,Virgen,Sensor 9
9,2023-03-27,0.6140555555555555,0.5641961422308553,0.07024977844959868,0.7097447767820676,Virgen,Sensor 9
9,2023-03-28,0.6118819444444444,0.5641961422308553,0.07024977844959868,0.6788035957693688,Virgen,Sensor 9
9,2023-03-29,0.6162361111111111,0.5641961422308553,0.07024977844959868,0.7407848114082279,Virgen,Sensor 9
9,2023-03-30,0.614625,0.5641961422308553,0.07024977844959868,0.7178507730857153,Virgen,Sensor 9
9,2023-03-31,0.61340625,0.5641961422308553,0.07024977844959868,0.7005019639236432,Virgen,Sensor 9
9,2023-04-01,0.6172881944444444,0.5641961422308553,0.07024977844959868,0.7557611338472817,Virgen,Sensor 9
9,2023-04-02,0.61621875,0.5641961422308553,0.07024977844959868,0.7405376773745809,Virgen,Sensor 9
9,2023-04-03,0.6179131944444445,0.5641961422308553,0.07024977844959868,0.7646579590586027,Virgen,Sensor 9
9,2023-04-04,0.6269166666666667,0.5641961422308553,0.07024977844959868,0.8928216689083329,Virgen,Sensor 9
9,2023-04-05,0.6289548611111111,0.5641961422308553,0.07024977844959868,0.9218352044585801,Virgen,Sensor 9
9,2023-04-06,0.6230173611111112,0.5641961422308553,0.07024977844959868,0.8373153649510457,Virgen,Sensor 9
9,2023-04-07,0.6243784722222222,0.5641961422308553,0.07024977844959868,0.8566906731890294,Virgen,Sensor 9
9,2023-04-08,0.6311944444444444,0.5641961422308553,0.07024977844959868,0.9537154947991412,Virgen,Sensor 9
9,2023-04-09,0.6245590277777777,0.5641961422308553,0.07024977844959868,0.8592608671389655,Virgen,Sensor 9
9,2023-04-10,0.6162708333333333,0.5641961422308553,0.07024977844959868,0.7412790794755235,Virgen,Sensor 9
9,2023-04-11,0.6128819444444444,0.5641961422308553,0.07024977844959868,0.6930385161074799,Virgen,Sensor 9
9,2023-04-12,0.6116805555555556,0.5641961422308553,0.07024977844959868,0.6759368409790548,Virgen,Sensor 9
9,2023-04-13,0.6089513888888889,0.5641961422308553,0.07024977844959868,0.6370873708896262,Virgen,Sensor 9
9,2023-04-14,0.6062361111111111,0.5641961422308553,0.07024977844959868,0.5984356080271155,Virgen,Sensor 9
9,2023-04-15,0.6041319444444444,0.5641961422308553,0.07024977844959868,0.5684829631490063,Virgen,Sensor 9
9,2023-04-16,0.6029270833333333,0.5641961422308553,0.07024977844959868,0.551331861213852,Virgen,Sensor 9
9,2023-04-17,0.60825,0.5641961422308553,0.07024977844959868,0.6271031559302559,Virgen,Sensor 9
9,2023-04-18,0.6127534722222222,0.5641961422308553,0.07024977844959868,0.6912097242584864,Virgen,Sensor 9
9,2023-04-19,0.6116180555555555,0.5641961422308553,0.07024977844959868,0.6750471584579218,Virgen,Sensor 9
9,2023-04-20,0.6335763888888889,0.5641961422308553,0.07024977844959868,0.9876222842156153,Virgen,Sensor 9
9,2023-04-21,0.6318576388888889,0.5641961422308553,0.07024977844959868,0.9631560148844868,Virgen,Sensor 9
9,2023-04-22,0.6308125,0.5641961422308553,0.07024977844959868,0.9482785460588911,Virgen,Sensor 9
9,2023-04-23,0.6272708333333333,0.5641961422308553,0.07024977844959868,0.8978632031947471,Virgen,Sensor 9
9,2023-04-24,0.6261840277777778,0.5641961422308553,0.07024977844959868,0.8823926126883977,Virgen,Sensor 9
9,2023-04-25,0.6192604166666666,0.5641961422308553,0.07024977844959868,0.7838355600696684,Virgen,Sensor 9
9,2023-04-26,0.6256319444444444,0.5641961422308553,0.07024977844959868,0.8745337504183971,Virgen,Sensor 9
9,2023-04-27,0.6348125,0.5641961422308553,0.07024977844959868,1.005218227411336,Virgen,Sensor 9
9,2023-04-28,0.6317569444444444,0.5641961422308553,0.07024977844959868,0.9617226374893291,Virgen,Sensor 9
9,2023-04-29,0.62575,0.5641961422308553,0.07024977844959868,0.8762142618472034,Virgen,Sensor 9
9,2023-04-30,0.6201666666666666,0.5641961422308553,0.07024977844959868,0.7967359566260817,Virgen,Sensor 9
9,2023-05-01,0.6144756944444444,0.5641961422308553,0.07024977844959868,0.715725420396344,Virgen,Sensor 9
9,2023-05-02,0.611,0.5641961422308553,0.07024977844959868,0.6662491868600622,Virgen,Sensor 9
9,2023-05-03,0.6079965277777778,0.5641961422308553,0.07024977844959868,0.6234949990389994,Virgen,Sensor 9
9,2023-05-04,0.6055798611111111,0.5641961422308553,0.07024977844959868,0.5890939415552296,Virgen,Sensor 9
9,2023-05-05,0.603375,0.5641961422308553,0.07024977844959868,0.5577079192819642,Virgen,Sensor 9
9,2023-05-06,0.601486111111111,0.5641961422308553,0.07024977844959868,0.5308197364210867,Virgen,Sensor 9
9,2023-05-07,0.5995520833333333,0.5641961422308553,0.07024977844959868,0.5032890050727263,Virgen,Sensor 9
9,2023-05-08,0.5968020833333333,0.5641961422308553,0.07024977844959868,0.46414297414292005,Virgen,Sensor 9
9,2023-05-09,0.59346875,0.5641961422308553,0.07024977844959868,0.4166932396825498,Virgen,Sensor 9
9,2023-05-10,0.5913506944444444,0.5641961422308553,0.07024977844959868,0.3865428875775226,Virgen,Sensor 9
9,2023-05-11,0.5902473867595818,0.5641961422308553,0.07024977844959868,0.37083739057507664,Virgen,Sensor 9
9,2023-05-12,0.5898993055555555,0.5641961422308553,0.07024977844959868,0.36588248236456844,Virgen,Sensor 9
9,2023-05-13,0.589,0.5641961422308553,0.07024977844959868,0.35308093942161495,Virgen,Sensor 9
9,2023-05-14,0.588579861111111,0.5641961422308553,0.07024977844959868,0.3471002958073386,Virgen,Sensor 9
9,2023-05-15,0.5879687499999999,0.5641961422308553,0.07024977844959868,0.3384011778229372,Virgen,Sensor 9
9,2023-05-16,0.5870104166666666,0.5641961422308553,0.07024977844959868,0.3247593791655813,Virgen,Sensor 9
9,2023-05-17,0.5857743055555555,0.5641961422308553,0.07024977844959868,0.30716343596986057,Virgen,Sensor 9
9,2023-05-18,0.5837013888888889,0.5641961422308553,0.07024977844959868,0.2776556323523178,Virgen,Sensor 9
9,2023-05-19,0.5816041666666666,0.5641961422308553,0.07024977844959868,0.24780184108766667,Virgen,Sensor 9
9,2023-05-20,0.5791319444444444,0.5641961422308553,0.07024977844959868,0.2126099546962252,Virgen,Sensor 9
9,2023-05-21,0.5806319444444443,0.5641961422308553,0.07024977844959868,0.2339623352033913,Virgen,Sensor 9
9,2023-05-22,0.58684375,0.5641961422308553,0.07024977844959868,0.322386892442563,Virgen,Sensor 9
9,2023-05-23,0.6263680555555555,0.5641961422308553,0.07024977844959868,0.885012233445063,Virgen,Sensor 9
9,2023-05-24,0.6257118055555556,0.5641961422308553,0.07024977844959868,0.8756705669731787,Virgen,Sensor 9
9,2023-05-25,0.6235,0.5641961422308553,0.07024977844959868,0.8441856910864535,Virgen,Sensor 9
9,2023-05-26,0.6173125,0.5641961422308553,0.07024977844959868,0.7561071214943901,Virgen,Sensor 9
9,2023-05-27,0.6126145833333333,0.5641961422308553,0.07024977844959868,0.689232651989304,Virgen,Sensor 9
9,2023-05-28,0.6091423611111111,0.5641961422308553,0.07024977844959868,0.6398058452597513,Virgen,Sensor 9
9,2023-05-29,0.6063402777777778,0.5641961422308553,0.07024977844959868,0.5999184122290023,Virgen,Sensor 9
9,2023-05-30,0.6038680555555556,0.5641961422308553,0.07024977844959868,0.5647265258375609,Virgen,Sensor 9
9,2023-05-31,0.6004826388888889,0.5641961422308553,0.07024977844959868,0.5165353892762464,Virgen,Sensor 9
9,2023-06-01,0.599,0.5641961422308553,0.07024977844959868,0.49543014280272735,Virgen,Sensor 9
9,2023-06-02,0.5991145833333333,0.5641961422308553,0.07024977844959868,0.497061227424803,Virgen,Sensor 9
9,2023-06-03,0.5994027777777777,0.5641961422308553,0.07024977844959868,0.5011636523833551,Virgen,Sensor 9
9,2023-06-04,0.5987430555555555,0.5641961422308553,0.07024977844959868,0.49177255910474016,Virgen,Sensor 9
9,2023-06-05,0.5972881944444445,0.5641961422308553,0.07024977844959868,0.47106272708505853,Virgen,Sensor 9
9,2023-06-06,0.5956354166666666,0.5641961422308553,0.07024977844959868,0.44753556708179054,Virgen,Sensor 9
9,2023-06-07,0.5949340277777777,0.5641961422308553,0.07024977844959868,0.43755135212242025,Virgen,Sensor 9
9,2023-06-08,0.5958263888888888,0.5641961422308553,0.07024977844959868,0.4502540414519156,Virgen,Sensor 9
9,2023-06-09,0.5998680555555556,0.5641961422308553,0.07024977844959868,0.5077868444851159,Virgen,Sensor 9
9,2023-06-10,0.6031145833333333,0.5641961422308553,0.07024977844959868,0.554000908777248,Virgen,Sensor 9
9,2023-06-11,0.6064479166666666,0.5641961422308553,0.07024977844959868,0.6014506432376182,Virgen,Sensor 9
9,2023-06-12,0.6067847222222222,0.5641961422308553,0.07024977844959868,0.6062450434903854,Virgen,Sensor 9
9,2023-06-13,0.6053819444444444,0.5641961422308553,0.07024977844959868,0.5862766135716448,Virgen,Sensor 9
9,2023-06-14,0.6032326388888889,0.5641961422308553,0.07024977844959868,0.5556814202060527,Virgen,Sensor 9
9,2023-06-15,0.6029374999999999,0.5641961422308553,0.07024977844959868,0.5514801416340392,Virgen,Sensor 9
9,2023-06-16,0.6154131944444444,0.5641961422308553,0.07024977844959868,0.7290706582133238,Virgen,Sensor 9
9,2023-06-17,0.6189791666666666,0.5641961422308553,0.07024977844959868,0.7798319887245745,Virgen,Sensor 9
9,2023-06-18,0.6152465277777778,0.5641961422308553,0.07024977844959868,0.7266981714903055,Virgen,Sensor 9
9,2023-06-19,0.6108784722222222,0.5641961422308553,0.07024977844959868,0.6645192486245284,Virgen,Sensor 9
9,2023-06-20,0.6068020833333333,0.5641961422308553,0.07024977844959868,0.6064921775240325,Virgen,Sensor 9
9,2023-06-21,0.6028576388888889,0.5641961422308553,0.07024977844959868,0.5503433250792608,Virgen,Sensor 9
9,2023-06-22,0.5991875,0.5641961422308553,0.07024977844959868,0.4980991903661233,Virgen,Sensor 9
9,2023-06-23,0.59634375,0.5641961422308553,0.07024977844959868,0.457618635654619,Virgen,Sensor 9
9,2023-06-24,0.5929652777777777,0.5641961422308553,0.07024977844959868,0.4095263527067643,Virgen,Sensor 9
9,2023-06-25,0.5914236111111111,0.5641961422308553,0.07024977844959868,0.3875808505188429,Virgen,Sensor 9
9,2023-06-26,0.591,0.5641961422308553,0.07024977844959868,0.38155078009783744,Virgen,Sensor 9
9,2023-06-27,0.591,0.5641961422308553,0.07024977844959868,0.38155078009783744,Virgen,Sensor 9
9,2023-06-28,0.591,0.5641961422308553,0.07024977844959868,0.38155078009783744,Virgen,Sensor 9
9,2023-06-29,0.5897013888888889,0.5641961422308553,0.07024977844959868,0.36306515438098524,Virgen,Sensor 9
9,2023-06-30,0.589,0.5641961422308553,0.07024977844959868,0.35308093942161495,Virgen,Sensor 9
9,2023-07-01,0.589,0.5641961422308553,0.07024977844959868,0.35308093942161495,Virgen,Sensor 9
9,2023-07-02,0.58890625,0.5641961422308553,0.07024977844959868,0.351746415639917,Virgen,Sensor 9
9,2023-07-03,0.5874722222222222,0.5641961422308553,0.07024977844959868,0.33133314446061146,Virgen,Sensor 9
9,2023-07-04,0.5850416666666667,0.5641961422308553,0.07024977844959868,0.29673437974992534,Virgen,Sensor 9
9,2023-07-05,0.5821805555555555,0.5641961422308553,0.07024977844959868,0.25600669100477247,Virgen,Sensor 9
9,2023-07-06,0.5789513888888889,0.5641961422308553,0.07024977844959868,0.21003976074628902,Virgen,Sensor 9
9,2023-07-07,0.5762083333333332,0.5641961422308553,0.07024977844959868,0.1709925834299409,Virgen,Sensor 9
9,2023-07-08,0.5747812499999999,0.5641961422308553,0.07024977844959868,0.1506781658640951,Virgen,Sensor 9
9,2023-07-09,0.5804305555555556,0.5641961422308553,0.07024977844959868,0.23109558041307898,Virgen,Sensor 9
9,2023-07-10,0.5850590277777777,0.5641961422308553,0.07024977844959868,0.29698151378357235,Virgen,Sensor 9
9,2023-07-11,0.5871701388888888,0.5641961422308553,0.07024977844959868,0.3270330122751398,Virgen,Sensor 9
9,2023-07-12,0.5881701388888889,0.5641961422308553,0.07024977844959868,0.34126793261325267,Virgen,Sensor 9
9,2023-07-13,0.589,0.5641961422308553,0.07024977844959868,0.35308093942161495,Virgen,Sensor 9
9,2023-07-14,0.589,0.5641961422308553,0.07024977844959868,0.35308093942161495,Virgen,Sensor 9
9,2023-07-15,0.5886076388888888,0.5641961422308553,0.07024977844959868,0.34749571026117443,Virgen,Sensor 9
9,2023-07-16,0.5895381944444443,0.5641961422308553,0.07024977844959868,0.36074209446469446,Virgen,Sensor 9
9,2023-07-17,0.5915833333333333,0.5641961422308553,0.07024977844959868,0.38985448362840297,Virgen,Sensor 9
9,2023-07-18,0.5947326388888888,0.5641961422308553,0.07024977844959868,0.4346845973321064,Virgen,Sensor 9
9,2023-07-19,0.6016979166666666,0.5641961422308553,0.07024977844959868,0.5338347716315894,Virgen,Sensor 9
9,2023-07-20,0.60753125,0.5641961422308553,0.07024977844959868,0.6168718069372386,Virgen,Sensor 9
9,2023-07-21,0.6137916666666666,0.5641961422308553,0.07024977844959868,0.7059883394706223,Virgen,Sensor 9
9,2023-07-22,0.6144340277777778,0.5641961422308553,0.07024977844959868,0.7151322987155903,Virgen,Sensor 9
9,2023-07-23,0.6130555555555556,0.5641961422308553,0.07024977844959868,0.695509856443958,Virgen,Sensor 9
9,2023-07-24,0.6105104166666666,0.5641961422308553,0.07024977844959868,0.6592800071111946,Virgen,Sensor 9
9,2023-07-25,0.6088715277777778,0.5641961422308553,0.07024977844959868,0.6359505543348462,Virgen,Sensor 9
9,2023-07-26,0.6063819444444445,0.5641961422308553,0.07024977844959868,0.6005115339097576,Virgen,Sensor 9
9,2023-07-27,0.6030104166666667,0.5641961422308553,0.07024977844959868,0.5525181045753611,Virgen,Sensor 9
9,2023-07-28,0.6003506944444443,0.5641961422308553,0.07024977844959868,0.5146571706205222,Virgen,Sensor 9
9,2023-07-29,0.5983680555555555,0.5641961422308553,0.07024977844959868,0.48643446397794826,Virgen,Sensor 9
9,2023-07-30,0.59890625,0.5641961422308553,0.07024977844959868,0.4940956190210294,Virgen,Sensor 9
9,2023-07-31,0.6,0.5641961422308553,0.07024977844959868,0.5096650631408386,Virgen,Sensor 9
9,2023-08-01,0.5999652777777778,0.5641961422308553,0.07024977844959868,0.509170795073543,Virgen,Sensor 9
9,2023-08-02,0.5990034722222223,0.5641961422308553,0.07024977844959868,0.495479569609458,Virgen,Sensor 9
9,2023-08-03,0.5984895104895105,0.5641961422308553,0.07024977844959868,0.4881633652874681,Virgen,Sensor 9
9,2023-08-04,0.5974791666666666,0.5641961422308553,0.07024977844959868,0.47378120145518204,Virgen,Sensor 9
9,2023-08-05,0.5957708333333334,0.5641961422308553,0.07024977844959868,0.4494632125442439,Virgen,Sensor 9
9,2023-08-06,0.5943541666666666,0.5641961422308553,0.07024977844959868,0.42929707539858536,Virgen,Sensor 9
9,2023-08-07,0.593375,0.5641961422308553,0.07024977844959868,0.4153587159008518,Virgen,Sensor 9
9,2023-08-08,0.5920110294117646,0.5641961422308553,0.07024977844959868,0.39594270323379505,Virgen,Sensor 9
9,2023-08-09,0.59009375,0.5641961422308553,0.07024977844959868,0.36865038354142415,Virgen,Sensor 9
9,2023-08-10,0.5887083333333334,0.5641961422308553,0.07024977844959868,0.34892908765633374,Virgen,Sensor 9
9,2023-08-11,0.587392361111111,0.5641961422308553,0.07024977844959868,0.33019632790583137,Virgen,Sensor 9
9,2023-08-12,0.5856145833333333,0.5641961422308553,0.07024977844959868,0.3048898028603005,Virgen,Sensor 9
9,2023-08-13,0.5840451388888889,0.5641961422308553,0.07024977844959868,0.2825488862185432,Virgen,Sensor 9
9,2023-08-14,0.5820868055555555,0.5641961422308553,0.07024977844959868,0.2546721672230745,Virgen,Sensor 9
9,2023-08-15,0.5806006944444444,0.5641961422308553,0.07024977844959868,0.23351749394282634,Virgen,Sensor 9
9,2023-08-16,0.5843611111111111,0.5641961422308553,0.07024977844959868,0.28704672563093275,Virgen,Sensor 9
9,2023-08-17,0.587642361111111,0.5641961422308553,0.07024977844959868,0.3337550579903588,Virgen,Sensor 9
9,2023-08-18,0.5871631944444444,0.5641961422308553,0.07024977844959868,0.3269341586616817,Virgen,Sensor 9
9,2023-08-19,0.5850138888888888,0.5641961422308553,0.07024977844959868,0.29633896529608794,Virgen,Sensor 9
9,2023-08-20,0.58221875,0.5641961422308553,0.07024977844959868,0.25655038587879875,Virgen,Sensor 9
9,2023-08-21,0.5842222222222222,0.5641961422308553,0.07024977844959868,0.28506965336175033,Virgen,Sensor 9
9,2023-08-22,0.6074548611111111,0.5641961422308553,0.07024977844959868,0.6157844171891892,Virgen,Sensor 9
9,2023-08-23,0.6209305555555555,0.5641961422308553,0.07024977844959868,0.8076098541065834,Virgen,Sensor 9
9,2023-08-24,0.6172604166666666,0.5641961422308553,0.07024977844959868,0.7553657193934459,Virgen,Sensor 9
9,2023-08-25,0.6122395833333333,0.5641961422308553,0.07024977844959868,0.683894556862512,Virgen,Sensor 9
9,2023-08-26,0.6081076388888889,0.5641961422308553,0.07024977844959868,0.6250766568543444,Virgen,Sensor 9
9,2023-08-27,0.6038645833333333,0.5641961422308553,0.07024977844959868,0.5646770990308302,Virgen,Sensor 9
9,2023-08-28,0.5993333333333334,0.5641961422308553,0.07024977844959868,0.5001751162487654,Virgen,Sensor 9
9,2023-08-29,0.5976493055555555,0.5641961422308553,0.07024977844959868,0.47620311498493095,Virgen,Sensor 9
9,2023-08-30,0.5959513888888889,0.5641961422308553,0.07024977844959868,0.4520334064941801,Virgen,Sensor 9
9,2023-08-31,0.5928391608391608,0.5641961422308553,0.07024977844959868,0.4077310881322653,Virgen,Sensor 9
9,2023-09-01,0.58996875,0.5641961422308553,0.07024977844959868,0.36687101849916126,Virgen,Sensor 9
9,2023-09-02,0.5864201388888888,0.5641961422308553,0.07024977844959868,0.316356822021556,Virgen,Sensor 9
9,2023-09-03,0.5822326388888889,0.5641961422308553,0.07024977844959868,0.25674809310571667,Virgen,Sensor 9
9,2023-09-04,0.5794340277777777,0.5641961422308553,0.07024977844959868,0.21691008688169683,Virgen,Sensor 9
9,2023-09-05,0.5763819444444445,0.5641961422308553,0.07024977844959868,0.1734639237664205,Virgen,Sensor 9
9,2023-09-06,0.5743125,0.5641961422308553,0.07024977844959868,0.1440055469556068,Virgen,Sensor 9
9,2023-09-07,0.5719618055555555,0.5641961422308553,0.07024977844959868,0.11054359879969917,Virgen,Sensor 9
9,2023-09-08,0.5687118055555556,0.5641961422308553,0.07024977844959868,0.06428010770083804,Virgen,Sensor 9
9,2023-09-09,0.5653541666666666,0.5641961422308553,0.07024977844959868,0.016484385593359425,Virgen,Sensor 9
9,2023-09-10,0.5620208333333333,0.5641961422308553,0.07024977844959868,-0.03096534886701085,Virgen,Sensor 9
9,2023-09-11,0.5594513888888889,0.5641961422308553,0.07024977844959868,-0.06754118584687938,Virgen,Sensor 9
9,2023-09-12,0.5565243055555557,0.5641961422308553,0.07024977844959868,-0.10920798391989121,Virgen,Sensor 9
9,2023-09-13,0.5524722222222223,0.5641961422308553,0.07024977844959868,-0.16688906737328038,Virgen,Sensor 9
9,2023-09-14,0.5486979166666667,0.5641961422308553,0.07024977844959868,-0.2206160062883047,Virgen,Sensor 9
9,2023-09-15,0.5454548611111112,0.5641961422308553,0.07024977844959868,-0.2667806437737061,Virgen,Sensor 9
9,2023-09-16,0.5432361111111111,0.5641961422308553,0.07024977844959868,-0.29836437327389104,Virgen,Sensor 9
9,2023-09-17,0.540375,0.5641961422308553,0.07024977844959868,-0.3390920620190423,Virgen,Sensor 9
9,2023-09-18,0.5370590277777778,0.5641961422308553,0.07024977844959868,-0.3862946624457656,Virgen,Sensor 9
9,2023-09-19,0.5341944444444445,0.5641961422308553,0.07024977844959868,-0.42707177799764595,Virgen,Sensor 9
9,2023-09-20,0.5315555555555557,0.5641961422308553,0.07024977844959868,-0.4646361511121057,Virgen,Sensor 9
9,2023-09-21,0.5285243055555555,0.5641961422308553,0.07024977844959868,-0.5077857533870075,Virgen,Sensor 9
9,2023-09-22,0.5256423611111112,0.5641961422308553,0.07024977844959868,-0.5488100029725349,Virgen,Sensor 9
9,2023-09-23,0.5227326388888889,0.5641961422308553,0.07024977844959868,-0.5902296670119013,Virgen,Sensor 9
9,2023-09-24,0.5206736111111111,0.5641961422308553,0.07024977844959868,-0.6195397634025261,Virgen,Sensor 9
9,2023-09-25,0.5182743055555555,0.5641961422308553,0.07024977844959868,-0.6536936868526473,Virgen,Sensor 9
9,2023-09-26,0.5154201388888889,0.5641961422308553,0.07024977844959868,-0.6943225219843389,Virgen,Sensor 9
9,2023-09-27,0.5113541666666667,0.5641961422308553,0.07024977844959868,-0.752201312664646,Virgen,Sensor 9
9,2023-09-28,0.5069236111111111,0.5641961422308553,0.07024977844959868,-0.8152699180515561,Virgen,Sensor 9
9,2023-09-29,0.5030034722222223,0.5641961422308553,0.07024977844959868,-0.8710727828492194,Virgen,Sensor 9
9,2023-09-30,0.4994756944444444,0.5641961422308553,0.07024977844959868,-0.921290418486447,Virgen,Sensor 9
9,2023-10-01,0.4967430555555556,0.5641961422308553,0.07024977844959868,-0.9601893153826039,Virgen,Sensor 9
9,2023-10-02,0.4934305555555556,0.5641961422308553,0.07024977844959868,-1.0073424890025973,Virgen,Sensor 9
9,2023-10-03,0.48921180555555555,0.5641961422308553,0.07024977844959868,-1.0673960591790048,Virgen,Sensor 9
9,2023-10-04,0.48451388888888886,0.5641961422308553,0.07024977844959868,-1.1342705286840902,Virgen,Sensor 9
9,2023-10-05,0.4793090277777778,0.5641961422308553,0.07024977844959868,-1.2083613119716894,Virgen,Sensor 9
9,2023-10-06,0.47396180555555556,0.5641961422308553,0.07024977844959868,-1.2844785943352008,Virgen,Sensor 9
9,2023-10-07,0.46818402777777773,0.5641961422308553,0.07024977844959868,-1.3667248007331774,Virgen,Sensor 9
9,2023-10-08,0.4622256944444445,0.5641961422308553,0.07024977844959868,-1.4515412010810886,Virgen,Sensor 9
9,2023-10-09,0.4577430555555556,0.5641961422308553,0.07024977844959868,-1.5153512085689416,Virgen,Sensor 9
9,2023-10-10,0.4539236111111112,0.5641961422308553,0.07024977844959868,-1.5697206959714494,Virgen,Sensor 9
9,2023-10-11,0.4514548611111111,0.5641961422308553,0.07024977844959868,-1.6048631555561625,Virgen,Sensor 9
9,2023-10-12,0.4473680555555556,0.5641961422308553,0.07024977844959868,-1.6630385070768459,Virgen,Sensor 9
9,2023-10-13,0.45437500000000003,0.5641961422308553,0.07024977844959868,-1.563295211096608,Virgen,Sensor 9
9,2023-10-14,0.5006909722222223,0.5641961422308553,0.07024977844959868,-0.9039910361311023,Virgen,Sensor 9
9,2023-10-15,0.49328125,0.5641961422308553,0.07024977844959868,-1.0094678416919685,Virgen,Sensor 9
9,2023-10-16,0.48970833333333336,0.5641961422308553,0.07024977844959868,-1.0603280258166783,Virgen,Sensor 9
9,2023-10-17,0.4864548611111111,0.5641961422308553,0.07024977844959868,-1.10664094372227,Virgen,Sensor 9
9,2023-10-18,0.48312499999999997,0.5641961422308553,0.07024977844959868,-1.1540412513759113,Virgen,Sensor 9
9,2023-10-19,0.48034027777777777,0.5641961422308553,0.07024977844959868,-1.1936815503730123,Virgen,Sensor 9
9,2023-10-20,0.47756944444444444,0.5641961422308553,0.07024977844959868,-1.2331241421431955,Virgen,Sensor 9
9,2023-10-21,0.4751909722222222,0.5641961422308553,0.07024977844959868,-1.2669815047529398,Virgen,Sensor 9
9,2023-10-22,0.4732986111111111,0.5641961422308553,0.07024977844959868,-1.2939191144205455,Virgen,Sensor 9
9,2023-10-23,0.47097916666666667,0.5641961422308553,0.07024977844959868,-1.3269362213158866,Virgen,Sensor 9
9,2023-10-24,0.4692395833333333,0.5641961422308553,0.07024977844959868,-1.351699051487393,Virgen,Sensor 9
9,2023-10-25,0.4735381944444444,0.5641961422308553,0.07024977844959868,-1.290508664756207,Virgen,Sensor 9
9,2023-10-26,0.4728710801393728,0.5641961422308553,0.07024977844959868,-1.3000049837453156,Virgen,Sensor 9
9,2023-10-27,0.47161111111111104,0.5641961422308553,0.07024977844959868,-1.3179405424911093,Virgen,Sensor 9
9,2023-10-28,0.4704479166666667,0.5641961422308553,0.07024977844959868,-1.334498522745508,Virgen,Sensor 9
9,2023-10-29,0.46859375000000003,0.5641961422308553,0.07024977844959868,-1.3608924375390892,Virgen,Sensor 9
9,2023-10-30,0.4668541666666667,0.5641961422308553,0.07024977844959868,-1.3856552677105953,Virgen,Sensor 9
9,2023-10-31,0.4641909722222223,0.5641961422308553,0.07024977844959868,-1.4235656284721618,Virgen,Sensor 9
9,2023-11-01,0.4608784722222222,0.5641961422308553,0.07024977844959868,-1.470718802092156,Virgen,Sensor 9
9,2023-11-02,0.45698263888888896,0.5641961422308553,0.07024977844959868,-1.5261756792427135,Virgen,Sensor 9
9,2023-11-03,0.4520034722222222,0.5641961422308553,0.07024977844959868,-1.5970537200928934,Virgen,Sensor 9
9,2023-11-04,0.44715625000000003,0.5641961422308553,0.07024977844959868,-1.6660535422873486,Virgen,Sensor 9
9,2023-11-05,0.44216319444444446,0.5641961422308553,0.07024977844959868,-1.7371292903644457,Virgen,Sensor 9
9,2023-11-06,0.43771180555555556,0.5641961422308553,0.07024977844959868,-1.800494456591733,Virgen,Sensor 9
9,2023-11-07,0.4346388888888889,0.5641961422308553,0.07024977844959868,-1.8442371805473867,Virgen,Sensor 9
9,2023-11-08,0.43097569444444445,0.5641961422308553,0.07024977844959868,-1.8963824616470653,Virgen,Sensor 9
9,2023-11-09,0.4273854166666667,0.5641961422308553,0.07024977844959868,-1.9474897798054227,Virgen,Sensor 9
9,2023-11-10,0.4247534722222222,0.5641961422308553,0.07024977844959868,-1.9849552993064243,Virgen,Sensor 9
9,2023-11-11,0.4223159722222222,0.5641961422308553,0.07024977844959868,-2.0196529176305704,Virgen,Sensor 9
9,2023-11-12,0.4194722222222222,0.5641961422308553,0.07024977844959868,-2.0601334723420743,Virgen,Sensor 9
9,2023-11-13,0.41539583333333335,0.5641961422308553,0.07024977844959868,-2.1181605434425688,Virgen,Sensor 9
9,2023-11-14,0.41090277777777773,0.5641961422308553,0.07024977844959868,-2.182118831350611,Virgen,Sensor 9
9,2023-11-15,0.40687847222222223,0.5641961422308553,0.07024977844959868,-2.239404500350162,Virgen,Sensor 9
9,2023-11-16,0.40423611111111113,0.5641961422308553,0.07024977844959868,-2.2770183002713518,Virgen,Sensor 9
9,2023-11-17,0.4015943060498221,0.5641961422308553,0.07024977844959868,-2.31462418486762,Virgen,Sensor 9
9,2023-11-18,0.39804513888888887,0.5641961422308553,0.07024977844959868,-2.365146296670145,Virgen,Sensor 9
9,2023-11-19,0.3935555555555556,0.5641961422308553,0.07024977844959868,-2.429055157771456,Virgen,Sensor 9
9,2023-11-20,0.3888506944444445,0.5641961422308553,0.07024977844959868,-2.49602848089,Virgen,Sensor 9
9,2023-11-21,0.38553472222222224,0.5641961422308553,0.07024977844959868,-2.5432310813167236,Virgen,Sensor 9
9,2023-11-22,0.38205555555555554,0.5641961422308553,0.07024977844959868,-2.592756741659736,Virgen,Sensor 9
9,2023-11-23,0.39618055555555554,0.5641961422308553,0.07024977844959868,-2.391688491883915,Virgen,Sensor 9
9,2023-11-24,0.4267465277777778,0.5641961422308553,0.07024977844959868,-1.9565843122436608,Virgen,Sensor 9
9,2023-11-25,0.44687499999999997,0.5641961422308553,0.07024977844959868,-1.6700571136324434,Virgen,Sensor 9
9,2023-11-26,0.44012152777777774,0.5641961422308553,0.07024977844959868,-1.7661922527214236,Virgen,Sensor 9
9,2023-11-27,0.43380902777777774,0.5641961422308553,0.07024977844959868,-1.8560501873557507,Virgen,Sensor 9
9,2023-11-28,0.4281875,0.5641961422308553,0.07024977844959868,-1.9360721874508964,Virgen,Sensor 9
9,2023-11-29,0.42427777777777775,0.5641961422308553,0.07024977844959868,-1.991726771828373,Virgen,Sensor 9
9,2023-11-30,0.42061458333333335,0.5641961422308553,0.07024977844959868,-2.0438720529280507,Virgen,Sensor 9
9,2023-12-01,0.4171284722222222,0.5641961422308553,0.07024977844959868,-2.0934965668845225,Virgen,Sensor 9
9,2023-12-02,0.41359027777777774,0.5641961422308553,0.07024977844959868,-2.143862482941937,Virgen,Sensor 9
9,2023-12-03,0.40965277777777775,0.5641961422308553,0.07024977844959868,-2.19991248177325,Virgen,Sensor 9
9,2023-12-04,0.4050972222222222,0.5641961422308553,0.07024977844959868,-2.264760452202423,Virgen,Sensor 9
9,2023-12-05,0.4002430555555556,0.5641961422308553,0.07024977844959868,-2.333859128010337,Virgen,Sensor 9
9,2023-12-06,0.39707986111111115,0.5641961422308553,0.07024977844959868,-2.37888694894096,Virgen,Sensor 9
9,2023-12-07,0.3953588850174216,0.5641961422308553,0.07024977844959868,-2.4033849065384243,Virgen,Sensor 9
9,2023-12-08,0.3935798611111111,0.5641961422308553,0.07024977844959868,-2.42870917012435,Virgen,Sensor 9
9,2023-12-09,0.3918506944444445,0.5641961422308553,0.07024977844959868,-2.4533237198756668,Virgen,Sensor 9
9,2023-12-10,0.3899548611111111,0.5641961422308553,0.07024977844959868,-2.480310756350003,Virgen,Sensor 9
9,2023-12-11,0.38809722222222226,0.5641961422308553,0.07024977844959868,-2.506754097950313,Virgen,Sensor 9
9,2023-12-12,0.3860138888888889,0.5641961422308553,0.07024977844959868,-2.5364101819880456,Virgen,Sensor 9
9,2023-12-13,0.3831701388888889,0.5641961422308553,0.07024977844959868,-2.576890736699549,Virgen,Sensor 9
9,2023-12-14,0.38019097222222226,0.5641961422308553,0.07024977844959868,-2.619298936873505,Virgen,Sensor 9
9,2023-12-15,0.41961458333333335,0.5641961422308553,0.07024977844959868,-2.0581069732661623,Virgen,Sensor 9
9,2023-12-16,0.5049791666666666,0.5641961422308553,0.07024977844959868,-0.8429489298201053,Virgen,Sensor 9
9,2023-12-17,0.5616458333333333,0.5641961422308553,0.07024977844959868,-0.03630344399380276,Virgen,Sensor 9
9,2023-12-18,0.5944895833333333,0.5641961422308553,0.07024977844959868,0.4312247208610387,Virgen,Sensor 9
9,2023-12-19,0.5825243055555556,0.5641961422308553,0.07024977844959868,0.26089994487099943,Virgen,Sensor 9
9,2023-12-20,0.5814270833333333,0.5641961422308553,0.07024977844959868,0.24528107394445955,Virgen,Sensor 9
9,2023-12-21,0.5935729166666666,0.5641961422308553,0.07024977844959868,0.418176043884435,Virgen,Sensor 9
9,2023-12-22,0.5825381944444444,0.5641961422308553,0.07024977844959868,0.26109765209791735,Virgen,Sensor 9
9,2023-12-23,0.577923611111111,0.5641961422308553,0.07024977844959868,0.19540942595434035,Virgen,Sensor 9
9,2023-12-24,0.5739340277777777,0.5641961422308553,0.07024977844959868,0.13861802502208423,Virgen,Sensor 9
9,2023-12-25,0.5697430555555555,0.5641961422308553,0.07024977844959868,0.07895986929951422,Virgen,Sensor 9
9,2023-12-26,0.5669618055555555,0.5641961422308553,0.07024977844959868,0.039368997109142975,Virgen,Sensor 9
9,2023-12-27,0.6400381944444444,0.5641961422308553,0.07024977844959868,1.079605571539313,Virgen,Sensor 9
9,2023-12-28,0.6586458333333334,0.5641961422308553,0.07024977844959868,1.3444838288029874,Virgen,Sensor 9
9,2023-12-29,0.6618159722222222,0.5641961422308553,0.07024977844959868,1.3896105033470685,Virgen,Sensor 9
9,2023-12-30,0.6343194444444444,0.5641961422308553,0.07024977844959868,0.9981996208557393,Virgen,Sensor 9
9,2023-12-31,0.6126805555555556,0.5641961422308553,0.07024977844959868,0.6901717613171661,Virgen,Sensor 9
10,2024-01-01,0.6091701388888889,0.5360866051454138,0.07641236759088305,0.9564359284712816,Virgen,Sensor 10
10,2024-01-02,0.6189652777777778,0.5360866051454138,0.07641236759088305,1.0846238016874692,Virgen,Sensor 10
10,2024-01-03,0.6105902777777777,0.5360866051454138,0.07641236759088305,0.9750211252615751,Virgen,Sensor 10
10,2024-01-04,0.5959687499999999,0.5360866051454138,0.07641236759088305,0.7836708473057545,Virgen,Sensor 10
10,2024-01-05,0.5933263888888889,0.5360866051454138,0.07641236759088305,0.7490905667252806,Virgen,Sensor 10
10,2024-01-06,0.5941006944444445,0.5360866051454138,0.07641236759088305,0.7592238158309916,Virgen,Sensor 10
10,2024-01-07,0.5894826388888889,0.5360866051454138,0.07641236759088305,0.6987878458283215,Virgen,Sensor 10
10,2024-01-08,0.5841944444444445,0.5360866051454138,0.07641236759088305,0.6295818440884233,Virgen,Sensor 10
10,2024-01-09,0.5803645833333333,0.5360866051454138,0.07641236759088305,0.5794608855072614,Virgen,Sensor 10
10,2024-01-10,0.5773298611111111,0.5360866051454138,0.07641236759088305,0.5397458195055072,Virgen,Sensor 10
10,2024-01-11,0.5738402777777778,0.5360866051454138,0.07641236759088305,0.49407803766138564,Virgen,Sensor 10
10,2024-01-12,0.5719583333333333,0.5360866051454138,0.07641236759088305,0.46944924387082404,Virgen,Sensor 10
10,2024-01-13,0.5771875,0.5360866051454138,0.07641236759088305,0.5378827557685829,Virgen,Sensor 10
10,2024-01-14,0.5844201388888889,0.5360866051454138,0.07641236759088305,0.6325354817201324,Virgen,Sensor 10
10,2024-01-15,0.5854097222222222,0.5360866051454138,0.07641236759088305,0.6454860467207043,Virgen,Sensor 10
10,2024-01-16,0.582923611111111,0.5360866051454138,0.07641236759088305,0.6129505921929504,Virgen,Sensor 10
10,2024-01-17,0.6006388888888888,0.5360866051454138,0.07641236759088305,0.8447884259926647,Virgen,Sensor 10
10,2024-01-18,0.6055208333333333,0.5360866051454138,0.07641236759088305,0.9086778799954868,Virgen,Sensor 10
10,2024-01-19,0.5966180555555556,0.5360866051454138,0.07641236759088305,0.792168235569289,Virgen,Sensor 10
10,2024-01-20,0.5931979166666665,0.5360866051454138,0.07641236759088305,0.7474092653041522,Virgen,Sensor 10
10,2024-01-21,0.5960902777777778,0.5360866051454138,0.07641236759088305,0.7852612675689836,Virgen,Sensor 10
10,2024-01-22,0.592375,0.5360866051454138,0.07641236759088305,0.7366398480931515,Virgen,Sensor 10
10,2024-01-23,0.5871076388888888,0.5360866051454138,0.07641236759088305,0.6677064898269485,Virgen,Sensor 10
10,2024-01-24,0.5818749999999999,0.5360866051454138,0.07641236759088305,0.5992275373502393,Virgen,Sensor 10
10,2024-01-25,0.5767326388888888,0.5360866051454138,0.07641236759088305,0.5319300399262142,Virgen,Sensor 10
10,2024-01-26,0.5720520833333332,0.5360866051454138,0.07641236759088305,0.47067613950245574,Virgen,Sensor 10
10,2024-01-27,0.56728125,0.5360866051454138,0.07641236759088305,0.40824078402601455,Virgen,Sensor 10
10,2024-01-28,0.5628888888888889,0.5360866051454138,0.07641236759088305,0.350758451655055,Virgen,Sensor 10
10,2024-01-29,0.5588958333333334,0.5360866051454138,0.07641236759088305,0.29850178586327375,Virgen,Sensor 10
10,2024-01-30,0.5542777777777778,0.5360866051454138,0.07641236759088305,0.2380658158606036,Virgen,Sensor 10
10,2024-01-31,0.549888888888889,0.5360866051454138,0.07641236759088305,0.18062892406859446,Virgen,Sensor 10
10,2024-02-01,0.54615625,0.5360866051454138,0.07641236759088305,0.1317803016980147,Virgen,Sensor 10
10,2024-02-02,0.5428784722222223,0.5360866051454138,0.07641236759088305,0.08888439516980508,Virgen,Sensor 10
10,2024-02-03,0.544607638888889,0.5360866051454138,0.07641236759088305,0.11151380348659413,Virgen,Sensor 10
10,2024-02-04,0.5685069444444444,0.5360866051454138,0.07641236759088305,0.42428130839514383,Virgen,Sensor 10
10,2024-02-05,0.5713854166666666,0.5360866051454138,0.07641236759088305,0.4619515483441766,Virgen,Sensor 10
10,2024-02-06,0.5826701388888889,0.5360866051454138,0.07641236759088305,0.6096334299296469,Virgen,Sensor 10
10,2024-02-07,0.5811354166666667,0.5360866051454138,0.07641236759088305,0.5895486940340234,Virgen,Sensor 10
10,2024-02-08,0.578861111111111,0.5360866051454138,0.07641236759088305,0.5597851148221815,Virgen,Sensor 10
10,2024-02-09,0.57671875,0.5360866051454138,0.07641236759088305,0.531748277610417,Virgen,Sensor 10
10,2024-02-10,0.5743715277777777,0.5360866051454138,0.07641236759088305,0.5010304462406384,Virgen,Sensor 10
10,2024-02-11,0.5729687499999999,0.5360866051454138,0.07641236759088305,0.48267245234509104,Virgen,Sensor 10
10,2024-02-12,0.570486111111111,0.5360866051454138,0.07641236759088305,0.4501824383962875,Virgen,Sensor 10
10,2024-02-13,0.5762569444444444,0.5360866051454138,0.07641236759088305,0.5257046806101504,Virgen,Sensor 10
10,2024-02-14,0.5796979166666666,0.5360866051454138,0.07641236759088305,0.5707362943489809,Virgen,Sensor 10
10,2024-02-15,0.5812222222222222,0.5360866051454138,0.07641236759088305,0.5906847085077573,Virgen,Sensor 10
10,2024-02-16,0.582767361111111,0.5360866051454138,0.07641236759088305,0.610905766140229,Virgen,Sensor 10
10,2024-02-17,0.58484375,0.5360866051454138,0.07641236759088305,0.6380792323519563,Virgen,Sensor 10
10,2024-02-18,0.5879236111111111,0.5360866051454138,0.07641236759088305,0.6783850258800527,Virgen,Sensor 10
10,2024-02-19,0.5899618055555556,0.5360866051454138,0.07641236759088305,0.7050586457233358,Virgen,Sensor 10
10,2024-02-20,0.6051249999999999,0.5360866051454138,0.07641236759088305,0.9034976539952574,Virgen,Sensor 10
10,2024-02-21,0.5970972222222222,0.5360866051454138,0.07641236759088305,0.7984390354643017,Virgen,Sensor 10
10,2024-02-22,0.5923472222222222,0.5360866051454138,0.07641236759088305,0.736276323461557,Virgen,Sensor 10
10,2024-02-23,0.5859027777777777,0.5360866051454138,0.07641236759088305,0.6519386089315143,Virgen,Sensor 10
10,2024-02-24,0.5815069444444444,0.5360866051454138,0.07641236759088305,0.5944108359816058,Virgen,Sensor 10
10,2024-02-25,0.5780069444444443,0.5360866051454138,0.07641236759088305,0.5486067324006345,Virgen,Sensor 10
10,2024-02-26,0.5742986111111111,0.5360866051454138,0.07641236759088305,0.5000761940827032,Virgen,Sensor 10
10,2024-02-27,0.5720381944444444,0.5360866051454138,0.07641236759088305,0.47049437718665854,Virgen,Sensor 10
10,2024-02-28,0.5696076388888889,0.5360866051454138,0.07641236759088305,0.4386859719220965,Virgen,Sensor 10
10,2024-02-29,0.5661631944444444,0.5360866051454138,0.07641236759088305,0.39360891760431566,Virgen,Sensor 10
10,2024-03-01,0.5965243055555556,0.5360866051454138,0.07641236759088305,0.7909413399376558,Virgen,Sensor 10
10,2024-03-02,0.6047222222222222,0.5360866051454138,0.07641236759088305,0.8982265468371302,Virgen,Sensor 10
10,2024-03-03,0.6046979166666666,0.5360866051454138,0.07641236759088305,0.8979084627844847,Virgen,Sensor 10
10,2024-03-04,0.6050381944444445,0.5360866051454138,0.07641236759088305,0.902361639521525,Virgen,Sensor 10
10,2024-03-05,0.5977638888888889,0.5360866051454138,0.07641236759088305,0.8071636266225823,Virgen,Sensor 10
10,2024-03-06,0.5913854166666667,0.5360866051454138,0.07641236759088305,0.7236892830925797,Virgen,Sensor 10
10,2024-03-07,0.5870034722222222,0.5360866051454138,0.07641236759088305,0.666343272458467,Virgen,Sensor 10
10,2024-03-08,0.5837395833333333,0.5360866051454138,0.07641236759088305,0.6236291282460547,Virgen,Sensor 10
10,2024-03-09,0.5823993055555555,0.5360866051454138,0.07641236759088305,0.6060890647715955,Virgen,Sensor 10
10,2024-03-10,0.5825347222222221,0.5360866051454138,0.07641236759088305,0.6078612473506204,Virgen,Sensor 10
10,2024-03-11,0.5825833333333333,0.5360866051454138,0.07641236759088305,0.608497415455913,Virgen,Sensor 10
10,2024-03-12,0.5809826388888888,0.5360866051454138,0.07641236759088305,0.5875493085602495,Virgen,Sensor 10
10,2024-03-13,0.5792291666666666,0.5360866051454138,0.07641236759088305,0.564601816190815,Virgen,Sensor 10
10,2024-03-14,0.5775034722222222,0.5360866051454138,0.07641236759088305,0.5420178484529763,Virgen,Sensor 10
10,2024-03-15,0.577,0.5360866051454138,0.07641236759088305,0.5354289645053165,Virgen,Sensor 10
10,2024-03-16,0.5764965277777777,0.5360866051454138,0.07641236759088305,0.5288400805576567,Virgen,Sensor 10
10,2024-03-17,0.5746354166666666,0.5360866051454138,0.07641236759088305,0.5044839302407917,Virgen,Sensor 10
10,2024-03-18,0.5719722222222221,0.5360866051454138,0.07641236759088305,0.4696310061866198,Virgen,Sensor 10
10,2024-03-19,0.5696076388888889,0.5360866051454138,0.07641236759088305,0.4386859719220965,Virgen,Sensor 10
10,2024-03-20,0.5675347222222222,0.5360866051454138,0.07641236759088305,0.41155794628931963,Virgen,Sensor 10
10,2024-03-21,0.5647743055555554,0.5360866051454138,0.07641236759088305,0.3754326860245641,Virgen,Sensor 10
10,2024-03-22,0.5625972222222222,0.5360866051454138,0.07641236759088305,0.34694144302330715,Virgen,Sensor 10
10,2024-03-23,0.56878125,0.5360866051454138,0.07641236759088305,0.4278711141321455,Virgen,Sensor 10
10,2024-03-24,0.5713298611111111,0.5360866051454138,0.07641236759088305,0.4612244990809862,Virgen,Sensor 10
10,2024-03-25,0.5705208333333333,0.5360866051454138,0.07641236759088305,0.45063684418578137,Virgen,Sensor 10
10,2024-03-26,0.5686319444444444,0.5360866051454138,0.07641236759088305,0.42591716923732187,Virgen,Sensor 10
10,2024-03-27,0.5665972222222222,0.5360866051454138,0.07641236759088305,0.3992889899729878,Virgen,Sensor 10
10,2024-03-28,0.5644652777777777,0.5360866051454138,0.07641236759088305,0.37138847449807005,Virgen,Sensor 10
10,2024-03-29,0.5621979166666667,0.5360866051454138,0.07641236759088305,0.3417157764441303,Virgen,Sensor 10
10,2024-03-30,0.5603368055555555,0.5360866051454138,0.07641236759088305,0.31735962612726387,Virgen,Sensor 10
10,2024-03-31,0.5589340277777778,0.5360866051454138,0.07641236759088305,0.2990016322317165,Virgen,Sensor 10
10,2024-04-01,0.5565763888888889,0.5360866051454138,0.07641236759088305,0.26814747912509107,Virgen,Sensor 10
10,2024-04-02,0.559625,0.5360866051454138,0.07641236759088305,0.3080443074426426,Virgen,Sensor 10
10,2024-04-03,0.5912465277777778,0.5360866051454138,0.07641236759088305,0.7218716599346043,Virgen,Sensor 10
10,2024-04-04,0.6043645833333333,0.5360866051454138,0.07641236759088305,0.8935461672053451,Virgen,Sensor 10
10,2024-04-05,0.5966423611111111,0.5360866051454138,0.07641236759088305,0.7924863196219345,Virgen,Sensor 10
10,2024-04-06,0.5914513888888888,0.5360866051454138,0.07641236759088305,0.7245526540926169,Virgen,Sensor 10
10,2024-04-07,0.5883263888888889,0.5360866051454138,0.07641236759088305,0.6836561330381798,Virgen,Sensor 10
10,2024-04-08,0.5852083333333333,0.5360866051454138,0.07641236759088305,0.6428504931416407,Virgen,Sensor 10
10,2024-04-09,0.582375,0.5360866051454138,0.07641236759088305,0.60577098071895,Virgen,Sensor 10
10,2024-04-10,0.5804131944444444,0.5360866051454138,0.07641236759088305,0.5800970536125525,Virgen,Sensor 10
10,2024-04-11,0.5783125,0.5360866051454138,0.07641236759088305,0.5526055033481811,Virgen,Sensor 10
10,2024-04-12,0.5766076388888889,0.5360866051454138,0.07641236759088305,0.5302941790840375,Virgen,Sensor 10
10,2024-04-13,0.5748125,0.5360866051454138,0.07641236759088305,0.5068013997672098,Virgen,Sensor 10
10,2024-04-14,0.5725659722222222,0.5360866051454138,0.07641236759088305,0.4774013451869638,Virgen,Sensor 10
10,2024-04-15,0.570125,0.5360866051454138,0.07641236759088305,0.4454566181855535,Virgen,Sensor 10
10,2024-04-16,0.5672743055555555,0.5360866051454138,0.07641236759088305,0.4081499028681152,Virgen,Sensor 10
10,2024-04-17,0.5648402777777777,0.5360866051454138,0.07641236759088305,0.3762960570246028,Virgen,Sensor 10
10,2024-04-18,0.5634791666666666,0.5360866051454138,0.07641236759088305,0.3584833500764486,Virgen,Sensor 10
10,2024-04-19,0.5644652777777777,0.5360866051454138,0.07641236759088305,0.37138847449807005,Virgen,Sensor 10
10,2024-04-20,0.5687604166666667,0.5360866051454138,0.07641236759088305,0.4275984706584489,Virgen,Sensor 10
10,2024-04-21,0.581642361111111,0.5360866051454138,0.07641236759088305,0.5961830185606307,Virgen,Sensor 10
10,2024-04-22,0.6103923611111112,0.5360866051454138,0.07641236759088305,0.972431012261462,Virgen,Sensor 10
10,2024-04-23,0.6007951388888889,0.5360866051454138,0.07641236759088305,0.8468332520453876,Virgen,Sensor 10
10,2024-04-24,0.5990833333333333,0.5360866051454138,0.07641236759088305,0.8244310466233448,Virgen,Sensor 10
10,2024-04-25,0.5973645833333333,0.5360866051454138,0.07641236759088305,0.801937960043404,Virgen,Sensor 10
10,2024-04-26,0.5983506944444444,0.5360866051454138,0.07641236759088305,0.814843084465027,Virgen,Sensor 10
10,2024-04-27,0.5964965277777777,0.5360866051454138,0.07641236759088305,0.7905778153060599,Virgen,Sensor 10
10,2024-04-28,0.6128402777777777,0.5360866051454138,0.07641236759088305,1.0044666204207702,Virgen,Sensor 10
10,2024-04-29,0.6024305555555556,0.5360866051454138,0.07641236759088305,0.8682357647305435,Virgen,Sensor 10
10,2024-04-30,0.6074340277777778,0.5360866051454138,0.07641236759088305,0.9337156389965932,Virgen,Sensor 10
10,2024-05-01,0.5959201388888888,0.5360866051454138,0.07641236759088305,0.7830346792004634,Virgen,Sensor 10
10,2024-05-02,0.5891770833333333,0.5360866051454138,0.07641236759088305,0.6947890748807765,Virgen,Sensor 10
10,2024-05-03,0.5868854166666666,0.5360866051454138,0.07641236759088305,0.6647982927741882,Virgen,Sensor 10
10,2024-05-04,0.6054097222222222,0.5360866051454138,0.07641236759088305,0.9072237814691073,Virgen,Sensor 10
10,2024-05-05,0.6294930555555556,0.5360866051454138,0.07641236759088305,1.2223996370619759,Virgen,Sensor 10
10,2024-05-06,0.6085833333333333,0.5360866051454138,0.07641236759088305,0.9487564706288355,Virgen,Sensor 10
10,2024-05-07,0.5965138888888889,0.5360866051454138,0.07641236759088305,0.7908050182008075,Virgen,Sensor 10
10,2024-05-08,0.6066215277777778,0.5360866051454138,0.07641236759088305,0.9230825435224395,Virgen,Sensor 10
10,2024-05-09,0.60690625,0.5360866051454138,0.07641236759088305,0.9268086709962879,Virgen,Sensor 10
10,2024-05-10,0.5977291666666666,0.5360866051454138,0.07641236759088305,0.8067092208330885,Virgen,Sensor 10
10,2024-05-11,0.5917013888888889,0.5360866051454138,0.07641236759088305,0.7278243757769731,Virgen,Sensor 10
10,2024-05-12,0.5868159722222221,0.5360866051454138,0.07641236759088305,0.6638894811952006,Virgen,Sensor 10
10,2024-05-13,0.583111111111111,0.5360866051454138,0.07641236759088305,0.6154043834562168,Virgen,Sensor 10
10,2024-05-14,0.5798819444444444,0.5360866051454138,0.07641236759088305,0.5731446450332982,Virgen,Sensor 10
10,2024-05-15,0.58721875,0.5360866051454138,0.07641236759088305,0.6691605883533293,Virgen,Sensor 10
10,2024-05-16,0.5924201388888889,0.5360866051454138,0.07641236759088305,0.7372305756194937,Virgen,Sensor 10
10,2024-05-17,0.5917673611111112,0.5360866051454138,0.07641236759088305,0.7286877467770118,Virgen,Sensor 10
10,2024-05-18,0.5928229166666666,0.5360866051454138,0.07641236759088305,0.7425016827776209,Virgen,Sensor 10
10,2024-05-19,0.5929861111111111,0.5360866051454138,0.07641236759088305,0.7446373899882417,Virgen,Sensor 10
10,2024-05-20,0.5950451388888889,0.5360866051454138,0.07641236759088305,0.7715836533052214,Virgen,Sensor 10
10,2024-05-21,0.5974999999999999,0.5360866051454138,0.07641236759088305,0.8037101426224289,Virgen,Sensor 10
10,2024-05-22,0.5951423611111111,0.5360866051454138,0.07641236759088305,0.7728559895158035,Virgen,Sensor 10
10,2024-05-23,0.5961701388888889,0.5360866051454138,0.07641236759088305,0.7863064008848196,Virgen,Sensor 10
10,2024-05-24,0.5951388888888889,0.5360866051454138,0.07641236759088305,0.7728105489368545,Virgen,Sensor 10
10,2024-05-25,0.5924409722222221,0.5360866051454138,0.07641236759088305,0.7375032190931888,Virgen,Sensor 10
10,2024-05-26,0.5926631944444444,0.5360866051454138,0.07641236759088305,0.740411416145949,Virgen,Sensor 10
10,2024-05-27,0.5907326388888889,0.5360866051454138,0.07641236759088305,0.7151464542500978,Virgen,Sensor 10
10,2024-05-28,0.5893715277777778,0.5360866051454138,0.07641236759088305,0.6973337473019422,Virgen,Sensor 10
10,2024-05-29,0.5922152777777777,0.5360866051454138,0.07641236759088305,0.7345495814614796,Virgen,Sensor 10
10,2024-05-30,0.5903958333333333,0.5360866051454138,0.07641236759088305,0.7107387180920078,Virgen,Sensor 10
10,2024-05-31,0.5866874999999999,0.5360866051454138,0.07641236759088305,0.6622081797740736,Virgen,Sensor 10
10,2024-06-01,0.5828680555555555,0.5360866051454138,0.07641236759088305,0.6122235429297614,Virgen,Sensor 10
10,2024-06-02,0.5795833333333333,0.5360866051454138,0.07641236759088305,0.5692367552436525,Virgen,Sensor 10
10,2024-06-03,0.5759097222222223,0.5360866051454138,0.07641236759088305,0.5211606227152136,Virgen,Sensor 10
10,2024-06-04,0.5722499999999999,0.5360866051454138,0.07641236759088305,0.47326625250257043,Virgen,Sensor 10
10,2024-06-05,0.5696944444444444,0.5360866051454138,0.07641236759088305,0.43982198639583037,Virgen,Sensor 10
10,2024-06-06,0.569,0.5360866051454138,0.07641236759088305,0.4307338706059553,Virgen,Sensor 10
10,2024-06-07,0.5706076388888888,0.5360866051454138,0.07641236759088305,0.4517728586595152,Virgen,Sensor 10
10,2024-06-08,0.5800972222222222,0.5360866051454138,0.07641236759088305,0.5759619609281591,Virgen,Sensor 10
10,2024-06-09,0.586298611111111,0.5360866051454138,0.07641236759088305,0.6571188349317436,Virgen,Sensor 10
10,2024-06-10,0.5881319444444444,0.5360866051454138,0.07641236759088305,0.6811114606170141,Virgen,Sensor 10
10,2024-06-11,0.5902395833333334,0.5360866051454138,0.07641236759088305,0.7086938920392863,Virgen,Sensor 10
10,2024-06-12,0.591,0.5360866051454138,0.07641236759088305,0.7186453788291987,Virgen,Sensor 10
10,2024-06-13,0.5954201388888889,0.5360866051454138,0.07641236759088305,0.7764912358317542,Virgen,Sensor 10
10,2024-06-14,0.597826388888889,0.5360866051454138,0.07641236759088305,0.807981557043672,Virgen,Sensor 10
10,2024-06-15,0.5980833333333333,0.5360866051454138,0.07641236759088305,0.8113441598859247,Virgen,Sensor 10
10,2024-06-16,0.61371875,0.5360866051454138,0.07641236759088305,1.0159630868949627,Virgen,Sensor 10
10,2024-06-17,0.6086666666666667,0.5360866051454138,0.07641236759088305,0.9498470445236219,Virgen,Sensor 10
10,2024-06-18,0.5976076388888889,0.5360866051454138,0.07641236759088305,0.8051188005698608,Virgen,Sensor 10
10,2024-06-19,0.5912777777777777,0.5360866051454138,0.07641236759088305,0.7222806251451478,Virgen,Sensor 10
10,2024-06-20,0.5898715277777777,0.5360866051454138,0.07641236759088305,0.7038771906706515,Virgen,Sensor 10
10,2024-06-21,0.6122638888888888,0.5360866051454138,0.07641236759088305,0.9969234843151737,Virgen,Sensor 10
10,2024-06-22,0.6058541666666666,0.5360866051454138,0.07641236759088305,0.9130401755746264,Virgen,Sensor 10
10,2024-06-23,0.59725,0.5360866051454138,0.07641236759088305,0.8004384209380743,Virgen,Sensor 10
10,2024-06-24,0.5910902777777777,0.5360866051454138,0.07641236759088305,0.7198268338818814,Virgen,Sensor 10
10,2024-06-25,0.5868541666666666,0.5360866051454138,0.07641236759088305,0.6643893275636434,Virgen,Sensor 10
10,2024-06-26,0.5840034722222222,0.5360866051454138,0.07641236759088305,0.6270826122462065,Virgen,Sensor 10
10,2024-06-27,0.5814791666666665,0.5360866051454138,0.07641236759088305,0.5940473113500099,Virgen,Sensor 10
10,2024-06-28,0.5797152777777778,0.5360866051454138,0.07641236759088305,0.5709634972437285,Virgen,Sensor 10
10,2024-06-29,0.5766631944444444,0.5360866051454138,0.07641236759088305,0.5310212283472265,Virgen,Sensor 10
10,2024-06-30,0.5727013888888889,0.5360866051454138,0.07641236759088305,0.47917352776599015,Virgen,Sensor 10
10,2024-07-01,0.5703958333333332,0.5360866051454138,0.07641236759088305,0.44900098334360333,Virgen,Sensor 10
10,2024-07-02,0.5683263888888889,0.5360866051454138,0.07641236759088305,0.4219183982897768,Virgen,Sensor 10
10,2024-07-03,0.5668368055555555,0.5360866051454138,0.07641236759088305,0.4024243899204941,Virgen,Sensor 10
10,2024-07-04,0.5659965277777776,0.5360866051454138,0.07641236759088305,0.3914277698147444,Virgen,Sensor 10
10,2024-07-05,0.56446875,0.5360866051454138,0.07641236759088305,0.37143391507702045,Virgen,Sensor 10
10,2024-07-06,0.5630520833333333,0.5360866051454138,0.07641236759088305,0.3528941588656758,Virgen,Sensor 10
10,2024-07-07,0.5620208333333334,0.5360866051454138,0.07641236759088305,0.3393983069177122,Virgen,Sensor 10
10,2024-07-08,0.5616388888888889,0.5360866051454138,0.07641236759088305,0.33439984323328015,Virgen,Sensor 10
10,2024-07-09,0.5608368055555556,0.5360866051454138,0.07641236759088305,0.3239030694959747,Virgen,Sensor 10
10,2024-07-10,0.5597847222222223,0.5360866051454138,0.07641236759088305,0.3101345740743145,Virgen,Sensor 10
10,2024-07-11,0.5585868055555556,0.5360866051454138,0.07641236759088305,0.2944575743367797,Virgen,Sensor 10
10,2024-07-12,0.5567430555555556,0.5360866051454138,0.07641236759088305,0.27032862691466086,Virgen,Sensor 10
10,2024-07-13,0.5543819444444444,0.5360866051454138,0.07641236759088305,0.23942903322908507,Virgen,Sensor 10
10,2024-07-14,0.5534583333333334,0.5360866051454138,0.07641236759088305,0.22734183922855192,Virgen,Sensor 10
10,2024-07-15,0.5530034722222222,0.5360866051454138,0.07641236759088305,0.22138912338618322,Virgen,Sensor 10
10,2024-07-16,0.5529201388888889,0.5360866051454138,0.07641236759088305,0.22029854949139835,Virgen,Sensor 10
10,2024-07-17,0.5515729166666667,0.5360866051454138,0.07641236759088305,0.20266760485904137,Virgen,Sensor 10
10,2024-07-18,0.5494409722222222,0.5360866051454138,0.07641236759088305,0.17476708938412366,Virgen,Sensor 10
10,2024-07-19,0.5477777777777778,0.5360866051454138,0.07641236759088305,0.15300105206737333,Virgen,Sensor 10
10,2024-07-20,0.5464618055555556,0.5360866051454138,0.07641236759088305,0.13577907264555977,Virgen,Sensor 10
10,2024-07-21,0.5455625000000001,0.5360866051454138,0.07641236759088305,0.12400996269767216,Virgen,Sensor 10
10,2024-07-22,0.5442430555555556,0.5360866051454138,0.07641236759088305,0.10674254269690968,Virgen,Sensor 10
10,2024-07-23,0.5426597222222223,0.5360866051454138,0.07641236759088305,0.08602163869599383,Virgen,Sensor 10
10,2024-07-24,0.5414201388888888,0.5360866051454138,0.07641236759088305,0.06979935201106585,Virgen,Sensor 10
10,2024-07-25,0.5396319444444445,0.5360866051454138,0.07641236759088305,0.04639745385213889,Virgen,Sensor 10
10,2024-07-26,0.5385520833333334,0.5360866051454138,0.07641236759088305,0.032265433798882796,Virgen,Sensor 10
10,2024-07-27,0.5373888888888889,0.5360866051454138,0.07641236759088305,0.017042839850841807,Virgen,Sensor 10
10,2024-07-28,0.5359027777777778,0.5360866051454138,0.07641236759088305,-0.0024057279394904575,Virgen,Sensor 10
10,2024-07-29,0.5341944444444445,0.5360866051454138,0.07641236759088305,-0.024762492782582916,Virgen,Sensor 10
10,2024-07-30,0.5323472222222222,0.5360866051454138,0.07641236759088305,-0.04893688078365213,Virgen,Sensor 10
10,2024-07-31,0.5306979166666667,0.5360866051454138,0.07641236759088305,-0.07052115578460523,Virgen,Sensor 10
10,2024-08-01,0.5286041666666667,0.5360866051454138,0.07641236759088305,-0.09792182489107873,Virgen,Sensor 10
10,2024-08-02,0.5262291666666666,0.5360866051454138,0.07641236759088305,-0.12900318089245177,Virgen,Sensor 10
10,2024-08-03,0.5234618055555555,0.5360866051454138,0.07641236759088305,-0.16521932231510375,Virgen,Sensor 10
10,2024-08-04,0.5200381944444445,0.5360866051454138,0.07641236759088305,-0.21002373315918654,Virgen,Sensor 10
10,2024-08-05,0.5172395833333333,0.5360866051454138,0.07641236759088305,-0.24664883979238486,Virgen,Sensor 10
10,2024-08-06,0.5147152777777778,0.5360866051454138,0.07641236759088305,-0.27968414068858005,Virgen,Sensor 10
10,2024-08-07,0.51225,0.5360866051454138,0.07641236759088305,-0.3119469517426373,Virgen,Sensor 10
10,2024-08-08,0.5083680555555555,0.5360866051454138,0.07641236759088305,-0.3627495190080392,Virgen,Sensor 10
10,2024-08-09,0.5046354166666667,0.5360866051454138,0.07641236759088305,-0.41159814137861755,Virgen,Sensor 10
10,2024-08-10,0.5019930555555556,0.5360866051454138,0.07641236759088305,-0.4461784219590914,Virgen,Sensor 10
10,2024-08-11,0.49869444444444444,0.5360866051454138,0.07641236759088305,-0.4893469719609991,Virgen,Sensor 10
10,2024-08-12,0.49506597222222226,0.5360866051454138,0.07641236759088305,-0.5368323769630959,Virgen,Sensor 10
10,2024-08-13,0.4921597222222222,0.5360866051454138,0.07641236759088305,-0.574866141543724,Virgen,Sensor 10
10,2024-08-14,0.48862152777777773,0.5360866051454138,0.07641236759088305,-0.621170091493138,Virgen,Sensor 10
10,2024-08-15,0.48473611111111103,0.5360866051454138,0.07641236759088305,-0.6720180993374896,Virgen,Sensor 10
10,2024-08-16,0.48154166666666665,0.5360866051454138,0.07641236759088305,-0.7138234319709142,Virgen,Sensor 10
10,2024-08-17,0.47742708333333334,0.5360866051454138,0.07641236759088305,-0.7676705180259239,Virgen,Sensor 10
10,2024-08-18,0.4739791666666667,0.5360866051454138,0.07641236759088305,-0.8127930129226537,Virgen,Sensor 10
10,2024-08-19,0.4698333333333334,0.5360866051454138,0.07641236759088305,-0.8670490641882075,Virgen,Sensor 10
10,2024-08-20,0.4655833333333333,0.5360866051454138,0.07641236759088305,-0.9226683328222443,Virgen,Sensor 10
10,2024-08-21,0.4624131944444445,0.5360866051454138,0.07641236759088305,-0.9641555814030227,Virgen,Sensor 10
10,2024-08-22,0.4590972222222222,0.5360866051454138,0.07641236759088305,-1.0075513342996774,Virgen,Sensor 10
10,2024-08-23,0.4553680555555556,0.5360866051454138,0.07641236759088305,-1.056354516091306,Virgen,Sensor 10
10,2024-08-24,0.4514965277777778,0.5360866051454138,0.07641236759088305,-1.1070207616198595,Virgen,Sensor 10
10,2024-08-25,0.44817361111111115,0.5360866051454138,0.07641236759088305,-1.150507395674412,Virgen,Sensor 10
10,2024-08-26,0.4446527777777778,0.5360866051454138,0.07641236759088305,-1.196584142729079,Virgen,Sensor 10
10,2024-08-27,0.4425381944444445,0.5360866051454138,0.07641236759088305,-1.2242574553092485,Virgen,Sensor 10
10,2024-08-28,0.44004166666666666,0.5360866051454138,0.07641236759088305,-1.2569292315738498,Virgen,Sensor 10
10,2024-08-29,0.43588194444444445,0.5360866051454138,0.07641236759088305,-1.3113670451552017,Virgen,Sensor 10
10,2024-08-30,0.4311770833333333,0.5360866051454138,0.07641236759088305,-1.3729390296316055,Virgen,Sensor 10
10,2024-08-31,0.42615277777777777,0.5360866051454138,0.07641236759088305,-1.438691547371352,Virgen,Sensor 10
10,2024-09-01,0.4216944444444444,0.5360866051454138,0.07641236759088305,-1.4970372507423502,Virgen,Sensor 10
10,2024-09-02,0.4184027777777778,0.5360866051454138,0.07641236759088305,-1.5401149195863577,Virgen,Sensor 10
10,2024-09-03,0.41376736111111106,0.5360866051454138,0.07641236759088305,-1.600778092483775,Virgen,Sensor 10
10,2024-09-04,0.40781944444444446,0.5360866051454138,0.07641236759088305,-1.6786178042240543,Virgen,Sensor 10
10,2024-09-05,0.4019826388888889,0.5360866051454138,0.07641236759088305,-1.7550034174379543,Virgen,Sensor 10
10,2024-09-06,0.3981041666666667,0.5360866051454138,0.07641236759088305,-1.8057605441244065,Virgen,Sensor 10
10,2024-09-07,0.3955590277777778,0.5360866051454138,0.07641236759088305,-1.8390684884942992,Virgen,Sensor 10
10,2024-09-08,0.39248958333333334,0.5360866051454138,0.07641236759088305,-1.8792379602855471,Virgen,Sensor 10
10,2024-09-09,0.3903715277777778,0.5360866051454138,0.07641236759088305,-1.906956713444666,Virgen,Sensor 10
10,2024-09-10,0.3881423611111111,0.5360866051454138,0.07641236759088305,-1.9361295651301653,Virgen,Sensor 10
10,2024-09-11,0.3842048611111111,0.5360866051454138,0.07641236759088305,-1.9876591816587577,Virgen,Sensor 10
10,2024-09-12,0.3797013888888889,0.5360866051454138,0.07641236759088305,-2.0465956125560973,Virgen,Sensor 10
10,2024-09-13,0.37520833333333337,0.5360866051454138,0.07641236759088305,-2.1053957217165884,Virgen,Sensor 10
10,2024-09-14,0.37066319444444445,0.5360866051454138,0.07641236759088305,-2.1648774395613213,Virgen,Sensor 10
10,2024-09-15,0.36526041666666664,0.5360866051454138,0.07641236759088305,-2.23558298040655,Virgen,Sensor 10
10,2024-09-16,0.36122916666666666,0.5360866051454138,0.07641236759088305,-2.288339492566775,Virgen,Sensor 10
10,2024-09-17,0.3583090277777778,0.5360866051454138,0.07641236759088305,-2.3265550194631994,Virgen,Sensor 10
10,2024-09-18,0.35400347222222217,0.5360866051454138,0.07641236759088305,-2.3829013373604258,Virgen,Sensor 10
10,2024-09-19,0.34946875,0.5360866051454138,0.07641236759088305,-2.4422467334683096,Virgen,Sensor 10
10,2024-09-20,0.3470173611111111,0.5360866051454138,0.07641236759088305,-2.474327782206569,Virgen,Sensor 10
10,2024-09-21,0.3446458333333333,0.5360866051454138,0.07641236759088305,-2.5053636976289924,Virgen,Sensor 10
10,2024-09-22,0.34236458333333336,0.5360866051454138,0.07641236759088305,-2.5352181579987314,Virgen,Sensor 10
10,2024-09-23,0.34109375000000003,0.5360866051454138,0.07641236759088305,-2.551849409894203,Virgen,Sensor 10
10,2024-09-24,0.3389861111111111,0.5360866051454138,0.07641236759088305,-2.5794318413164743,Virgen,Sensor 10
10,2024-09-25,0.33646875000000004,0.5360866051454138,0.07641236759088305,-2.612376261054771,Virgen,Sensor 10
10,2024-09-26,0.33665625000000005,0.5360866051454138,0.07641236759088305,-2.6099224697915044,Virgen,Sensor 10
10,2024-09-27,0.33342361111111113,0.5360866051454138,0.07641236759088305,-2.6522276487933736,Virgen,Sensor 10
10,2024-09-28,0.34175694444444443,0.5360866051454138,0.07641236759088305,-2.5431702593148726,Virgen,Sensor 10
10,2024-09-29,0.38454513888888886,0.5360866051454138,0.07641236759088305,-1.9832060049217186,Virgen,Sensor 10
10,2024-09-30,0.4505416666666667,0.5360866051454138,0.07641236759088305,-1.1195169208309383,Virgen,Sensor 10
10,2024-10-01,0.44841319444444444,0.5360866051454138,0.07641236759088305,-1.1473719957269055,Virgen,Sensor 10
10,2024-10-02,0.44990625,0.5360866051454138,0.07641236759088305,-1.127832546778674,Virgen,Sensor 10
10,2024-10-03,0.46947916666666667,0.5360866051454138,0.07641236759088305,-0.8716840032410443,Virgen,Sensor 10
10,2024-10-04,0.4624930555555556,0.5360866051454138,0.07641236759088305,-0.9631104480871875,Virgen,Sensor 10
10,2024-10-05,0.4555729166666667,0.5360866051454138,0.07641236759088305,-1.0536735219332927,Virgen,Sensor 10
10,2024-10-06,0.4499131944444445,0.5360866051454138,0.07641236759088305,-1.1277416656207746,Virgen,Sensor 10
10,2024-10-07,0.44542013888888893,0.5360866051454138,0.07641236759088305,-1.1865417747812668,Virgen,Sensor 10
10,2024-10-08,0.4414548611111111,0.5360866051454138,0.07641236759088305,-1.2384349159414543,Virgen,Sensor 10
10,2024-10-09,0.4382847222222222,0.5360866051454138,0.07641236759088305,-1.279922164522234,Virgen,Sensor 10
10,2024-10-10,0.4347743055555556,0.5360866051454138,0.07641236759088305,-1.3258625898400522,Virgen,Sensor 10
10,2024-10-11,0.4314548611111111,0.5360866051454138,0.07641236759088305,-1.3693037833156558,Virgen,Sensor 10
10,2024-10-12,0.4288680555555555,0.5360866051454138,0.07641236759088305,-1.4031570146329406,Virgen,Sensor 10
10,2024-10-13,0.4260034722222222,0.5360866051454138,0.07641236759088305,-1.4406454922661756,Virgen,Sensor 10
10,2024-10-14,0.42323958333333334,0.5360866051454138,0.07641236759088305,-1.4768161931098778,Virgen,Sensor 10
10,2024-10-15,0.42109375,0.5360866051454138,0.07641236759088305,-1.5048984709005921,Virgen,Sensor 10
10,2024-10-16,0.4183333333333333,0.5360866051454138,0.07641236759088305,-1.541023731165346,Virgen,Sensor 10
10,2024-10-17,0.4140625,0.5360866051454138,0.07641236759088305,-1.5969156432730773,Virgen,Sensor 10
10,2024-10-18,0.4089236111111111,0.5360866051454138,0.07641236759088305,-1.6641677001181534,Virgen,Sensor 10
10,2024-10-19,0.4029027777777778,0.5360866051454138,0.07641236759088305,-1.74296166401637,Virgen,Sensor 10
10,2024-10-20,0.3962048611111111,0.5360866051454138,0.07641236759088305,-1.8306165408097157,Virgen,Sensor 10
10,2024-10-21,0.39028125,0.5360866051454138,0.07641236759088305,-1.9081381684973497,Virgen,Sensor 10
10,2024-10-22,0.3839166666666667,0.5360866051454138,0.07641236759088305,-1.991430749711555,Virgen,Sensor 10
10,2024-10-23,0.3763472222222222,0.5360866051454138,0.07641236759088305,-2.090491211821194,Virgen,Sensor 10
10,2024-10-24,0.3716,0.5360866051454138,0.07641236759088305,-2.1526175713607802,Virgen,Sensor 10
11,2025-01-20,0.57441,0.5537473002143771,0.02723461923574379,0.7586924423934779,Virgen,Sensor 11
11,2025-01-21,0.5784583333333333,0.5537473002143771,0.02723461923574379,0.90733903437594,Virgen,Sensor 11
11,2025-01-22,0.591107638888889,0.5537473002143771,0.02723461923574379,1.3717958878411138,Virgen,Sensor 11
11,2025-01-23,0.5898455284552846,0.5537473002143771,0.02723461923574379,1.3254537516548324,Virgen,Sensor 11
11,2025-02-05,,0.5537473002143771,0.02723461923574379,,Virgen,Sensor 11
11,2025-02-06,,0.5537473002143771,0.02723461923574379,,Virgen,Sensor 11
11,2025-02-07,,0.5537473002143771,0.02723461923574379,,Virgen,Sensor 11
11,2025-02-08,,0.5537473002143771,0.02723461923574379,,Virgen,Sensor 11
11,2025-02-09,,0.5537473002143771,0.02723461923574379,,Virgen,Sensor 11
11,2025-02-10,,0.5537473002143771,0.02723461923574379,,Virgen,Sensor 11
11,2025-02-11,,0.5537473002143771,0.02723461923574379,,Virgen,Sensor 11
11,2025-02-12,,0.5537473002143771,0.02723461923574379,,Virgen,Sensor 11
11,2025-02-13,0.5724722222222222,0.5537473002143771,0.02723461923574379,0.6875411712483098,Virgen,Sensor 11
11,2025-02-14,0.5903090277777777,0.5537473002143771,0.02723461923574379,1.3424725070294186,Virgen,Sensor 11
11,2025-02-15,0.572392361111111,0.5537473002143771,0.02723461923574379,0.6846088331671399,Virgen,Sensor 11
11,2025-02-16,0.5637361111111111,0.5537473002143771,0.02723461923574379,0.3667688837604261,Virgen,Sensor 11
11,2025-02-17,0.5628159722222222,0.5537473002143771,0.02723461923574379,0.3329832493469573,Virgen,Sensor 11
11,2025-02-18,0.5747743055555555,0.5537473002143771,0.02723461923574379,0.7720690037620108,Virgen,Sensor 11
11,2025-02-19,0.5759479166666667,0.5537473002143771,0.02723461923574379,0.8151616242591921,Virgen,Sensor 11
11,2025-02-20,0.5810590277777777,0.5537473002143771,0.02723461923574379,1.0028312614540107,Virgen,Sensor 11
11,2025-02-21,0.5687361111111111,0.5537473002143771,0.02723461923574379,0.55035874623362,Virgen,Sensor 11
11,2025-02-22,0.5591458333333335,0.5537473002143771,0.02723461923574379,0.19822319057323481,Virgen,Sensor 11
11,2025-02-23,0.5553680555555557,0.5537473002143771,0.02723461923574379,0.05951085003793318,Virgen,Sensor 11
11,2025-02-24,0.5576215277777778,0.5537473002143771,0.02723461923574379,0.14225378111091905,Virgen,Sensor 11
11,2025-02-25,0.5562291666666668,0.5537473002143771,0.02723461923574379,0.09112910413053801,Virgen,Sensor 11
11,2025-02-26,0.5556527777777779,0.5537473002143771,0.02723461923574379,0.06996527276210035,Virgen,Sensor 11
11,2025-02-27,0.558982638888889,0.5537473002143771,0.02723461923574379,0.1922310214508453,Virgen,Sensor 11
11,2025-02-28,0.5681666666666667,0.5537473002143771,0.02723461923574379,0.5294499007852858,Virgen,Sensor 11
11,2025-03-01,0.5744305555555554,0.5537473002143771,0.02723461923574379,0.7594472007169756,Virgen,Sensor 11
11,2025-03-02,0.5800451388888889,0.5537473002143771,0.02723461923574379,0.9656033171191694,Virgen,Sensor 11
11,2025-03-03,0.5753055555555555,0.5537473002143771,0.02723461923574379,0.7915754266497871,Virgen,Sensor 11
11,2025-03-04,0.5660104166666666,0.5537473002143771,0.02723461923574379,0.4502767725937179,Virgen,Sensor 11
11,2025-03-05,0.5725520833333333,0.5537473002143771,0.02723461923574379,0.6904735093294798,Virgen,Sensor 11
11,2025-03-06,0.5711631944444444,0.5537473002143771,0.02723461923574379,0.6394763253091483,Virgen,Sensor 11
11,2025-03-07,0.5610520833333333,0.5537473002143771,0.02723461923574379,0.2682168256411358,Virgen,Sensor 11
11,2025-03-08,0.5546666666666668,0.5537473002143771,0.02723461923574379,0.033757272107664146,Virgen,Sensor 11
11,2025-03-09,0.5520868055555556,0.5537473002143771,0.02723461923574379,-0.06096999721010479,Virgen,Sensor 11
11,2025-03-10,0.5619861111111111,0.5537473002143771,0.02723461923574379,0.3025124318948072,Virgen,Sensor 11
11,2025-03-11,0.5712361111111111,0.5537473002143771,0.02723461923574379,0.642153677470215,Virgen,Sensor 11
11,2025-03-12,0.56121875,0.5537473002143771,0.02723461923574379,0.2743364877235749,Virgen,Sensor 11
11,2025-03-13,0.5756041666666667,0.5537473002143771,0.02723461923574379,0.8025398212141609,Virgen,Sensor 11
11,2025-03-14,0.5787256944444444,0.5537473002143771,0.02723461923574379,0.9171559922998549,Virgen,Sensor 11
11,2025-03-15,0.5622743055555556,0.5537473002143771,0.02723461923574379,0.3130943475790281,Virgen,Sensor 11
11,2025-03-16,0.557625,0.5537473002143771,0.02723461923574379,0.14238127407096868,Virgen,Sensor 11
11,2025-03-17,0.5546006944444445,0.5537473002143771,0.02723461923574379,0.031334905866696794,Virgen,Sensor 11
11,2025-03-18,0.5514583333333334,0.5537473002143771,0.02723461923574379,-0.08404622297930316,Virgen,Sensor 11
11,2025-03-19,0.547982638888889,0.5537473002143771,0.02723461923574379,-0.21166667599018132,Virgen,Sensor 11
11,2025-03-20,0.5452881944444444,0.5537473002143771,0.02723461923574379,-0.31060121298962867,Virgen,Sensor 11
11,2025-03-21,0.5433368055555556,0.5537473002143771,0.02723461923574379,-0.3822522565381911,Virgen,Sensor 11
11,2025-03-22,0.5413576388888889,0.5537473002143771,0.02723461923574379,-0.45492324376716686,Virgen,Sensor 11
11,2025-03-23,0.54246875,0.5537473002143771,0.02723461923574379,-0.41412549655089925,Virgen,Sensor 11
11,2025-03-24,0.5457916666666667,0.5537473002143771,0.02723461923574379,-0.2921147337822576,Virgen,Sensor 11
11,2025-03-25,0.5446944444444445,0.5537473002143771,0.02723461923574379,-0.33240250915831854,Virgen,Sensor 11
11,2025-03-26,0.5424513888888889,0.5537473002143771,0.02723461923574379,-0.41476296135115553,Virgen,Sensor 11
11,2025-03-27,0.5417430555555556,0.5537473002143771,0.02723461923574379,-0.44077152520152385,Virgen,Sensor 11
11,2025-03-28,0.5595923344947735,0.5537473002143771,0.02723461923574379,0.21461780793781562,Virgen,Sensor 11
11,2025-03-29,0.5845555555555555,0.5537473002143771,0.02723461923574379,1.1312166722251948,Virgen,Sensor 11
11,2025-03-30,0.5885590277777778,0.5537473002143771,0.02723461923574379,1.2782160551638038,Virgen,Sensor 11
11,2025-03-31,0.5811736111111111,0.5537473002143771,0.02723461923574379,1.0070385291356891,Virgen,Sensor 11
11,2025-04-01,0.5844131944444444,0.5537473002143771,0.02723461923574379,1.1259894608631114,Virgen,Sensor 11
11,2025-04-02,0.5837638888888889,0.5537473002143771,0.02723461923574379,1.102148277333607,Virgen,Sensor 11
11,2025-04-03,0.5813506944444444,0.5537473002143771,0.02723461923574379,1.0135406700982812,Virgen,Sensor 11
11,2025-04-04,0.5772118055555555,0.5537473002143771,0.02723461923574379,0.8615690617176921,Virgen,Sensor 11
11,2025-04-05,0.5681944444444444,0.5537473002143771,0.02723461923574379,0.5304698444656909,Virgen,Sensor 11
11,2025-04-06,0.5744305555555554,0.5537473002143771,0.02723461923574379,0.7594472007169756,Virgen,Sensor 11
11,2025-04-07,0.5778506944444444,0.5537473002143771,0.02723461923574379,0.8850277663670435,Virgen,Sensor 11
11,2025-04-08,0.5624652777777778,0.5537473002143771,0.02723461923574379,0.3201064603818227,Virgen,Sensor 11
11,2025-04-09,0.560701388888889,0.5537473002143771,0.02723461923574379,0.25534003667600536,Virgen,Sensor 11
11,2025-04-10,0.5602430555555556,0.5537473002143771,0.02723461923574379,0.23851096594929574,Virgen,Sensor 11
11,2025-04-11,0.5923819444444445,0.5537473002143771,0.02723461923574379,1.4185858041797668,Virgen,Sensor 11
11,2025-04-12,0.5859131944444445,0.5537473002143771,0.02723461923574379,1.1810664196050715,Virgen,Sensor 11
11,2025-04-13,0.5863541666666666,0.5537473002143771,0.02723461923574379,1.1972580255315248,Virgen,Sensor 11
11,2025-04-14,0.570486111111111,0.5537473002143771,0.02723461923574379,0.6146151980992348,Virgen,Sensor 11
11,2025-04-15,0.5583645833333334,0.5537473002143771,0.02723461923574379,0.16953727456179585,Virgen,Sensor 11
11,2025-04-16,0.5514479166666667,0.5537473002143771,0.02723461923574379,-0.0844287018594561,Virgen,Sensor 11
11,2025-04-17,0.5466909722222222,0.5537473002143771,0.02723461923574379,-0.25909405712909467,Virgen,Sensor 11
11,2025-04-18,0.54425,0.5537473002143771,0.02723461923574379,-0.3487216080448256,Virgen,Sensor 11
11,2025-04-19,0.5429097222222222,0.5537473002143771,0.02723461923574379,-0.39793389062444595,Virgen,Sensor 11
11,2025-04-20,0.5408333333333334,0.5537473002143771,0.02723461923574379,-0.47417468073483976,Virgen,Sensor 11
11,2025-04-21,0.5382986111111111,0.5537473002143771,0.02723461923574379,-0.5672445415719473,Virgen,Sensor 11
11,2025-04-22,0.5351319444444445,0.5537473002143771,0.02723461923574379,-0.6835181211383027,Virgen,Sensor 11
11,2025-04-23,0.5400381944444445,0.5537473002143771,0.02723461923574379,-0.5033705685864813,Virgen,Sensor 11
11,2025-04-24,0.5828125,0.5537473002143771,0.02723461923574379,1.0672152062796794,Virgen,Sensor 11
11,2025-04-25,0.5810138888888888,0.5537473002143771,0.02723461923574379,1.0011738529733494,Virgen,Sensor 11
11,2025-04-26,0.5819270833333333,0.5537473002143771,0.02723461923574379,1.0347045014667189,Virgen,Sensor 11
11,2025-04-27,0.58371875,0.5537473002143771,0.02723461923574379,1.1004908688529456,Virgen,Sensor 11
11,2025-04-28,0.5904027777777778,0.5537473002143771,0.02723461923574379,1.345914816950795,Virgen,Sensor 11
11,2025-04-29,0.5746770833333332,0.5537473002143771,0.02723461923574379,0.7684992008805847,Virgen,Sensor 11
11,2025-04-30,0.5678298611111111,0.5537473002143771,0.02723461923574379,0.5170830836603538,Virgen,Sensor 11
11,2025-05-01,0.5801666666666666,0.5537473002143771,0.02723461923574379,0.970065570720947,Virgen,Sensor 11
11,2025-05-02,0.5799166666666666,0.5537473002143771,0.02723461923574379,0.9608860775972884,Virgen,Sensor 11
11,2025-05-03,0.5649062499999999,0.5537473002143771,0.02723461923574379,0.40973401129755366,Virgen,Sensor 11
11,2025-05-04,0.5575451388888889,0.5537473002143771,0.02723461923574379,0.13944893598979874,Virgen,Sensor 11
11,2025-05-05,0.55975,0.5537473002143771,0.02723461923574379,0.22040696562207354,Virgen,Sensor 11
11,2025-05-06,0.5681666666666666,0.5537473002143771,0.02723461923574379,0.5294499007852816,Virgen,Sensor 11
11,2025-05-07,0.562857638888889,0.5537473002143771,0.02723461923574379,0.3345131648675691,Virgen,Sensor 11
11,2025-05-08,0.5564305555555555,0.5537473002143771,0.02723461923574379,0.09852369581348154,Virgen,Sensor 11
11,2025-05-09,0.5519479166666668,0.5537473002143771,0.02723461923574379,-0.06606971561213468,Virgen,Sensor 11
11,2025-05-10,0.5501180555555556,0.5537473002143771,0.02723461923574379,-0.1332585055589235,Virgen,Sensor 11
11,2025-05-11,0.5682777777777778,0.5537473002143771,0.02723461923574379,0.5335296755069104,Virgen,Sensor 11
11,2025-05-12,0.5854583333333333,0.5537473002143771,0.02723461923574379,1.1643648418384114,Virgen,Sensor 11
11,2025-05-13,0.5861770833333333,0.5537473002143771,0.02723461923574379,1.1907558845689328,Virgen,Sensor 11
11,2025-05-14,0.5692395833333332,0.5537473002143771,0.02723461923574379,0.568845225440987,Virgen,Sensor 11
11,2025-05-15,0.5613298611111112,0.5537473002143771,0.02723461923574379,0.2784162624452037,Virgen,Sensor 11
11,2025-05-16,0.5582152777777778,0.5537473002143771,0.02723461923574379,0.1640550772796089,Virgen,Sensor 11
11,2025-05-17,0.5778645833333332,0.5537473002143771,0.02723461923574379,0.885537738207246,Virgen,Sensor 11
11,2025-05-18,0.58446875,0.5537473002143771,0.02723461923574379,1.1280293482239256,Virgen,Sensor 11
11,2025-05-19,0.5910208333333333,0.5537473002143771,0.02723461923574379,1.3686085638398404,Virgen,Sensor 11
11,2025-05-20,0.5827326388888889,0.5537473002143771,0.02723461923574379,1.0642828681985135,Virgen,Sensor 11
11,2025-05-21,0.5657256944444444,0.5537473002143771,0.02723461923574379,0.4398223498695507,Virgen,Sensor 11
11,2025-05-22,0.5599618055555555,0.5537473002143771,0.02723461923574379,0.2281840361851741,Virgen,Sensor 11
11,2025-05-23,0.5561458333333333,0.5537473002143771,0.02723461923574379,0.08806927308931438,Virgen,Sensor 11
11,2025-05-24,0.5526770833333334,0.5537473002143771,0.02723461923574379,-0.03929619400146047,Virgen,Sensor 11
11,2025-05-25,0.5505,0.5537473002143771,0.02723461923574379,-0.11923427995333419,Virgen,Sensor 11
11,2025-05-26,0.5626909722222222,0.5537473002143771,0.02723461923574379,0.3283935027851259,Virgen,Sensor 11
11,2025-05-27,0.5622048611111111,0.5537473002143771,0.02723461923574379,0.31054448837801113,Virgen,Sensor 11
11,2025-05-28,0.5578958333333334,0.5537473002143771,0.02723461923574379,0.15232572495493327,Virgen,Sensor 11
11,2025-05-29,0.5538611111111111,0.5537473002143771,0.02723461923574379,0.004178905375869637,Virgen,Sensor 11
11,2025-05-30,0.55078125,0.5537473002143771,0.02723461923574379,-0.10890735018921666,Virgen,Sensor 11
11,2025-05-31,0.54871875,0.5537473002143771,0.02723461923574379,-0.18463816845940786,Virgen,Sensor 11
11,2025-06-01,0.5471597222222223,0.5537473002143771,0.02723461923574379,-0.24188250752222804,Virgen,Sensor 11
11,2025-06-02,0.5444409722222222,0.5537473002143771,0.02723461923574379,-0.3417094952420309,Virgen,Sensor 11
11,2025-06-03,0.542232638888889,0.5537473002143771,0.02723461923574379,-0.42279501783435536,Virgen,Sensor 11
11,2025-06-04,0.5537395833333334,0.5537473002143771,0.02723461923574379,-0.0002833482259080376,Virgen,Sensor 11
11,2025-06-05,0.5649409722222222,0.5537473002143771,0.02723461923574379,0.4110089408980621,Virgen,Sensor 11
11,2025-06-06,0.5627342657342658,0.5537473002143771,0.02723461923574379,0.32998315276953816,Virgen,Sensor 11
11,2025-06-07,0.5593819444444444,0.5537473002143771,0.02723461923574379,0.20689271185668684,Virgen,Sensor 11
11,2025-06-08,0.5554027777777778,0.5537473002143771,0.02723461923574379,0.06078577963843759,Virgen,Sensor 11
11,2025-06-09,0.5595173611111111,0.5537473002143771,0.02723461923574379,0.2118649372986671,Virgen,Sensor 11
11,2025-06-10,0.5653923611111111,0.5537473002143771,0.02723461923574379,0.4275830257046725,Virgen,Sensor 11
11,2025-06-11,0.5614409722222222,0.5537473002143771,0.02723461923574379,0.2824960371668284,Virgen,Sensor 11
11,2025-06-12,0.5561006944444444,0.5537473002143771,0.02723461923574379,0.08641186460865292,Virgen,Sensor 11
11,2025-06-13,0.5515798611111111,0.5537473002143771,0.02723461923574379,-0.07958396937752547,Virgen,Sensor 11
11,2025-06-14,0.5474548611111111,0.5537473002143771,0.02723461923574379,-0.23104560591791198,Virgen,Sensor 11
11,2025-06-15,0.5440138888888889,0.5537473002143771,0.02723461923574379,-0.35739112932828165,Virgen,Sensor 11
11,2025-06-16,0.5445416666666667,0.5537473002143771,0.02723461923574379,-0.3380121994005551,Virgen,Sensor 11
11,2025-06-17,0.5546701388888889,0.5537473002143771,0.02723461923574379,0.03388476506771377,Virgen,Sensor 11
11,2025-06-18,0.559,0.5537473002143771,0.02723461923574379,0.1928684862510975,Virgen,Sensor 11
11,2025-06-19,0.5581180555555556,0.5537473002143771,0.02723461923574379,0.16048527439818677,Virgen,Sensor 11
11,2025-06-20,0.57075,0.5537473002143771,0.02723461923574379,0.6243046630631002,Virgen,Sensor 11
11,2025-06-21,0.5846076388888889,0.5537473002143771,0.02723461923574379,1.1331290666259597,Virgen,Sensor 11
11,2025-06-22,0.5691319444444445,0.5537473002143771,0.02723461923574379,0.564892943679416,Virgen,Sensor 11
11,2025-06-23,0.559857638888889,0.5537473002143771,0.02723461923574379,0.22435924738365273,Virgen,Sensor 11
11,2025-06-24,0.5541006944444445,0.5537473002143771,0.02723461923574379,0.012975919619379436,Virgen,Sensor 11
11,2025-06-25,0.5498506944444445,0.5537473002143771,0.02723461923574379,-0.14307546348283845,Virgen,Sensor 11
11,2025-06-26,0.5486527777777778,0.5537473002143771,0.02723461923574379,-0.18706053470037523,Virgen,Sensor 11
11,2025-06-27,0.5506111111111112,0.5537473002143771,0.02723461923574379,-0.1151545052317054,Virgen,Sensor 11
11,2025-06-28,0.5542812500000001,0.5537473002143771,0.02723461923574379,0.019605553542021134,Virgen,Sensor 11
11,2025-06-29,0.5533923611111111,0.5537473002143771,0.02723461923574379,-0.01303264423099293,Virgen,Sensor 11
11,2025-06-30,0.5548402777777778,0.5537473002143771,0.02723461923574379,0.040131920110202515,Virgen,Sensor 11
11,2025-07-01,0.57728125,0.5537473002143771,0.02723461923574379,0.8641189209187091,Virgen,Sensor 11
11,2025-07-02,0.5981562500000001,0.5537473002143771,0.02723461923574379,1.6306065967442964,Virgen,Sensor 11
11,2025-07-03,0.5998680555555556,0.5537473002143771,0.02723461923574379,1.693460626049353,Virgen,Sensor 11
11,2025-07-04,0.5818993055555555,0.5537473002143771,0.02723461923574379,1.0336845577863096,Virgen,Sensor 11
11,2025-07-05,0.571267361111111,0.5537473002143771,0.02723461923574379,0.6433011141106697,Virgen,Sensor 11
11,2025-07-06,0.5646979166666666,0.5537473002143771,0.02723461923574379,0.4020844336945027,Virgen,Sensor 11
11,2025-07-07,0.559625,0.5537473002143771,0.02723461923574379,0.21581721906024626,Virgen,Sensor 11
11,2025-07-08,0.5551736111111112,0.5537473002143771,0.02723461923574379,0.05237124427508483,Virgen,Sensor 11
11,2025-07-09,0.5645034722222222,0.5537473002143771,0.02723461923574379,0.3949448279316584,Virgen,Sensor 11
11,2025-07-10,0.5961010452961673,0.5537473002143771,0.02723461923574379,1.5551436469581112,Virgen,Sensor 11
11,2025-07-11,0.5992604166666666,0.5537473002143771,0.02723461923574379,1.6711493580404564,Virgen,Sensor 11
11,2025-07-12,0.6075555555555555,0.5537473002143771,0.02723461923574379,1.9757300396018869,Virgen,Sensor 11
11,2025-07-13,0.5965659722222222,0.5537473002143771,0.02723461923574379,1.5722148210410132,Virgen,Sensor 11
11,2025-07-14,0.5786909722222222,0.5537473002143771,0.02723461923574379,0.9158810626993464,Virgen,Sensor 11
11,2025-07-15,0.5672083333333333,0.5537473002143771,0.02723461923574379,0.49426184381125465,Virgen,Sensor 11
11,2025-07-16,0.5596111111111112,0.5537473002143771,0.02723461923574379,0.21530724722004368,Virgen,Sensor 11
11,2025-07-17,0.5544236111111112,0.5537473002143771,0.02723461923574379,0.02483276490410472,Virgen,Sensor 11
11,2025-07-18,0.560857638888889,0.5537473002143771,0.02723461923574379,0.2610772198782915,Virgen,Sensor 11
11,2025-07-19,0.58421875,0.5537473002143771,0.02723461923574379,1.118849855100267,Virgen,Sensor 11
11,2025-07-20,0.5813611111111111,0.5537473002143771,0.02723461923574379,1.0139231489784342,Virgen,Sensor 11
11,2025-07-21,0.5705624999999999,0.5537473002143771,0.02723461923574379,0.617420043220351,Virgen,Sensor 11
11,2025-07-22,0.5629444444444444,0.5537473002143771,0.02723461923574379,0.3377004888688342,Virgen,Sensor 11
11,2025-07-23,0.5587777777777778,0.5537473002143771,0.02723461923574379,0.184708936807844,Virgen,Sensor 11
11,2025-07-24,0.5591840277777779,0.5537473002143771,0.02723461923574379,0.19962561313379293,Virgen,Sensor 11
11,2025-07-25,0.5633576388888888,0.5537473002143771,0.02723461923574379,0.35287215111488235,Virgen,Sensor 11
11,2025-07-26,0.5591875000000001,0.5537473002143771,0.02723461923574379,0.19975310609384256,Virgen,Sensor 11
11,2025-07-27,0.5535555555555556,0.5537473002143771,0.02723461923574379,-0.007040475108603439,Virgen,Sensor 11
11,2025-07-28,0.5495694444444444,0.5537473002143771,0.02723461923574379,-0.153402393246956,Virgen,Sensor 11
11,2025-07-29,0.5457638888888889,0.5537473002143771,0.02723461923574379,-0.2931346774626628,Virgen,Sensor 11
11,2025-07-30,0.5424409722222223,0.5537473002143771,0.02723461923574379,-0.41514544023130445,Virgen,Sensor 11
11,2025-07-31,0.5395868055555556,0.5537473002143771,0.02723461923574379,-0.5199446533930876,Virgen,Sensor 11
11,2025-08-01,0.5359722222222223,0.5537473002143771,0.02723461923574379,-0.6526648248059997,Virgen,Sensor 11
11,2025-08-02,0.5326979166666667,0.5537473002143771,0.02723461923574379,-0.7728906861339343,Virgen,Sensor 11
11,2025-08-03,0.5301944444444444,0.5537473002143771,0.02723461923574379,-0.864813110330583,Virgen,Sensor 11
11,2025-08-04,0.5290381944444444,0.5537473002143771,0.02723461923574379,-0.9072682660275079,Virgen,Sensor 11
11,2025-08-05,0.5346006944444445,0.5537473002143771,0.02723461923574379,-0.703024544026079,Virgen,Sensor 11
11,2025-08-06,0.5608888888888889,0.5537473002143771,0.02723461923574379,0.2622246565187463,Virgen,Sensor 11
11,2025-08-07,0.5619722222222223,0.5537473002143771,0.02723461923574379,0.30200246005460873,Virgen,Sensor 11
11,2025-08-08,0.5565381944444445,0.5537473002143771,0.02723461923574379,0.10247597757506072,Virgen,Sensor 11
11,2025-08-09,0.5509791666666667,0.5537473002143771,0.02723461923574379,-0.10164025146631867,Virgen,Sensor 11
11,2025-08-10,0.5462534722222222,0.5537473002143771,0.02723461923574379,-0.27515817009549837,Virgen,Sensor 11
11,2025-08-11,0.54303125,0.5537473002143771,0.02723461923574379,-0.39347163702266824,Virgen,Sensor 11
11,2025-08-12,0.5406805555555556,0.5537473002143771,0.02723461923574379,-0.47978437097707627,Virgen,Sensor 11
11,2025-08-13,0.5385659722222222,0.5537473002143771,0.02723461923574379,-0.5574275836480322,Virgen,Sensor 11
11,2025-08-14,0.5370798611111112,0.5537473002143771,0.02723461923574379,-0.6119945705497858,Virgen,Sensor 11
11,2025-08-15,0.5356840277777778,0.5537473002143771,0.02723461923574379,-0.6632467404902206,Virgen,Sensor 11
11,2025-08-16,0.535,0.5537473002143771,0.02723461923574379,-0.6883628536202333,Virgen,Sensor 11
11,2025-08-17,0.5348923611111112,0.5537473002143771,0.02723461923574379,-0.6923151353818084,Virgen,Sensor 11
11,2025-08-18,0.5337430555555556,0.5537473002143771,0.02723461923574379,-0.7345153051586342,Virgen,Sensor 11
11,2025-08-19,0.5320520833333333,0.5537473002143771,0.02723461923574379,-0.796604376703389,Virgen,Sensor 11
11,2025-08-20,0.5292708333333334,0.5537473002143771,0.02723461923574379,-0.8987262377041014,Virgen,Sensor 11
11,2025-08-21,0.5269548611111111,0.5537473002143771,0.02723461923574379,-0.983764042058005,Virgen,Sensor 11
11,2025-08-22,0.5246493055555557,0.5537473002143771,0.02723461923574379,-1.0684193675317517,Virgen,Sensor 11
11,2025-08-23,0.5233402777777778,0.5537473002143771,0.02723461923574379,-1.1164842134709172,Virgen,Sensor 11
11,2025-08-24,0.522,0.5537473002143771,0.02723461923574379,-1.1656964960505376,Virgen,Sensor 11
11,2025-08-25,0.5254270833333333,0.5537473002143771,0.02723461923574379,-1.0398609444803704,Virgen,Sensor 11
11,2025-08-26,0.5419791666666667,0.5537473002143771,0.02723461923574379,-0.43210200391806775,Virgen,Sensor 11
11,2025-08-27,0.5590173611111111,0.5537473002143771,0.02723461923574379,0.19350595105134974,Virgen,Sensor 11
11,2025-08-28,0.5629895833333333,0.5537473002143771,0.02723461923574379,0.3393578973494956,Virgen,Sensor 11
11,2025-08-29,0.5612951388888889,0.5537473002143771,0.02723461923574379,0.2771413328446952,Virgen,Sensor 11
11,2025-08-30,0.5572708333333334,0.5537473002143771,0.02723461923574379,0.12937699214578455,Virgen,Sensor 11
11,2025-08-31,0.5524027777777778,0.5537473002143771,0.02723461923574379,-0.04936813784547876,Virgen,Sensor 11
11,2025-09-01,0.5484652777777778,0.5537473002143771,0.02723461923574379,-0.19394515454312025,Virgen,Sensor 11
11,2025-09-02,0.546951388888889,0.5537473002143771,0.02723461923574379,-0.24953208512527897,Virgen,Sensor 11
11,2025-09-03,0.5509340277777778,0.5537473002143771,0.02723461923574379,-0.10329765994698012,Virgen,Sensor 11
11,2025-09-04,0.5514826388888889,0.5537473002143771,0.02723461923574379,-0.08315377225894761,Virgen,Sensor 11
11,2025-09-05,0.5505347222222222,0.5537473002143771,0.02723461923574379,-0.1179593503528257,Virgen,Sensor 11
11,2025-09-06,0.5489201388888889,0.5537473002143771,0.02723461923574379,-0.17724357677646027,Virgen,Sensor 11
11,2025-09-07,0.5475763888888889,0.5537473002143771,0.02723461923574379,-0.22658335231613025,Virgen,Sensor 11
11,2025-09-08,0.5454930555555556,0.5537473002143771,0.02723461923574379,-0.30307912834662737,Virgen,Sensor 11
11,2025-09-09,0.5426701388888889,0.5537473002143771,0.02723461923574379,-0.40673090486795166,Virgen,Sensor 11
11,2025-09-10,0.5410138888888889,0.5537473002143771,0.02723461923574379,-0.46754504681219805,Virgen,Sensor 11
11,2025-09-11,0.5436180555555556,0.5537473002143771,0.02723461923574379,-0.3719253267740736,Virgen,Sensor 11
11,2025-09-12,0.5466562500000001,0.5537473002143771,0.02723461923574379,-0.2603689867295991,Virgen,Sensor 11
11,2025-09-13,0.5470104166666667,0.5537473002143771,0.02723461923574379,-0.24736470480441494,Virgen,Sensor 11
11,2025-09-14,0.54659375,0.5537473002143771,0.02723461923574379,-0.26266386001051684,Virgen,Sensor 11
11,2025-09-15,0.5447430555555557,0.5537473002143771,0.02723461923574379,-0.3306176077176034,Virgen,Sensor 11
11,2025-09-16,0.5435763888888889,0.5537473002143771,0.02723461923574379,-0.3734552422946854,Virgen,Sensor 11
11,2025-09-17,0.5430104166666667,0.5537473002143771,0.02723461923574379,-0.3942365947829701,Virgen,Sensor 11
11,2025-09-18,0.5464409722222222,0.5537473002143771,0.02723461923574379,-0.26827355025275335,Virgen,Sensor 11
11,2025-09-19,0.5449548611111111,0.5537473002143771,0.02723461923574379,-0.32284053715450695,Virgen,Sensor 11
11,2025-09-20,0.5421354166666668,0.5537473002143771,0.02723461923574379,-0.4263648207157775,Virgen,Sensor 11
11,2025-09-21,0.5412673611111112,0.5537473002143771,0.02723461923574379,-0.45823806072848566,Virgen,Sensor 11
11,2025-09-22,0.543045138888889,0.5537473002143771,0.02723461923574379,-0.3929616651824616,Virgen,Sensor 11
11,2025-09-23,0.5603888888888888,0.5537473002143771,0.02723461923574379,0.24386567027142486,Virgen,Sensor 11
11,2025-09-24,0.5615243055555557,0.5537473002143771,0.02723461923574379,0.28555586820805207,Virgen,Sensor 11
11,2025-09-25,0.5609513888888888,0.5537473002143771,0.02723461923574379,0.2645195297996599,Virgen,Sensor 11
11,2025-09-26,0.5672430555555555,0.5537473002143771,0.02723461923574379,0.49553677341176317,Virgen,Sensor 11
11,2025-09-27,0.5691493055555555,0.5537473002143771,0.02723461923574379,0.5655304084796682,Virgen,Sensor 11
11,2025-09-28,0.5643090277777777,0.5537473002143771,0.02723461923574379,0.3878052221688101,Virgen,Sensor 11
11,2025-09-29,0.5596354166666667,0.5537473002143771,0.02723461923574379,0.2161996979403992,Virgen,Sensor 11
11,2025-09-30,0.5557673611111111,0.5537473002143771,0.02723461923574379,0.07417254044377469,Virgen,Sensor 11
11,2025-10-01,0.5516770833333333,0.5537473002143771,0.02723461923574379,-0.07601416649610333,Virgen,Sensor 11
11,2025-10-02,0.5483958333333334,0.5537473002143771,0.02723461923574379,-0.19649501374413317,Virgen,Sensor 11
11,2025-10-03,0.5462465277777778,0.5537473002143771,0.02723461923574379,-0.2754131560155976,Virgen,Sensor 11
11,2025-10-04,0.5455486111111112,0.5537473002143771,0.02723461923574379,-0.301039240985813,Virgen,Sensor 11
11,2025-10-05,0.5435277777777778,0.5537473002143771,0.02723461923574379,-0.37524014373539644,Virgen,Sensor 11
11,2025-10-06,0.5410034722222222,0.5537473002143771,0.02723461923574379,-0.46792752569235097,Virgen,Sensor 11
11,2025-10-07,0.5394062500000001,0.5537473002143771,0.02723461923574379,-0.5265742873157293,Virgen,Sensor 11
11,2025-10-08,0.5374791666666667,0.5537473002143771,0.02723461923574379,-0.5973328801439403,Virgen,Sensor 11
11,2025-10-09,0.5351145833333333,0.5537473002143771,0.02723461923574379,-0.684155585938559,Virgen,Sensor 11
11,2025-10-10,0.5327361111111111,0.5537473002143771,0.02723461923574379,-0.7714882635733762,Virgen,Sensor 11
11,2025-10-11,0.5330555555555556,0.5537473002143771,0.02723461923574379,-0.7597589112486965,Virgen,Sensor 11
11,2025-10-12,0.5391597222222223,0.5537473002143771,0.02723461923574379,-0.5356262874793383,Virgen,Sensor 11
11,2025-10-13,0.5665277777777777,0.5537473002143771,0.02723461923574379,0.46927322364129154,Virgen,Sensor 11
11,2025-10-14,0.5732083333333332,0.5537473002143771,0.02723461923574379,0.7145696787790833,Virgen,Sensor 11
11,2025-10-15,0.5656111111111111,0.5537473002143771,0.02723461923574379,0.4356150821878723,Virgen,Sensor 11
11,2025-10-16,0.5586388888888889,0.5537473002143771,0.02723461923574379,0.17960921840581004,Virgen,Sensor 11
11,2025-10-17,0.5555590277777778,0.5537473002143771,0.02723461923574379,0.06652296284072376,Virgen,Sensor 11
11,2025-10-18,0.5531666666666667,0.5537473002143771,0.02723461923574379,-0.021319686634296075,Virgen,Sensor 11
11,2025-10-19,0.5500243055555556,0.5537473002143771,0.02723461923574379,-0.136700815480296,Virgen,Sensor 11
11,2025-10-20,0.5471736111111112,0.5537473002143771,0.02723461923574379,-0.24137253568202546,Virgen,Sensor 11
11,2025-10-21,0.5446319444444445,0.5537473002143771,0.02723461923574379,-0.3346973824392322,Virgen,Sensor 11
11,2025-10-22,0.5417604166666667,0.5537473002143771,0.02723461923574379,-0.44013406040126757,Virgen,Sensor 11
11,2025-10-23,0.5387118055555555,0.5537473002143771,0.02723461923574379,-0.5520728793258991,Virgen,Sensor 11
11,2025-10-24,0.538,0.5537473002143771,0.02723461923574379,-0.578208936136317,Virgen,Sensor 11
11,2025-10-25,0.5370312500000001,0.5537473002143771,0.02723461923574379,-0.6137794719904969,Virgen,Sensor 11
11,2025-10-26,0.53525,0.5537473002143771,0.02723461923574379,-0.6791833604965747,Virgen,Sensor 11
11,2025-10-27,0.5406006944444445,0.5537473002143771,0.02723461923574379,-0.4827167090582462,Virgen,Sensor 11
11,2025-10-28,0.5597013888888889,0.5537473002143771,0.02723461923574379,0.21862206418136249,Virgen,Sensor 11
11,2025-10-29,0.5826770833333332,0.5537473002143771,0.02723461923574379,1.062242980837695,Virgen,Sensor 11
11,2025-10-30,0.5768402777777778,0.5537473002143771,0.02723461923574379,0.8479273149922558,Virgen,Sensor 11
11,2025-10-31,0.5697916666666667,0.5537473002143771,0.02723461923574379,0.5891166060890732,Virgen,Sensor 11
11,2025-11-01,0.57790625,0.5537473002143771,0.02723461923574379,0.8870676537278579,Virgen,Sensor 11
11,2025-11-02,0.5667743055555555,0.5537473002143771,0.02723461923574379,0.4783252238049006,Virgen,Sensor 11
11,2025-11-03,0.5796041666666666,0.5537473002143771,0.02723461923574379,0.949411711192712,Virgen,Sensor 11
11,2025-11-04,0.5870520833333334,0.5537473002143771,0.02723461923574379,1.2228841105017443,Virgen,Sensor 11
11,2025-11-05,0.5877534722222222,0.5537473002143771,0.02723461923574379,1.2486376884320092,Virgen,Sensor 11
11,2025-11-06,0.5786319444444444,0.5537473002143771,0.02723461923574379,0.9137136823784824,Virgen,Sensor 11
11,2025-11-07,0.5661180555555556,0.5537473002143771,0.02723461923574379,0.4542290543552971,Virgen,Sensor 11
11,2025-11-08,0.5575937500000001,0.5537473002143771,0.02723461923574379,0.1412338374305139,Virgen,Sensor 11
11,2025-11-09,0.5525729166666667,0.5537473002143771,0.02723461923574379,-0.043120982802985944,Virgen,Sensor 11
11,2025-11-10,0.5525868055555556,0.5537473002143771,0.02723461923574379,-0.04261101096278336,Virgen,Sensor 11
11,2025-11-11,0.558013888888889,0.5537473002143771,0.02723461923574379,0.1566604855966654,Virgen,Sensor 11
11,2025-11-12,0.5585416666666667,0.5537473002143771,0.02723461923574379,0.1760394155243879,Virgen,Sensor 11
11,2025-11-13,0.5551979166666667,0.5537473002143771,0.02723461923574379,0.05326369499544036,Virgen,Sensor 11
11,2025-11-14,0.5713194444444444,0.5537473002143771,0.02723461923574379,0.6452135085114346,Virgen,Sensor 11
11,2025-11-15,0.5715451388888888,0.5537473002143771,0.02723461923574379,0.6535005509147377,Virgen,Sensor 11
11,2025-11-16,0.5811805555555556,0.5537473002143771,0.02723461923574379,1.0072935150557925,Virgen,Sensor 11
11,2025-11-17,0.5700416666666667,0.5537473002143771,0.02723461923574379,0.5982960992127319,Virgen,Sensor 11
11,2025-11-18,0.5745208333333333,0.5537473002143771,0.02723461923574379,0.7627620176782985,Virgen,Sensor 11
11,2025-11-19,0.5781666666666667,0.5537473002143771,0.02723461923574379,0.8966296257316736,Virgen,Sensor 11
11,2025-11-20,0.5833854166666667,0.5537473002143771,0.02723461923574379,1.0882515446880674,Virgen,Sensor 11
11,2025-11-21,0.5982916666666667,0.5537473002143771,0.02723461923574379,1.6355788221862766,Virgen,Sensor 11
11,2025-11-22,0.5839097222222223,0.5537473002143771,0.02723461923574379,1.1075029816557442,Virgen,Sensor 11
11,2025-11-23,0.5709374999999999,0.5537473002143771,0.02723461923574379,0.6311892829058412,Virgen,Sensor 11
11,2025-11-24,0.5647291666666666,0.5537473002143771,0.02723461923574379,0.40323187033496155,Virgen,Sensor 11
11,2025-11-25,0.57340625,0.5537473002143771,0.02723461923574379,0.7218367775019854,Virgen,Sensor 11
11,2025-11-26,0.5831944444444443,0.5537473002143771,0.02723461923574379,1.0812394318852685,Virgen,Sensor 11
11,2025-11-27,0.5733368055555554,0.5537473002143771,0.02723461923574379,0.7192869183009643,Virgen,Sensor 11
11,2025-11-28,0.5801909722222223,0.5537473002143771,0.02723461923574379,0.9709580214413067,Virgen,Sensor 11
11,2025-11-29,0.5783715277777778,0.5537473002143771,0.02723461923574379,0.9041517103746708,Virgen,Sensor 11
11,2025-11-30,0.568375,0.5537473002143771,0.02723461923574379,0.5370994783883326,Virgen,Sensor 11
11,2025-12-01,0.5692291666666667,0.5537473002143771,0.02723461923574379,0.5684627465608382,Virgen,Sensor 11
11,2025-12-02,0.5616979166666667,0.5537473002143771,0.02723461923574379,0.2919305162105904,Virgen,Sensor 11
11,2025-12-03,0.5535798611111111,0.5537473002143771,0.02723461923574379,-0.006148024388247904,Virgen,Sensor 11
11,2025-12-04,0.5467986111111112,0.5537473002143771,0.02723461923574379,-0.25514177536751553,Virgen,Sensor 11
11,2025-12-05,0.5407604166666666,0.5537473002143771,0.02723461923574379,-0.47685203289591044,Virgen,Sensor 11
11,2025-12-06,0.5349479166666666,0.5537473002143771,0.02723461923574379,-0.6902752480209982,Virgen,Sensor 11
11,2025-12-07,0.5292083333333334,0.5537473002143771,0.02723461923574379,-0.9010211109850151,Virgen,Sensor 11
11,2025-12-08,0.5236493055555556,0.5537473002143771,0.02723461923574379,-1.1051373400263944,Virgen,Sensor 11
11,2025-12-09,0.5181388888888889,0.5537473002143771,0.02723461923574379,-1.3074686676270588,Virgen,Sensor 11
11,2025-12-10,0.5133263888888888,0.5537473002143771,0.02723461923574379,-1.4841739102575118,Virgen,Sensor 11
11,2025-12-11,0.5094027777777778,0.5537473002143771,0.02723461923574379,-1.6282409551149466,Virgen,Sensor 11
11,2025-12-12,0.5049131944444444,0.5537473002143771,0.02723461923574379,-1.7930893524606701,Virgen,Sensor 11
11,2025-12-13,0.5008090277777778,0.5537473002143771,0.02723461923574379,-1.9437860312407467,Virgen,Sensor 11
11,2025-12-14,0.4976493055555556,0.5537473002143771,0.02723461923574379,-2.059804624887001,Virgen,Sensor 11
11,2025-12-15,0.49397916666666664,0.5537473002143771,0.02723461923574379,-2.1945646836607295,Virgen,Sensor 11
11,2025-12-16,0.49024305555555553,0.5537473002143771,0.02723461923574379,-2.331747108675421,Virgen,Sensor 11
11,2025-12-17,0.4870763888888889,0.5537473002143771,0.02723461923574379,-2.448020688241777,Virgen,Sensor 11
11,2025-12-18,0.48568749999999994,0.5537473002143771,0.02723461923574379,-2.4990178722621104,Virgen,Sensor 11
11,2025-12-19,0.48692280701754387,0.5537473002143771,0.02723461923574379,-2.453659903169498,Virgen,Sensor 11
11,2025-12-20,0.4846423611111111,0.5537473002143771,0.02723461923574379,-2.5373932532374086,Virgen,Sensor 11
11,2025-12-21,0.48147569444444444,0.5537473002143771,0.02723461923574379,-2.653666832803764,Virgen,Sensor 11
11,2025-12-22,0.47697569444444443,0.5537473002143771,0.02723461923574379,-2.8188977090296383,Virgen,Sensor 11
11,2025-12-23,0.4723263888888889,0.5537473002143771,0.02723461923574379,-2.9896107825376976,Virgen,Sensor 11
11,2025-12-24,0.4680034722222222,0.5537473002143771,0.02723461923574379,-3.1483395178009803,Virgen,Sensor 11
11,2025-12-25,0.4636006944444444,0.5537473002143771,0.02723461923574379,-3.3100005911454327,Virgen,Sensor 11
11,2025-12-26,0.4578993055555556,0.5537473002143771,0.02723461923574379,-3.5193440315488917,Virgen,Sensor 11
11,2025-12-27,0.4520868055555555,0.5537473002143771,0.02723461923574379,-3.732767246673981,Virgen,Sensor 11
11,2025-12-28,0.44689583333333327,0.5537473002143771,0.02723461923574379,-3.923369221949972,Virgen,Sensor 11
11,2025-12-29,0.4411875,0.5537473002143771,0.02723461923574379,-4.1329676482735325,Virgen,Sensor 11
11,2025-12-30,0.4355104166666666,0.5537473002143771,0.02723461923574379,-4.3414186379566395,Virgen,Sensor 11
11,2025-12-31,0.4316388888888889,0.5537473002143771,0.02723461923574379,-4.483573288413312,Virgen,Sensor 11
