Date,tdr_vwc_mean,tdr_vwc_std,tdr_samples,site,smap_soil_moisture_mean,smap_samples,has_tdr,has_smap,has_overlap,tdr_minus_smap
2015-03-31,0.6018298611111111,0.000949350033375153,288.0,Virgen,0.34107617288827896,8.0,True,True,True,0.2607536882228322
2015-04-01,0.6018472222222222,0.0003603993999006598,288.0,Virgen,0.3382912650704384,8.0,True,True,True,0.2635559571517838
2015-04-02,0.6010416666666667,0.00200825821180851,288.0,Virgen,0.3370664119720459,8.0,True,True,True,0.2639752546946208
2015-04-03,0.6058090277777777,0.0005229790296252937,288.0,Virgen,0.33714212104678154,8.0,True,True,True,0.26866690673099614
2015-04-04,0.6017152777777777,0.0015056835156832193,288.0,Virgen,0.33407829701900477,8.0,True,True,True,0.2676369807587729
2015-04-05,0.5969166666666667,0.00127424227672411,288.0,Virgen,0.33294977620244026,8.0,True,True,True,0.2639668904642264
2015-04-06,0.5943888888888889,0.0005915916181485593,288.0,Virgen,0.3332152552902698,8.0,True,True,True,0.26117363359861906
2015-04-07,0.5928611111111111,0.00034643251271950404,288.0,Virgen,0.32965780422091484,8.0,True,True,True,0.2632033068901962
2015-04-08,0.5917152777777778,0.0004520675606200788,288.0,Virgen,0.32685258984565735,8.0,True,True,True,0.2648626879321204
2015-04-09,0.5898402777777778,0.0006695278324233553,288.0,Virgen,0.3244441449642181,8.0,True,True,True,0.2653961328135597
2015-04-10,0.5874444444444444,0.0009316560339225652,288.0,Virgen,0.3217996135354042,8.0,True,True,True,0.26564483090904023
2015-04-11,0.5856701388888889,0.0004709808670831433,288.0,Virgen,0.31980762630701065,8.0,True,True,True,0.2658625125818782
2015-04-12,0.58665625,0.0006105025918324668,288.0,Virgen,0.3181369714438915,8.0,True,True,True,0.26851927855610846
2015-04-13,0.5893819444444444,0.0008263645901944201,288.0,Virgen,0.31755680218338966,8.0,True,True,True,0.2718251422610547
2015-04-14,0.5899340277777777,0.00024866562199102386,288.0,Virgen,0.318226721137762,8.0,True,True,True,0.2717073066400157
2015-04-15,0.590017361111111,0.0005243652025641594,288.0,Virgen,0.32288988679647446,8.0,True,True,True,0.26712747431463657
2015-04-16,0.5922604166666666,0.0013531081139156755,288.0,Virgen,0.3277098499238491,8.0,True,True,True,0.2645505667428175
2015-04-17,0.5965729166666667,0.0016595922739274331,288.0,Virgen,0.33295608311891556,8.0,True,True,True,0.2636168335477511
2015-04-18,0.6001458333333333,0.0011352370088233846,288.0,Virgen,0.34256867319345474,8.0,True,True,True,0.2575771601398785
2015-04-19,0.6031006944444444,0.000652200406106134,288.0,Virgen,0.34181448444724083,8.0,True,True,True,0.26128620999720353
2015-04-20,0.5993125,0.001550401768768133,288.0,Virgen,0.3467244356870651,8.0,True,True,True,0.2525880643129349
2015-04-21,0.5960763888888888,0.0020501716121290293,288.0,Virgen,0.3481735624372959,8.0,True,True,True,0.2479028264515929
2015-04-22,0.6028333333333333,0.0003733266964732778,288.0,Virgen,0.34467072784900665,8.0,True,True,True,0.2581626054843267
2015-04-23,0.6056736111111111,0.0026903618427178734,288.0,Virgen,0.3407510593533516,8.0,True,True,True,0.2649225517577595
2015-04-24,0.6103194444444444,0.0036514572104803136,288.0,Virgen,0.33760787174105644,8.0,True,True,True,0.27271157270338797
2015-04-25,0.6119965277777778,0.0009752986280417104,288.0,Virgen,0.3345301076769828,8.0,True,True,True,0.277466420100795
2015-04-26,0.6192881944444444,0.004200165859140519,288.0,Virgen,0.3317985385656356,8.0,True,True,True,0.28748965587880876
2015-04-27,0.6134861111111111,0.0021282441475015306,288.0,Virgen,0.33060277625918383,8.0,True,True,True,0.28288333485192724
2015-04-28,0.6061840277777777,0.001635032981135218,288.0,Virgen,0.3303084783256054,8.0,True,True,True,0.2758755494521723
2015-04-29,0.6022083333333333,0.0010043459570258455,288.0,Virgen,0.32929919660091395,8.0,True,True,True,0.2729091367324194
2015-04-30,0.6010243055555555,0.0001754025843288367,288.0,Virgen,0.32735420018434525,8.0,True,True,True,0.2736701053712103
2015-05-01,0.5991770833333333,0.0008634441002667163,288.0,Virgen,0.3269275948405266,8.0,True,True,True,0.2722494884928067
2015-05-02,0.5957569444444445,0.001164195990167877,288.0,Virgen,0.3244411051273346,8.0,True,True,True,0.2713158393171099
2015-05-03,0.5932291666666667,0.0020438358075839523,288.0,Virgen,0.32740424200892443,8.0,True,True,True,0.26582492465774227
2015-05-04,0.6083402777777778,0.0012419114998430032,288.0,Virgen,0.3382371850311756,8.0,True,True,True,0.27010309274660216
2015-05-05,0.6102743055555555,0.0015787458758321589,288.0,Virgen,0.33901433274149895,8.0,True,True,True,0.27125997281405656
2015-05-06,0.6039756944444444,0.0016109705139765189,288.0,Virgen,0.33811308071017265,8.0,True,True,True,0.2658626137342718
2015-05-07,0.5991875,0.0013587694268714478,288.0,Virgen,0.33425677940249443,8.0,True,True,True,0.26493072059750555
2015-05-08,0.595079861111111,0.0010545458167369728,288.0,Virgen,0.33098577708005905,8.0,True,True,True,0.26409408403105195
2015-05-09,0.5918819444444444,0.0007558969361538585,288.0,Virgen,0.32790032774209976,8.0,True,True,True,0.26398161670234466
2015-05-10,0.5893784722222222,0.0006295469522434523,288.0,Virgen,0.3250723741948604,8.0,True,True,True,0.26430609802736177
2015-05-11,0.587392361111111,0.0004891263435411739,288.0,Virgen,0.32249271497130394,8.0,True,True,True,0.2648996461398071
2015-05-12,0.5875104166666667,0.0009257612932746851,288.0,Virgen,0.3200535774230957,8.0,True,True,True,0.267456839243571
2015-05-13,0.5991840277777778,0.006092563161819531,288.0,Virgen,0.31791309267282486,8.0,True,True,True,0.28127093510495293
2015-05-14,0.6066388888888888,0.0004811587510467464,288.0,Virgen,0.31669608876109123,8.0,True,True,True,0.2899428001277976
2015-05-15,0.6046805555555556,0.0007976688839804253,288.0,Virgen,0.31744033470749855,8.0,True,True,True,0.287240220848057
2015-05-16,0.6014652777777777,0.0010782176184215282,288.0,Virgen,0.3208288662135601,8.0,True,True,True,0.2806364115642176
2015-05-17,0.6003020833333333,0.0005982516629854042,288.0,Virgen,0.31985972449183464,8.0,True,True,True,0.2804423588414987
2015-05-18,0.5991979166666667,0.0003991225131308521,288.0,Virgen,0.3180510699748993,8.0,True,True,True,0.28114684669176737
2015-05-19,0.5978368055555555,0.0007356758989266148,288.0,Virgen,0.31570834666490555,8.0,True,True,True,0.28212845889064997
2015-05-20,0.5950902777777778,0.0008984166827317686,288.0,Virgen,0.3135044574737549,8.0,True,True,True,0.2815858203040229
2015-05-21,0.5924444444444444,0.0005572177997383915,288.0,Virgen,0.31419094651937485,8.0,True,True,True,0.2782534979250696
2015-05-22,0.5915972222222222,0.0004913104774870257,288.0,Virgen,0.3143504597246647,8.0,True,True,True,0.27724676249755753
2015-05-23,0.5895277777777778,0.0008343199734161457,288.0,Virgen,0.3135340176522732,8.0,True,True,True,0.2759937601255046
2015-05-24,0.5878923611111111,0.00031046326205963774,288.0,Virgen,0.314302958548069,8.0,True,True,True,0.2735894025630421
2015-05-25,0.5865694444444444,0.0004960158727619126,288.0,Virgen,0.3137069419026375,8.0,True,True,True,0.2728625025418069
2015-05-26,0.586,0.0,288.0,Virgen,0.3136028945446014,8.0,True,True,True,0.2723971054553986
2015-05-27,0.586,0.0,288.0,Virgen,0.3123547993600368,8.0,True,True,True,0.27364520063996317
2015-05-28,0.5851527777777777,0.00036039939990062397,288.0,Virgen,0.31159867346286774,8.0,True,True,True,0.27355410431491
2015-05-29,0.585,0.0,288.0,Virgen,0.31178560480475426,8.0,True,True,True,0.2732143951952457
2015-05-30,0.5848819444444444,0.0003232355540216523,288.0,Virgen,0.3134179040789604,8.0,True,True,True,0.271464040365484
2015-05-31,0.5836076388888888,0.0004891263435409776,288.0,Virgen,0.314912635833025,8.0,True,True,True,0.2686950030558638
2015-06-01,0.5834583333333333,0.0004991281597550888,288.0,Virgen,0.3138652369379997,8.0,True,True,True,0.2695930963953336
2015-06-02,0.5840069444444445,8.318802662586908e-05,288.0,Virgen,0.31209186464548105,8.0,True,True,True,0.2719150797989634
2015-06-03,0.5849270833333333,0.0008624346665150754,288.0,Virgen,0.3099541999399662,8.0,True,True,True,0.2749728833933671
2015-06-04,0.5875277777777778,0.000842631058216563,288.0,Virgen,0.30846651270985603,8.0,True,True,True,0.2790612650679217
2015-06-05,0.5945555555555555,0.005856920951765458,288.0,Virgen,0.3085634261369705,8.0,True,True,True,0.285992129418585
2015-06-06,0.6063125,0.0008004245389222085,288.0,Virgen,0.30886685848236084,8.0,True,True,True,0.2974456415176392
2015-06-07,0.6086354166666667,0.002000625990884085,288.0,Virgen,0.307885006070137,8.0,True,True,True,0.3007504105965296
2015-06-08,0.6142916666666667,0.0025888396227524845,288.0,Virgen,0.30816689878702164,8.0,True,True,True,0.30612476787964504
2015-06-09,0.6101736111111111,0.0023709327502225886,288.0,Virgen,0.30757724493741984,8.0,True,True,True,0.3025963661736913
2015-06-10,0.6039375,0.001108841565204296,288.0,Virgen,0.30732070282101626,8.0,True,True,True,0.29661679717898376
2015-06-11,0.6001840277777777,0.0011794502466165341,288.0,Virgen,0.3077662028372288,8.0,True,True,True,0.2924178249405489
2015-06-12,0.5968611111111111,0.0007045013173008524,288.0,Virgen,0.3086887486279011,8.0,True,True,True,0.28817236248321
2015-06-13,0.5958541666666667,0.0007872569587907139,288.0,Virgen,0.3105011507868767,8.0,True,True,True,0.28535301587979
2015-06-14,0.5963159722222222,0.0007425507591320784,288.0,Virgen,0.3099186010658741,8.0,True,True,True,0.2863973711563481
2015-06-15,0.5932152777777778,0.0010470678784504856,288.0,Virgen,0.3097877576947212,8.0,True,True,True,0.2834275200830566
2015-06-16,0.5900763888888888,0.0007332792187828652,288.0,Virgen,0.317106019705534,8.0,True,True,True,0.2729703691833548
2015-06-17,0.5880798611111111,0.00027154990971281625,288.0,Virgen,0.3241960443556309,8.0,True,True,True,0.2638838167554802
2015-06-18,0.588,0.0,288.0,Virgen,0.3256617598235607,8.0,True,True,True,0.26233824017643925
2015-06-19,0.589,0.001874085142663237,288.0,Virgen,0.32195229828357697,8.0,True,True,True,0.267047701716423
2015-06-20,0.5949374999999999,0.0022607659582029307,288.0,Virgen,0.31818519532680506,8.0,True,True,True,0.27675230467319484
2015-06-21,0.6033993055555555,0.0013932138429664806,288.0,Virgen,0.3160570412874222,8.0,True,True,True,0.28734226426813336
2015-06-22,0.6040902777777778,0.0006181144131932093,288.0,Virgen,0.3153988309204578,8.0,True,True,True,0.28869144685732
2015-06-23,0.6015520833333333,0.0009281106468643299,288.0,Virgen,0.31261328607797617,8.0,True,True,True,0.28893879725535715
2015-06-24,0.6003159722222222,0.001387156779004859,288.0,Virgen,0.31016510725021357,8.0,True,True,True,0.29015086497200865
2015-06-25,0.6162916666666667,0.004054291828416256,288.0,Virgen,0.30749750882387156,8.0,True,True,True,0.3087941578427951
2015-06-26,0.6157916666666666,0.0011192020552240494,288.0,Virgen,0.30477941408753395,8.0,True,True,True,0.3110122525791327
2015-06-27,0.6118680555555556,0.0012701149651813727,288.0,Virgen,0.30269482731819153,8.0,True,True,True,0.30917322823736404
2015-06-28,0.6067291666666667,0.001190664909547723,288.0,Virgen,0.30100253969430923,8.0,True,True,True,0.3057266269723574
2015-06-29,0.6030694444444444,0.0007434056463942176,288.0,Virgen,0.29956697300076485,8.0,True,True,True,0.3035024714436796
2015-06-30,0.600267361111111,0.0010265011009538507,288.0,Virgen,0.29932361841201777,8.0,True,True,True,0.30094374269909324
2015-07-01,0.5966180555555556,0.001180542176144358,288.0,Virgen,0.29803795740008354,8.0,True,True,True,0.29858009815547204
2015-07-02,0.5927708333333332,0.0011056947931550362,288.0,Virgen,0.2970777228474617,8.0,True,True,True,0.29569311048587155
2015-07-03,0.5892847222222222,0.001130281297320168,288.0,Virgen,0.2960117645561695,8.0,True,True,True,0.29327295766605266
2015-07-04,0.5859027777777777,0.0006966264596704808,288.0,Virgen,0.29457554221153254,8.0,True,True,True,0.2913272355662451
2015-07-05,0.5876006944444444,0.003301926299314123,288.0,Virgen,0.2934839390218258,8.0,True,True,True,0.2941167554226186
2015-07-06,0.5964062499999999,0.000736004729381738,288.0,Virgen,0.2928409948945045,8.0,True,True,True,0.3035652551054954
2015-07-07,0.5963020833333332,0.0004599604209604884,288.0,Virgen,0.29307598993182177,8.0,True,True,True,0.30322609340151147
2015-07-08,0.5955104166666667,0.000500761615064406,288.0,Virgen,0.2918924465775489,8.0,True,True,True,0.3036179700891178
2015-07-09,0.5966666666666667,0.00047222506888068436,288.0,Virgen,0.29048205912113184,8.0,True,True,True,0.30618460754553484
2015-07-10,0.5966215277777778,0.0008425664456016928,288.0,Virgen,0.28936148062348366,8.0,True,True,True,0.3072600471542941
2015-07-11,0.5983854166666666,0.00048754076037941645,288.0,Virgen,0.2885019704699516,8.0,True,True,True,0.309883446196715
2015-07-12,0.6005659722222222,0.0016472408857879197,288.0,Virgen,0.28783205151557917,8.0,True,True,True,0.312733920706643
2015-07-13,0.6042673611111111,0.0006843527282043875,288.0,Virgen,0.28827453404664993,8.0,True,True,True,0.3159928270644612
2015-07-14,0.6001145833333333,0.0015541545423359477,288.0,Virgen,0.28584589809179306,8.0,True,True,True,0.3142686852415403
2015-07-15,0.5953194444444444,0.0013312265585589498,288.0,Virgen,0.2857208549976349,8.0,True,True,True,0.3095985894468095
2015-07-16,0.5928923611111111,0.0003104632620596332,288.0,Virgen,0.2856135591864586,8.0,True,True,True,0.3072788019246525
2015-07-17,0.5925555555555556,0.000497768928630981,288.0,Virgen,0.2837160676717758,8.0,True,True,True,0.3088394878837798
2015-07-18,0.5911458333333334,0.0003535533905932599,288.0,Virgen,0.2828536592423916,8.0,True,True,True,0.3082921740909418
2015-07-19,0.5926527777777778,0.0011465411972518128,288.0,Virgen,0.2823771201074123,8.0,True,True,True,0.3102756576703655
2015-07-20,0.5932916666666667,0.0007775150266873876,288.0,Virgen,0.28203681111335754,8.0,True,True,True,0.3112548555533091
2015-07-21,0.5904375,0.0007104864113874051,288.0,Virgen,0.2802532948553562,8.0,True,True,True,0.31018420514464373
2015-07-22,0.5940902777777777,0.006099538103772036,288.0,Virgen,0.2827262133359909,8.0,True,True,True,0.31136406444178677
2015-07-23,0.6148750000000001,0.003977068414137787,288.0,Virgen,0.28617677837610245,8.0,True,True,True,0.3286982216238976
2015-07-24,0.6107013888888889,0.0027575170902988766,288.0,Virgen,0.2853379473090172,8.0,True,True,True,0.32536344157987174
2015-07-25,0.6029861111111111,0.001830771095178964,288.0,Virgen,0.2834285497665405,8.0,True,True,True,0.3195575613445706
2015-07-26,0.5981388888888888,0.0009849820820185709,288.0,Virgen,0.28225182741880417,8.0,True,True,True,0.3158870614700846
2015-07-27,0.5955347222222221,0.0005268166769118476,288.0,Virgen,0.2809874042868614,8.0,True,True,True,0.3145473179353607
2015-07-28,0.6022430555555556,0.004354094597039473,288.0,Virgen,0.27957938611507416,8.0,True,True,True,0.3226636694404814
2015-07-29,0.6091388888888889,0.0010923306356486289,288.0,Virgen,0.2793899178504944,8.0,True,True,True,0.3297489710383945
2015-07-30,0.6125555555555555,0.0029942518165901834,288.0,Virgen,0.2793174721300602,8.0,True,True,True,0.3332380834254953
2015-07-31,0.6135798611111111,0.0008010515615962614,288.0,Virgen,0.27862198278307915,8.0,True,True,True,0.3349578783280319
2015-08-01,0.6091701388888889,0.0012363022228474602,288.0,Virgen,0.2772429659962654,8.0,True,True,True,0.3319271728926235
2015-08-02,0.6050277777777777,0.0008908708063746407,288.0,Virgen,0.27494166046380997,8.0,True,True,True,0.33008611731396775
2015-08-03,0.6016006944444444,0.0011340161142708513,288.0,Virgen,0.27339417859911913,8.0,True,True,True,0.3282065158453253
2015-08-04,0.5980972222222222,0.0010279674098635175,288.0,Virgen,0.27208191528916353,8.0,True,True,True,0.32601530693305864
2015-08-05,0.5950902777777778,0.0007172653685922657,288.0,Virgen,0.2702435627579689,8.0,True,True,True,0.3248467150198089
2015-08-06,0.5927013888888888,0.0010022960477833749,288.0,Virgen,0.26898856461048126,8.0,True,True,True,0.32371282427840753
2015-08-07,0.5894444444444444,0.001121707122194889,288.0,Virgen,0.26760388538241386,8.0,True,True,True,0.3218405590620306
2015-08-08,0.5861562499999999,0.0009257612932744016,288.0,Virgen,0.2667352966964245,8.0,True,True,True,0.31942095330357545
2015-08-09,0.5834513888888888,0.0005578687806837606,288.0,Virgen,0.26633430644869804,8.0,True,True,True,0.31711708244019077
2015-08-10,0.58553125,0.0014976389664627264,288.0,Virgen,0.265146866440773,8.0,True,True,True,0.32038438355922694
2015-08-11,0.5868055555555556,0.0003964613118775532,288.0,Virgen,0.2639959342777729,8.0,True,True,True,0.3228096212777827
2015-08-12,0.5858055555555555,0.00039646131187752725,288.0,Virgen,0.2630523443222046,8.0,True,True,True,0.3227532112333509
2015-08-13,0.58453125,0.000499891103123949,288.0,Virgen,0.2615154832601547,8.0,True,True,True,0.3230157667398452
2015-08-14,0.5830555555555555,0.0002441732913443248,288.0,Virgen,0.2598826624453067,8.0,True,True,True,0.3231728931102488
2015-08-15,0.5832465277777777,0.0005128880031306353,288.0,Virgen,0.25864144787192345,8.0,True,True,True,0.3246050799058543
2015-08-16,0.5855868055555555,0.000577842500246403,288.0,Virgen,0.25762831047177315,8.0,True,True,True,0.3279584950837824
2015-08-17,0.587,0.0,288.0,Virgen,0.25741710513830185,8.0,True,True,True,0.3295828948616981
2015-08-18,0.5865972222222222,0.0004913104774869458,288.0,Virgen,0.25813434273004526,8.0,True,True,True,0.32846287949217695
2015-08-19,0.5845173611111111,0.0005407221730683073,288.0,Virgen,0.2561181522905826,8.0,True,True,True,0.3283992088205285
2015-08-20,0.5832187499999999,0.0004618503536092694,288.0,Virgen,0.25439485162496567,8.0,True,True,True,0.32882389837503423
2015-08-21,0.58103125,0.0009004813850039614,288.0,Virgen,0.25255277752876276,8.0,True,True,True,0.32847847247123724
2015-08-22,0.5779618055555554,0.0008484046539434467,288.0,Virgen,0.25108427926897997,8.0,True,True,True,0.32687752628657546
2015-08-23,0.5754062499999999,0.0007500725864992237,288.0,Virgen,0.24982909858226773,8.0,True,True,True,0.32557715141773214
2015-08-24,0.5731979166666666,0.0007174255901151217,288.0,Virgen,0.248731879517436,8.0,True,True,True,0.3244660371492306
2015-08-25,0.5712743055555555,0.000564112145394954,288.0,Virgen,0.24739479273557657,8.0,True,True,True,0.3238795128199789
2015-08-26,0.5694062499999999,0.0006505659557015421,288.0,Virgen,0.24551809579133985,8.0,True,True,True,0.32388815420866
2015-08-27,0.5671944444444443,0.0008245178320931983,288.0,Virgen,0.24470897577702996,8.0,True,True,True,0.32248546866741434
2015-08-28,0.5650624999999999,0.0006381457240760569,288.0,Virgen,0.24365069344639773,8.0,True,True,True,0.3214118065536022
2015-08-29,0.564,0.0,288.0,Virgen,0.24213531427085397,8.0,True,True,True,0.32186468572914595
2015-08-30,0.5645034722222222,0.0005008582452194166,288.0,Virgen,0.24050624482333657,8.0,True,True,True,0.3239972273988856
2015-08-31,0.5653854166666666,0.0004875407603794729,288.0,Virgen,0.2388279195874929,8.0,True,True,True,0.32655749707917375
2015-09-01,0.5666423611111111,0.0009410558130951898,288.0,Virgen,0.23774857632815835,8.0,True,True,True,0.3288937847829527
2015-09-02,0.5768993055555556,0.005238586352491831,288.0,Virgen,0.23645140044391152,8.0,True,True,True,0.340447905111644
2015-09-03,0.5866041666666666,0.0009007836309712369,288.0,Virgen,0.2345196325331926,8.0,True,True,True,0.35208453413347396
2015-09-04,0.588,0.0,288.0,Virgen,0.23393315449357027,8.0,True,True,True,0.3540668455064297
2015-09-05,0.588,0.0,288.0,Virgen,0.23369621299207205,8.0,True,True,True,0.3543037870079279
2015-09-06,0.5875555555555555,0.0004977689286309458,288.0,Virgen,0.23265556432306764,8.0,True,True,True,0.35489999123248783
2015-09-07,0.5872708333333333,0.00044516371337667966,288.0,Virgen,0.23147314600646496,8.0,True,True,True,0.35579768732686834
2015-09-08,0.588,0.0,288.0,Virgen,0.2298555504530668,8.0,True,True,True,0.35814444954693314
2015-09-09,0.587454861111111,0.000576584906894752,288.0,Virgen,0.22880492918193335,8.0,True,True,True,0.35864993192917766
2015-09-10,0.5851076388888888,0.0008827877810419146,288.0,Virgen,0.22939000092446798,8.0,True,True,True,0.35571763796442085
2015-09-11,0.5819965277777777,0.00102409393586206,288.0,Virgen,0.22901759855449194,8.0,True,True,True,0.3529789292232857
2015-09-12,0.5786458333333333,0.0012124140114628417,288.0,Virgen,0.22844092361629004,8.0,True,True,True,0.35020490971704327
2015-09-13,0.5747847222222222,0.0013494776093140098,288.0,Virgen,0.22703860513865945,8.0,True,True,True,0.34774611708356273
2015-09-14,0.5706805555555555,0.0015286020020026882,288.0,Virgen,0.22488723322749135,8.0,True,True,True,0.34579332232806415
2015-09-15,0.566204861111111,0.0014661252762263905,288.0,Virgen,0.22305004298686978,8.0,True,True,True,0.3431548181242412
2015-09-16,0.5620451388888889,0.0012555288104550198,288.0,Virgen,0.22223161719739434,8.0,True,True,True,0.3398135216914945
2015-09-17,0.55871875,0.0009739083051086111,288.0,Virgen,0.22068504057824606,8.0,True,True,True,0.338033709421754
2015-09-18,0.5559340277777778,0.0008384208812634072,288.0,Virgen,0.22013101726770398,8.0,True,True,True,0.3358030105100738
2015-09-19,0.5539166666666667,0.0005902813361008775,288.0,Virgen,0.21973794698715204,8.0,True,True,True,0.3341787196795147
2015-09-20,0.5525659722222223,0.0004964912699204961,288.0,Virgen,0.21992674469947812,8.0,True,True,True,0.3326392275227441
2015-09-21,0.5511215277777778,0.0008809769042636493,288.0,Virgen,0.21882228739559648,8.0,True,True,True,0.3322992403821813
2015-09-22,0.5485972222222223,0.001205790006300889,288.0,Virgen,0.2182385232299566,8.0,True,True,True,0.33035869899226566
2015-09-23,0.5458263888888889,0.0005322997388703664,288.0,Virgen,0.2163278069347143,8.0,True,True,True,0.3294985819541746
2015-09-24,0.5442465277777778,0.0008502849036318522,288.0,Virgen,0.21407158486545083,8.0,True,True,True,0.33017494291232696
2015-09-25,0.5419861111111112,0.0008092333973853465,288.0,Virgen,0.21377466619014737,8.0,True,True,True,0.32821144492096377
2015-09-26,0.5406041666666668,0.0004898801673851856,288.0,Virgen,0.21443592943251127,8.0,True,True,True,0.3261682372341555
2015-09-27,0.5390277777777778,0.0008590120282805949,288.0,Virgen,0.21394578740000722,8.0,True,True,True,0.3250819903777705
2015-09-28,0.536888888888889,0.0006844322768673568,288.0,Virgen,0.2125886287540197,8.0,True,True,True,0.32430026013486923
2015-09-29,0.5345833333333334,0.001306643437656266,288.0,Virgen,0.21186769567430014,8.0,True,True,True,0.32271563765903327
2015-09-30,0.5315069444444445,0.000955428486450735,288.0,Virgen,0.2111009433865547,8.0,True,True,True,0.32040600105788974
2015-10-01,0.52940625,0.000505953234951758,288.0,Virgen,0.2134052515029907,8.0,True,True,True,0.31600099849700924
2015-10-02,0.5276041666666668,0.0010540695981620424,288.0,Virgen,0.21214839443564412,8.0,True,True,True,0.3154557722310226
2015-10-03,0.5252534722222222,0.0004436800797455626,288.0,Virgen,0.21081941016018385,8.0,True,True,True,0.31443406206203833
2015-10-04,0.5239479166666667,0.0002782395503638648,288.0,Virgen,0.20934202708303923,8.0,True,True,True,0.3146058895836275
2015-10-05,0.523125,0.00033129457822454674,288.0,Virgen,0.20819025114178652,8.0,True,True,True,0.31493474885821343
2015-10-06,0.5247048611111111,0.00074645082277161,288.0,Virgen,0.20707236230373377,8.0,True,True,True,0.3176324988073774
2015-10-07,0.5273472222222222,0.0008374462961155291,288.0,Virgen,0.2057894673198461,8.0,True,True,True,0.3215577549023761
2015-10-08,0.5289409722222222,0.00023608691320055436,288.0,Virgen,0.2045205011963844,8.0,True,True,True,0.3244204710258378
2015-10-09,0.5281736111111112,0.0007992144323430852,288.0,Virgen,0.2040121406316757,8.0,True,True,True,0.32416147047943544
2015-10-10,0.5268923611111112,0.00031046326205957274,288.0,Virgen,0.20323756523430345,8.0,True,True,True,0.3236547958768077
2015-10-11,0.5268784722222223,0.00032730835431982457,288.0,Virgen,0.20273038558661932,8.0,True,True,True,0.32414808663560296
2015-10-12,0.526125,0.00033129457822448857,288.0,Virgen,0.20246771350502965,8.0,True,True,True,0.3236572864949703
2015-10-13,0.5264166666666666,0.0004938647983249141,288.0,Virgen,0.2027166616171598,8.0,True,True,True,0.32370000504950686
2015-10-14,0.5285520833333334,0.0037038536998596286,288.0,Virgen,0.20430733449757096,8.0,True,True,True,0.3242447488357624
2015-10-15,0.6022048611111112,0.02118073159551886,288.0,Virgen,0.21577747538685796,8.0,True,True,True,0.38642738572425317
2015-10-16,0.6163229166666667,0.0032764436135257896,288.0,Virgen,0.22265340201556677,8.0,True,True,True,0.39366951465109995
2015-10-17,0.6081805555555556,0.0019439991747239038,288.0,Virgen,0.22205638885498044,8.0,True,True,True,0.38612416670057514
2015-10-18,0.6052777777777778,0.00094772380490081,288.0,Virgen,0.22056809253990647,8.0,True,True,True,0.3847096852378713
2015-10-19,0.6046006944444444,0.0010642755483873537,288.0,Virgen,0.22032908163964746,8.0,True,True,True,0.38427161280479694
2015-10-20,0.6010243055555555,0.0009311299589137354,288.0,Virgen,0.21931656636297697,8.0,True,True,True,0.38170773919257855
2015-10-21,0.5981527777777778,0.001021165859941839,288.0,Virgen,0.21743148937821385,8.0,True,True,True,0.3807212883995639
2015-10-22,0.595013888888889,0.000764965541900042,288.0,Virgen,0.21696791052818293,8.0,True,True,True,0.378045978360706
2015-10-23,0.5927326388888888,0.0007287361845248118,288.0,Virgen,0.216205732896924,8.0,True,True,True,0.3765269059919648
2015-10-24,0.5903159722222222,0.0008680277773330857,288.0,Virgen,0.21573804877698416,8.0,True,True,True,0.37457792344523805
2015-10-25,0.5883125,0.0004643192161594243,288.0,Virgen,0.2147828713059425,8.0,True,True,True,0.3735296286940575
2015-10-26,0.58715625,0.0004255300036097508,288.0,Virgen,0.2137503139674663,8.0,True,True,True,0.37340593603253375
2015-10-27,0.5856284722222223,0.0005450011276970737,288.0,Virgen,0.21315851807594297,8.0,True,True,True,0.37246995414627926
2015-10-28,0.5840659722222221,0.0006723678264160277,288.0,Virgen,0.21292604133486742,8.0,True,True,True,0.3711399308873547
2015-10-29,0.5834930555555555,0.0015594894535673766,288.0,Virgen,0.21275309473276136,8.0,True,True,True,0.37073996082279415
2015-10-30,0.6147395833333333,0.04272713312465795,288.0,Virgen,0.21742844209074969,8.0,True,True,True,0.39731114124258365
2015-10-31,0.6376840277777778,0.007743322745120972,288.0,Virgen,0.22144000045955178,8.0,True,True,True,0.41624402731822596
2015-11-01,0.6202361111111111,0.003858085515931241,288.0,Virgen,0.22180722840130324,8.0,True,True,True,0.39842888270980786
2015-11-02,0.6111319444444444,0.0027146435467208987,288.0,Virgen,0.22001321427524087,8.0,True,True,True,0.3911187301692035
2015-11-03,0.6023993055555555,0.002318746403106584,288.0,Virgen,0.21834249980747697,8.0,True,True,True,0.38405680574807854
2015-11-04,0.59590625,0.001713310008337348,288.0,Virgen,0.21626941859722132,8.0,True,True,True,0.37963683140277865
2015-11-05,0.591548611111111,0.0011883866679782635,288.0,Virgen,0.2171161342412233,8.0,True,True,True,0.3744324768698877
2015-11-06,0.5879618055555556,0.0009601463686165403,288.0,Virgen,0.22015100345015523,8.0,True,True,True,0.3678108021054003
2015-11-07,0.5859618055555554,0.0005364090861498721,288.0,Virgen,0.22628186456859106,8.0,True,True,True,0.3596799409869644
2015-11-08,0.5843888888888888,0.0006203417189248657,288.0,Virgen,0.22428870946168897,8.0,True,True,True,0.36010017942719985
2015-11-09,0.5824409722222222,0.0007673578538600697,288.0,Virgen,0.22330209426581854,8.0,True,True,True,0.3591388779564037
2015-11-10,0.5883333333333334,0.0021299261409386825,288.0,Virgen,0.22239791974425313,8.0,True,True,True,0.3659354135890802
2015-11-11,0.5915173611111111,0.0005005682987939538,288.0,Virgen,0.22014061734080312,8.0,True,True,True,0.37137674377030794
2015-11-12,0.5898715277777777,0.0007880787023118709,288.0,Virgen,0.21869564242660994,8.0,True,True,True,0.3711758853511678
2015-11-13,0.5880555555555556,0.0007445764671070541,288.0,Virgen,0.2180003393441438,8.0,True,True,True,0.37005521621141174
2015-11-14,0.5863819444444444,0.0005008220110961279,288.0,Virgen,0.21653817035257814,8.0,True,True,True,0.3698437740918662
2015-11-15,0.5845104166666667,0.0005473049268245366,288.0,Virgen,0.21593000739812848,8.0,True,True,True,0.3685804092685382
2015-11-16,0.5829618055555555,0.0008276154005684551,288.0,Virgen,0.21588836610317225,8.0,True,True,True,0.3670734394523833
2015-11-17,0.5811319444444444,0.00035898672299408056,288.0,Virgen,0.21589844487607476,8.0,True,True,True,0.3652334995683696
2015-11-18,0.5792291666666666,0.0008652706974065097,288.0,Virgen,0.21648836880922315,8.0,True,True,True,0.3627407978574434
2015-11-19,0.5774791666666667,0.0005004353505396181,288.0,Virgen,0.21519531868398187,8.0,True,True,True,0.36228384798268476
2015-11-20,0.5763472222222222,0.0006113838127337479,288.0,Virgen,0.21397343836724753,8.0,True,True,True,0.3623737838549747
2015-11-21,0.5743645833333333,0.0006211115976416364,288.0,Virgen,0.2131505701690912,8.0,True,True,True,0.36121401316424206
2015-11-22,0.5731215277777778,0.0007530345758305553,288.0,Virgen,0.21699612028896803,8.0,True,True,True,0.3561254074888098
2015-11-23,0.5807152777777778,0.01033323732674313,288.0,Virgen,0.21896072477102274,8.0,True,True,True,0.361754553006755
2015-11-24,0.61175,0.004664343207888486,288.0,Virgen,0.22334777750074858,8.0,True,True,True,0.38840222249925144
2015-11-25,0.613638888888889,0.0026042343196788047,288.0,Virgen,0.22767460159957403,8.0,True,True,True,0.3859642872893149
2015-11-26,0.6074548611111111,0.0018883589786400131,288.0,Virgen,0.227367416024208,8.0,True,True,True,0.3800874450869031
2015-11-27,0.6039305555555555,0.005212090978984213,288.0,Virgen,0.22508807666599748,8.0,True,True,True,0.378842478889558
2015-11-28,0.6175138888888889,0.00308866898729012,288.0,Virgen,0.22363032959401605,8.0,True,True,True,0.39388355929487284
2015-11-29,0.6123298611111111,0.0037349760338819156,288.0,Virgen,0.22321372665464875,8.0,True,True,True,0.3891161344564623
2015-11-30,0.6017604166666666,0.0021740220677855895,288.0,Virgen,0.22167393937706945,8.0,True,True,True,0.3800864772895971
2015-12-01,0.5965138888888889,0.0009553525070352779,288.0,Virgen,0.22089841030538077,8.0,True,True,True,0.37561547858350813
2015-12-02,0.5968055555555556,0.000935388479006984,288.0,Virgen,0.22015572153031823,8.0,True,True,True,0.37664983402523733
2015-12-03,0.5958715277777777,0.001079176560163542,288.0,Virgen,0.22047073394060132,8.0,True,True,True,0.3754007938371764
2015-12-04,0.592392361111111,0.000992415829805789,288.0,Virgen,0.21877721324563024,8.0,True,True,True,0.3736151478654808
2015-12-05,0.5897638888888889,0.0007371298621032023,288.0,Virgen,0.21755641326308245,8.0,True,True,True,0.3722074756258064
2015-12-06,0.5871423611111111,0.0010611334326218848,288.0,Virgen,0.21694267541170115,8.0,True,True,True,0.3701996856994099
2015-12-07,0.5839270833333333,0.0008624346665149865,288.0,Virgen,0.21612628735601896,8.0,True,True,True,0.36780079597731435
2015-12-08,0.5814374999999999,0.0010374100019737062,288.0,Virgen,0.21471404470503327,8.0,True,True,True,0.36672345529496664
2015-12-09,0.5787256944444444,0.0008207455205154779,288.0,Virgen,0.21410524472594258,8.0,True,True,True,0.3646204497185018
2015-12-10,0.5764444444444444,0.0004977689286309784,288.0,Virgen,0.21452582627534864,8.0,True,True,True,0.36191861816909576
2015-12-11,0.5750208333333333,0.0006981184269013014,288.0,Virgen,0.2149070035666227,8.0,True,True,True,0.3601138297667106
2015-12-12,0.5734340277777777,0.0006323082204405906,288.0,Virgen,0.21385350637137887,8.0,True,True,True,0.35958052140639885
2015-12-13,0.5711944444444444,0.0008202810581287123,288.0,Virgen,0.21280304156243798,8.0,True,True,True,0.35839140288200644
2015-12-14,0.5687465277777777,0.0008399778655156987,288.0,Virgen,0.21255942061543462,8.0,True,True,True,0.35618710716234303
2015-12-15,0.5681076388888888,0.0021588995732552494,288.0,Virgen,0.2238515820354223,8.0,True,True,True,0.3442560568534665
2015-12-16,0.5771979166666665,0.0016817515653409336,288.0,Virgen,0.23022023960947985,8.0,True,True,True,0.3469776770571867
2015-12-17,0.5791180555555555,0.00032323555402164063,288.0,Virgen,0.22797211259603495,8.0,True,True,True,0.35114594295952056
2015-12-18,0.5788680555555555,0.0003390194464277999,288.0,Virgen,0.22714138776063916,8.0,True,True,True,0.35172666779491635
2015-12-19,0.5800312499999999,0.0007891219263423949,288.0,Virgen,0.2282467447221279,8.0,True,True,True,0.351784505277872
2015-12-20,0.5816354166666666,0.00048215092263229363,288.0,Virgen,0.22725068964064118,8.0,True,True,True,0.3543847270260254
2015-12-21,0.5807013888888889,0.00045844550417057414,288.0,Virgen,0.2250147238373756,8.0,True,True,True,0.35568666505151325
2015-12-22,0.5789826388888888,0.0008613116859555459,288.0,Virgen,0.22343929670751092,8.0,True,True,True,0.35554334218137784
2015-12-23,0.5766874999999999,0.0006016093399453642,288.0,Virgen,0.22256337292492387,8.0,True,True,True,0.354124127075076
2015-12-24,0.5753645833333333,0.0004821509226321609,288.0,Virgen,0.22251047380268568,8.0,True,True,True,0.3528541095306476
2015-12-25,0.5740104166666666,0.000861424049889578,288.0,Virgen,0.22203611023724074,8.0,True,True,True,0.3519743064294259
2015-12-26,0.5719826388888889,0.0004374187607778352,288.0,Virgen,0.22118703834712503,8.0,True,True,True,0.35079560054176384
2015-12-27,0.5705868055555555,0.0004932642502717699,288.0,Virgen,0.21977124735713,8.0,True,True,True,0.3508155581984255
2015-12-28,0.5692499999999999,0.0006246950475545031,288.0,Virgen,0.21845438517630095,8.0,True,True,True,0.350795614823699
2015-12-29,0.5675034722222221,0.0005008582452192761,288.0,Virgen,0.21726176328957078,8.0,True,True,True,0.3502417089326513
2015-12-30,0.5659166666666666,0.0006984302957694571,288.0,Virgen,0.21591759659349916,8.0,True,True,True,0.34999907007316744
2015-12-31,0.5644166666666667,0.0006412096582117234,288.0,Virgen,0.21508372761309144,8.0,True,True,True,0.3493329390535752
2016-01-01,0.5622673611111111,0.0008356457463514327,288.0,Virgen,0.2136720586568117,8.0,True,True,True,0.34859530245429937
2016-01-02,0.5594513888888889,0.0012315812962824808,288.0,Virgen,0.21343351714313027,8.0,True,True,True,0.3460178717457586
2016-01-03,0.5560381944444445,0.0014657291309806213,288.0,Virgen,0.21450890973210332,8.0,True,True,True,0.3415292847123411
2016-01-04,0.5521319444444445,0.0014638335798567565,288.0,Virgen,0.21483832411468026,8.0,True,True,True,0.3372936203297642
2016-01-05,0.5482013888888889,0.0013897577615166053,288.0,Virgen,0.215343227609992,8.0,True,True,True,0.3328581612788969
2016-01-06,0.5450798611111112,0.0008698656118808855,288.0,Virgen,0.21520125493407247,8.0,True,True,True,0.3298786061770387
2016-01-07,0.5424930555555556,0.0009332908153581853,288.0,Virgen,0.21514631435275075,8.0,True,True,True,0.3273467412028048
2016-01-08,0.5394305555555556,0.0013180747113263527,288.0,Virgen,0.21727351658046243,8.0,True,True,True,0.3221570389750932
2016-01-09,0.5420625,0.0017756335670569747,288.0,Virgen,0.22082696110010144,8.0,True,True,True,0.32123553889989853
2016-01-10,0.5522569444444445,0.001763930232321698,288.0,Virgen,0.22167205624282357,8.0,True,True,True,0.3305848882016209
2016-01-11,0.5555833333333333,0.0005902813361011601,288.0,Virgen,0.22125458344817156,8.0,True,True,True,0.33432874988516176
2016-01-12,0.556,0.0,288.0,Virgen,0.2229887582361698,8.0,True,True,True,0.33301124176383023
2016-01-13,0.555045138888889,0.0006530902004401393,288.0,Virgen,0.2362539581954479,8.0,True,True,True,0.31879118069344103
2016-01-14,0.5628333333333333,0.0036654522326290753,288.0,Virgen,0.24714466370642182,8.0,True,True,True,0.31568866962691144
2016-01-15,0.5677986111111111,0.0004017359736060983,288.0,Virgen,0.24425880797207353,8.0,True,True,True,0.3235398031390375
2016-01-16,0.5662465277777777,0.0008295427727183956,288.0,Virgen,0.24258360639214513,8.0,True,True,True,0.3236629213856326
2016-01-17,0.5636284722222222,0.0011525559050251286,288.0,Virgen,0.24239302799105641,8.0,True,True,True,0.3212354442311658
2016-01-18,0.5610972222222222,0.0007634457413089314,288.0,Virgen,0.24340339377522463,8.0,True,True,True,0.3176938284469976
2016-01-19,0.5598472222222223,0.00046955304486659763,288.0,Virgen,0.24630413390696043,8.0,True,True,True,0.31354308831526184
2016-01-20,0.588298611111111,0.007711324638542751,288.0,Virgen,0.2538750097155571,8.0,True,True,True,0.33442360139555394
2016-01-21,0.5972465277777778,0.001337604765218811,288.0,Virgen,0.25435497611761093,8.0,True,True,True,0.3428915516601668
2016-01-22,0.5976909722222222,0.0007730128571209766,288.0,Virgen,0.2520657368004322,8.0,True,True,True,0.34562523542179
2016-01-23,0.5949166666666666,0.0012068330427326974,288.0,Virgen,0.25051620416343207,8.0,True,True,True,0.3444004625032346
2016-01-24,0.5910590277777777,0.001335649664807617,288.0,Virgen,0.24949957989156243,8.0,True,True,True,0.3415594478862153
2016-01-25,0.5898090277777777,0.005090982848975635,288.0,Virgen,0.24933643639087674,8.0,True,True,True,0.3404725913869009
2016-01-26,0.6023298611111111,0.0013378218222280535,288.0,Virgen,0.25414663553237915,8.0,True,True,True,0.34818322557873194
2016-01-27,0.6002361111111111,0.0015727917924679413,288.0,Virgen,0.25345243141055107,8.0,True,True,True,0.34678367970056
2016-01-28,0.5942500000000001,0.001836524516485264,288.0,Virgen,0.2511418219655752,8.0,True,True,True,0.34310817803442484
2016-01-29,0.5893368055555555,0.0011111250241094236,288.0,Virgen,0.25210613012313837,8.0,True,True,True,0.3372306754324171
2016-01-30,0.59675,0.010320305751352378,288.0,Virgen,0.2641605623066425,8.0,True,True,True,0.3325894376933575
2016-01-31,0.6075937499999999,0.0026155983119771913,288.0,Virgen,0.27187710627913475,8.0,True,True,True,0.3357166437208652
2016-02-01,0.5998923611111111,0.00196809321969496,288.0,Virgen,0.2714360393583774,8.0,True,True,True,0.3284563217527337
2016-02-02,0.5940694444444444,0.0015889548107578292,288.0,Virgen,0.2699747569859028,8.0,True,True,True,0.32409468745854164
2016-02-03,0.59009375,0.00080605018389345,288.0,Virgen,0.2707216255366802,8.0,True,True,True,0.31937212446331975
2016-02-04,0.5934340277777778,0.008106595269061092,288.0,Virgen,0.2813414484262466,8.0,True,True,True,0.3120925793515312
2016-02-05,0.6049305555555555,0.00168681204700471,288.0,Virgen,0.29430505260825157,8.0,True,True,True,0.31062550294730396
2016-02-06,0.6012222222222222,0.00128483214887921,288.0,Virgen,0.2902906946837902,8.0,True,True,True,0.310931527538432
2016-02-07,0.5977083333333333,0.0006559829181083829,288.0,Virgen,0.28789162263274193,8.0,True,True,True,0.30981671070059136
2016-02-08,0.5952604166666666,0.0007863574339557002,288.0,Virgen,0.28664249926805496,8.0,True,True,True,0.30861791739861166
2016-02-09,0.6115625,0.012979060461102443,288.0,Virgen,0.2868463508784771,8.0,True,True,True,0.3247161491215229
2016-02-10,0.61853125,0.0013990025690302328,288.0,Virgen,0.2891308479011059,8.0,True,True,True,0.3294004020988941
2016-02-11,0.617548611111111,0.003514687670782662,288.0,Virgen,0.29046184569597244,8.0,True,True,True,0.3270867654151386
2016-02-12,0.6086874999999999,0.0034174562131272365,288.0,Virgen,0.2934922017157078,8.0,True,True,True,0.31519529828429216
2016-02-13,0.6001631944444443,0.001822555028837355,288.0,Virgen,0.2920815050601959,8.0,True,True,True,0.3080816893842484
2016-02-14,0.5950069444444445,0.001325160053591586,288.0,Virgen,0.29038237780332565,8.0,True,True,True,0.3046245666411188
2016-02-15,0.5915416666666666,0.0009435273723846584,288.0,Virgen,0.2886341735720634,8.0,True,True,True,0.30290749309460324
2016-02-16,0.5894236111111111,0.0004949903896736365,288.0,Virgen,0.2869596295058727,8.0,True,True,True,0.30246398160523835
2016-02-17,0.5883125,0.000464319216159416,288.0,Virgen,0.2863868549466133,8.0,True,True,True,0.3019256450533867
2016-02-18,0.5874097222222221,0.0004926384125274919,288.0,Virgen,0.28593528643250465,8.0,True,True,True,0.30147443578971744
2016-02-19,0.5862083333333333,0.0004068233357133582,288.0,Virgen,0.28597238287329674,8.0,True,True,True,0.3002359504600366
2016-02-20,0.58496875,0.0005864876554839257,288.0,Virgen,0.28431844338774676,8.0,True,True,True,0.3006503066122533
2016-02-21,0.5835416666666666,0.0004991281597552072,288.0,Virgen,0.2834482081234455,8.0,True,True,True,0.3000934585432211
2016-02-22,0.5817152777777778,0.000748174963647736,288.0,Virgen,0.28422633931040764,8.0,True,True,True,0.2974889384673701
2016-02-23,0.5797083333333333,0.0006452722732461775,288.0,Virgen,0.2900346741080284,8.0,True,True,True,0.28967365922530486
2016-02-24,0.5783784722222222,0.0004858504084950889,288.0,Virgen,0.2910155802965164,8.0,True,True,True,0.28736289192570574
2016-02-25,0.5768854166666667,0.0005119435876480088,288.0,Virgen,0.2971712276339531,8.0,True,True,True,0.2797141890327136
2016-02-26,0.5756076388888888,0.0006900567932099581,288.0,Virgen,0.2996564470231533,8.0,True,True,True,0.27595119186573547
2016-02-27,0.5761840277777777,0.0014083456177434047,288.0,Virgen,0.30160904303193087,8.0,True,True,True,0.2745749847458468
2016-02-28,0.5785729166666667,0.000495515604482644,288.0,Virgen,0.3008594736456871,8.0,True,True,True,0.27771344302097956
2016-02-29,0.5816041666666666,0.001632504115281585,288.0,Virgen,0.3079783990979194,8.0,True,True,True,0.2736257675687472
2016-03-01,0.5842499999999999,0.0007419721343040503,288.0,Virgen,0.3079277500510216,8.0,True,True,True,0.27632224994897836
2016-03-02,0.59309375,0.001597546845430316,288.0,Virgen,0.30549120530486107,8.0,True,True,True,0.2876025446951389
2016-03-03,0.5928368055555555,0.0003794818634765926,288.0,Virgen,0.3053758069872856,8.0,True,True,True,0.2874609985682699
2016-03-04,0.5928888888888888,0.00214333457063692,288.0,Virgen,0.30810604989528656,8.0,True,True,True,0.28478283899360224
2016-03-05,0.6161423611111111,0.003678340025948559,288.0,Virgen,0.3136571906507015,8.0,True,True,True,0.30248517046040957
2016-03-06,0.6171319444444445,0.003002313922442062,288.0,Virgen,0.31976454332470894,8.0,True,True,True,0.2973674011197356
2016-03-07,0.617017361111111,0.0038476714504229203,288.0,Virgen,0.3251095376908779,8.0,True,True,True,0.29190782342023314
2016-03-08,0.6046840277777777,0.0027116001471662325,288.0,Virgen,0.32798857614398,8.0,True,True,True,0.2766954516337977
2016-03-09,0.6135694444444444,0.012034591708890452,288.0,Virgen,0.32808762788772583,8.0,True,True,True,0.28548181655671856
2016-03-10,0.6237013888888889,0.005780635535405063,288.0,Virgen,0.33733435720205307,8.0,True,True,True,0.28636703168683586
2016-03-11,0.6056319444444445,0.003664970307627148,288.0,Virgen,0.3383019492030143,8.0,True,True,True,0.26732999524143014
2016-03-12,0.5996979166666666,0.0047884583765229975,288.0,Virgen,0.3370607756078243,8.0,True,True,True,0.2626371410588423
2016-03-13,0.6088159722222222,0.0005997866280817912,288.0,Virgen,0.3417638167738914,8.0,True,True,True,0.2670521554483308
2016-03-14,0.60578125,0.0018621657149207281,288.0,Virgen,0.34345676377415657,8.0,True,True,True,0.2623244862258435
2016-03-15,0.5994756944444445,0.0018458257465965597,288.0,Virgen,0.3383730985224247,8.0,True,True,True,0.2611025959220198
2016-03-16,0.5950763888888889,0.0004429841961787995,288.0,Virgen,0.33429189771413803,8.0,True,True,True,0.2607844911747509
2016-03-17,0.61290625,0.007081031428934884,288.0,Virgen,0.3311123810708523,8.0,True,True,True,0.2817938689291477
2016-03-18,0.61534375,0.00228841100174184,288.0,Virgen,0.3296823501586914,8.0,True,True,True,0.28566139984130856
2016-03-19,0.6120034722222223,0.0025423222722171248,288.0,Virgen,0.3275183066725731,8.0,True,True,True,0.2844851655496492
2016-03-20,0.6089340277777777,0.0011039153122624596,288.0,Virgen,0.3267747834324837,8.0,True,True,True,0.28215924434529405
2016-03-21,0.6047326388888888,0.0007660323462852503,288.0,Virgen,0.32548896223306656,8.0,True,True,True,0.2792436766558223
2016-03-22,0.6016736111111111,0.001182508177730422,288.0,Virgen,0.32362740114331245,8.0,True,True,True,0.2780462099677986
2016-03-23,0.5975208333333333,0.001042435836810928,288.0,Virgen,0.3213067911565304,8.0,True,True,True,0.2762140421768029
2016-03-24,0.5947777777777777,0.0008343199734158046,288.0,Virgen,0.31850025057792664,8.0,True,True,True,0.2762775271998511
2016-03-25,0.5920381944444445,0.0009269106101089966,288.0,Virgen,0.31587326526641846,8.0,True,True,True,0.27616492917802604
2016-03-26,0.5894999999999999,0.0006519870458942527,288.0,Virgen,0.3138999938964844,8.0,True,True,True,0.27560000610351554
2016-03-27,0.5875868055555555,0.0004932642502716999,288.0,Virgen,0.3122200109064579,8.0,True,True,True,0.27536679464909763
2016-03-28,0.5874375,0.0029625272900433647,288.0,Virgen,0.3117416389286518,8.0,True,True,True,0.27569586107134814
2016-03-29,0.6000277777777777,0.0008384858133301641,288.0,Virgen,0.3136200085282326,8.0,True,True,True,0.28640776924954514
2016-03-30,0.5968888888888889,0.0008882595526688884,288.0,Virgen,0.32141081988811493,8.0,True,True,True,0.275478069000774
2016-03-31,0.5967812499999999,0.0004141182227806319,288.0,Virgen,0.3264000490307808,8.0,True,True,True,0.27038120096921914
2016-04-01,0.5957534722222222,0.0014209685657083162,288.0,Virgen,0.32370638474822044,8.0,True,True,True,0.27204708747400175
2016-04-02,0.6025833333333332,0.0008136466714264205,288.0,Virgen,0.3232155740261078,8.0,True,True,True,0.27936775930722546
2016-04-03,0.6185659722222222,0.009857653516400292,288.0,Virgen,0.3396886847913265,8.0,True,True,True,0.2788772874308957
2016-04-04,0.6157777777777778,0.004781562213837975,288.0,Virgen,0.3395989425480366,8.0,True,True,True,0.2761788352297412
2016-04-05,0.6229652777777778,0.0040715092261982095,288.0,Virgen,0.3400282450020313,8.0,True,True,True,0.28293703277574644
2016-04-06,0.6090763888888888,0.003206221871836421,288.0,Virgen,0.3391295559704304,8.0,True,True,True,0.26994683291845845
2016-04-07,0.6028819444444444,0.0005536892772288229,288.0,Virgen,0.3347456380724907,8.0,True,True,True,0.26813630637195374
2016-04-08,0.5993784722222222,0.0011948590921510567,288.0,Virgen,0.33169137313961977,8.0,True,True,True,0.2676870990826024
2016-04-09,0.5987777777777777,0.002162217356024851,288.0,Virgen,0.3288622871041298,8.0,True,True,True,0.26991549067364795
2016-04-10,0.6021319444444444,0.0006546167086398144,288.0,Virgen,0.3276025839149952,8.0,True,True,True,0.2745293605294492
2016-04-11,0.60934375,0.006563272519653984,288.0,Virgen,0.32546295970678324,8.0,True,True,True,0.2838807902932167
2016-04-12,0.6169444444444445,0.0029603130491249103,288.0,Virgen,0.32545679062604904,8.0,True,True,True,0.2914876538183955
2016-04-13,0.6123298611111111,0.0020496138792009755,288.0,Virgen,0.32513910531997675,8.0,True,True,True,0.28719075579113434
2016-04-14,0.6072708333333333,0.002346971508417404,288.0,Virgen,0.32396523281931877,8.0,True,True,True,0.28330560051401454
2016-04-15,0.5991979166666667,0.002179824138608898,288.0,Virgen,0.32187632843852043,8.0,True,True,True,0.27732158822814623
2016-04-16,0.5936597222222222,0.0011990890528717547,288.0,Virgen,0.32023170590400696,8.0,True,True,True,0.27342801631821523
2016-04-17,0.5912708333333333,0.0012337797791964627,288.0,Virgen,0.3190796822309494,8.0,True,True,True,0.2721911511023839
2016-04-18,0.6011875,0.0026357730652634094,288.0,Virgen,0.3165817968547344,8.0,True,True,True,0.28460570314526557
2016-04-19,0.6047812499999999,0.0018012952656761164,288.0,Virgen,0.3141593039035797,8.0,True,True,True,0.2906219460964202
2016-04-20,0.6023993055555555,0.0014326699096698448,288.0,Virgen,0.3118892051279545,8.0,True,True,True,0.29051010042760106
2016-04-21,0.5984409722222223,0.0007628036672472047,288.0,Virgen,0.3102074936032295,8.0,True,True,True,0.28823347861899273
2016-04-22,0.5960208333333333,0.0006829812696071346,288.0,Virgen,0.30786222591996193,8.0,True,True,True,0.2881586074133714
2016-04-23,0.5961597222222221,0.0023719122805918517,288.0,Virgen,0.3076820820569992,8.0,True,True,True,0.2884776401652229
2016-04-24,0.6032256944444444,0.0073943970362705105,288.0,Virgen,0.30912997573614115,8.0,True,True,True,0.29409571870830326
2016-04-25,0.6131145833333334,0.0025218340969506564,288.0,Virgen,0.30890365689992905,8.0,True,True,True,0.3042109264334043
2016-04-26,0.6079340277777778,0.001467115171366709,288.0,Virgen,0.3103279061615467,8.0,True,True,True,0.2976061216162311
2016-04-27,0.6036354166666666,0.001721678491841096,288.0,Virgen,0.3101225942373276,8.0,True,True,True,0.29351282242933907
2016-04-28,0.6197986111111111,0.005730996302717187,288.0,Virgen,0.316074725240469,8.0,True,True,True,0.30372388587064214
2016-04-29,0.6109548611111111,0.003657083811118946,288.0,Virgen,0.3196286857128143,8.0,True,True,True,0.2913261753982968
2016-04-30,0.6021701388888888,0.0017497269019802629,288.0,Virgen,0.31751470267772675,8.0,True,True,True,0.28465543621116207
2016-05-01,0.5996145833333333,0.0006578890060267187,288.0,Virgen,0.31944313645362854,8.0,True,True,True,0.28017144687970474
2016-05-02,0.5983611111111111,0.0007840848200498415,288.0,Virgen,0.3203130960464477,8.0,True,True,True,0.2780480150646634
2016-05-03,0.5948159722222222,0.001370732564102951,288.0,Virgen,0.3183361701667309,8.0,True,True,True,0.2764798020554913
2016-05-04,0.5908611111111111,0.0010197431603334696,288.0,Virgen,0.3154790997505188,8.0,True,True,True,0.27538201136059226
2016-05-05,0.5885625,0.0004969418673368647,288.0,Virgen,0.3131158761680126,8.0,True,True,True,0.27544662383198737
2016-05-06,0.5867395833333333,0.0006920875606725379,288.0,Virgen,0.3116709142923355,8.0,True,True,True,0.2750686690409978
2016-05-07,0.5868749999999999,0.0006768959693411691,288.0,Virgen,0.3113344684243202,8.0,True,True,True,0.2755405315756797
2016-05-08,0.587829861111111,0.0003764088260604364,288.0,Virgen,0.3117002472281456,8.0,True,True,True,0.2761296138829654
2016-05-09,0.587,0.0,288.0,Virgen,0.3110160790383815,8.0,True,True,True,0.27598392096161845
2016-05-10,0.5879513888888889,0.000897770068350007,288.0,Virgen,0.31220522522926325,8.0,True,True,True,0.2757461636596256
2016-05-11,0.5929652777777777,0.0010684789699990879,288.0,Virgen,0.31208615377545357,8.0,True,True,True,0.2808791240023242
2016-05-12,0.59284375,0.00043364089415918214,288.0,Virgen,0.30961770191788673,8.0,True,True,True,0.28322604808211327
2016-05-13,0.5912222222222222,0.0004164633650363136,288.0,Virgen,0.3098187036812305,8.0,True,True,True,0.2814035185409917
2016-05-14,0.5903958333333333,0.0004898801673849543,288.0,Virgen,0.3098409101366996,8.0,True,True,True,0.2805549231966337
2016-05-15,0.5906770833333332,0.0004684050705367472,288.0,Virgen,0.30766077339649195,8.0,True,True,True,0.2830163099368413
2016-05-16,0.6060486111111111,0.010572352255322152,288.0,Virgen,0.3054897114634514,8.0,True,True,True,0.3005588996476597
2016-05-17,0.6173680555555555,0.0007489507436506488,288.0,Virgen,0.30414535105228424,8.0,True,True,True,0.3132227045032713
2016-05-18,0.615985294117647,0.0012589548523523023,136.0,Virgen,0.303024273365736,8.0,True,True,True,0.312961020751911
2016-05-19,0.6075659722222222,0.002137068335920815,288.0,Virgen,0.30073714628815645,8.0,True,True,True,0.30682882593406574
2016-05-20,0.6015694444444444,0.001417426523006528,288.0,Virgen,0.29905239865183825,8.0,True,True,True,0.30251704579260613
2016-05-21,0.5978715277777777,0.0009225146057553016,288.0,Virgen,0.2976849339902401,8.0,True,True,True,0.30018659378753765
2016-05-22,0.5950833333333333,0.0004572299568592546,288.0,Virgen,0.29575884714722633,8.0,True,True,True,0.29932448618610696
2016-05-23,0.5947708333333332,0.0004210282750153083,288.0,Virgen,0.29422278329730034,8.0,True,True,True,0.3005480500360329
2016-05-24,0.5950243055555555,0.0022530118139585924,288.0,Virgen,0.2920588590204716,8.0,True,True,True,0.30296544653508395
2016-05-25,0.60859375,0.0016138217781737248,288.0,Virgen,0.2909855283796787,8.0,True,True,True,0.3176082216203213
2016-05-26,0.6066284722222223,0.001563127535617475,288.0,Virgen,0.28941841423511505,8.0,True,True,True,0.3172100579871072
2016-05-27,0.6013090277777777,0.0016438000164255872,288.0,Virgen,0.28741228953003883,8.0,True,True,True,0.3138967382477389
2016-05-28,0.5962743055555556,0.0013057496293176582,288.0,Virgen,0.2858406119048595,8.0,True,True,True,0.3104336936506961
2016-05-29,0.5939895833333333,0.001044262155532532,288.0,Virgen,0.2841312363743782,8.0,True,True,True,0.3098583469589551
2016-05-30,0.6004027777777777,0.008294508862765082,288.0,Virgen,0.28949813544750214,8.0,True,True,True,0.3109046423302756
2016-05-31,0.6188506944444444,0.006536037825535862,288.0,Virgen,0.292936023324728,8.0,True,True,True,0.3259146711197164
2016-06-01,0.6194340277777778,0.00407710806838832,288.0,Virgen,0.2946318052709102,8.0,True,True,True,0.3248022225068676
2016-06-02,0.6157222222222223,0.0029712781760087123,288.0,Virgen,0.2932528220117092,8.0,True,True,True,0.32246940021051307
2016-06-03,0.6199340277777777,0.0014575844269184596,288.0,Virgen,0.2948457039892673,8.0,True,True,True,0.32508832378851044
2016-06-04,0.6151006944444445,0.002111920589250175,288.0,Virgen,0.3008004911243915,8.0,True,True,True,0.314300203320053
2016-06-05,0.6102465277777778,0.001997818084879534,288.0,Virgen,0.300577137619257,8.0,True,True,True,0.3096693901585208
2016-06-06,0.6083541666666666,0.002369871135442787,288.0,Virgen,0.30421164631843567,8.0,True,True,True,0.30414252034823097
2016-06-07,0.6067152777777778,0.0017337124350905713,288.0,Virgen,0.3076840452849865,8.0,True,True,True,0.2990312324927913
2016-06-08,0.6016701388888889,0.0010320022054586056,288.0,Virgen,0.3087168484926224,8.0,True,True,True,0.2929532903962665
2016-06-09,0.5992118055555555,0.0008008703042873738,288.0,Virgen,0.3092939294874668,8.0,True,True,True,0.2899178760680887
2016-06-10,0.5967256944444445,0.0007309243374980438,288.0,Virgen,0.31444199010729784,8.0,True,True,True,0.2822837043371466
2016-06-11,0.5950590277777777,0.0006190825171079719,288.0,Virgen,0.31447675824165344,8.0,True,True,True,0.2805822695361243
2016-06-12,0.5946631944444445,0.0032771672676321566,288.0,Virgen,0.3127610571682453,8.0,True,True,True,0.28190213727619917
2016-06-13,0.6244861111111111,0.0037407001731656598,288.0,Virgen,0.3110600635409355,8.0,True,True,True,0.31342604757017556
2016-06-14,0.6197256944444445,0.0029955424846583433,288.0,Virgen,0.30822179839015007,8.0,True,True,True,0.3115038960542944
2016-06-15,0.6102777777777777,0.0021100207058261985,288.0,Virgen,0.3057412020862102,8.0,True,True,True,0.3045365756915675
2016-06-16,0.6057326388888888,0.0013071942376968147,288.0,Virgen,0.30409737676382065,8.0,True,True,True,0.3016352621250682
2016-06-17,0.6181527777777778,0.004635598423598478,288.0,Virgen,0.3020149953663349,8.0,True,True,True,0.31613778241144286
2016-06-18,0.6158125,0.0006880639910278894,288.0,Virgen,0.30073029920458794,8.0,True,True,True,0.31508220079541205
2016-06-19,0.614125,0.0017485683541681835,288.0,Virgen,0.29986450821161265,8.0,True,True,True,0.3142604917883874
2016-06-20,0.6224513888888888,0.004113087569389406,288.0,Virgen,0.29823196306824684,8.0,True,True,True,0.324219425820642
2016-06-21,0.6232708333333333,0.0021191634336539676,288.0,Virgen,0.2965900264680385,8.0,True,True,True,0.3266808068652948
2016-06-22,0.6147152777777778,0.0014418493469483139,288.0,Virgen,0.2952081933617592,8.0,True,True,True,0.3195070844160186
2016-06-23,0.6196527777777778,0.003804122913640071,288.0,Virgen,0.2937149778008461,8.0,True,True,True,0.32593779997693173
2016-06-24,0.6211527777777778,0.002824283559226811,288.0,Virgen,0.29326050728559494,8.0,True,True,True,0.32789227049218284
2016-06-25,0.6114826388888889,0.0022906515014728466,288.0,Virgen,0.2919453121721744,8.0,True,True,True,0.3195373267167145
2016-06-26,0.605,0.0016294331114864518,288.0,Virgen,0.29086293280124664,8.0,True,True,True,0.31413706719875334
2016-06-27,0.6006631944444444,0.0010921478711751116,288.0,Virgen,0.2903343103826046,8.0,True,True,True,0.3103288840618398
2016-06-28,0.5977534722222222,0.0006921574808667403,288.0,Virgen,0.28832473605871195,8.0,True,True,True,0.30942873616351024
2016-06-29,0.5994062499999999,0.0017325222293701182,288.0,Virgen,0.28609409183263773,8.0,True,True,True,0.3133121581673622
2016-06-30,0.6007152777777778,0.0005742826999264645,288.0,Virgen,0.28449893370270724,8.0,True,True,True,0.31621634407507054
2016-07-01,0.5985763888888889,0.0009150682928846137,288.0,Virgen,0.2846563011407852,8.0,True,True,True,0.31392008774810365
2016-07-02,0.5959027777777778,0.0007114733639832936,288.0,Virgen,0.28622594103217125,8.0,True,True,True,0.30967683674560653
2016-07-03,0.5947604166666667,0.00042757215092997536,288.0,Virgen,0.2838763706386089,8.0,True,True,True,0.3108840460280578
2016-07-04,0.5930763888888888,0.0005547371052164525,288.0,Virgen,0.28213782608509064,8.0,True,True,True,0.31093856280379817
2016-07-05,0.5912361111111111,0.0006571622141939702,288.0,Virgen,0.28112034127116203,8.0,True,True,True,0.31011576983994904
2016-07-06,0.5894652777777778,0.0005268166769118113,288.0,Virgen,0.2799455150961876,8.0,True,True,True,0.3095197626815902
2016-07-07,0.5874409722222222,0.000497367732414153,288.0,Virgen,0.2782912291586399,8.0,True,True,True,0.30914974306358234
2016-07-08,0.5862048611111111,0.000482852999338505,288.0,Virgen,0.2765769995748996,8.0,True,True,True,0.3096278615362115
2016-07-09,0.5858402777777777,0.0003669859237289512,288.0,Virgen,0.27458410337567324,8.0,True,True,True,0.31125617440210446
2016-07-10,0.585,0.0,288.0,Virgen,0.27432212978601456,8.0,True,True,True,0.3106778702139854
2016-07-11,0.5844618055555555,0.0004994068297209733,288.0,Virgen,0.2726639397442341,8.0,True,True,True,0.3117978658113214
2016-07-12,0.5835034722222221,0.0005008582452192891,288.0,Virgen,0.27199593186378473,8.0,True,True,True,0.31150754035843736
2016-07-13,0.5824513888888888,0.0005388057656674679,288.0,Virgen,0.27113554254174227,8.0,True,True,True,0.31131584634714654
2016-07-14,0.5812152777777777,0.0004117303411095333,288.0,Virgen,0.2708271332085132,8.0,True,True,True,0.3103881445692645
2016-07-15,0.5810173611111111,0.00013084014829450676,288.0,Virgen,0.2698632180690765,8.0,True,True,True,0.31115414304203465
2016-07-16,0.5803958333333333,0.0006752854603511994,288.0,Virgen,0.2682082802057266,8.0,True,True,True,0.3121875531276067
2016-07-17,0.5782604166666666,0.0007070297836602957,288.0,Virgen,0.26679011806845665,8.0,True,True,True,0.31147029859820996
2016-07-18,0.5774618055555556,0.0004994068297209653,288.0,Virgen,0.2671170122921467,8.0,True,True,True,0.3103447932634089
2016-07-19,0.577,0.0,288.0,Virgen,0.26670780032873154,8.0,True,True,True,0.3102921996712684
2016-07-20,0.5765833333333332,0.0004938647983247481,288.0,Virgen,0.2663699239492416,8.0,True,True,True,0.31021340938409164
2016-07-21,0.5779826388888888,0.0008969813768404777,288.0,Virgen,0.2662915177643299,8.0,True,True,True,0.3116911211245589
2016-07-22,0.5800902777777778,0.0007074830929088966,288.0,Virgen,0.2651227340102195,8.0,True,True,True,0.31496754376755826
2016-07-23,0.58121875,0.00041411822278058044,288.0,Virgen,0.26363857090473175,8.0,True,True,True,0.31758017909526826
2016-07-24,0.5814027777777777,0.0004913104774871163,288.0,Virgen,0.26272615417838097,8.0,True,True,True,0.31867662359939675
2016-07-25,0.5802638888888888,0.0007082009509416173,288.0,Virgen,0.2614971324801445,8.0,True,True,True,0.3187667564087443
2016-07-26,0.5782777777777777,0.0007272155328936455,288.0,Virgen,0.25986671075224876,8.0,True,True,True,0.3184110670255289
2016-07-27,0.5763124999999999,0.0004643192161592378,288.0,Virgen,0.2582198530435562,8.0,True,True,True,0.3180926469564437
2016-07-28,0.5751493055555555,0.00035700975065060806,288.0,Virgen,0.25789880380034447,8.0,True,True,True,0.3172505017552111
2016-07-29,0.5745694444444445,0.0004960158727618731,288.0,Virgen,0.2579987049102783,8.0,True,True,True,0.31657073953416615
2016-07-30,0.5786527777777777,0.004150176427876474,288.0,Virgen,0.25654502958059305,8.0,True,True,True,0.32210774819718463
2016-07-31,0.5918993055555555,0.0021976229327147732,288.0,Virgen,0.25515484437346453,8.0,True,True,True,0.33674446118209095
2016-08-01,0.595,0.0,288.0,Virgen,0.25323157384991646,8.0,True,True,True,0.3417684261500835
2016-08-02,0.595,0.0,288.0,Virgen,0.2515920400619507,8.0,True,True,True,0.3434079599380493
2016-08-03,0.5946006944444444,0.0004906081737782963,288.0,Virgen,0.25137720257043833,8.0,True,True,True,0.3432234918740061
2016-08-04,0.5943125,0.0004643192161592991,288.0,Virgen,0.25473058223724365,8.0,True,True,True,0.33958191776275637
2016-08-05,0.5933576388888889,0.0006887933054091538,288.0,Virgen,0.25764558091759676,8.0,True,True,True,0.33571205797129217
2016-08-06,0.5906180555555555,0.0011656914789429766,288.0,Virgen,0.2546887062489986,8.0,True,True,True,0.3359293493065569
2016-08-07,0.587454861111111,0.0005825965979761953,288.0,Virgen,0.2525970414280891,8.0,True,True,True,0.3348578196830219
2016-08-08,0.5860034722222222,5.892556509884919e-05,288.0,Virgen,0.2510520648211241,8.0,True,True,True,0.3349514074010981
2016-08-09,0.5849791666666666,0.0004567534273322182,288.0,Virgen,0.2494989745318889,8.0,True,True,True,0.3354801921347777
2016-08-10,0.5835729166666667,0.0004955156044825706,288.0,Virgen,0.2478536460548639,8.0,True,True,True,0.33571927061180273
2016-08-11,0.58178125,0.0005820148530738618,288.0,Virgen,0.24684765748679632,8.0,True,True,True,0.3349335925132037
2016-08-12,0.58165625,0.00047578561476729404,288.0,Virgen,0.2458083294332027,8.0,True,True,True,0.3358479205667973
2016-08-13,0.5815520833333333,0.0004981455155912173,288.0,Virgen,0.24515806138515467,8.0,True,True,True,0.33639402194817863
2016-08-14,0.5797083333333333,0.001048476578607684,288.0,Virgen,0.2441459000110626,8.0,True,True,True,0.33556243332227065
2016-08-15,0.57665625,0.0010509142361332592,288.0,Virgen,0.24217610061168665,8.0,True,True,True,0.33448014938831333
2016-08-16,0.5739375,0.0005928581923501337,288.0,Virgen,0.24038961529731748,8.0,True,True,True,0.3335478847026825
2016-08-17,0.5722499999999999,0.0007083376033211387,288.0,Virgen,0.2392133213579654,8.0,True,True,True,0.3330366786420345
2016-08-18,0.57040625,0.0004919871885813526,288.0,Virgen,0.2378659229725599,8.0,True,True,True,0.3325403270274401
2016-08-19,0.5692083333333333,0.00040682333571328357,288.0,Virgen,0.23667168244719503,8.0,True,True,True,0.33253665088613826
2016-08-20,0.5681666666666666,0.000791945516022693,288.0,Virgen,0.23548088222742078,8.0,True,True,True,0.3326857844392458
2016-08-21,0.565829861111111,0.001136445946056693,288.0,Virgen,0.23429935611784455,8.0,True,True,True,0.3315305049932664
2016-08-22,0.5631249999999999,0.0003312945782246543,288.0,Virgen,0.23302251286804673,8.0,True,True,True,0.3301024871319531
2016-08-23,0.5625798611111111,0.0004944401488372233,288.0,Virgen,0.23183560185134408,8.0,True,True,True,0.330744259259767
2016-08-24,0.5613888888888889,0.0007191856710357132,288.0,Virgen,0.232006037607789,8.0,True,True,True,0.3293828512810999
2016-08-25,0.5590868055555557,0.0009084003267818231,288.0,Virgen,0.23035824857652185,8.0,True,True,True,0.3287285569790338
2016-08-26,0.5572013888888889,0.0004017359736062757,288.0,Virgen,0.22880819626152513,8.0,True,True,True,0.3283931926273638
2016-08-27,0.5560347222222223,0.0005333895876254394,288.0,Virgen,0.2283600885421037,8.0,True,True,True,0.32767463368011857
2016-08-28,0.5543715277777779,0.0007307256852610949,288.0,Virgen,0.22783157788217065,8.0,True,True,True,0.3265399498956072
2016-08-29,0.5520138888888889,0.0009734174943329174,288.0,Virgen,0.22718717530369756,8.0,True,True,True,0.32482671358519133
2016-08-30,0.5491215277777779,0.0008690307143598259,288.0,Virgen,0.2263279594480991,8.0,True,True,True,0.32279356832967876
2016-08-31,0.5471111111111111,0.0007523353754995798,288.0,Virgen,0.22564401663839814,8.0,True,True,True,0.32146709447271293
2016-09-01,0.5457534722222223,0.00043173956442575266,288.0,Virgen,0.22699002921581263,8.0,True,True,True,0.31876344300640963
2016-09-02,0.5445625000000001,0.0004969418673369022,288.0,Virgen,0.2253087908029556,8.0,True,True,True,0.31925370919704443
2016-09-03,0.5427638888888889,0.0007323877337104398,288.0,Virgen,0.22405892610549924,8.0,True,True,True,0.31870496278338967
2016-09-04,0.5407986111111112,0.0008519693203411654,288.0,Virgen,0.22297904640436167,8.0,True,True,True,0.3178195647067495
2016-09-05,0.5383888888888889,0.0006689855142479552,288.0,Virgen,0.22281074896454808,8.0,True,True,True,0.3155781399243408
2016-09-06,0.5367604166666667,0.0004275721509299315,288.0,Virgen,0.2245301324874162,8.0,True,True,True,0.31223028417925053
2016-09-07,0.5351805555555555,0.0008566426466620915,288.0,Virgen,0.22289412468671793,8.0,True,True,True,0.3122864308688376
2016-09-08,0.532732638888889,0.0012131871154766336,288.0,Virgen,0.22122445143759248,8.0,True,True,True,0.3115081874512965
2016-09-09,0.5296006944444445,0.0012784461674917392,288.0,Virgen,0.2198673132807016,8.0,True,True,True,0.3097333811637428
2016-09-10,0.5265520833333334,0.0006390834846465886,288.0,Virgen,0.21867485716938967,8.0,True,True,True,0.3078772261639437
2016-09-11,0.5249791666666668,0.00021987484561720135,288.0,Virgen,0.21794049441814417,8.0,True,True,True,0.3070386722485226
2016-09-12,0.5236041666666666,0.0006648858328554166,288.0,Virgen,0.21758884564042089,8.0,True,True,True,0.30601532102624573
2016-09-13,0.5212604166666668,0.001170884816860828,288.0,Virgen,0.21580729633569712,8.0,True,True,True,0.30545312033096966
2016-09-14,0.5326180555555555,0.025908172476730433,288.0,Virgen,0.21808516792953012,8.0,True,True,True,0.3145328876260254
2016-09-15,0.6120625,0.00224064061894711,288.0,Virgen,0.22424528934061522,8.0,True,True,True,0.38781721065938474
2016-09-16,0.6072534722222221,0.0020073875127645914,288.0,Virgen,0.2270071133971214,8.0,True,True,True,0.3802463588251007
2016-09-17,0.6013159722222222,0.0014982527893613784,288.0,Virgen,0.22447706200182432,8.0,True,True,True,0.3768389102203979
2016-09-18,0.5974027777777777,0.0007588680773409618,288.0,Virgen,0.2229663338512182,8.0,True,True,True,0.3744364439265595
2016-09-19,0.5954340277777778,0.0004964912699206359,288.0,Virgen,0.22248559258878228,8.0,True,True,True,0.37294843518899545
2016-09-20,0.59771875,0.0009986380097735841,288.0,Virgen,0.2222864851355552,8.0,True,True,True,0.37543226486444475
2016-09-21,0.5978993055555555,0.00047251960529756074,288.0,Virgen,0.2209471724927425,8.0,True,True,True,0.37695213306281294
2016-09-22,0.5962395833333333,0.0007192445465697354,288.0,Virgen,0.22002395801246163,8.0,True,True,True,0.3762156253208716
2016-09-23,0.5947465277777778,0.0004357560923820108,288.0,Virgen,0.2190745025873184,8.0,True,True,True,0.3756720251904594
2016-09-24,0.5936006944444444,0.0004906081737783275,288.0,Virgen,0.2187233623117208,8.0,True,True,True,0.3748773321327236
2016-09-25,0.5930312499999999,0.00017429549581281123,288.0,Virgen,0.2174358498305082,8.0,True,True,True,0.37559540016949167
2016-09-26,0.5918090277777778,0.0007707558346953146,288.0,Virgen,0.2153110448271036,8.0,True,True,True,0.37649798295067416
2016-09-27,0.5898333333333333,0.0006678270969036956,288.0,Virgen,0.21434841305017469,8.0,True,True,True,0.3754849202831586
2016-09-28,0.5883680555555555,0.00048311601506378595,288.0,Virgen,0.21363115869462487,8.0,True,True,True,0.3747368968609306
2016-09-29,0.5873159722222222,0.0005968749271568018,288.0,Virgen,0.2136145252734422,8.0,True,True,True,0.37370144694878
2016-09-30,0.5873680555555555,0.005342938324010936,288.0,Virgen,0.21336675621569154,8.0,True,True,True,0.3740012993398639
2016-10-01,0.61775,0.002626586131051803,288.0,Virgen,0.21515898779034612,8.0,True,True,True,0.4025910122096539
2016-10-02,0.6156979166666666,0.002539389175915883,288.0,Virgen,0.21483125351369378,8.0,True,True,True,0.4008666631529728
2016-10-03,0.6084722222222223,0.001696253072813678,288.0,Virgen,0.21510281972587106,8.0,True,True,True,0.3933694024963512
2016-10-04,0.6044375,0.0010204784694542767,288.0,Virgen,0.21403649821877477,8.0,True,True,True,0.39040100178122517
2016-10-05,0.6014027777777778,0.0010380861809535238,288.0,Virgen,0.21302356570959088,8.0,True,True,True,0.38837921206818693
2016-10-06,0.5992881944444445,0.0004537104523848795,288.0,Virgen,0.21353848651051519,8.0,True,True,True,0.38574970793392926
2016-10-07,0.5988680555555556,0.0020216477488911055,288.0,Virgen,0.2128608990460634,8.0,True,True,True,0.38600715650949213
2016-10-08,0.6042430555555556,0.0007581981921935762,288.0,Virgen,0.21261623501777646,8.0,True,True,True,0.3916268205377791
2016-10-09,0.6000208333333332,0.0018249862774530495,288.0,Virgen,0.2132663372904062,8.0,True,True,True,0.386754496042927
2016-10-10,0.6011666666666666,0.0025648386328469873,288.0,Virgen,0.21202985569834704,8.0,True,True,True,0.3891368109683196
2016-10-11,0.6038125,0.000640869944461655,288.0,Virgen,0.21075442060828203,8.0,True,True,True,0.39305807939171794
2016-10-12,0.601875,0.0011559571505024406,288.0,Virgen,0.20999062247574327,8.0,True,True,True,0.39188437752425676
2016-10-13,0.6027430555555555,0.0004377090784081056,288.0,Virgen,0.21021428890526292,8.0,True,True,True,0.39252876665029257
2016-10-14,0.60015625,0.0013039323399003423,288.0,Virgen,0.2110425271093845,8.0,True,True,True,0.3891137228906154
2016-10-15,0.5960312499999999,0.0013208575374148263,288.0,Virgen,0.20929356850683686,8.0,True,True,True,0.386737681493163
2016-10-16,0.5917395833333333,0.0015204400037089642,288.0,Virgen,0.20915094204246995,8.0,True,True,True,0.38258864129086334
2016-10-17,0.5874722222222222,0.0013196158476193665,288.0,Virgen,0.20940558612346646,8.0,True,True,True,0.3780666360987557
2016-10-18,0.5844340277777778,0.0007979645879023466,288.0,Virgen,0.20784413442015645,8.0,True,True,True,0.3765898933576213
2016-10-19,0.5812673611111111,0.001612681877428115,288.0,Virgen,0.20645060762763018,8.0,True,True,True,0.3748167534834809
2016-10-20,0.577954861111111,0.0008356457463515643,288.0,Virgen,0.20566716045141217,8.0,True,True,True,0.37228770065969885
2016-10-21,0.5760798611111111,0.0008161334745238719,288.0,Virgen,0.204221261665225,8.0,True,True,True,0.37185859944588606
2016-10-22,0.5734791666666665,0.0012492157818752257,288.0,Virgen,0.2044351566582918,8.0,True,True,True,0.3690440100083747
2016-10-23,0.5698784722222222,0.0018027722822543894,288.0,Virgen,0.20392437465488908,8.0,True,True,True,0.3659540975673331
2016-10-24,0.5721805555555555,0.007342447614556997,288.0,Virgen,0.20734205096960065,8.0,True,True,True,0.3648385045859548
2016-10-25,0.5908020833333333,0.0005528473965774238,288.0,Virgen,0.2116884067654609,8.0,True,True,True,0.37911367656787237
2016-10-26,0.5891909722222222,0.0010763477537629772,288.0,Virgen,0.21059492416679856,8.0,True,True,True,0.3785960480554236
2016-10-27,0.5855694444444444,0.001551228703859048,288.0,Virgen,0.20875120721757406,8.0,True,True,True,0.3768182372268703
2016-10-28,0.5813368055555554,0.0013721087576777887,288.0,Virgen,0.20795265585184095,8.0,True,True,True,0.3733841497037145
2016-10-29,0.5771979166666665,0.00166927423775613,288.0,Virgen,0.2076855320483446,8.0,True,True,True,0.3695123846183219
2016-10-30,0.5721458333333334,0.001883242625754048,288.0,Virgen,0.20699852705001828,8.0,True,True,True,0.36514730628331504
2016-10-31,0.5669097222222221,0.0019014507369768065,288.0,Virgen,0.2057381849735975,8.0,True,True,True,0.3611715372486246
2016-11-01,0.5614930555555556,0.0021035775989184896,288.0,Virgen,0.20616328530013558,8.0,True,True,True,0.35532977025542
2016-11-02,0.55615625,0.0017569858078306014,288.0,Virgen,0.20572115853428838,8.0,True,True,True,0.3504350914657116
2016-11-03,0.5519166666666667,0.0012905445464925648,288.0,Virgen,0.20478415861725804,8.0,True,True,True,0.34713250804940865
2016-11-04,0.5533402777777778,0.0007977598814771947,288.0,Virgen,0.20499525032937524,8.0,True,True,True,0.34834502744840257
2016-11-05,0.5536111111111112,0.0004883465826889578,288.0,Virgen,0.20340181700885293,8.0,True,True,True,0.3502092941022582
2016-11-06,0.5522847222222222,0.0004520675606203774,288.0,Virgen,0.20331171341240403,8.0,True,True,True,0.3489730088098182
2016-11-07,0.5508819444444445,0.0007963026736875847,288.0,Virgen,0.2020123172551393,8.0,True,True,True,0.3488696271893052
2016-11-08,0.5490798611111112,0.000897466807485431,288.0,Virgen,0.2017688490450382,8.0,True,True,True,0.34731101206607295
2016-11-09,0.5460520833333333,0.0012496950847620417,288.0,Virgen,0.20196061953902242,8.0,True,True,True,0.3440914637943109
2016-11-10,0.5424756944444444,0.0013328205677782467,288.0,Virgen,0.20060160756111142,8.0,True,True,True,0.341874086883333
2016-11-11,0.5473645833333334,0.008055711664286284,288.0,Virgen,0.20535374060273168,8.0,True,True,True,0.34201084273060167
2016-11-12,0.5703506944444444,0.0011858337179635186,288.0,Virgen,0.21170675009489054,8.0,True,True,True,0.3586439443495539
2016-11-13,0.5690833333333333,0.001069044967649711,288.0,Virgen,0.21008119173347947,8.0,True,True,True,0.3590021415998538
2016-11-14,0.5660555555555554,0.0011851448567149093,288.0,Virgen,0.21029131114482877,8.0,True,True,True,0.3557642444107266
2016-11-15,0.5620347222222223,0.0017367244367661814,288.0,Virgen,0.20993614755570886,8.0,True,True,True,0.3520985746665134
2016-11-16,0.5571840277777779,0.001888205209217784,288.0,Virgen,0.20817833207547662,8.0,True,True,True,0.3490056957023012
2016-11-17,0.5520486111111111,0.001910287064955964,288.0,Virgen,0.20714718289673323,8.0,True,True,True,0.3449014282143779
2016-11-18,0.5467673611111112,0.001985498993306297,288.0,Virgen,0.20688192360103125,8.0,True,True,True,0.33988543751008
2016-11-19,0.5415729166666667,0.0018102194892616137,288.0,Virgen,0.20970999822020528,8.0,True,True,True,0.33186291844646143
2016-11-20,0.5360138888888889,0.0024692847956939152,288.0,Virgen,0.20933882705867288,8.0,True,True,True,0.326675061830216
2016-11-21,0.5296875000000001,0.0026185315192055894,288.0,Virgen,0.2073829229921102,8.0,True,True,True,0.3223045770078899
2016-11-22,0.5229166666666667,0.0026503566257962065,288.0,Virgen,0.20525972545146937,8.0,True,True,True,0.31765694121519733
2016-11-23,0.5165347222222222,0.0022067782638603545,288.0,Virgen,0.2044823560863733,8.0,True,True,True,0.31205236613584886
2016-11-24,0.5105937500000001,0.002106459908222136,288.0,Virgen,0.20324508287012574,8.0,True,True,True,0.3073486671298743
2016-11-25,0.5061041666666667,0.0010407632551691765,288.0,Virgen,0.2024054285138845,8.0,True,True,True,0.3036987381527822
2016-11-26,0.5026458333333333,0.0013587694268716078,288.0,Virgen,0.20254462771117684,8.0,True,True,True,0.3001012056221565
2016-11-27,0.49797569444444445,0.0018258975751917488,288.0,Virgen,0.20347535610198972,8.0,True,True,True,0.2945003383424547
2016-11-28,0.49349305555555556,0.0014886166333960898,288.0,Virgen,0.20355058088898653,8.0,True,True,True,0.28994247466656903
2016-11-29,0.49590625,0.011964883104332828,288.0,Virgen,0.20235952548682687,8.0,True,True,True,0.2935467245131731
2016-11-30,0.5203020833333334,0.00196193635240076,288.0,Virgen,0.20217788964509958,8.0,True,True,True,0.3181241936882338
2016-12-01,0.5155347222222223,0.0009511642925495573,288.0,Virgen,0.20097680389881128,8.0,True,True,True,0.314557918323411
2016-12-02,0.5127777777777778,0.000863058692005274,288.0,Virgen,0.19964084960520265,8.0,True,True,True,0.3131369281725751
2016-12-03,0.5099548611111111,0.0008562400475154679,288.0,Virgen,0.1999660916626453,8.0,True,True,True,0.30998876944846576
2016-12-04,0.5077256944444444,0.0008249799091861692,288.0,Virgen,0.2020996734499931,8.0,True,True,True,0.30562602099445124
2016-12-05,0.504826388888889,0.0013399769154551742,288.0,Virgen,0.20145271904766557,8.0,True,True,True,0.3033736698412234
2016-12-06,0.5009548611111111,0.001655329471762142,288.0,Virgen,0.20078765600919718,8.0,True,True,True,0.3001672051019139
2016-12-07,0.49716666666666665,0.0012932416122271738,288.0,Virgen,0.20088487491011617,8.0,True,True,True,0.29628179175655045
2016-12-08,0.4935555555555556,0.0013552210448949723,288.0,Virgen,0.2022349443286657,8.0,True,True,True,0.2913206112268899
2016-12-09,0.49071875,0.0007330399450067916,288.0,Virgen,0.20487193204462525,8.0,True,True,True,0.2858468179553747
2016-12-10,0.4884166666666666,0.0016122354467906913,288.0,Virgen,0.20453830063343043,8.0,True,True,True,0.2838783660332362
2016-12-11,0.4839409722222222,0.0017107943096577336,288.0,Virgen,0.2040940187871456,8.0,True,True,True,0.2798469534350766
2016-12-12,0.4791423611111111,0.0018012415331604813,288.0,Virgen,0.20516425557434553,8.0,True,True,True,0.27397810553676555
2016-12-13,0.4737430555555555,0.002226688069750378,288.0,Virgen,0.20617339015007013,8.0,True,True,True,0.2675696654054854
2016-12-14,0.48609375,0.029461749178114727,288.0,Virgen,0.2084243670105934,8.0,True,True,True,0.2776693829894066
2016-12-15,0.5560694444444445,0.001723592301557817,288.0,Virgen,0.21113112382590765,8.0,True,True,True,0.34493832061853685
2016-12-16,0.5859479166666666,0.021780678931995666,288.0,Virgen,0.22036419995129106,8.0,True,True,True,0.3655837167153755
2016-12-17,0.6015763888888889,0.0032750346139852676,288.0,Virgen,0.2221143208444118,8.0,True,True,True,0.3794620680444771
2016-12-18,0.5916458333333333,0.002711361435927848,288.0,Virgen,0.2217448055744171,8.0,True,True,True,0.3699010277589162
2016-12-19,0.5856909722222222,0.0014973804394377548,288.0,Virgen,0.22140059061348433,8.0,True,True,True,0.3642903816087379
2016-12-20,0.5870868055555555,0.0007392195269996337,288.0,Virgen,0.2248105853796005,8.0,True,True,True,0.36227622017595495
2016-12-21,0.5884340277777778,0.0047971923146517634,288.0,Virgen,0.2236920185387134,8.0,True,True,True,0.36474200923906436
2016-12-22,0.59484375,0.001384293112604228,288.0,Virgen,0.2224884778261184,8.0,True,True,True,0.3723552721738816
2016-12-23,0.5895729166666667,0.0018763787033348673,288.0,Virgen,0.22138206288218493,8.0,True,True,True,0.36819085378448174
2016-12-24,0.5851701388888889,0.0009042354740273232,288.0,Virgen,0.22068032808601853,8.0,True,True,True,0.36448981080287035
2016-12-25,0.5926979166666667,0.001362410691379801,288.0,Virgen,0.22095158882439134,8.0,True,True,True,0.37174632784227535
2016-12-26,0.5919826388888888,0.0035204297698738308,288.0,Virgen,0.22067254595458505,8.0,True,True,True,0.3713100929343037
2016-12-27,0.6034375,0.0008366079679192631,288.0,Virgen,0.2216224111616611,8.0,True,True,True,0.38181508883833887
2016-12-28,0.6019305555555555,0.0007976688839803872,288.0,Virgen,0.22173467092216012,8.0,True,True,True,0.3801958846333954
2016-12-29,0.5995798611111112,0.001655066337022824,288.0,Virgen,0.22272311896085736,8.0,True,True,True,0.3768567421502538
2016-12-30,0.5947222222222223,0.001218009139552581,288.0,Virgen,0.22142321243882174,8.0,True,True,True,0.3732990097834005
2016-12-31,0.5910729166666666,0.0013297307238345378,288.0,Virgen,0.22211733832955355,8.0,True,True,True,0.36895557833711307
2017-01-01,0.5979965277777777,0.016037955473695218,288.0,Virgen,0.2274594400078058,8.0,True,True,True,0.37053708776997185
2017-01-02,0.6160451388888889,0.004648034763030653,288.0,Virgen,0.2295900303870439,8.0,True,True,True,0.386455108501845
2017-01-03,0.6046666666666667,0.002605274735223302,288.0,Virgen,0.23116710782051084,8.0,True,True,True,0.3734995588461558
2017-01-04,0.5978402777777778,0.001757663932885802,288.0,Virgen,0.22983977943658826,8.0,True,True,True,0.36800049834118953
2017-01-05,0.5947222222222223,0.0028988630342276184,288.0,Virgen,0.2323724832385778,8.0,True,True,True,0.3623497389836445
2017-01-06,0.6124270833333333,0.0047716018063023915,288.0,Virgen,0.24279633723199365,8.0,True,True,True,0.3696307461013396
2017-01-07,0.6138923611111111,0.004010293026059343,288.0,Virgen,0.24297470599412913,8.0,True,True,True,0.370917655116982
2017-01-08,0.6128576388888889,0.0030473403005689802,288.0,Virgen,0.2429270092397928,8.0,True,True,True,0.36993062964909607
2017-01-09,0.6133298611111111,0.004012898712676884,288.0,Virgen,0.24633973650634283,8.0,True,True,True,0.36699012460476826
2017-01-10,0.6178854166666666,0.004746984647164793,288.0,Virgen,0.2513258643448353,8.0,True,True,True,0.36655955232183135
2017-01-11,0.6111423611111111,0.0036583936205775427,288.0,Virgen,0.25200803577899933,8.0,True,True,True,0.35913432533211176
2017-01-12,0.6058229166666667,0.008236057535509591,288.0,Virgen,0.25193466246128077,8.0,True,True,True,0.3538882542053859
2017-01-13,0.6162083333333332,0.004534613298842097,288.0,Virgen,0.2537399604916572,8.0,True,True,True,0.36246837284167605
2017-01-14,0.6059444444444444,0.0020148500182906007,288.0,Virgen,0.2569205090403556,8.0,True,True,True,0.34902393540408877
2017-01-15,0.6097152777777777,0.003267756520180749,288.0,Virgen,0.2817147560417652,8.0,True,True,True,0.32800052173601246
2017-01-16,0.6054618055555555,0.0026076675074965636,288.0,Virgen,0.2857760339975357,8.0,True,True,True,0.3196857715580198
2017-01-17,0.59853125,0.00171661155375358,288.0,Virgen,0.28192595392465586,8.0,True,True,True,0.3166052960753441
2017-01-18,0.5936944444444444,0.001632756066658319,288.0,Virgen,0.28005209937691683,8.0,True,True,True,0.3136423450675276
2017-01-19,0.5891840277777778,0.0014206620233509248,288.0,Virgen,0.27792662382125854,8.0,True,True,True,0.31125740395651924
2017-01-20,0.5861145833333333,0.0006498961321459364,288.0,Virgen,0.28202690929174423,8.0,True,True,True,0.3040876740415891
2017-01-21,0.5849236111111111,0.0002660816754204521,288.0,Virgen,0.2854876108467579,8.0,True,True,True,0.29943600026435324
2017-01-22,0.5836493055555555,0.0004780180521976812,288.0,Virgen,0.2864254601299762,8.0,True,True,True,0.2972238454255793
2017-01-23,0.5813506944444444,0.0015455678580608646,288.0,Virgen,0.28853514045476913,8.0,True,True,True,0.2928155539896753
2017-01-24,0.5772673611111111,0.0016083549221348515,288.0,Virgen,0.2854150831699371,8.0,True,True,True,0.291852277941174
2017-01-25,0.5738541666666666,0.000800424538922306,288.0,Virgen,0.2848363630473614,8.0,True,True,True,0.2890178036193052
2017-01-26,0.571767361111111,0.0007118048768679684,288.0,Virgen,0.28490741550922394,8.0,True,True,True,0.2868599456018871
2017-01-27,0.5700625,0.0005107724559352297,288.0,Virgen,0.2853140383958816,8.0,True,True,True,0.28474846160411843
2017-01-28,0.5846215277777778,0.023568252617783662,288.0,Virgen,0.2847326882183552,8.0,True,True,True,0.2998888395594226
2017-01-29,0.6265763888888889,0.0016926974168772434,288.0,Virgen,0.2835614047944545,8.0,True,True,True,0.34301498409443437
2017-01-30,0.6176805555555556,0.0023033161301718244,288.0,Virgen,0.28408482670783997,8.0,True,True,True,0.3335957288477156
2017-01-31,0.6108784722222222,0.0017418266352020333,288.0,Virgen,0.28743820637464523,8.0,True,True,True,0.323440265847577
2017-02-01,0.6089305555555555,0.0035976236403394606,288.0,Virgen,0.2894376926124096,8.0,True,True,True,0.31949286294314594
2017-02-02,0.6170625,0.0016066878953398826,288.0,Virgen,0.2907354198396206,8.0,True,True,True,0.32632708016037937
2017-02-03,0.6167083333333333,0.0027809080310846348,288.0,Virgen,0.28857044130563736,8.0,True,True,True,0.32813789202769594
2017-02-04,0.6088819444444444,0.001790398424807109,288.0,Virgen,0.288129061460495,8.0,True,True,True,0.32075288298394944
2017-02-05,0.6038090277777778,0.0011664540622609825,288.0,Virgen,0.2888877801597118,8.0,True,True,True,0.314921247618066
2017-02-06,0.60053125,0.0007869111093870087,288.0,Virgen,0.289656862616539,8.0,True,True,True,0.31087438738346096
2017-02-07,0.5979270833333333,0.0007547036015100594,288.0,Virgen,0.28963950648903847,8.0,True,True,True,0.30828757684429486
2017-02-08,0.5954930555555555,0.0010392742561427558,288.0,Virgen,0.2888726033270359,8.0,True,True,True,0.30662045222851964
2017-02-09,0.5934097222222222,0.0006237259565803171,288.0,Virgen,0.2883874177932739,8.0,True,True,True,0.3050223044289483
2017-02-10,0.5911944444444444,0.0008617119155923907,288.0,Virgen,0.2929111123085022,8.0,True,True,True,0.29828333213594216
2017-02-11,0.5957986111111111,0.0026400291971541883,288.0,Virgen,0.2976965121924877,8.0,True,True,True,0.2981020989186234
2017-02-12,0.6025451388888888,0.0006818022704885498,288.0,Virgen,0.3020761273801327,8.0,True,True,True,0.30046901150875616
2017-02-13,0.5986215277777778,0.0018532827337489181,288.0,Virgen,0.3018432781100273,8.0,True,True,True,0.29677824966775046
2017-02-14,0.5937638888888889,0.0012409174481193706,288.0,Virgen,0.3018795885145664,8.0,True,True,True,0.29188430037432245
2017-02-15,0.6067395833333333,0.016848108977935945,288.0,Virgen,0.30267155542969704,8.0,True,True,True,0.3040680279036363
2017-02-16,0.6246354166666667,0.007609071871041395,288.0,Virgen,0.3054120987653732,8.0,True,True,True,0.3192233179012935
2017-02-17,0.6213298611111111,0.0045576688806057515,288.0,Virgen,0.3076578453183174,8.0,True,True,True,0.3136720157927937
2017-02-18,0.6097951388888889,0.002750301342022747,288.0,Virgen,0.30787361413240427,8.0,True,True,True,0.30192152475648465
2017-02-19,0.6019548611111111,0.0020688608813778844,288.0,Virgen,0.30831044539809227,8.0,True,True,True,0.2936444157130188
2017-02-20,0.6017430555555555,0.00580369523975278,288.0,Virgen,0.3097536079585552,8.0,True,True,True,0.2919894475970003
2017-02-21,0.61384375,0.0029655212361556662,288.0,Virgen,0.3092145398259163,8.0,True,True,True,0.30462921017408373
2017-02-22,0.6456597222222222,0.0035420091041667152,288.0,Virgen,0.3203419931232929,8.0,True,True,True,0.3253177290989293
2017-02-23,0.6368784722222222,0.004344385029144525,288.0,Virgen,0.33004794269800186,8.0,True,True,True,0.3068305295242203
2017-02-24,0.6347638888888889,0.003924347498724762,288.0,Virgen,0.33021372556686396,8.0,True,True,True,0.30455016332202495
2017-02-25,0.6249340277777777,0.004240072039267771,288.0,Virgen,0.33199772983789444,8.0,True,True,True,0.2929362979398833
2017-02-26,0.6282256944444444,0.004775200840809916,288.0,Virgen,0.3348246105015278,8.0,True,True,True,0.29340108394291664
2017-02-27,0.6252326388888889,0.003438566467798153,288.0,Virgen,0.3353495225310325,8.0,True,True,True,0.2898831163578564
2017-02-28,0.6233541666666667,0.006315148261203242,288.0,Virgen,0.3341265805065632,8.0,True,True,True,0.28922758616010347
2017-03-01,0.6263333333333334,0.004854682713718009,288.0,Virgen,0.3335874751210212,8.0,True,True,True,0.2927458582123122
2017-03-02,0.6223472222222222,0.0029213128747393197,288.0,Virgen,0.33296512067317957,8.0,True,True,True,0.2893821015490426
2017-03-03,0.6232673611111111,0.0030388960461408356,288.0,Virgen,0.33386221528053284,8.0,True,True,True,0.2894051458305783
2017-03-04,0.6185763888888889,0.0031920630252157177,288.0,Virgen,0.33229076862335205,8.0,True,True,True,0.28628562026553683
2017-03-05,0.6103055555555555,0.002137365527372478,288.0,Virgen,0.33237049728631973,8.0,True,True,True,0.2779350582692358
2017-03-06,0.6041458333333334,0.00153912391932048,288.0,Virgen,0.3325917944312095,8.0,True,True,True,0.2715540389021239
2017-03-07,0.6005416666666666,0.0008295500648571647,288.0,Virgen,0.3314933329820633,8.0,True,True,True,0.26904833368460335
2017-03-08,0.6024166666666666,0.0006190922882124258,288.0,Virgen,0.33268919214606285,8.0,True,True,True,0.26972747452060375
2017-03-09,0.612017361111111,0.0032271243682198327,288.0,Virgen,0.33537335693836207,8.0,True,True,True,0.276644004172749
2017-03-10,0.6227534722222222,0.004989011104828836,288.0,Virgen,0.33682266250252724,8.0,True,True,True,0.285930809719695
2017-03-11,0.62115625,0.002491776544642824,288.0,Virgen,0.3454627469182014,8.0,True,True,True,0.2756935030817986
2017-03-12,0.6198437499999999,0.0012096717526374778,288.0,Virgen,0.34144311025738716,8.0,True,True,True,0.27840063974261275
2017-03-13,0.6198194444444445,0.004199141737059013,288.0,Virgen,0.33869175612926483,8.0,True,True,True,0.28112768831517965
2017-03-14,0.6290868055555555,0.003492565454411528,288.0,Virgen,0.34216836094856257,8.0,True,True,True,0.28691844460699295
2017-03-15,0.62534375,0.0041525646959449025,288.0,Virgen,0.347984004765749,8.0,True,True,True,0.277359745234251
2017-03-16,0.6171423611111111,0.004062732467514479,288.0,Virgen,0.3459443561732769,8.0,True,True,True,0.2711980049378342
2017-03-17,0.6072430555555556,0.001979851568637356,288.0,Virgen,0.3439987972378731,8.0,True,True,True,0.2632442583176825
2017-03-18,0.6038159722222223,0.000691527944612708,288.0,Virgen,0.34303639084100723,8.0,True,True,True,0.26077958138121504
2017-03-19,0.6061423611111111,0.0059974335958590495,288.0,Virgen,0.3435906730592251,8.0,True,True,True,0.262551688051886
2017-03-20,0.6143611111111111,0.001362059882494107,288.0,Virgen,0.34198772534728045,8.0,True,True,True,0.2723733857638307
2017-03-21,0.6116979166666666,0.00208087253040768,288.0,Virgen,0.3422819599509239,8.0,True,True,True,0.2694159567157427
2017-03-22,0.6073333333333334,0.0005961549268974822,288.0,Virgen,0.3436206467449665,8.0,True,True,True,0.2637126865883669
2017-03-23,0.6054930555555555,0.0007132057263179268,288.0,Virgen,0.342594750225544,8.0,True,True,True,0.2628983053300116
2017-03-24,0.6229166666666667,0.005431871360851325,288.0,Virgen,0.3427499979734421,8.0,True,True,True,0.2801666686932246
2017-03-25,0.6161979166666667,0.003276842381474826,288.0,Virgen,0.3421418257057667,8.0,True,True,True,0.2740560909609
2017-03-26,0.6134305555555556,0.00676293730154559,288.0,Virgen,0.34434964880347246,8.0,True,True,True,0.2690809067520831
2017-03-27,0.6154166666666667,0.0024931963168923123,288.0,Virgen,0.3435432650148868,8.0,True,True,True,0.2718734016517799
2017-03-28,0.6081041666666667,0.0016367672310507889,288.0,Virgen,0.34251624345779413,8.0,True,True,True,0.26558792320887253
2017-03-29,0.6124375,0.007208414314798835,288.0,Virgen,0.3448327966034412,8.0,True,True,True,0.2676047033965588
2017-03-30,0.6271145833333334,0.003290371736939116,288.0,Virgen,0.3498261347413063,8.0,True,True,True,0.27728844859202706
2017-03-31,0.6299166666666667,0.0031368329975239215,288.0,Virgen,0.35232166573405266,8.0,True,True,True,0.277595000932614
2017-04-01,0.6199236111111112,0.00398005456007847,288.0,Virgen,0.3516156040132046,8.0,True,True,True,0.2683080070979066
2017-04-02,0.60909375,0.002446976908969855,288.0,Virgen,0.34788108244538307,8.0,True,True,True,0.2612126675546169
2017-04-03,0.602111111111111,0.0018407357683262525,288.0,Virgen,0.3447926715016365,8.0,True,True,True,0.25731843960947454
2017-04-04,0.5971041666666665,0.0010441057391020747,288.0,Virgen,0.3433266840875149,8.0,True,True,True,0.25377748257915167
2017-04-05,0.5939201388888888,0.0007631842207872097,288.0,Virgen,0.34097814559936523,8.0,True,True,True,0.2529419932895236
2017-04-06,0.5914236111111111,0.0006992266620299566,288.0,Virgen,0.33797207847237587,8.0,True,True,True,0.2534515326387352
2017-04-07,0.5894999999999999,0.0005008703226778177,288.0,Virgen,0.33550847694277763,8.0,True,True,True,0.2539915230572223
2017-04-08,0.5898819444444444,0.0021184325537309434,288.0,Virgen,0.33432155847549433,8.0,True,True,True,0.2555603859689501
2017-04-09,0.5996493055555555,0.0010250858060644689,288.0,Virgen,0.3368002809584141,8.0,True,True,True,0.26284902459714143
2017-04-10,0.6032256944444444,0.0004508213994311409,288.0,Virgen,0.338757049292326,8.0,True,True,True,0.26446864515211843
2017-04-11,0.6039131944444445,0.0007297316129016753,288.0,Virgen,0.33952610194683075,8.0,True,True,True,0.2643870924976137
2017-04-12,0.6201354166666666,0.0038957310460651013,288.0,Virgen,0.34072773903608317,8.0,True,True,True,0.27940767763058344
2017-04-13,0.6221840277777777,0.006214865433908847,288.0,Virgen,0.339917179197073,8.0,True,True,True,0.2822668485807047
2017-04-14,0.6226111111111111,0.0037222583364808406,288.0,Virgen,0.33739152923226357,8.0,True,True,True,0.28521958187884755
2017-04-15,0.6147083333333333,0.0011035261822193068,288.0,Virgen,0.33486471325159073,8.0,True,True,True,0.2798436200817426
2017-04-16,0.6094756944444444,0.0018477124581255749,288.0,Virgen,0.3321581147611141,8.0,True,True,True,0.27731757968333026
2017-04-17,0.6046006944444444,0.0010377539756492588,288.0,Virgen,0.32982961833477015,8.0,True,True,True,0.2747710761096743
2017-04-18,0.6011319444444445,0.0010409492302889168,288.0,Virgen,0.3280309662222862,8.0,True,True,True,0.2731009782221583
2017-04-19,0.5978611111111111,0.0011175577598031823,288.0,Virgen,0.32756446674466133,8.0,True,True,True,0.27029664436644973
2017-04-20,0.6228715277777778,0.009030773275331892,288.0,Virgen,0.3350795693695545,8.0,True,True,True,0.28779195840822325
2017-04-21,0.6244375,0.004381969312108886,288.0,Virgen,0.3396271131932735,8.0,True,True,True,0.2848103868067265
2017-04-22,0.6127465277777778,0.002737337988000232,288.0,Virgen,0.3439277112483978,8.0,True,True,True,0.26881881652938
2017-04-23,0.6058993055555555,0.0019524663765623917,288.0,Virgen,0.34133531898260117,8.0,True,True,True,0.2645639865729543
2017-04-24,0.6074826388888889,0.0011625893161063374,288.0,Virgen,0.3382780738174915,8.0,True,True,True,0.2692045650713974
2017-04-25,0.6026284722222222,0.001766161340523249,288.0,Virgen,0.336533822119236,8.0,True,True,True,0.26609465010298616
2017-04-26,0.6014652777777777,0.004221090557839726,288.0,Virgen,0.3433970361948013,8.0,True,True,True,0.2580682415829764
2017-04-27,0.6249340277777777,0.0029180123824330754,288.0,Virgen,0.3493439592421055,8.0,True,True,True,0.27559006853567225
2017-04-28,0.6153923611111112,0.0023482985125379352,288.0,Virgen,0.3468229584395885,8.0,True,True,True,0.2685694026715227
2017-04-29,0.6082847222222223,0.0017596451750518083,288.0,Virgen,0.3428378142416477,8.0,True,True,True,0.2654469079805746
2017-04-30,0.6135625,0.005355278421206812,288.0,Virgen,0.3399341516196727,8.0,True,True,True,0.2736283483803273
2017-05-01,0.61359375,0.0020613151226447466,288.0,Virgen,0.3378896750509739,8.0,True,True,True,0.27570407494902616
2017-05-02,0.6074062499999999,0.0014011801272963177,288.0,Virgen,0.3356962315738201,8.0,True,True,True,0.2717100184261798
2017-05-03,0.6031527777777778,0.0010547350969138545,288.0,Virgen,0.3327906914055347,8.0,True,True,True,0.27036208637224307
2017-05-04,0.6005208333333333,0.0008219018482054165,288.0,Virgen,0.3311189189553261,8.0,True,True,True,0.2694019143780072
2017-05-05,0.602892361111111,0.0010553715174648642,288.0,Virgen,0.3300774358212948,8.0,True,True,True,0.2728149252898162
2017-05-06,0.6136805555555556,0.01344865200699553,288.0,Virgen,0.3294307254254818,8.0,True,True,True,0.28424983013007377
2017-05-07,0.6310381944444444,0.00459077239184201,288.0,Virgen,0.32830996066331863,8.0,True,True,True,0.3027282337811258
2017-05-08,0.6219236111111112,0.0032877766676255513,288.0,Virgen,0.32881644368171686,8.0,True,True,True,0.2931071674293943
2017-05-09,0.6212916666666666,0.0034039841383202226,288.0,Virgen,0.3326280154287815,8.0,True,True,True,0.28866365123788507
2017-05-10,0.6110625,0.0020438358075840555,288.0,Virgen,0.3330550119280815,8.0,True,True,True,0.27800748807191844
2017-05-11,0.6098888888888889,0.003247322372953436,288.0,Virgen,0.33336877077817917,8.0,True,True,True,0.27652011811070976
2017-05-12,0.6245833333333333,0.0030932093771472214,288.0,Virgen,0.3330354876816273,8.0,True,True,True,0.291547845651706
2017-05-13,0.6170138888888889,0.001673678629504074,288.0,Virgen,0.3341080211102962,8.0,True,True,True,0.28290586777859267
2017-05-14,0.6245381944444444,0.009027557473710842,288.0,Virgen,0.3397648483514785,8.0,True,True,True,0.28477334609296584
2017-05-15,0.6250798611111111,0.004804601160880921,288.0,Virgen,0.3445657007396221,8.0,True,True,True,0.280514160371489
2017-05-16,0.6208402777777777,0.004132244573925743,288.0,Virgen,0.3473451137542724,8.0,True,True,True,0.2734951640235053
2017-05-17,0.6125104166666666,0.0015392300328659306,288.0,Virgen,0.34499357268214226,8.0,True,True,True,0.26751684398452436
2017-05-18,0.6061666666666666,0.0017845640895040532,288.0,Virgen,0.3423566073179245,8.0,True,True,True,0.26381005934874213
2017-05-19,0.6006458333333333,0.0016056032114050245,288.0,Virgen,0.34156224876642227,8.0,True,True,True,0.25908358456691105
2017-05-20,0.5971805555555556,0.00038531905016758326,288.0,Virgen,0.33988919109106064,8.0,True,True,True,0.25729136446449496
2017-05-21,0.5977013888888889,0.00045844550417081147,288.0,Virgen,0.33770552277565,8.0,True,True,True,0.2599958661132389
2017-05-22,0.60490625,0.0068157607754185945,288.0,Virgen,0.3358363471925258,8.0,True,True,True,0.26906990280747417
2017-05-23,0.6166631944444444,0.0016404404323944763,288.0,Virgen,0.333203811198473,8.0,True,True,True,0.2834593832459714
2017-05-24,0.6103194444444444,0.0019169254483686364,288.0,Virgen,0.33048369735479355,8.0,True,True,True,0.27983574708965087
2017-05-25,0.6054861111111111,0.00143614908580902,288.0,Virgen,0.32748252898454666,8.0,True,True,True,0.2780035821265644
2017-05-26,0.6028888888888889,0.0007476896923945841,288.0,Virgen,0.32523750141263,8.0,True,True,True,0.2776513874762589
2017-05-27,0.6035972222222221,0.0004913104774869459,288.0,Virgen,0.32309605553746223,8.0,True,True,True,0.2805011666847599
2017-05-28,0.6022465277777778,0.0005457996970777969,288.0,Virgen,0.32121726870536804,8.0,True,True,True,0.2810292590724097
2017-05-29,0.5999131944444445,0.0008448034658174986,288.0,Virgen,0.3189037926495075,8.0,True,True,True,0.28100940179493694
2017-05-30,0.5970833333333333,0.0007513054840164249,288.0,Virgen,0.3166084997355938,8.0,True,True,True,0.2804748335977395
2017-05-31,0.5945243055555555,0.001100886340899296,288.0,Virgen,0.3147628381848335,8.0,True,True,True,0.27976146737072194
2017-06-01,0.5936180555555555,0.0004867087471663291,288.0,Virgen,0.3123602457344532,8.0,True,True,True,0.28125780982110227
2017-06-02,0.5935208333333333,0.0005004353505396222,288.0,Virgen,0.3105525821447372,8.0,True,True,True,0.2829682511885961
2017-06-03,0.5916701388888889,0.000565140648660134,288.0,Virgen,0.309867113828659,8.0,True,True,True,0.28180302506022986
2017-06-04,0.5908541666666667,0.00035355339059319206,288.0,Virgen,0.3084147050976753,8.0,True,True,True,0.28243946156899136
2017-06-05,0.5909340277777777,0.0005835925257913926,288.0,Virgen,0.30692293122410774,8.0,True,True,True,0.28401109655366996
2017-06-06,0.5921145833333333,0.0003190728620382006,288.0,Virgen,0.3045673705637455,8.0,True,True,True,0.28754721276958783
2017-06-07,0.5907013888888888,0.0008013913085520289,288.0,Virgen,0.302398469299078,8.0,True,True,True,0.2883029195898108
2017-06-08,0.5900902777777778,0.004769843121832432,288.0,Virgen,0.30246127769351006,8.0,True,True,True,0.2876290000842677
2017-06-09,0.6213854166666667,0.0038109592334143617,288.0,Virgen,0.30672435835003853,8.0,True,True,True,0.31466105831662816
2017-06-10,0.6134201388888889,0.0026544047899678897,288.0,Virgen,0.3083576187491417,8.0,True,True,True,0.3050625201397472
2017-06-11,0.6051944444444444,0.002299152329107903,288.0,Virgen,0.30640205740928644,8.0,True,True,True,0.2987923870351579
2017-06-12,0.6004895833333334,0.0023343882425378164,288.0,Virgen,0.3053952753543853,8.0,True,True,True,0.29509430797894803
2017-06-13,0.6212222222222222,0.007581790439205853,288.0,Virgen,0.3140057474374771,8.0,True,True,True,0.3072164747847451
2017-06-14,0.6201770833333333,0.0017370413690438933,288.0,Virgen,0.31787258014082903,8.0,True,True,True,0.3023045031925043
2017-06-15,0.6156666666666667,0.002269322758880053,288.0,Virgen,0.3147934824228286,8.0,True,True,True,0.3008731842438381
2017-06-16,0.6201284722222222,0.0039598360433878285,288.0,Virgen,0.3121285140514374,8.0,True,True,True,0.30799995817078485
2017-06-17,0.6138402777777778,0.0026834456876947614,288.0,Virgen,0.3094138391315937,8.0,True,True,True,0.3044264386461841
2017-06-18,0.6054965277777777,0.0023209367685368266,288.0,Virgen,0.30719178915023804,8.0,True,True,True,0.2983047386275397
2017-06-19,0.5992291666666667,0.0015804500307355109,288.0,Virgen,0.3061811663210392,8.0,True,True,True,0.2930480003456275
2017-06-20,0.60015625,0.01098715892075052,288.0,Virgen,0.3071543164551258,8.0,True,True,True,0.29300193354487414
2017-06-21,0.6304687499999999,0.0035874921845512327,288.0,Virgen,0.3102205581963062,8.0,True,True,True,0.32024819180369374
2017-06-22,0.6186597222222222,0.0030504770734316546,288.0,Virgen,0.3097239322960377,8.0,True,True,True,0.30893578992618453
2017-06-23,0.6090069444444445,0.002660844035166413,288.0,Virgen,0.3068828284740448,8.0,True,True,True,0.3021241159703997
2017-06-24,0.6016319444444443,0.001852567773601704,288.0,Virgen,0.30479238182306284,8.0,True,True,True,0.2968395626213815
2017-06-25,0.5963715277777778,0.001444979929182775,288.0,Virgen,0.30306338146328926,8.0,True,True,True,0.29330814631448854
2017-06-26,0.5928993055555556,0.0007743264154085187,288.0,Virgen,0.30129338800907135,8.0,True,True,True,0.29160591754648424
2017-06-27,0.5902395833333334,0.0008399202509013995,288.0,Virgen,0.30070918425917625,8.0,True,True,True,0.2895303990741571
2017-06-28,0.5878854166666666,0.0006864003717822661,288.0,Virgen,0.3002750165760517,8.0,True,True,True,0.2876104000906149
2017-06-29,0.5858993055555555,0.0006304687187047068,288.0,Virgen,0.30001895874738693,8.0,True,True,True,0.28588034680816854
2017-06-30,0.58453125,0.0004998911031239489,288.0,Virgen,0.2974683456122875,8.0,True,True,True,0.2870629043877124
2017-07-01,0.5830243055555555,0.0005927255333445514,288.0,Virgen,0.2956299223005771,8.0,True,True,True,0.2873943832549784
2017-07-02,0.5813402777777777,0.0004746272249988797,288.0,Virgen,0.2939494401216507,8.0,True,True,True,0.28739083765612705
2017-07-03,0.5801805555555555,0.0003853190501674834,288.0,Virgen,0.29489510133862495,8.0,True,True,True,0.2852854542169305
2017-07-04,0.5813263888888889,0.0004984975490678675,288.0,Virgen,0.2959621883928776,8.0,True,True,True,0.2853642004960113
2017-07-05,0.582,0.0,288.0,Virgen,0.2943006306886673,8.0,True,True,True,0.28769936931133266
2017-07-06,0.5819131944444443,0.0002820399872254269,288.0,Virgen,0.29262102022767067,8.0,True,True,True,0.28929217421677367
2017-07-07,0.5843958333333332,0.0036649174900753325,288.0,Virgen,0.2913545072078705,8.0,True,True,True,0.29304132612546274
2017-07-08,0.5941666666666667,0.0014043238357089676,288.0,Virgen,0.2891828343272209,8.0,True,True,True,0.3049838323394458
2017-07-09,0.5955138888888888,0.000500677048380436,288.0,Virgen,0.2874275334179401,8.0,True,True,True,0.3080863554709487
2017-07-10,0.5945520833333333,0.0004981455155912168,288.0,Virgen,0.2857743203639984,8.0,True,True,True,0.3087777629693349
2017-07-11,0.5927881944444444,0.0007514906466649415,288.0,Virgen,0.2842352092266083,8.0,True,True,True,0.30855298521783614
2017-07-12,0.5901701388888889,0.0011546952996343565,288.0,Virgen,0.28312343731522555,8.0,True,True,True,0.30704670157366337
2017-07-13,0.5864097222222222,0.0013299718078509353,288.0,Virgen,0.2816326655447483,8.0,True,True,True,0.3047770566774739
2017-07-14,0.5822152777777778,0.0014940681523361663,288.0,Virgen,0.2798454202711582,8.0,True,True,True,0.3023698575066196
2017-07-15,0.5779201388888888,0.0016178051058253593,288.0,Virgen,0.2784937359392643,8.0,True,True,True,0.2994264029496245
2017-07-16,0.5736527777777778,0.0014546306903192694,288.0,Virgen,0.27678569033741945,8.0,True,True,True,0.29686708744035833
2017-07-17,0.5702291666666667,0.0005501821047908187,288.0,Virgen,0.27539145946502686,8.0,True,True,True,0.2948377072016398
2017-07-18,0.5683541666666666,0.00047909249287022085,288.0,Virgen,0.27696777507662773,8.0,True,True,True,0.2913863915900389
2017-07-19,0.5671770833333333,0.00038240368512505024,288.0,Virgen,0.2789220102131366,8.0,True,True,True,0.28825507312019666
2017-07-20,0.568204861111111,0.000404302619111574,288.0,Virgen,0.27809121832251543,8.0,True,True,True,0.2901136427885956
2017-07-21,0.5685277777777777,0.0005000967773162303,288.0,Virgen,0.2757332623004913,8.0,True,True,True,0.29279451547728647
2017-07-22,0.5677777777777777,0.0004164633650362139,288.0,Virgen,0.27407480776309967,8.0,True,True,True,0.29370297001467804
2017-07-23,0.5685590277777777,0.0010900189043171061,288.0,Virgen,0.27265664190053934,8.0,True,True,True,0.2959023858772383
2017-07-24,0.5718506944444444,0.0005978470697878044,288.0,Virgen,0.2707401141524315,8.0,True,True,True,0.3011105802920129
2017-07-25,0.585125,0.01455872405099534,288.0,Virgen,0.2693713419139385,8.0,True,True,True,0.3157536580860615
2017-07-26,0.6335416666666667,0.007508299704988357,288.0,Virgen,0.2679879628121853,8.0,True,True,True,0.3655537038544814
2017-07-27,0.6343784722222222,0.00243647266586174,288.0,Virgen,0.26599398627877235,8.0,True,True,True,0.36838448594344986
2017-07-28,0.6255347222222222,0.0021426909859440426,288.0,Virgen,0.26496513187885284,8.0,True,True,True,0.36056959034336933
2017-07-29,0.6189895833333333,0.0016197482812997641,288.0,Virgen,0.26446931064128876,8.0,True,True,True,0.35452027269204456
2017-07-30,0.6142569444444445,0.0012563235328537888,288.0,Virgen,0.2634204737842083,8.0,True,True,True,0.35083647066023615
2017-07-31,0.6104652777777777,0.0011440693580766707,288.0,Virgen,0.2627008073031902,8.0,True,True,True,0.34776447047458753
2017-08-01,0.6070659722222222,0.0012321852882549145,288.0,Virgen,0.2609509564936161,8.0,True,True,True,0.34611501572860615
2017-08-02,0.6031493055555556,0.0013724261448384407,288.0,Virgen,0.2590075805783272,8.0,True,True,True,0.3441417249772284
2017-08-03,0.5993715277777778,0.0009793095195668217,288.0,Virgen,0.2576141841709614,8.0,True,True,True,0.3417573436068164
2017-08-04,0.5965416666666666,0.0007730206825239419,288.0,Virgen,0.25618071109056473,8.0,True,True,True,0.3403609555761019
2017-08-05,0.5942430555555556,0.0004533503276174641,288.0,Virgen,0.2573556490242481,8.0,True,True,True,0.33688740653130744
2017-08-06,0.5923888888888889,0.0006945392889162015,288.0,Virgen,0.25739961117506027,8.0,True,True,True,0.3349892777138286
2017-08-07,0.5902118055555555,0.0004177251364064927,288.0,Virgen,0.2554535791277885,8.0,True,True,True,0.33475822642776704
2017-08-08,0.5892604166666666,0.00044748133708371934,288.0,Virgen,0.2542105205357075,8.0,True,True,True,0.33504989613095915
2017-08-09,0.5918020833333333,0.000965825007054454,288.0,Virgen,0.2524350546300411,8.0,True,True,True,0.33936702870329216
2017-08-10,0.593,0.0,288.0,Virgen,0.25101287476718426,8.0,True,True,True,0.3419871252328157
2017-08-11,0.592486111111111,0.0005006770483804147,288.0,Virgen,0.24990273453295228,8.0,True,True,True,0.34258337657815874
2017-08-12,0.5904340277777778,0.0009995583132190278,288.0,Virgen,0.248830072581768,8.0,True,True,True,0.3416039551960097
2017-08-13,0.5879201388888888,0.0008413594326614246,288.0,Virgen,0.24789199419319627,8.0,True,True,True,0.34002814469569254
2017-08-14,0.5848958333333333,0.00129441981137615,288.0,Virgen,0.24636575393378732,8.0,True,True,True,0.33853007939954594
2017-08-15,0.5810763888888889,0.0012936718727867304,288.0,Virgen,0.2439778726547956,8.0,True,True,True,0.3370985162340933
2017-08-16,0.57765625,0.0011760809395219497,288.0,Virgen,0.24278106726706022,8.0,True,True,True,0.33487518273293976
2017-08-17,0.573642361111111,0.0017944583630943086,288.0,Virgen,0.24158483184874055,8.0,True,True,True,0.3320575292623704
2017-08-18,0.5693576388888889,0.0011356791923909093,288.0,Virgen,0.2405795585364103,8.0,True,True,True,0.3287780803524786
2017-08-19,0.5684444444444444,0.0004977689286310458,288.0,Virgen,0.2427109684795141,8.0,True,True,True,0.3257334759649303
2017-08-20,0.5719340277777777,0.0015923888304617037,288.0,Virgen,0.25278097763657564,8.0,True,True,True,0.31915305014120204
2017-08-21,0.5746979166666666,0.0004599604209604372,288.0,Virgen,0.2512335106730461,8.0,True,True,True,0.3234644059936205
2017-08-22,0.5757881944444444,0.0004092989719884288,288.0,Virgen,0.24984873831272122,8.0,True,True,True,0.32593945613172315
2017-08-23,0.5755555555555555,0.0004977689286309745,288.0,Virgen,0.24864740483462808,8.0,True,True,True,0.3269081507209274
2017-08-24,0.5739722222222221,0.0009291594076374169,288.0,Virgen,0.24712136201560492,8.0,True,True,True,0.3268508602066172
2017-08-25,0.5720833333333333,0.0002768664881576999,288.0,Virgen,0.2446467019617557,8.0,True,True,True,0.3274366313715776
2017-08-26,0.5706840277777778,0.0006890040476098693,288.0,Virgen,0.24357084557414052,8.0,True,True,True,0.3271131822036373
2017-08-27,0.5690416666666667,0.0007360786959895983,288.0,Virgen,0.24219093285500998,8.0,True,True,True,0.3268507338116567
2017-08-28,0.568,0.0,288.0,Virgen,0.24034058861434457,8.0,True,True,True,0.32765941138565535
2017-08-29,0.5680277777777777,0.00016462159944160637,288.0,Virgen,0.24150559306144712,8.0,True,True,True,0.32652218471633054
2017-08-30,0.5689236111111111,0.00026608167542055736,288.0,Virgen,0.24071909859776494,8.0,True,True,True,0.32820451251334615
2017-08-31,0.569,0.0,288.0,Virgen,0.2390979249030351,8.0,True,True,True,0.32990207509696484
2017-09-01,0.5682395833333334,0.0004275721509299433,288.0,Virgen,0.2376707941293716,8.0,True,True,True,0.33056878920396177
2017-09-02,0.568,0.0,288.0,Virgen,0.23625335283577437,8.0,True,True,True,0.3317466471642256
2017-09-03,0.5676111111111111,0.0004883465826889578,288.0,Virgen,0.2350569404661655,8.0,True,True,True,0.3325541706449456
2017-09-04,0.5664965277777777,0.0005661672835424054,288.0,Virgen,0.23387818038463587,8.0,True,True,True,0.33261834739314183
2017-09-05,0.5642743055555556,0.0009687267787233252,288.0,Virgen,0.23255315795540804,8.0,True,True,True,0.33172114760014754
2017-09-06,0.56190625,0.0006260009406545012,288.0,Virgen,0.2313039246946573,8.0,True,True,True,0.3306023253053427
2017-09-07,0.5601701388888889,0.0008485757578908673,288.0,Virgen,0.22938394173979754,8.0,True,True,True,0.33078619714909135
2017-09-08,0.5575173611111112,0.0013381473417260635,288.0,Virgen,0.22848642431199548,8.0,True,True,True,0.32903093679911566
2017-09-09,0.5545590277777779,0.0005630817635092005,288.0,Virgen,0.22848140075802797,8.0,True,True,True,0.3260776270197499
2017-09-10,0.5526875,0.0006569780887207476,288.0,Virgen,0.22870258614420888,8.0,True,True,True,0.3239849138557911
2017-09-11,0.5508680555555556,0.0008492384600683833,288.0,Virgen,0.2280781455338001,8.0,True,True,True,0.3227899100217555
2017-09-12,0.5483194444444446,0.0012334070982746724,288.0,Virgen,0.2280027456581592,8.0,True,True,True,0.3203166987862854
2017-09-13,0.5455381944444445,0.0004994068297207992,288.0,Virgen,0.22697566635906694,8.0,True,True,True,0.31856252808537755
2017-09-14,0.5439027777777778,0.0003699410339009268,288.0,Virgen,0.2270429879426956,8.0,True,True,True,0.31685978983508223
2017-09-15,0.5425694444444445,0.0004960158727619126,288.0,Virgen,0.226129375398159,8.0,True,True,True,0.3164400690462855
2017-09-16,0.5410381944444445,0.00045178646983326434,288.0,Virgen,0.22516507655382154,8.0,True,True,True,0.3158731178906229
2017-09-17,0.5396180555555555,0.0004867087471665051,288.0,Virgen,0.2248090393841266,8.0,True,True,True,0.3148090161714289
2017-09-18,0.539,0.0,288.0,Virgen,0.22620952688157556,8.0,True,True,True,0.31279047311842445
2017-09-19,0.5380243055555556,0.0009348645043542639,288.0,Virgen,0.22566165402531618,8.0,True,True,True,0.3123626515302394
2017-09-20,0.5354583333333334,0.0013006297054357562,288.0,Virgen,0.22337245754897592,8.0,True,True,True,0.3120858757843574
2017-09-21,0.5322847222222222,0.0014297154729948202,288.0,Virgen,0.22135002724826333,8.0,True,True,True,0.31093469497395887
2017-09-22,0.5291909722222222,0.0008017761810643194,288.0,Virgen,0.22023035399615762,8.0,True,True,True,0.3089606182260646
2017-09-23,0.5275347222222222,0.0004996611317808114,288.0,Virgen,0.22117913328111166,8.0,True,True,True,0.30635558894111053
2017-09-24,0.5263055555555556,0.000544568080331147,288.0,Virgen,0.22116990014910695,8.0,True,True,True,0.3051356554064486
2017-09-25,0.5246736111111111,0.000525713202123241,288.0,Virgen,0.22046572528779504,8.0,True,True,True,0.30420788582331604
2017-09-26,0.5229791666666667,0.000809083879915311,288.0,Virgen,0.21930291131138796,8.0,True,True,True,0.3036762553552787
2017-09-27,0.5207743055555556,0.0011632135307662133,288.0,Virgen,0.21897006593644616,8.0,True,True,True,0.3018042396191094
2017-09-28,0.5181076388888889,0.0008945502723169572,288.0,Virgen,0.21720522083342073,8.0,True,True,True,0.30090241805546813
2017-09-29,0.5149756944444445,0.0011150379458098913,288.0,Virgen,0.2156513556838035,8.0,True,True,True,0.29932433876064096
2017-09-30,0.5124583333333333,0.0004991281597552062,288.0,Virgen,0.22005780972540376,8.0,True,True,True,0.29240052360792956
2017-10-01,0.512,0.0,288.0,Virgen,0.2202117703855037,8.0,True,True,True,0.2917882296144963
2017-10-02,0.5111631944444445,0.0009207818619635359,288.0,Virgen,0.21863708831369874,8.0,True,True,True,0.2925261061307457
2017-10-03,0.5093506944444445,0.0007503306149598926,288.0,Virgen,0.21750971488654608,8.0,True,True,True,0.2918409795578984
2017-10-04,0.5307395833333334,0.00850404059526946,288.0,Virgen,0.21842232532799238,8.0,True,True,True,0.312317258005341
2017-10-05,0.5695833333333333,0.005903403612834765,288.0,Virgen,0.22267095558345315,8.0,True,True,True,0.34691237774988015
2017-10-06,0.5722534722222222,0.000761660865797218,288.0,Virgen,0.2212633695453405,8.0,True,True,True,0.3509901026768817
2017-10-07,0.5713472222222221,0.00047691582387067444,288.0,Virgen,0.2199004273861646,8.0,True,True,True,0.3514467948360575
2017-10-08,0.5702048611111111,0.0009350197867147502,288.0,Virgen,0.21952932514250276,8.0,True,True,True,0.35067553596860834
2017-10-09,0.5690833333333333,0.0002768664881577677,288.0,Virgen,0.22036376781761643,8.0,True,True,True,0.3487195655157168
2017-10-10,0.5686215277777777,0.000485850408495113,288.0,Virgen,0.22027190215885636,8.0,True,True,True,0.34834962561892135
2017-10-11,0.5673159722222221,0.0007791859590671675,288.0,Virgen,0.21902523934841153,8.0,True,True,True,0.3482907328738105
2017-10-12,0.5652916666666665,0.0004553208464048619,288.0,Virgen,0.21811535768210885,8.0,True,True,True,0.34717630898455765
2017-10-13,0.5634861111111111,0.0007465237543670723,288.0,Virgen,0.21719605103135103,8.0,True,True,True,0.3462900600797601
2017-10-14,0.5610416666666667,0.000874533225423373,288.0,Virgen,0.21574304066598413,8.0,True,True,True,0.3452986260006825
2017-10-15,0.5588784722222223,0.0006645491195742108,288.0,Virgen,0.21360737271606917,8.0,True,True,True,0.34527109950615315
2017-10-16,0.5569618055555555,0.0006036470491678848,288.0,Virgen,0.2127678673714399,8.0,True,True,True,0.3441939381841156
2017-10-17,0.5567395833333334,0.0011768213698710671,288.0,Virgen,0.21208466589450833,8.0,True,True,True,0.34465491743882504
2017-10-18,0.5642847222222221,0.00226367526525827,288.0,Virgen,0.21064504981040952,8.0,True,True,True,0.3536396724118126
2017-10-19,0.5687465277777777,0.0004357560923819677,288.0,Virgen,0.21021053381264204,8.0,True,True,True,0.35853599396513564
2017-10-20,0.5685833333333332,0.0004938647983247845,288.0,Virgen,0.21020305901765818,8.0,True,True,True,0.35838027431567504
2017-10-21,0.5674791666666666,0.0005004353505396457,288.0,Virgen,0.2095533218234777,8.0,True,True,True,0.35792584484318896
2017-10-22,0.5696805555555555,0.001463387210995921,288.0,Virgen,0.2088936492800712,8.0,True,True,True,0.3607869062754843
2017-10-23,0.5783923611111111,0.0030021265369247017,288.0,Virgen,0.2082183845341205,8.0,True,True,True,0.37017397657699064
2017-10-24,0.5941979166666667,0.0023461130654083393,288.0,Virgen,0.2074688989669084,8.0,True,True,True,0.38672901769975826
2017-10-25,0.5945806451612903,0.0004954553492970193,124.0,Virgen,0.20730848424136633,8.0,True,True,True,0.38727216091992395
2017-12-04,0.546,0.0,155.0,Virgen,0.20777599513530726,8.0,True,True,True,0.3382240048646928
2017-12-05,0.546,0.0,288.0,Virgen,0.20659908838570115,8.0,True,True,True,0.33940091161429886
2017-12-06,0.546,0.0,288.0,Virgen,0.2059101853519678,8.0,True,True,True,0.34008981464803223
2017-12-07,0.54559375,0.0004919871885815548,288.0,Virgen,0.20521633513271803,8.0,True,True,True,0.34037741486728196
2017-12-08,0.5444166666666667,0.0006466208061136257,288.0,Virgen,0.20405454188585279,8.0,True,True,True,0.34036212478081385
2017-12-09,0.5449375000000001,0.005697629252073099,288.0,Virgen,0.20467677153646943,8.0,True,True,True,0.3402607284635306
2017-12-10,0.5753854166666666,0.005616122495239233,288.0,Virgen,0.20738947205245492,8.0,True,True,True,0.3679959446142117
2017-12-11,0.595204861111111,0.004178471952186222,288.0,Virgen,0.2076742649078369,8.0,True,True,True,0.3875305962032741
2017-12-12,0.6016111111111111,0.0011841644526947282,288.0,Virgen,0.21206974051892755,8.0,True,True,True,0.3895413705921835
2017-12-13,0.5971631944444444,0.0015339705727810335,288.0,Virgen,0.2151141185313463,8.0,True,True,True,0.3820490759130981
2017-12-14,0.5919722222222222,0.0018626886432799227,288.0,Virgen,0.21429391391575334,8.0,True,True,True,0.37767830830646887
2017-12-15,0.58653125,0.0016503813834388198,288.0,Virgen,0.21266106888651842,8.0,True,True,True,0.3738701811134815
2017-12-16,0.5819270833333333,0.001527299488713135,288.0,Virgen,0.2111879307776689,8.0,True,True,True,0.3707391525556644
2017-12-17,0.5771493055555555,0.001659708908937666,288.0,Virgen,0.20991397835314268,8.0,True,True,True,0.36723532720241286
2017-12-18,0.5724062499999999,0.0014061447405437,288.0,Virgen,0.20864469185471532,8.0,True,True,True,0.36376155814528455
2017-12-19,0.5686354166666666,0.0011667859155913116,288.0,Virgen,0.2075606901198625,8.0,True,True,True,0.3610747265468041
2017-12-20,0.5652256944444445,0.0013229808243927631,288.0,Virgen,0.20721183530986306,8.0,True,True,True,0.3580138591345814
2017-12-21,0.5617256944444445,0.0011374674802733923,288.0,Virgen,0.2061200030148029,8.0,True,True,True,0.3556056914296416
2017-12-22,0.5583576388888889,0.0011045726851951635,288.0,Virgen,0.20574281364679334,8.0,True,True,True,0.35261482524209553
2017-12-23,0.5544583333333334,0.0015043490958186923,288.0,Virgen,0.20513423904776568,8.0,True,True,True,0.3493240942855677
2017-12-24,0.550013888888889,0.00157057485696764,288.0,Virgen,0.2042101230472326,8.0,True,True,True,0.3458037658416564
2017-12-25,0.5460173611111112,0.0008531825936653363,288.0,Virgen,0.20412177965044973,8.0,True,True,True,0.34189558146066146
2017-12-26,0.558763888888889,0.012581434312249744,288.0,Virgen,0.20592293515801424,8.0,True,True,True,0.3528409537308747
2017-12-27,0.6042847222222222,0.009098886246845055,288.0,Virgen,0.20968504250049588,8.0,True,True,True,0.39459967972172627
2017-12-28,0.6169930555555555,0.005339350373224456,288.0,Virgen,0.21855434402823445,8.0,True,True,True,0.398438711527321
2017-12-29,0.6159548611111112,0.004275533340589885,288.0,Virgen,0.22914612293243405,8.0,True,True,True,0.3868087381786771
2017-12-30,0.6146041666666666,0.007503048161068736,288.0,Virgen,0.23601244576275343,8.0,True,True,True,0.3785917209039132
2017-12-31,0.6148715277777778,0.0025974032380643476,288.0,Virgen,0.24346810579299924,8.0,True,True,True,0.3714034219847785
2018-01-01,0.6116909722222222,0.002899895785570661,288.0,Virgen,0.25329083576798433,8.0,True,True,True,0.3584001364542379
2018-01-02,0.61403125,0.0021157438292995724,288.0,Virgen,0.2556783556938171,8.0,True,True,True,0.35835289430618295
2018-01-03,0.6109548611111111,0.0027676662167364164,288.0,Virgen,0.25328467041254044,8.0,True,True,True,0.35767019069857064
2018-01-04,0.603017361111111,0.0019603323995005307,288.0,Virgen,0.25116922147572035,8.0,True,True,True,0.3518481396353907
2018-01-05,0.6014722222222222,0.000500096777316288,288.0,Virgen,0.2570565864443779,8.0,True,True,True,0.3444156357778443
2018-01-06,0.5988993055555556,0.0012743514591753223,288.0,Virgen,0.26053217425942415,8.0,True,True,True,0.33836713129613144
2018-01-07,0.5943125,0.0017429549581279777,288.0,Virgen,0.2595450654625892,8.0,True,True,True,0.3347674345374108
2018-01-08,0.589298611111111,0.0016926974168772835,288.0,Virgen,0.25868485122919077,8.0,True,True,True,0.33061375988192027
2018-01-09,0.5844374999999999,0.0016767263192980148,288.0,Virgen,0.25723289325833315,8.0,True,True,True,0.3272046067416668
2018-01-10,0.5859930555555555,0.009837704987015033,288.0,Virgen,0.2583616599440574,8.0,True,True,True,0.32763139561149807
2018-01-11,0.6099201388888889,0.0010243774253480078,288.0,Virgen,0.26437119394540787,8.0,True,True,True,0.345548944943481
2018-01-12,0.6115902777777777,0.002519369409638611,288.0,Virgen,0.2692533954977989,8.0,True,True,True,0.3423368822799788
2018-01-13,0.6224166666666666,0.012541499057380391,288.0,Virgen,0.26909892633557314,8.0,True,True,True,0.3533177403310935
2018-01-14,0.6259236111111111,0.004584597545001463,288.0,Virgen,0.2724500373005867,8.0,True,True,True,0.35347357381052436
2018-01-15,0.6262152777777777,0.009352681848662043,288.0,Virgen,0.2787969782948494,8.0,True,True,True,0.34741829948292835
2018-01-16,0.6250833333333333,0.005281616266189123,288.0,Virgen,0.28273237496614456,8.0,True,True,True,0.34235095836718876
2018-01-17,0.6172673611111111,0.0014559899041035364,288.0,Virgen,0.28384043648838997,8.0,True,True,True,0.33342692462272117
2018-01-18,0.6111736111111111,0.0018993116710659048,288.0,Virgen,0.28339002281427383,8.0,True,True,True,0.3277835882968373
2018-01-19,0.6129201388888889,0.0052042475263131835,288.0,Virgen,0.28275835514068604,8.0,True,True,True,0.3301617837482028
2018-01-20,0.6301458333333333,0.0026476437489969464,288.0,Virgen,0.2820725068449974,8.0,True,True,True,0.3480733264883359
2018-01-21,0.6243541666666667,0.0015117138438354469,288.0,Virgen,0.28108077868819237,8.0,True,True,True,0.3432733879784743
2018-01-22,0.6144895833333333,0.0029442962931776153,288.0,Virgen,0.27960299327969546,8.0,True,True,True,0.3348865900536378
2018-01-23,0.6065763888888889,0.0018273182921761187,288.0,Virgen,0.27799763903021807,8.0,True,True,True,0.3285787498586708
2018-01-24,0.6014236111111111,0.001280134254234787,288.0,Virgen,0.27635036408901215,8.0,True,True,True,0.32507324702209894
2018-01-25,0.5979930555555555,0.0003824827709500413,288.0,Virgen,0.27475832402706146,8.0,True,True,True,0.323234731528494
2018-01-26,0.5966770833333332,0.00046840507053671083,288.0,Virgen,0.27354078739881516,8.0,True,True,True,0.3231362959345181
2018-01-27,0.5948090277777777,0.0006743083377929701,288.0,Virgen,0.27181226760148997,8.0,True,True,True,0.3229967601762877
2018-01-28,0.5921701388888888,0.0010990385320490711,288.0,Virgen,0.2700299508869648,8.0,True,True,True,0.322140188001924
2018-01-29,0.5888333333333333,0.0010189835750060538,288.0,Virgen,0.2692837193608284,8.0,True,True,True,0.3195496139725049
2018-01-30,0.5853645833333333,0.0014658942045097127,288.0,Virgen,0.26716771349310875,8.0,True,True,True,0.31819686984022455
2018-01-31,0.5814374999999999,0.0012109762238103176,288.0,Virgen,0.26604821160435677,8.0,True,True,True,0.3153892883956432
2018-02-01,0.5776597222222222,0.001369977717687611,288.0,Virgen,0.2660173587501049,8.0,True,True,True,0.31164236347211727
2018-02-02,0.5737395833333333,0.0012652811589324005,288.0,Virgen,0.2659887857735157,8.0,True,True,True,0.3077507975598176
2018-02-03,0.5706979166666666,0.0006851301409983024,288.0,Virgen,0.2685217298567295,8.0,True,True,True,0.3021761868099371
2018-02-04,0.5685972222222221,0.0011735733837431124,288.0,Virgen,0.27043477818369865,8.0,True,True,True,0.29816244403852343
2018-02-05,0.5646111111111111,0.0016907665255904228,288.0,Virgen,0.2693190351128578,8.0,True,True,True,0.29529207599825325
2018-02-06,0.5609166666666667,0.0007132396521461448,288.0,Virgen,0.2693944424390793,8.0,True,True,True,0.29152222422758745
2018-02-07,0.5585868055555556,0.0011891346971276266,288.0,Virgen,0.26979566365480423,8.0,True,True,True,0.2887911419007514
2018-02-08,0.5550104166666667,0.0011878724429693801,288.0,Virgen,0.26949228718876833,8.0,True,True,True,0.2855181294778984
2018-02-09,0.5519375000000001,0.0009497386400060351,288.0,Virgen,0.26905062794685364,8.0,True,True,True,0.28288687205314644
2018-02-10,0.5493055555555556,0.0007445764671070985,288.0,Virgen,0.27057479694485664,8.0,True,True,True,0.27873075861069896
2018-02-11,0.546875,0.0008785083969342896,288.0,Virgen,0.27522192522883415,8.0,True,True,True,0.27165307477116585
2018-02-12,0.5440034722222222,0.0009788646765385444,288.0,Virgen,0.2735496386885643,8.0,True,True,True,0.27045383353365793
2018-02-13,0.5409895833333334,0.001054224536245426,288.0,Virgen,0.2725770138204097,8.0,True,True,True,0.26841256951292364
2018-02-14,0.5381354166666666,0.000687668256255851,288.0,Virgen,0.2760037221014499,8.0,True,True,True,0.26213169456521673
2018-02-15,0.536420138888889,0.0004944401488370137,288.0,Virgen,0.27924272790551186,8.0,True,True,True,0.2571774109833771
2018-02-16,0.5351979166666667,0.000399122513130852,288.0,Virgen,0.28280205652117724,8.0,True,True,True,0.2523958601454895
2018-02-17,0.5340034722222222,0.0003590372714521663,288.0,Virgen,0.28091952204704285,8.0,True,True,True,0.2530839501751794
2018-02-18,0.5329479166666666,0.00022258185668834154,288.0,Virgen,0.28465721756219864,8.0,True,True,True,0.248290699104468
2018-02-19,0.5329236111111111,0.002368727325887483,288.0,Virgen,0.2958202175796032,8.0,True,True,True,0.2371033935315079
2018-02-20,0.5635034722222222,0.016366022051712406,288.0,Virgen,0.3084537871181965,8.0,True,True,True,0.2550496851040257
2018-02-21,0.5852395833333333,0.0007841388227732752,288.0,Virgen,0.31532720103859896,8.0,True,True,True,0.2699123822947343
2018-02-22,0.5824236111111111,0.0009150682928843815,288.0,Virgen,0.31498297676444054,8.0,True,True,True,0.26744063434667054
2018-02-23,0.5842847222222223,0.0008193070450502131,288.0,Virgen,0.3188020475208759,8.0,True,True,True,0.2654826747013464
2018-02-24,0.5827256944444444,0.001265089908954484,288.0,Virgen,0.32016002014279366,8.0,True,True,True,0.2625656743016508
2018-02-25,0.5785451388888888,0.0016584838322269574,288.0,Virgen,0.31921103596687317,8.0,True,True,True,0.25933410292201564
2018-02-26,0.5738993055555555,0.0014459843001244357,288.0,Virgen,0.31878093630075455,8.0,True,True,True,0.2551183692548009
2018-02-27,0.5698263888888888,0.001270572101442294,288.0,Virgen,0.31887688860297203,8.0,True,True,True,0.2509495002859168
2018-02-28,0.566861111111111,0.0007569525469560711,288.0,Virgen,0.31930710375308985,8.0,True,True,True,0.2475540073580212
2018-03-01,0.5645833333333333,0.0005345224838248226,288.0,Virgen,0.3202621825039387,8.0,True,True,True,0.24432115082939465
2018-03-02,0.5626458333333333,0.0005073501563857029,288.0,Virgen,0.31928567960858345,8.0,True,True,True,0.24336015372474984
2018-03-03,0.5612743055555556,0.00044694027971031925,288.0,Virgen,0.3169200308620929,8.0,True,True,True,0.24435427469346266
2018-03-04,0.5602430555555556,0.0004296749890392302,288.0,Virgen,0.3152712285518646,8.0,True,True,True,0.24497182700369102
2018-03-05,0.5593472222222222,0.0004769158238710245,288.0,Virgen,0.31423937156796455,8.0,True,True,True,0.24510785065425766
2018-03-06,0.5589930555555556,8.318802662586784e-05,288.0,Virgen,0.31331247836351395,8.0,True,True,True,0.24568057719204162
2018-03-07,0.5581666666666667,0.000373326696473317,288.0,Virgen,0.3110182285308838,8.0,True,True,True,0.2471484381357829
2018-03-08,0.558,0.0,288.0,Virgen,0.30865626037120814,8.0,True,True,True,0.24934373962879192
2018-03-09,0.5579756944444445,0.00015426414189379642,288.0,Virgen,0.3073327951133251,8.0,True,True,True,0.2506428993311194
2018-03-10,0.558,0.0,288.0,Virgen,0.3066886067390442,8.0,True,True,True,0.25131139326095586
2018-03-11,0.5574930555555556,0.0005008220110961541,288.0,Virgen,0.3039179928600788,8.0,True,True,True,0.2535750626954768
2018-03-12,0.55659375,0.0004919871885813675,288.0,Virgen,0.302087165415287,8.0,True,True,True,0.254506584584713
2018-03-13,0.5548125,0.0009697066620648629,288.0,Virgen,0.302280779927969,8.0,True,True,True,0.25253172007203106
2018-03-14,0.5518159722222222,0.0011645856253054625,288.0,Virgen,0.3011721260845661,8.0,True,True,True,0.2506438461376561
2018-03-15,0.5488229166666667,0.0011230383594495307,288.0,Virgen,0.29977958276867867,8.0,True,True,True,0.24904333389798805
2018-03-16,0.5459652777777778,0.0007999407159604349,288.0,Virgen,0.29899774864315987,8.0,True,True,True,0.24696752913461795
2018-03-17,0.5442118055555556,0.0006783867446374982,288.0,Virgen,0.2997291013598442,8.0,True,True,True,0.2444827041957114
2018-03-18,0.5421597222222223,0.0009042154043607639,288.0,Virgen,0.2989268228411674,8.0,True,True,True,0.2432328993810549
2018-03-19,0.5448090277777777,0.004938823135564058,288.0,Virgen,0.29828439280390734,8.0,True,True,True,0.2465246349738704
2018-03-20,0.5553645833333334,0.0006539047816117595,288.0,Virgen,0.30008023604750633,8.0,True,True,True,0.25528434728582705
2018-03-21,0.5548125,0.0003909917703224687,288.0,Virgen,0.29811450093984604,8.0,True,True,True,0.256697999060154
2018-03-22,0.5536631944444445,0.00047344044771237276,288.0,Virgen,0.29608701542019844,8.0,True,True,True,0.257576179024246
2018-03-23,0.5527361111111112,0.0013329703338620274,288.0,Virgen,0.2991434223949909,8.0,True,True,True,0.2535926887161203
2018-03-24,0.5726180555555556,0.007694965572415793,288.0,Virgen,0.3237929902970791,8.0,True,True,True,0.24882506525847647
2018-03-25,0.5837881944444444,0.00040929897198858754,288.0,Virgen,0.32606688886880875,8.0,True,True,True,0.25772130557563566
2018-03-26,0.581861111111111,0.000743014962835854,288.0,Virgen,0.3247906677424907,8.0,True,True,True,0.25707044336862034
2018-03-27,0.5812326388888889,0.00042324939495418736,288.0,Virgen,0.32211389020085335,8.0,True,True,True,0.2591187486880355
2018-03-28,0.5795034722222222,0.0006302384034783529,288.0,Virgen,0.3206654377281666,8.0,True,True,True,0.2588380344940556
2018-03-29,0.5770763888888888,0.0007285120256957303,288.0,Virgen,0.31893739104270935,8.0,True,True,True,0.25813899784617944
2018-03-30,0.5746666666666667,0.0009806490064582895,288.0,Virgen,0.3173341862857341,8.0,True,True,True,0.25733248038093254
2018-03-31,0.5818715277777777,0.003907576187962733,288.0,Virgen,0.31945220381021494,8.0,True,True,True,0.2624193239675628
2018-04-01,0.5895208333333333,0.003082984096742508,288.0,Virgen,0.32262270525097847,8.0,True,True,True,0.2668981280823548
2018-04-02,0.6038402777777778,0.009834989230445918,288.0,Virgen,0.3235337398946285,8.0,True,True,True,0.2803065378831493
2018-04-03,0.620625,0.004658176281741271,288.0,Virgen,0.32354537025094027,8.0,True,True,True,0.2970796297490597
2018-04-04,0.6253680555555555,0.0030915114258009075,288.0,Virgen,0.3232151232659817,8.0,True,True,True,0.30215293228957385
2018-04-05,0.6210868055555555,0.0037763383353965675,288.0,Virgen,0.32656455412507057,8.0,True,True,True,0.29452225143048494
2018-04-06,0.6109270833333333,0.0019554878999444845,288.0,Virgen,0.32587287575006485,8.0,True,True,True,0.2850542075832685
2018-04-07,0.6152395833333333,0.009655470683063447,288.0,Virgen,0.3249008059501648,8.0,True,True,True,0.2903387773831685
2018-04-08,0.6200625,0.0019797537945683646,288.0,Virgen,0.3236879110336303,8.0,True,True,True,0.29637458896636965
2018-04-09,0.6138680555555556,0.002636507371287664,288.0,Virgen,0.32486531883478165,8.0,True,True,True,0.2890027367207739
2018-04-10,0.6058645833333334,0.0021313315185139737,288.0,Virgen,0.32290562614798546,8.0,True,True,True,0.2829589571853479
2018-04-11,0.60003125,0.0014467538456475948,288.0,Virgen,0.3226488530635834,8.0,True,True,True,0.27738239693641664
2018-04-12,0.5957361111111111,0.0014092086944115646,288.0,Virgen,0.31913395598530764,8.0,True,True,True,0.2766021551258035
2018-04-13,0.5923958333333332,0.0008930139235173893,288.0,Virgen,0.3170808516442776,8.0,True,True,True,0.27531498168905566
2018-04-14,0.5894999999999999,0.0012353673154901282,288.0,Virgen,0.3172444775700569,8.0,True,True,True,0.272255522429943
2018-04-15,0.5863680555555555,0.000680710100413841,288.0,Virgen,0.31558045372366905,8.0,True,True,True,0.27078760183188644
2018-04-16,0.5845590277777777,0.0017280192763492498,288.0,Virgen,0.31260902807116503,8.0,True,True,True,0.27194999970661266
2018-04-17,0.59228125,0.0015819305785654708,288.0,Virgen,0.3096987269818783,8.0,True,True,True,0.2825825230181217
2018-04-18,0.5944583333333333,0.0004991281597551625,288.0,Virgen,0.30791522935032845,8.0,True,True,True,0.28654310398300487
2018-04-19,0.5939722222222222,0.0001646215994415935,288.0,Virgen,0.30686772987246513,8.0,True,True,True,0.2871044923497571
2018-04-20,0.5927951388888889,0.0004043026191115273,288.0,Virgen,0.30460207909345627,8.0,True,True,True,0.28819305979543264
2018-04-21,0.5915,0.0005008703226778695,288.0,Virgen,0.30265462771058077,8.0,True,True,True,0.28884537228941926
2018-04-22,0.5897361111111111,0.0006300944137109732,288.0,Virgen,0.3006825670599937,8.0,True,True,True,0.28905354405111744
2018-04-23,0.5877743055555555,0.0004187664859143896,288.0,Virgen,0.299055103212595,8.0,True,True,True,0.28871920234296056
2018-04-24,0.588,0.0,288.0,Virgen,0.29730604216456413,8.0,True,True,True,0.29069395783543583
2018-04-25,0.588,0.0,288.0,Virgen,0.29618277028203005,8.0,True,True,True,0.2918172297179699
2018-04-26,0.5908020833333333,0.0031499785685904303,288.0,Virgen,0.295846551656723,8.0,True,True,True,0.29495553167661026
2018-04-27,0.5993993055555555,0.0015177002833934989,288.0,Virgen,0.29403272271156305,8.0,True,True,True,0.3053665828439925
2018-04-28,0.603454861111111,0.003316841826481431,288.0,Virgen,0.293546911329031,8.0,True,True,True,0.30990794978208
2018-04-29,0.6126909722222221,0.007039831059843615,288.0,Virgen,0.2997039295732975,8.0,True,True,True,0.31298704264892463
2018-04-30,0.6230798611111111,0.004172735127891967,288.0,Virgen,0.3000969998538494,8.0,True,True,True,0.3229828612572617
2018-05-01,0.6125798611111111,0.0021037242523134114,288.0,Virgen,0.3013299480080604,8.0,True,True,True,0.31124991310305067
2018-05-02,0.6129409722222222,0.0011923047802980626,288.0,Virgen,0.30049582570791245,8.0,True,True,True,0.31244514651430977
2018-05-03,0.6071527777777778,0.0017897090431564656,288.0,Virgen,0.2993464469909668,8.0,True,True,True,0.30780633078681097
2018-05-04,0.6015937499999999,0.0016564400242708003,288.0,Virgen,0.29852600768208504,8.0,True,True,True,0.3030677423179149
2018-05-05,0.6006319444444445,0.006548395582713743,288.0,Virgen,0.29798421263694763,8.0,True,True,True,0.3026477318074968
2018-05-06,0.6194340277777778,0.0016931369230930417,288.0,Virgen,0.29903642833232874,8.0,True,True,True,0.32039759944544904
2018-05-07,0.6145972222222222,0.0020880260736502202,288.0,Virgen,0.30183400213718414,8.0,True,True,True,0.3127632200850381
2018-05-08,0.6131805555555556,0.0015955197629541466,288.0,Virgen,0.30325300246477127,8.0,True,True,True,0.30992755309078435
2018-05-09,0.6171979166666666,0.005129581745621755,288.0,Virgen,0.30705713108181953,8.0,True,True,True,0.31014078558484703
2018-05-10,0.6205,0.004447917729166951,288.0,Virgen,0.31499164924025536,8.0,True,True,True,0.3055083507597447
2018-05-11,0.6102291666666667,0.0019406480831356534,288.0,Virgen,0.31603867188096046,8.0,True,True,True,0.29419049478570625
2018-05-12,0.6048263888888888,0.0014133749418633963,288.0,Virgen,0.31354755163192743,8.0,True,True,True,0.2912788372569614
2018-05-13,0.6042534722222223,0.006884942042316299,288.0,Virgen,0.3126777783036232,8.0,True,True,True,0.29157569391859905
2018-05-14,0.6169583333333333,0.003507830960690745,288.0,Virgen,0.3140547499060631,8.0,True,True,True,0.3029035834272702
2018-05-15,0.6070729166666666,0.0021538950618085347,288.0,Virgen,0.3140253759920597,8.0,True,True,True,0.2930475406746069
2018-05-16,0.6078506944444445,0.002943474363386359,288.0,Virgen,0.31458817422389984,8.0,True,True,True,0.29326252022054466
2018-05-17,0.6097951388888889,0.0016368078843680448,288.0,Virgen,0.3129533641040325,8.0,True,True,True,0.2968417747848564
2018-05-18,0.6040868055555556,0.0014028714469094844,288.0,Virgen,0.3115234561264515,8.0,True,True,True,0.2925633494291041
2018-05-19,0.6094131944444444,0.0025000556517227276,288.0,Virgen,0.3122150003910064,8.0,True,True,True,0.297198194053438
2018-05-20,0.608375,0.0008705399021610227,288.0,Virgen,0.3118436001241207,8.0,True,True,True,0.2965313998758793
2018-05-21,0.6063888888888889,0.0005856722646231903,288.0,Virgen,0.3103100098669529,8.0,True,True,True,0.29607887902193597
2018-05-22,0.6045659722222222,0.0011304257897466398,288.0,Virgen,0.3092148676514625,8.0,True,True,True,0.2953511045707597
2018-05-23,0.6076909722222221,0.006135944400468203,288.0,Virgen,0.30826660618185997,8.0,True,True,True,0.29942436604036216
2018-05-24,0.6223506944444445,0.003548361677761527,288.0,Virgen,0.30754353478550905,8.0,True,True,True,0.3148071596589354
2018-05-25,0.62296875,0.0034056310972758633,288.0,Virgen,0.30619626864790916,8.0,True,True,True,0.3167724813520908
2018-05-26,0.6203854166666667,0.0035633728834658027,288.0,Virgen,0.3045276924967766,8.0,True,True,True,0.3158577241698901
2018-05-27,0.6209722222222223,0.0028085098270617037,288.0,Virgen,0.30334531143307686,8.0,True,True,True,0.3176269107891454
2018-05-28,0.6115069444444444,0.002121719530696145,288.0,Virgen,0.30158774182200426,8.0,True,True,True,0.30991920262244016
2018-05-29,0.6168888888888888,0.005828694023746333,288.0,Virgen,0.30078690499067307,8.0,True,True,True,0.31610198389821575
2018-05-30,0.6151423611111111,0.0017719879920747661,288.0,Virgen,0.29999202489852905,8.0,True,True,True,0.31515033621258204
2018-05-31,0.6122708333333333,0.0022077429469619463,288.0,Virgen,0.3003542944788933,8.0,True,True,True,0.31191653885444004
2018-06-01,0.6052152777777777,0.0018597635548805505,288.0,Virgen,0.2987676151096821,8.0,True,True,True,0.30644766266809564
2018-06-02,0.6000173611111111,0.0010834729205168835,288.0,Virgen,0.2977914810180664,8.0,True,True,True,0.30222588009304474
2018-06-03,0.596923611111111,0.000747398378405698,288.0,Virgen,0.29780496656894684,8.0,True,True,True,0.2991186445421642
2018-06-04,0.5948784722222222,0.0006323082204405337,288.0,Virgen,0.29700616374611855,8.0,True,True,True,0.2978723084761037
2018-06-05,0.5940069444444444,8.318802662586639e-05,288.0,Virgen,0.2960519343614578,8.0,True,True,True,0.2979550100829865
2018-06-06,0.5939583333333334,0.0002001741402158573,288.0,Virgen,0.2951428219676018,8.0,True,True,True,0.2988155113657316
2018-06-07,0.5921631944444443,0.0008581031286981393,288.0,Virgen,0.29336041212081904,8.0,True,True,True,0.2988027823236253
2018-06-08,0.5897361111111111,0.0006189359320314091,288.0,Virgen,0.2920955531299114,8.0,True,True,True,0.2976405579811997
2018-06-09,0.5876388888888888,0.0006032561022429439,288.0,Virgen,0.29101376235485077,8.0,True,True,True,0.29662512653403805
2018-06-10,0.5851458333333333,0.0006880639910278894,288.0,Virgen,0.2893082946538925,8.0,True,True,True,0.29583753867944074
2018-06-11,0.58275,0.0007132396521462575,288.0,Virgen,0.28772568330168724,8.0,True,True,True,0.29502431669831275
2018-06-12,0.5800972222222222,0.000874090423761739,288.0,Virgen,0.28674445673823357,8.0,True,True,True,0.2933527654839886
2018-06-13,0.5772083333333333,0.0009690327085524219,288.0,Virgen,0.28615422174334526,8.0,True,True,True,0.29105411158998806
2018-06-14,0.5745138888888888,0.0006018104058710917,288.0,Virgen,0.2850477211177349,8.0,True,True,True,0.28946616777115386
2018-06-15,0.5726041666666667,0.0004969418673369518,288.0,Virgen,0.2835337668657303,8.0,True,True,True,0.2890703998009364
2018-06-16,0.5704756944444445,0.0009103161397305976,288.0,Virgen,0.28261227905750275,8.0,True,True,True,0.2878634153869417
2018-06-17,0.5759305555555555,0.00931721480252243,288.0,Virgen,0.28164463117718697,8.0,True,True,True,0.29428592437836854
2018-06-18,0.6090069444444445,0.004638870053119231,288.0,Virgen,0.2807502672076225,8.0,True,True,True,0.328256677236822
2018-06-19,0.6132152777777777,0.0006849623651958155,288.0,Virgen,0.28008412942290306,8.0,True,True,True,0.3331311483548747
2018-06-20,0.611375,0.0010616862532538676,288.0,Virgen,0.2782072350382805,8.0,True,True,True,0.3331677649617195
2018-06-21,0.607548611111111,0.0011766003179368185,288.0,Virgen,0.2763948105275631,8.0,True,True,True,0.33115380058354793
2018-06-22,0.6041770833333333,0.0008634441002669577,288.0,Virgen,0.27625375986099243,8.0,True,True,True,0.3279233234723409
2018-06-23,0.6013576388888889,0.0008351243819072437,288.0,Virgen,0.2750872485339641,8.0,True,True,True,0.32627039035492483
2018-06-24,0.5988090277777778,0.0007193118269928628,288.0,Virgen,0.2741920277476311,8.0,True,True,True,0.3246170000301467
2018-06-25,0.5966388888888888,0.0006314753601433217,288.0,Virgen,0.2731069549918175,8.0,True,True,True,0.32353193389707136
2018-06-26,0.5980451388888889,0.0017810590695468153,288.0,Virgen,0.27284580469131464,8.0,True,True,True,0.32519933419757424
2018-06-27,0.6019479166666666,0.00022258185668831747,288.0,Virgen,0.27180034294724464,8.0,True,True,True,0.33014757371942194
2018-06-28,0.6007222222222222,0.0006070944618728472,288.0,Virgen,0.27196149155497545,8.0,True,True,True,0.3287607306672467
2018-06-29,0.6041180555555555,0.0037713324067677424,288.0,Virgen,0.2719818130135536,8.0,True,True,True,0.3321362425420019
2018-06-30,0.6195416666666667,0.0011619699720854045,288.0,Virgen,0.27114698290824885,8.0,True,True,True,0.3483946837584178
2018-07-01,0.6177256944444445,0.0022472048926735714,288.0,Virgen,0.27106690779328346,8.0,True,True,True,0.346658786651161
2018-07-02,0.6101875,0.002058275554400114,288.0,Virgen,0.2701556086540222,8.0,True,True,True,0.3400318913459778
2018-07-03,0.6044965277777777,0.0014458838944256128,288.0,Virgen,0.2689574398100376,8.0,True,True,True,0.3355390879677401
2018-07-04,0.6005520833333333,0.0007587325530833151,288.0,Virgen,0.2673773057758808,8.0,True,True,True,0.3331747775574525
2018-07-05,0.5985034722222222,0.0005008582452192764,288.0,Virgen,0.2655082494020462,8.0,True,True,True,0.332995222820176
2018-07-06,0.5967916666666667,0.0006232990792231294,288.0,Virgen,0.26411959528923035,8.0,True,True,True,0.3326720713774364
2018-07-07,0.5952222222222221,0.0005716221120174737,288.0,Virgen,0.26265417039394373,8.0,True,True,True,0.33256805182827837
2018-07-08,0.5934062499999999,0.0004919871885815623,288.0,Virgen,0.2619340755045414,8.0,True,True,True,0.3314721744954585
2018-07-09,0.5923020833333333,0.00045996042096045197,288.0,Virgen,0.2609410062432289,8.0,True,True,True,0.33136107709010443
2018-07-10,0.5910347222222222,0.00018339403493023175,288.0,Virgen,0.2604139298200607,8.0,True,True,True,0.3306207924021615
2018-07-11,0.5902569444444444,0.0004377090784082674,288.0,Virgen,0.25914203003048897,8.0,True,True,True,0.33111491441395546
2018-07-12,0.5897951388888889,0.0004043026191114019,288.0,Virgen,0.25776069611310953,8.0,True,True,True,0.33203444277577937
2018-07-13,0.589,0.0,288.0,Virgen,0.25686484575271606,8.0,True,True,True,0.3321351542472839
2018-07-14,0.5880555555555556,0.00037847627347792253,288.0,Virgen,0.25605741888284683,8.0,True,True,True,0.3319981366727087
2018-07-15,0.5874895833333333,0.0005007616150643421,288.0,Virgen,0.2557818479835987,8.0,True,True,True,0.33170773534973463
2018-07-16,0.5885555555555555,0.00049776892863109,288.0,Virgen,0.25486402586102486,8.0,True,True,True,0.33369152969453064
2018-07-17,0.5873159722222222,0.0004657111297452339,288.0,Virgen,0.2528189867734909,8.0,True,True,True,0.3344969854487313
2018-07-18,0.59009375,0.002442701387743876,288.0,Virgen,0.2524924762547016,8.0,True,True,True,0.33760127374529836
2018-07-19,0.59571875,0.0010124981180349181,288.0,Virgen,0.2511984296143055,8.0,True,True,True,0.34452032038569447
2018-07-20,0.5979965277777777,5.892556509886024e-05,288.0,Virgen,0.25004602782428265,8.0,True,True,True,0.34795049995349503
2018-07-21,0.5985347222222221,0.0004996611317808061,288.0,Virgen,0.24919591471552846,8.0,True,True,True,0.34933880750669366
2018-07-22,0.5999513888888889,0.0015743141246972112,288.0,Virgen,0.24844896420836446,8.0,True,True,True,0.3515024246805244
2018-07-23,0.6107152777777778,0.0026043736851512752,288.0,Virgen,0.24799514561891553,8.0,True,True,True,0.36272013215886223
2018-07-24,0.6111597222222223,0.0010862664661414482,288.0,Virgen,0.2472786474972963,8.0,True,True,True,0.3638810747249259
2018-07-25,0.6076111111111111,0.0009778815979795696,288.0,Virgen,0.24588228203356263,8.0,True,True,True,0.36172882907754844
2018-07-26,0.6043263888888889,0.0005823161863809587,288.0,Virgen,0.244723891839385,8.0,True,True,True,0.35960249704950387
2018-07-27,0.6031979166666667,0.0003991225131308521,288.0,Virgen,0.2444736864417791,8.0,True,True,True,0.35872423022488753
2018-07-28,0.6018368055555556,0.0008661860433596525,288.0,Virgen,0.24342902749776837,8.0,True,True,True,0.35840777805778723
2018-07-29,0.5988020833333333,0.0008341967072228293,288.0,Virgen,0.24270703271031374,8.0,True,True,True,0.35609505062301955
2018-07-30,0.6093055555555555,0.009601667812280876,288.0,Virgen,0.2440453097224235,8.0,True,True,True,0.36526024583313205
2018-07-31,0.6141111111111112,0.0021270159074481747,288.0,Virgen,0.24511616863310332,8.0,True,True,True,0.36899494247800785
2018-08-01,0.6134097222222222,0.005942715148583814,288.0,Virgen,0.24848812818527222,8.0,True,True,True,0.36492159403695
2018-08-02,0.6170486111111111,0.0028267755632826346,288.0,Virgen,0.25327515043318266,8.0,True,True,True,0.36377346067792843
2018-08-03,0.6090416666666667,0.0020409569389089025,288.0,Virgen,0.25268828868865967,8.0,True,True,True,0.35635337797800704
2018-08-04,0.6031319444444444,0.0015381174419387361,288.0,Virgen,0.25396057218313217,8.0,True,True,True,0.34917137226131223
2018-08-05,0.5984861111111112,0.0012985444068115799,288.0,Virgen,0.25328322127461433,8.0,True,True,True,0.34520288983649683
2018-08-06,0.5947013888888889,0.0011079683583397877,288.0,Virgen,0.25176553055644035,8.0,True,True,True,0.34293585833244855
2018-08-07,0.5912777777777777,0.0012122743013871084,288.0,Virgen,0.24990868195891378,8.0,True,True,True,0.3413690958188639
2018-08-08,0.5880069444444445,0.0007229105686615643,288.0,Virgen,0.24797194637358186,8.0,True,True,True,0.34003499807086257
2018-08-09,0.5860694444444444,0.0004519069587224418,288.0,Virgen,0.24582666903734204,8.0,True,True,True,0.34024277540710235
2018-08-10,0.5922847222222223,0.005142110352498563,288.0,Virgen,0.24397139064967627,8.0,True,True,True,0.348313331572546
2018-08-11,0.6030520833333334,0.0009667264889975461,288.0,Virgen,0.24312241747975347,8.0,True,True,True,0.3599296658535799
2018-08-12,0.6037604166666666,0.00042757215093003743,288.0,Virgen,0.24197515100240705,8.0,True,True,True,0.3617852656642595
2018-08-13,0.6020555555555556,0.0006387899904936749,288.0,Virgen,0.24052124843001363,8.0,True,True,True,0.3615343071255419
2018-08-14,0.6000520833333334,0.0007924265868018151,288.0,Virgen,0.2394103072583675,8.0,True,True,True,0.36064177607496584
2018-08-15,0.5980416666666666,0.000617683657745017,288.0,Virgen,0.23857853189110753,8.0,True,True,True,0.359463134775559
2018-08-16,0.5961631944444444,0.00037018622825910557,288.0,Virgen,0.23743448033928866,8.0,True,True,True,0.3587287141051558
2018-08-17,0.5985416666666666,0.0017244905322493964,288.0,Virgen,0.23616683110594747,8.0,True,True,True,0.36237483556071914
2018-08-18,0.60325,0.0008513158497046708,288.0,Virgen,0.23503458872437472,8.0,True,True,True,0.36821541127562524
2018-08-19,0.6026840277777779,0.0005221455594835621,288.0,Virgen,0.2338754907250404,8.0,True,True,True,0.3688085370527374
2018-08-20,0.6009131944444444,0.0007004972378089115,288.0,Virgen,0.23255505971610543,8.0,True,True,True,0.3683581347283389
2018-08-21,0.5988645833333333,0.0003812630302792002,288.0,Virgen,0.23110367543995378,8.0,True,True,True,0.36776090789337945
2018-08-22,0.5978229166666666,0.00038240368512505176,288.0,Virgen,0.22967172414064405,8.0,True,True,True,0.3681511925260226
2018-08-23,0.5967048611111111,0.0004792313620920205,288.0,Virgen,0.22806276381015775,8.0,True,True,True,0.3686420973009533
2018-08-24,0.5947118055555555,0.0011492761865625237,288.0,Virgen,0.22647674940526483,8.0,True,True,True,0.3682350561502906
2018-08-25,0.5918611111111111,0.0007661034137587652,288.0,Virgen,0.22592859156429765,8.0,True,True,True,0.3659325195468134
2018-08-26,0.5894097222222222,0.0006402655638535639,288.0,Virgen,0.224498251453042,8.0,True,True,True,0.3649114707691802
2018-08-27,0.5889479166666667,0.0002225818566883288,288.0,Virgen,0.22368947044014928,8.0,True,True,True,0.3652584462265174
2018-08-28,0.5899375,0.0006489739959248611,288.0,Virgen,0.22309203445911405,8.0,True,True,True,0.36684546554088593
2018-08-29,0.591,0.0,288.0,Virgen,0.2219676300883293,8.0,True,True,True,0.36903236991167065
2018-08-30,0.5907638888888889,0.00042543048271746927,288.0,Virgen,0.22102468088269228,8.0,True,True,True,0.3697392080061966
2018-08-31,0.5896666666666666,0.0004722250688807058,288.0,Virgen,0.22009468823671338,8.0,True,True,True,0.36957197842995315
2018-09-01,0.5884340277777778,0.000517116528890856,288.0,Virgen,0.21880559250712392,8.0,True,True,True,0.3696284352706538
2018-09-02,0.5863993055555555,0.0005571200869903841,288.0,Virgen,0.21842430904507631,8.0,True,True,True,0.3679749965104792
2018-09-03,0.5861076388888888,0.00042427718589202115,288.0,Virgen,0.21659959293901918,8.0,True,True,True,0.36950804594986963
2018-09-04,0.6040034722222223,0.013219797808732054,288.0,Virgen,0.22010441496968264,8.0,True,True,True,0.38389905725253964
2018-09-05,0.6257534722222222,0.003124309834743984,288.0,Virgen,0.2197748068720102,8.0,True,True,True,0.405978665350212
2018-09-06,0.6156597222222222,0.002578828825402003,288.0,Virgen,0.21747622266411779,8.0,True,True,True,0.3981834995581044
2018-09-07,0.6088194444444445,0.0019151069248185036,288.0,Virgen,0.2162260841578245,8.0,True,True,True,0.39259336028661995
2018-09-08,0.6040416666666667,0.0012032186798907006,288.0,Virgen,0.21646929346024987,8.0,True,True,True,0.3875723732064168
2018-09-09,0.6007743055555556,0.0007520699915330615,288.0,Virgen,0.21505512855947015,8.0,True,True,True,0.3857191769960854
2018-09-10,0.5987638888888889,0.0006571622141943028,288.0,Virgen,0.21415879763662812,8.0,True,True,True,0.3846050912522607
2018-09-11,0.5967430555555555,0.0010069204977994808,288.0,Virgen,0.21243049763143057,8.0,True,True,True,0.38431255792412494
2018-09-12,0.5936284722222223,0.0011853439021956174,288.0,Virgen,0.21198252961039538,8.0,True,True,True,0.3816459426118269
2018-09-13,0.5898993055555555,0.0014069016804193236,288.0,Virgen,0.21213079802691934,8.0,True,True,True,0.3777685075286361
2018-09-14,0.5863368055555555,0.0011048355248508641,288.0,Virgen,0.21223984099924562,8.0,True,True,True,0.3740969645563098
2018-09-15,0.5828368055555555,0.0015809513533224279,288.0,Virgen,0.21174760349094862,8.0,True,True,True,0.3710892020646069
2018-09-16,0.5940416666666667,0.005845126621937372,288.0,Virgen,0.2147156540304422,8.0,True,True,True,0.37932601263622445
2018-09-17,0.6007569444444445,0.0004296749890393066,288.0,Virgen,0.21638885699212546,8.0,True,True,True,0.38436808745231904
2018-09-18,0.5986666666666667,0.0012240334308018068,288.0,Virgen,0.21576733887195582,8.0,True,True,True,0.38289932779471086
2018-09-19,0.5952951388888889,0.0009804947809577522,288.0,Virgen,0.2134554591029882,8.0,True,True,True,0.38183967978590067
2018-09-20,0.592,0.001340861442381688,288.0,Virgen,0.21223118342459196,8.0,True,True,True,0.379768816575408
2018-09-21,0.5889930555555556,0.0007830657857277586,288.0,Virgen,0.21144413575530047,8.0,True,True,True,0.3775489198002551
2018-09-22,0.5863541666666666,0.0005405990998507193,288.0,Virgen,0.2100125048309564,8.0,True,True,True,0.3763416618357102
2018-09-23,0.5868576388888889,0.00040537845029025465,288.0,Virgen,0.2087429594248533,8.0,True,True,True,0.37811467946403554
2018-09-24,0.5869270833333333,0.0008624346665149452,288.0,Virgen,0.20734190009534353,8.0,True,True,True,0.3795851832379898
2018-09-25,0.5842604166666666,0.0010350457412168237,288.0,Virgen,0.20597706735134122,8.0,True,True,True,0.37828334931532537
2018-09-26,0.5811909722222222,0.001236067338830978,288.0,Virgen,0.20608034729957575,8.0,True,True,True,0.3751106249226464
2018-09-27,0.5775,0.0012437999547862649,288.0,Virgen,0.20507349818944928,8.0,True,True,True,0.3724265018105507
2018-09-28,0.5731145833333333,0.0017482881124234518,288.0,Virgen,0.20434034429490563,8.0,True,True,True,0.36877423903842765
2018-09-29,0.5683437499999999,0.001666401692060556,288.0,Virgen,0.20372506417334077,8.0,True,True,True,0.36461868582665913
2018-09-30,0.5639930555555556,0.0016923543083280292,288.0,Virgen,0.20294421538710591,8.0,True,True,True,0.3610488401684496
2018-10-01,0.5600243055555556,0.001124373400584137,288.0,Virgen,0.20259204506874082,8.0,True,True,True,0.35743226048681476
2018-10-02,0.5568437500000001,0.0010425925037709455,288.0,Virgen,0.20604425296187398,8.0,True,True,True,0.3507994970381261
2018-10-03,0.5543888888888889,0.0007523353754993198,288.0,Virgen,0.20579001121222967,8.0,True,True,True,0.34859887767665926
2018-10-04,0.5525763888888889,0.0004949903896735389,288.0,Virgen,0.20479051582515237,8.0,True,True,True,0.34778587306373654
2018-10-05,0.5510659722222223,0.000778067219801033,288.0,Virgen,0.20402349717915053,8.0,True,True,True,0.3470424750430718
2018-10-06,0.5495694444444444,0.0004960158727618591,288.0,Virgen,0.2044339496642351,8.0,True,True,True,0.34513549478020933
2018-10-07,0.5490312500000001,0.0001742954958127959,288.0,Virgen,0.2054765056818723,8.0,True,True,True,0.34355474431812777
2018-10-08,0.5497604166666668,0.0004275721509299089,288.0,Virgen,0.20568060502409932,8.0,True,True,True,0.3440798116425674
2018-10-09,0.5527673611111111,0.002541237040287203,288.0,Virgen,0.20779350027441973,8.0,True,True,True,0.3449738608366914
2018-10-10,0.5593159722222223,0.0012525187554181842,288.0,Virgen,0.20763945952057836,8.0,True,True,True,0.3516765127016439
2018-10-11,0.5617048611111112,0.00045689908630654603,288.0,Virgen,0.20700391381978986,8.0,True,True,True,0.3547009472913213
2018-10-12,0.5614375,0.0004969418673370726,288.0,Virgen,0.2062857616692781,8.0,True,True,True,0.35515173833072194
2018-10-13,0.5594548611111112,0.0013581771890327575,288.0,Virgen,0.20419447682797906,8.0,True,True,True,0.3552603842831321
2018-10-14,0.5564097222222223,0.001188875230128765,288.0,Virgen,0.20389552041888234,8.0,True,True,True,0.3525142018033399
2018-10-15,0.5530520833333334,0.0017769514963016672,288.0,Virgen,0.2039417643100023,8.0,True,True,True,0.3491103190233311
2018-10-16,0.5493611111111112,0.0013569339855975468,288.0,Virgen,0.20283744856715197,8.0,True,True,True,0.3465236625439592
2018-10-17,0.5455798611111111,0.001328019135347279,288.0,Virgen,0.2018005438148975,8.0,True,True,True,0.3437793172962136
2018-10-18,0.5419236111111112,0.0013847343981660803,288.0,Virgen,0.20186817832291123,8.0,True,True,True,0.34005543278819994
2018-10-19,0.5389479166666667,0.0009522003676061102,288.0,Virgen,0.20472718030214307,8.0,True,True,True,0.33422073636452365
2018-10-20,0.5365104166666668,0.0005007616150643421,288.0,Virgen,0.2051271833479404,8.0,True,True,True,0.3313832333187264
2018-10-21,0.5346944444444445,0.0009755032849375444,288.0,Virgen,0.20583487860858435,8.0,True,True,True,0.3288595658358601
2018-10-22,0.5319340277777778,0.0009476663576165065,288.0,Virgen,0.2052123490720987,8.0,True,True,True,0.32672167870567903
2018-10-23,0.5282916666666666,0.0016438036964113313,288.0,Virgen,0.203878179192543,8.0,True,True,True,0.3244134874741236
2018-10-24,0.5239861111111112,0.001834573543135471,288.0,Virgen,0.20263895764946935,8.0,True,True,True,0.3213471534616418
2018-10-25,0.5188611111111112,0.001974086869970777,288.0,Virgen,0.20211590267717833,8.0,True,True,True,0.3167452084339329
2018-10-26,0.5147847222222223,0.0012391027125816007,288.0,Virgen,0.20260871388018126,8.0,True,True,True,0.312176008342041
2018-10-27,0.5122604166666667,0.0006971038894975962,288.0,Virgen,0.20373727008700368,8.0,True,True,True,0.30852314657966295
2018-10-28,0.5100451388888889,0.0009778259224676638,288.0,Virgen,0.20215571299195284,8.0,True,True,True,0.3078894258969361
2018-10-29,0.5066250000000001,0.001321887574486411,288.0,Virgen,0.20137229375541205,8.0,True,True,True,0.30525270624458806
2018-10-30,0.5025729166666667,0.0015329922801535281,288.0,Virgen,0.20097631029784674,8.0,True,True,True,0.30159660636881996
2018-10-31,0.49881249999999994,0.0011072692970398766,288.0,Virgen,0.20052234828472132,8.0,True,True,True,0.2982901517152786
2018-11-01,0.49614236111111115,0.0008935759785396408,288.0,Virgen,0.20076574571430678,8.0,True,True,True,0.2953766153968044
2018-11-02,0.49392013888888886,0.0010412455594803018,288.0,Virgen,0.20085345022380346,8.0,True,True,True,0.2930666886650854
2018-11-03,0.49097222222222225,0.0010784195717552536,288.0,Virgen,0.1995868273079395,8.0,True,True,True,0.2913853949142827
2018-11-04,0.4876597222222222,0.0012249621736003075,288.0,Virgen,0.20009473152458665,8.0,True,True,True,0.2875649906976355
2018-11-05,0.48914583333333334,0.002230509855622353,288.0,Virgen,0.20095868594944472,8.0,True,True,True,0.2881871473838886
2018-11-06,0.5035347222222222,0.010264049227414172,288.0,Virgen,0.20081606507301325,8.0,True,True,True,0.3027186571492089
2018-11-07,0.5252916666666667,0.0007120173039436398,288.0,Virgen,0.20146964117884633,8.0,True,True,True,0.32382202548782035
2018-11-08,0.5230034722222222,0.0009239298881682013,288.0,Virgen,0.20125898160040379,8.0,True,True,True,0.3217444906218184
2018-11-09,0.5207743055555556,0.0010057844219927975,288.0,Virgen,0.20263227261602876,8.0,True,True,True,0.3181420329395268
2018-11-10,0.5185937500000001,0.0004919871885813734,288.0,Virgen,0.2046676781028509,8.0,True,True,True,0.31392607189714916
2018-11-11,0.533263888888889,0.011236442771085632,288.0,Virgen,0.2072895802557468,8.0,True,True,True,0.32597430863314214
2018-11-12,0.5673020833333333,0.002172619246495664,288.0,Virgen,0.20628202892839906,8.0,True,True,True,0.36102005440493423
2018-11-13,0.5652083333333332,0.0018680329328808014,288.0,Virgen,0.20575680956244463,8.0,True,True,True,0.35945152377088857
2018-11-14,0.5897777777777777,0.012623436223265715,288.0,Virgen,0.20658712834119794,8.0,True,True,True,0.38319064943657977
2018-11-15,0.6116006944444444,0.0032924154531386303,288.0,Virgen,0.20898699760437006,8.0,True,True,True,0.40261369684007436
2018-11-16,0.62425,0.004420415103404887,288.0,Virgen,0.21585890837013716,8.0,True,True,True,0.4083910916298628
2018-11-17,0.611375,0.0027959029258418176,288.0,Virgen,0.2223298475146293,8.0,True,True,True,0.3890451524853707
2018-11-18,0.6065659722222222,0.004677303240331144,288.0,Virgen,0.22235468961298463,8.0,True,True,True,0.38421128260923754
2018-11-19,0.6278715277777778,0.005093634248047367,288.0,Virgen,0.22841750644147393,8.0,True,True,True,0.3994540213363038
2018-11-20,0.6464826388888888,0.04053122481922428,288.0,Virgen,0.23745686002075667,8.0,True,True,True,0.40902577886813213
2018-11-21,0.645875,0.00683185304495628,288.0,Virgen,0.23849463090300557,8.0,True,True,True,0.4073803690969944
2018-11-22,0.6222083333333334,0.005571674255281665,288.0,Virgen,0.23829673044383523,8.0,True,True,True,0.3839116028894981
2018-11-23,0.6084236111111111,0.002938581186271438,288.0,Virgen,0.23756176978349683,8.0,True,True,True,0.37086184132761424
2018-11-24,0.6011284722222222,0.0017292790463459614,288.0,Virgen,0.23617828823626036,8.0,True,True,True,0.36495018398596185
2018-11-25,0.59646875,0.0012683753909643388,288.0,Virgen,0.2350600156933069,8.0,True,True,True,0.36140873430669307
2018-11-26,0.6080590277777778,0.01491298764316586,288.0,Virgen,0.23449614271521563,8.0,True,True,True,0.37356288506256213
2018-11-27,0.6291041666666666,0.0010866228089448076,288.0,Virgen,0.23465852811932558,8.0,True,True,True,0.394445638547341
2018-11-28,0.6208055555555556,0.003949644323558529,288.0,Virgen,0.23379052430391312,8.0,True,True,True,0.3870150312516425
2018-11-29,0.6090416666666667,0.0029285926743512613,288.0,Virgen,0.23267655260860917,8.0,True,True,True,0.3763651140580575
2018-11-30,0.6019826388888888,0.0014684999035429955,288.0,Virgen,0.23246023803949353,8.0,True,True,True,0.36952240084939525
2018-12-01,0.5982986111111112,0.0011721498822663341,288.0,Virgen,0.23112959787249562,8.0,True,True,True,0.3671690132386155
2018-12-02,0.5950034722222222,0.0008971432162400936,288.0,Virgen,0.23007632978260512,8.0,True,True,True,0.36492714243961705
2018-12-03,0.59203125,0.001027019553739258,288.0,Virgen,0.22907874733209607,8.0,True,True,True,0.3629525026679039
2018-12-04,0.5897395833333333,0.0006397646289752892,288.0,Virgen,0.23204618878662583,8.0,True,True,True,0.35769339454670745
2018-12-05,0.589,0.0,288.0,Virgen,0.23242516256868836,8.0,True,True,True,0.3565748374313116
2018-12-06,0.5879548611111111,0.0010231011040676425,288.0,Virgen,0.23183912411332125,8.0,True,True,True,0.3561157369977898
2018-12-07,0.5869027777777778,0.0007903551395495538,288.0,Virgen,0.23054338246583933,8.0,True,True,True,0.35635939531193844
2018-12-08,0.5890798611111111,0.0009392027059175263,288.0,Virgen,0.2297075521200895,8.0,True,True,True,0.35937230899102157
2018-12-09,0.5916701388888889,0.00047098086708307095,288.0,Virgen,0.22904484905302522,8.0,True,True,True,0.3626252898358636
2018-12-10,0.5910312499999999,0.00019325517063094284,288.0,Virgen,0.227924820035696,8.0,True,True,True,0.36310642996430387
2018-12-11,0.5919756944444444,0.0022714942058515565,288.0,Virgen,0.23251079022884366,8.0,True,True,True,0.35946490421560073
2018-12-12,0.6040208333333333,0.0016056032114049538,288.0,Virgen,0.23576297983527178,8.0,True,True,True,0.36825785349806156
2018-12-13,0.6057777777777777,0.00041646336503625627,288.0,Virgen,0.23447016626596448,8.0,True,True,True,0.37130761151181324
2018-12-14,0.6040486111111112,0.0007904469790162995,288.0,Virgen,0.23424234241247172,8.0,True,True,True,0.3698062686986395
2018-12-15,0.6010763888888888,0.0010092247765646038,288.0,Virgen,0.23259422183036801,8.0,True,True,True,0.36848216705852077
2018-12-16,0.5975902777777777,0.0011681797057858136,288.0,Virgen,0.23070854321122167,8.0,True,True,True,0.36688173456655604
2018-12-17,0.5941631944444444,0.0008939008611228986,288.0,Virgen,0.2293940912932157,8.0,True,True,True,0.36476910315122874
2018-12-18,0.592375,0.0004849656045850447,288.0,Virgen,0.22958741523325438,8.0,True,True,True,0.3627875847667456
2018-12-19,0.5922534722222221,0.0004357560923819353,288.0,Virgen,0.2299912795424461,8.0,True,True,True,0.362262192679776
2018-12-20,0.5950451388888889,0.000860299750136748,288.0,Virgen,0.2311228960752487,8.0,True,True,True,0.36392224281364016
2018-12-21,0.5978402777777778,0.0038565988417779053,288.0,Virgen,0.2305732481181621,8.0,True,True,True,0.3672670296596157
2018-12-22,0.6114444444444445,0.0010242888433120525,288.0,Virgen,0.2322952579706907,8.0,True,True,True,0.37914918647375373
2018-12-23,0.6072013888888889,0.0014146070291233214,288.0,Virgen,0.2330176420509815,8.0,True,True,True,0.37418374683790734
2018-12-24,0.6028506944444444,0.0011635878988272448,288.0,Virgen,0.23144039697945112,8.0,True,True,True,0.37141029746499327
2018-12-25,0.5994618055555555,0.0009763400709721058,288.0,Virgen,0.23017203994095323,8.0,True,True,True,0.36928976561460225
2018-12-26,0.5967222222222222,0.0007319911696164619,288.0,Virgen,0.22894536890089506,8.0,True,True,True,0.3677768533213271
2018-12-27,0.5948888888888889,0.00041084787169216083,288.0,Virgen,0.2278401535004377,8.0,True,True,True,0.3670487353884512
2018-12-28,0.5936944444444444,0.0004614441469295207,288.0,Virgen,0.22671924158930773,8.0,True,True,True,0.3669752028551367
2018-12-29,0.5921354166666667,0.0008749688894421492,288.0,Virgen,0.225555932149291,8.0,True,True,True,0.36657948451737565
2018-12-30,0.5893715277777778,0.0010480553217332533,288.0,Virgen,0.22399950027465815,8.0,True,True,True,0.36537202750311965
2018-12-31,0.5864999999999999,0.001186450801856672,288.0,Virgen,0.2246835324913263,8.0,True,True,True,0.3618164675086736
2019-01-01,0.5829479166666666,0.00138963152812983,288.0,Virgen,0.22275765240192408,8.0,True,True,True,0.3601902642647425
2019-01-02,0.5794479166666666,0.001164544070434908,288.0,Virgen,0.22181244567036626,8.0,True,True,True,0.35763547099630033
2019-01-03,0.5766215277777778,0.0007957783378485893,288.0,Virgen,0.22172762826085085,8.0,True,True,True,0.3548938995169269
2019-01-04,0.5744340277777777,0.0005684704331555213,288.0,Virgen,0.22080629505217073,8.0,True,True,True,0.353627732725607
2019-01-05,0.5721145833333332,0.0009430079200527675,288.0,Virgen,0.21963635645806784,8.0,True,True,True,0.35247822687526537
2019-01-06,0.5688819444444444,0.0012125736604096415,288.0,Virgen,0.21909416094422335,8.0,True,True,True,0.34978778350022105
2019-01-07,0.5664131944444444,0.0004932642502716219,288.0,Virgen,0.23756743595004076,8.0,True,True,True,0.3288457584944036
2019-01-08,0.5766458333333333,0.009337249779752095,288.0,Virgen,0.26154959574341774,8.0,True,True,True,0.31509623758991556
2019-01-09,0.5946215277777778,0.0006459375267192793,288.0,Virgen,0.2655397392809391,8.0,True,True,True,0.32908178849683867
2019-01-10,0.5935277777777777,0.0005272298845305488,288.0,Virgen,0.26295096427202225,8.0,True,True,True,0.3305768135057554
2019-01-11,0.5911180555555555,0.0008834248194029722,288.0,Virgen,0.26214583590626717,8.0,True,True,True,0.32897221964928836
2019-01-12,0.5884270833333333,0.0011113427700819361,288.0,Virgen,0.26291104033589363,8.0,True,True,True,0.32551604299743964
2019-01-13,0.58553125,0.0011592962391187274,288.0,Virgen,0.2629127353429794,8.0,True,True,True,0.32261851465702057
2019-01-14,0.5826701388888889,0.0007643247445540273,288.0,Virgen,0.2620052769780159,8.0,True,True,True,0.32066486191087296
2019-01-15,0.5803645833333333,0.0004821509226321952,288.0,Virgen,0.26036298274993896,8.0,True,True,True,0.32000160058339433
2019-01-16,0.5786180555555556,0.0005661352293824765,288.0,Virgen,0.2590713649988174,8.0,True,True,True,0.3195466905567382
2019-01-17,0.578,0.0,288.0,Virgen,0.257601860910654,8.0,True,True,True,0.32039813908934595
2019-01-18,0.5780416666666667,0.0002001741402158246,288.0,Virgen,0.2568417973816395,8.0,True,True,True,0.3211998692850272
2019-01-19,0.5894236111111111,0.015094397447437026,288.0,Virgen,0.2561926171183586,8.0,True,True,True,0.33323099399275247
2019-01-20,0.6218784722222223,0.002753993949736156,288.0,Virgen,0.2550724297761917,8.0,True,True,True,0.36680604244603054
2019-01-21,0.6166041666666666,0.0022234692107177744,288.0,Virgen,0.25399020314216614,8.0,True,True,True,0.3626139635245005
2019-01-22,0.6099930555555555,0.0017470593621914023,288.0,Virgen,0.25272690504789347,8.0,True,True,True,0.35726615050766203
2019-01-23,0.6047708333333334,0.0015357244145196537,288.0,Virgen,0.2510256767272949,8.0,True,True,True,0.35374515660603845
2019-01-24,0.6005104166666667,0.0010120678627865431,288.0,Virgen,0.2504152692854404,8.0,True,True,True,0.3500951473812263
2019-01-25,0.597111111111111,0.0011361105550018052,288.0,Virgen,0.24876121990382669,8.0,True,True,True,0.3483498912072843
2019-01-26,0.5936215277777778,0.0011381054735446967,288.0,Virgen,0.24762969650328157,8.0,True,True,True,0.3459918312744962
2019-01-27,0.5903368055555556,0.001195709316858313,288.0,Virgen,0.24663387052714822,8.0,True,True,True,0.3437029350284073
2019-01-28,0.5932187499999999,0.014711537432358738,288.0,Virgen,0.24735962785780427,8.0,True,True,True,0.3458591221421956
2019-01-29,0.6275902777777778,0.004619174088573223,288.0,Virgen,0.2608604021370411,8.0,True,True,True,0.36672987564073667
2019-01-30,0.6298472222222222,0.006114265542822456,288.0,Virgen,0.28390714153647423,8.0,True,True,True,0.345940080685748
2019-01-31,0.6219409722222222,0.003757453233324294,288.0,Virgen,0.28638647869229317,8.0,True,True,True,0.33555449352992905
2019-02-01,0.6198263888888889,0.0019854167314110023,288.0,Virgen,0.2837807200849056,8.0,True,True,True,0.33604566880398323
2019-02-02,0.6120034722222223,0.0023633353031942443,288.0,Virgen,0.2818163186311721,8.0,True,True,True,0.33018715359105016
2019-02-03,0.6050451388888889,0.0014797273438044024,288.0,Virgen,0.28233033418655396,8.0,True,True,True,0.32271480470233493
2019-02-04,0.6030729166666666,0.0013165639340093978,288.0,Virgen,0.28479813411831856,8.0,True,True,True,0.31827478254834807
2019-02-05,0.6134756944444444,0.003257705879862292,288.0,Virgen,0.2863081656396389,8.0,True,True,True,0.3271675288048055
2019-02-06,0.6174027777777779,0.003565845423053001,288.0,Virgen,0.2848067879676819,8.0,True,True,True,0.33259598981009597
2019-02-07,0.6149166666666667,0.0019254394493648393,288.0,Virgen,0.2832754738628864,8.0,True,True,True,0.3316411928037803
2019-02-08,0.6111388888888889,0.001956356961047577,288.0,Virgen,0.28272804990410805,8.0,True,True,True,0.32841083898478085
2019-02-09,0.6139270833333333,0.007124446002057592,288.0,Virgen,0.2835377901792526,8.0,True,True,True,0.3303892931540807
2019-02-10,0.6175208333333333,0.004218705235921912,288.0,Virgen,0.2852945663034916,8.0,True,True,True,0.3322262670298417
2019-02-11,0.6072500000000001,0.002041383694154273,288.0,Virgen,0.2831132039427757,8.0,True,True,True,0.32413679605722434
2019-02-12,0.6022881944444445,0.000781046963550925,288.0,Virgen,0.2816874198615551,8.0,True,True,True,0.3206007745828894
2019-02-13,0.6024999999999999,0.0016799701341296167,288.0,Virgen,0.28191894665360445,8.0,True,True,True,0.3205810533463955
2019-02-14,0.6079548611111112,0.0006530902004402107,288.0,Virgen,0.28115902468562126,8.0,True,True,True,0.3267958364254899
2019-02-15,0.6042569444444443,0.0014756869434575301,288.0,Virgen,0.27975915372371674,8.0,True,True,True,0.3244977907207276
2019-02-16,0.5989618055555556,0.0018256590248321265,288.0,Virgen,0.2815319709479809,8.0,True,True,True,0.3174298346075747
2019-02-17,0.5935972222222222,0.0014426043253936655,288.0,Virgen,0.2816944867372513,8.0,True,True,True,0.31190273548497094
2019-02-18,0.5893645833333333,0.0012136258198726976,288.0,Virgen,0.28314097598195076,8.0,True,True,True,0.30622360735138254
2019-02-19,0.58546875,0.0006458626028359834,288.0,Virgen,0.28402306511998177,8.0,True,True,True,0.3014456848800182
2019-02-20,0.60515625,0.008835699040038596,288.0,Virgen,0.28515709936618805,8.0,True,True,True,0.3199991506338119
2019-02-21,0.6090694444444444,0.0011576305114690607,288.0,Virgen,0.2860577888786793,8.0,True,True,True,0.32301165556576517
2019-02-22,0.6050625,0.0011213403502881203,288.0,Virgen,0.28517512977123255,8.0,True,True,True,0.3198873702287674
2019-02-23,0.6014652777777777,0.0006563885401207574,288.0,Virgen,0.2854160778224468,8.0,True,True,True,0.3160491999553309
2019-02-24,0.6029444444444444,0.0070772519497801925,288.0,Virgen,0.29226407408714294,8.0,True,True,True,0.31068037035730145
2019-02-25,0.6327326388888889,0.0021578906289952023,288.0,Virgen,0.3006829246878624,8.0,True,True,True,0.33204971420102647
2019-02-26,0.6243993055555556,0.003785668859617045,288.0,Virgen,0.30957823619246483,8.0,True,True,True,0.31482106936309073
2019-02-27,0.6141666666666666,0.002986613571786277,288.0,Virgen,0.31125639006495476,8.0,True,True,True,0.3029102766017119
2019-02-28,0.6049618055555555,0.0025760758458272387,288.0,Virgen,0.31283378973603243,8.0,True,True,True,0.292128015819523
2019-03-01,0.5982638888888888,0.001340789257975298,288.0,Virgen,0.3129277676343918,8.0,True,True,True,0.28533612125449703
2019-03-02,0.6033194444444444,0.008537396952737189,288.0,Virgen,0.31448501348495483,8.0,True,True,True,0.2888344309594896
2019-03-03,0.61728125,0.002516993636988451,288.0,Virgen,0.3165004067122936,8.0,True,True,True,0.3007808432877064
2019-03-04,0.6207534722222222,0.00465593043870901,288.0,Virgen,0.3166574575006962,8.0,True,True,True,0.30409601472152603
2019-03-05,0.611454861111111,0.0032327878145361135,288.0,Virgen,0.31788746267557144,8.0,True,True,True,0.2935673984355396
2019-03-06,0.602625,0.0019697184927718633,288.0,Virgen,0.31555042043328285,8.0,True,True,True,0.2870745795667171
2019-03-07,0.5976909722222222,0.0006768870326540883,288.0,Virgen,0.3150307275354862,8.0,True,True,True,0.282660244686736
2019-03-08,0.5952256944444444,0.0006992526152251057,288.0,Virgen,0.31394703313708305,8.0,True,True,True,0.28127866130736134
2019-03-09,0.5933888888888889,0.0005551295308066572,288.0,Virgen,0.31088268756866455,8.0,True,True,True,0.2825062013202243
2019-03-10,0.5913055555555555,0.0004614441469296435,288.0,Virgen,0.3083171285688877,8.0,True,True,True,0.2829884269866678
2019-03-11,0.5964166666666667,0.0017767370162990821,288.0,Virgen,0.3067752607166767,8.0,True,True,True,0.28964140594999
2019-03-12,0.5974965277777777,0.0006246853640863721,288.0,Virgen,0.30519111827015877,8.0,True,True,True,0.29230540950761896
2019-03-13,0.5944791666666666,0.001177422626677414,288.0,Virgen,0.3052792586386204,8.0,True,True,True,0.2891999080280462
2019-03-14,0.5917222222222223,0.0007461347034827412,288.0,Virgen,0.30544640496373177,8.0,True,True,True,0.2862758172584905
2019-03-15,0.593,0.0,288.0,Virgen,0.3040723279118538,8.0,True,True,True,0.2889276720881462
2019-03-16,0.5925659722222222,0.000496491269920354,288.0,Virgen,0.30250946059823036,8.0,True,True,True,0.2900565116239918
2019-03-17,0.5905069444444444,0.0005279178451789295,288.0,Virgen,0.30129318684339523,8.0,True,True,True,0.28921375760104917
2019-03-18,0.5883715277777778,0.000989925784318578,288.0,Virgen,0.3001588322222233,8.0,True,True,True,0.2882126955555545
2019-03-19,0.5909131944444445,0.002452922498645071,288.0,Virgen,0.3028126619756222,8.0,True,True,True,0.2881005324688223
2019-03-20,0.6029791666666666,0.0013638884256532416,288.0,Virgen,0.3098384514451027,8.0,True,True,True,0.29314071522156393
2019-03-21,0.60278125,0.0011911677724066464,288.0,Virgen,0.31722105666995043,8.0,True,True,True,0.2855601933300496
2019-03-22,0.6174062499999999,0.016133315320801735,288.0,Virgen,0.3229825533926487,8.0,True,True,True,0.29442369660735124
2019-03-23,0.6280694444444445,0.00545830285652554,288.0,Virgen,0.3269755393266678,8.0,True,True,True,0.3010939051177767
2019-03-24,0.6171354166666666,0.0026983791431151277,288.0,Virgen,0.32606933638453484,8.0,True,True,True,0.29106608028213177
2019-03-25,0.6098819444444444,0.0018888874655549864,288.0,Virgen,0.3264228366315365,8.0,True,True,True,0.28345910781290795
2019-03-26,0.6039131944444445,0.0017578394454746725,288.0,Virgen,0.3248901516199112,8.0,True,True,True,0.2790230428245333
2019-03-27,0.5982986111111112,0.0016340448567538082,288.0,Virgen,0.3218050897121429,8.0,True,True,True,0.27649352139896827
2019-03-28,0.5935972222222222,0.00132948049608479,288.0,Virgen,0.3197603039443493,8.0,True,True,True,0.27383691827787293
2019-03-29,0.5943854166666667,0.0013971333892355763,288.0,Virgen,0.3187534399330616,8.0,True,True,True,0.27563197673360507
2019-03-30,0.5959201388888888,0.0015652622699324778,288.0,Virgen,0.3173668272793293,8.0,True,True,True,0.27855331160955954
2019-03-31,0.60309375,0.0010698085894767836,288.0,Virgen,0.31485913693904877,8.0,True,True,True,0.2882346130609512
2019-04-01,0.6033680555555555,0.0009239102463142111,288.0,Virgen,0.3135553449392318,8.0,True,True,True,0.2898127106163237
2019-04-02,0.6175798611111111,0.0055411552382483,288.0,Virgen,0.31654326990246767,8.0,True,True,True,0.3010365912086434
2019-04-03,0.6250555555555555,0.004560514943994361,288.0,Virgen,0.32681336998939514,8.0,True,True,True,0.29824218556616033
2019-04-04,0.6237222222222223,0.00329490038752093,288.0,Virgen,0.331644058227539,8.0,True,True,True,0.2920781639946833
2019-04-05,0.6172708333333333,0.003726202072020989,288.0,Virgen,0.32787979766726494,8.0,True,True,True,0.2893910356660684
2019-04-06,0.6071597222222223,0.0025200608212461867,288.0,Virgen,0.3256593495607376,8.0,True,True,True,0.28150037266148464
2019-04-07,0.6005868055555555,0.0013612735647756645,288.0,Virgen,0.32692909240722656,8.0,True,True,True,0.273657713148329
2019-04-08,0.5968229166666666,0.0007695619596600563,288.0,Virgen,0.32613313570618624,8.0,True,True,True,0.2706897809604804
2019-04-09,0.5942847222222222,0.0007620181753568394,288.0,Virgen,0.32416463643312454,8.0,True,True,True,0.27012008578909763
2019-04-10,0.5910625,0.001305142602378591,288.0,Virgen,0.321652315557003,8.0,True,True,True,0.269410184442997
2019-04-11,0.5874375,0.0010898246510491916,288.0,Virgen,0.319545466452837,8.0,True,True,True,0.26789203354716296
2019-04-12,0.5838888888888889,0.0008882595526688686,288.0,Virgen,0.31679319962859154,8.0,True,True,True,0.26709568926029736
2019-04-13,0.5811041666666665,0.0008324327305379372,288.0,Virgen,0.3144682087004185,8.0,True,True,True,0.26663595796624806
2019-04-14,0.5793229166666667,0.00046840507053675805,288.0,Virgen,0.31305475533008575,8.0,True,True,True,0.26626816133658093
2019-04-15,0.5781805555555555,0.00038531905016745137,288.0,Virgen,0.3123907335102558,8.0,True,True,True,0.26578982204529966
2019-04-16,0.5774166666666667,0.0004938647983249527,288.0,Virgen,0.31033818423748016,8.0,True,True,True,0.2670784824291865
2019-04-17,0.5760277777777777,0.0004486828488781761,288.0,Virgen,0.3085665926337242,8.0,True,True,True,0.2674611851440535
2019-04-18,0.5745833333333333,0.0005008703226777986,288.0,Virgen,0.307637020945549,8.0,True,True,True,0.2669463123877843
2019-04-19,0.5727812499999999,0.0006445124835588635,288.0,Virgen,0.30698124319314957,8.0,True,True,True,0.26580000680685034
2019-04-20,0.5713888888888888,0.0004883465826889482,288.0,Virgen,0.3064427636563778,8.0,True,True,True,0.26494612523251104
2019-04-21,0.571,0.0,288.0,Virgen,0.30844607949256897,8.0,True,True,True,0.262553920507431
2019-04-22,0.5709965277777777,5.892556509885627e-05,288.0,Virgen,0.3121015839278698,8.0,True,True,True,0.25889494384990785
2019-04-23,0.5826979166666666,0.0161595613868701,288.0,Virgen,0.315846811980009,8.0,True,True,True,0.26685110468665757
2019-04-24,0.6189236111111112,0.0010229414519376098,288.0,Virgen,0.3239036314189434,8.0,True,True,True,0.29501997969216776
2019-04-25,0.6163298611111111,0.0013989333846858713,288.0,Virgen,0.32066957652568817,8.0,True,True,True,0.29566028458542293
2019-04-26,0.611,0.0014362164774279096,288.0,Virgen,0.31962039694190025,8.0,True,True,True,0.29137960305809973
2019-04-27,0.6063506944444444,0.0013480917744877296,288.0,Virgen,0.3164340928196907,8.0,True,True,True,0.28991660162475374
2019-04-28,0.6025381944444445,0.0008545428125644693,288.0,Virgen,0.3129688315093517,8.0,True,True,True,0.2895693629350928
2019-04-29,0.5997499999999999,0.0007277477067902709,288.0,Virgen,0.3105523064732551,8.0,True,True,True,0.2891976935267448
2019-04-30,0.59728125,0.0006939729332301339,288.0,Virgen,0.30989108234643936,8.0,True,True,True,0.2873901676535606
2019-05-01,0.5951319444444444,0.0007763627136234065,288.0,Virgen,0.3085475340485573,8.0,True,True,True,0.2865844103958871
2019-05-02,0.5928888888888888,0.0007523353754994692,288.0,Virgen,0.30658793821930885,8.0,True,True,True,0.28630095066957995
2019-05-03,0.5905243055555556,0.000540453613551609,288.0,Virgen,0.3051314391195774,8.0,True,True,True,0.28539286643597817
2019-05-04,0.5886006944444444,0.0007158724632660605,288.0,Virgen,0.30333156138658524,8.0,True,True,True,0.28526913305785917
2019-05-05,0.5865069444444444,0.0005008220110960956,288.0,Virgen,0.3018820881843567,8.0,True,True,True,0.2846248562600877
2019-05-06,0.584392361111111,0.0006747388046572608,288.0,Virgen,0.30028054863214493,8.0,True,True,True,0.2841118124789661
2019-05-07,0.5846284722222221,0.0008120317525626222,288.0,Virgen,0.29863959550857544,8.0,True,True,True,0.2859888767136467
2019-05-08,0.5897430555555556,0.0026045966543963585,288.0,Virgen,0.2978419251739979,8.0,True,True,True,0.29190113038155774
2019-05-09,0.5958437499999999,0.001550507110480745,288.0,Virgen,0.2962466701865196,8.0,True,True,True,0.29959707981348027
2019-05-10,0.5985694444444445,0.0005233605931780312,288.0,Virgen,0.29694385454058647,8.0,True,True,True,0.301625589903858
2019-05-11,0.5995937499999999,0.0004919871885815032,288.0,Virgen,0.29622139409184456,8.0,True,True,True,0.30337235590815537
2019-05-12,0.5982222222222222,0.002134646808196222,288.0,Virgen,0.29689501598477364,8.0,True,True,True,0.3013272062374486
2019-05-13,0.6071284722222222,0.002448242296156401,288.0,Virgen,0.30059353262186045,8.0,True,True,True,0.30653493960036177
2019-05-14,0.6178472222222222,0.001305680136723547,288.0,Virgen,0.3038259297609329,8.0,True,True,True,0.3140212924612893
2019-05-15,0.6210972222222222,0.0024758610072960472,288.0,Virgen,0.30502159148454666,8.0,True,True,True,0.31607563073767553
2019-05-16,0.61609375,0.00283117829842832,288.0,Virgen,0.3032451570034027,8.0,True,True,True,0.3128485929965973
2019-05-17,0.6076284722222222,0.002245589194063281,288.0,Virgen,0.30034894123673433,8.0,True,True,True,0.3072795309854878
2019-05-18,0.6024027777777777,0.001064599477740518,288.0,Virgen,0.2986142188310623,8.0,True,True,True,0.3037885589467154
2019-05-19,0.5994409722222221,0.0007205218003162341,288.0,Virgen,0.298441868275404,8.0,True,True,True,0.30099910394681817
2019-05-20,0.6093333333333333,0.0036041014189848604,288.0,Virgen,0.30655549094080925,8.0,True,True,True,0.30277784239252403
2019-05-21,0.6145,0.001948822569570045,288.0,Virgen,0.30633770301938057,8.0,True,True,True,0.3081622969806195
2019-05-22,0.6077499999999999,0.0017845640895040693,288.0,Virgen,0.3046220652759075,8.0,True,True,True,0.3031279347240924
2019-05-23,0.6024652777777777,0.001316807428633255,288.0,Virgen,0.3029512204229831,8.0,True,True,True,0.2995140573547946
2019-05-24,0.5989513888888889,0.0006712603062603878,288.0,Virgen,0.3020645342767238,8.0,True,True,True,0.2968868546121651
2019-05-25,0.5968645833333333,0.0007780050204509366,288.0,Virgen,0.3007552698254585,8.0,True,True,True,0.2961093135078747
2019-05-26,0.5950347222222222,0.000878811316629646,288.0,Virgen,0.30020351707935333,8.0,True,True,True,0.29483120514286887
2019-05-27,0.5966493055555555,0.0004780180521976831,288.0,Virgen,0.29951512813568115,8.0,True,True,True,0.29713417741987436
2019-05-28,0.5941597222222222,0.0007000566870472993,288.0,Virgen,0.30018748342990875,8.0,True,True,True,0.2939722387923135
2019-05-29,0.5978472222222222,0.006071948919880257,288.0,Virgen,0.30704651027917856,8.0,True,True,True,0.29080071194304363
2019-05-30,0.6074965277777777,0.001156705232866785,288.0,Virgen,0.3095332011580467,8.0,True,True,True,0.297963326619731
2019-05-31,0.6092430555555555,0.0006329679855810697,288.0,Virgen,0.30901880189776415,8.0,True,True,True,0.3002242536577913
2019-06-01,0.6063298611111111,0.0009976683521698353,288.0,Virgen,0.31181371957063675,8.0,True,True,True,0.29451614154047434
2019-06-02,0.6062951388888889,0.0004644625024505449,288.0,Virgen,0.3147627934813499,8.0,True,True,True,0.291532345407539
2019-06-03,0.6063645833333333,0.0004821509226321557,288.0,Virgen,0.316674567759037,8.0,True,True,True,0.2896900155742963
2019-06-04,0.6045138888888889,0.0009219439476798059,288.0,Virgen,0.31611704453825945,8.0,True,True,True,0.28839684435062946
2019-06-05,0.60828125,0.0075841892090182834,288.0,Virgen,0.3152051232755184,8.0,True,True,True,0.2930761267244816
2019-06-06,0.61790625,0.0030844494479907044,288.0,Virgen,0.3134183995425701,8.0,True,True,True,0.3044878504574299
2019-06-07,0.6096145833333333,0.0019183859632078324,288.0,Virgen,0.310584370046854,8.0,True,True,True,0.2990302132864793
2019-06-08,0.604,0.0013968605915393034,288.0,Virgen,0.3089443370699882,8.0,True,True,True,0.2950556629300118
2019-06-09,0.5997430555555555,0.0009048574128938767,288.0,Virgen,0.30850082635879517,8.0,True,True,True,0.29124222919676035
2019-06-10,0.6002222222222222,0.0012793968768775963,288.0,Virgen,0.30633945018053055,8.0,True,True,True,0.29388277204169166
2019-06-11,0.6043958333333334,0.0019171652636335865,288.0,Virgen,0.30469877272844315,8.0,True,True,True,0.2996970606048902
2019-06-12,0.6088055555555555,0.0005876520075013685,288.0,Virgen,0.30354972556233406,8.0,True,True,True,0.30525582999322143
2019-06-13,0.6078125,0.00099454084795824,288.0,Virgen,0.30328238010406494,8.0,True,True,True,0.30453011989593504
2019-06-14,0.6046631944444445,0.0006086766965677323,288.0,Virgen,0.3005790561437607,8.0,True,True,True,0.3040841383006838
2019-06-15,0.6046145833333333,0.0006418037245964962,288.0,Virgen,0.2984343618154526,8.0,True,True,True,0.3061802215178807
2019-06-16,0.6067222222222222,0.0026763760521914897,288.0,Virgen,0.29784198477864265,8.0,True,True,True,0.3088802374435795
2019-06-17,0.6085729166666667,0.0008724764505671816,288.0,Virgen,0.29615560173988337,8.0,True,True,True,0.3124173149267833
2019-06-18,0.6085173611111111,0.0015025103203883273,288.0,Virgen,0.2940692417323589,8.0,True,True,True,0.3144481193787522
2019-06-19,0.6097951388888889,0.0007251413281554755,288.0,Virgen,0.2928240820765495,8.0,True,True,True,0.31697105681233945
2019-06-20,0.6133159722222222,0.0041134802307755715,288.0,Virgen,0.2915410064160823,8.0,True,True,True,0.3217749658061399
2019-06-21,0.6291041666666666,0.0042626630370282805,288.0,Virgen,0.29027465358376503,8.0,True,True,True,0.33882951308290155
2019-06-22,0.618892361111111,0.002457771004013461,288.0,Virgen,0.2888600192964077,8.0,True,True,True,0.3300323418147033
2019-06-23,0.6133645833333333,0.0007051793208571933,288.0,Virgen,0.2876246050000191,8.0,True,True,True,0.32573997833331425
2019-06-24,0.6179861111111111,0.002186388399053123,288.0,Virgen,0.2866644337773323,8.0,True,True,True,0.3313216773337788
2019-06-25,0.6144791666666667,0.002171942562494483,288.0,Virgen,0.28522641584277153,8.0,True,True,True,0.32925275082389516
2019-06-26,0.6078402777777777,0.0017497165303295547,288.0,Virgen,0.28384141251444817,8.0,True,True,True,0.32399886526332955
2019-06-27,0.6026180555555556,0.0013665823888351846,288.0,Virgen,0.281667523086071,8.0,True,True,True,0.3209505324694846
2019-06-28,0.5985451388888889,0.0008037655162004961,288.0,Virgen,0.27968059480190277,8.0,True,True,True,0.31886454408698617
2019-06-29,0.5960902777777778,0.0008668352824448091,288.0,Virgen,0.2780808098614216,8.0,True,True,True,0.3180094679163562
2019-06-30,0.5972048611111112,0.0015605247871484248,288.0,Virgen,0.277610395103693,8.0,True,True,True,0.31959446600741814
2019-07-01,0.5999444444444444,0.00022946013834862825,288.0,Virgen,0.27839310094714165,8.0,True,True,True,0.32155134349730274
2019-07-02,0.5989444444444444,0.00022946013834861077,288.0,Virgen,0.2790422923862934,8.0,True,True,True,0.319902152058151
2019-07-03,0.5974479166666666,0.0006657859310044837,288.0,Virgen,0.27768397331237793,8.0,True,True,True,0.3197639433542887
2019-07-04,0.5944444444444444,0.0010643267016822934,288.0,Virgen,0.27566295117139816,8.0,True,True,True,0.3187814932730463
2019-07-05,0.5911284722222222,0.0010021692982531548,288.0,Virgen,0.2737511098384857,8.0,True,True,True,0.3173773623837365
2019-07-06,0.5886840277777777,0.00046571112974517766,288.0,Virgen,0.2730523161590099,8.0,True,True,True,0.31563171161876785
2019-07-07,0.588,0.0,288.0,Virgen,0.2726434618234634,8.0,True,True,True,0.3153565381765366
2019-07-08,0.5958159722222223,0.008360610844049047,288.0,Virgen,0.2724821716547012,8.0,True,True,True,0.3233338005675211
2019-07-09,0.6214097222222222,0.0017286807700673257,288.0,Virgen,0.27331050112843513,8.0,True,True,True,0.3480992210937871
2019-07-10,0.6171666666666666,0.00142403460788731,288.0,Virgen,0.2721806615591049,8.0,True,True,True,0.3449860051075617
2019-07-11,0.6121840277777778,0.001547445380231895,288.0,Virgen,0.27048200741410255,8.0,True,True,True,0.34170202036367525
2019-07-12,0.6078020833333333,0.0012293149135979944,288.0,Virgen,0.2687492035329342,8.0,True,True,True,0.3390528798003991
2019-07-13,0.6040208333333333,0.001072096191534439,288.0,Virgen,0.2678478844463825,8.0,True,True,True,0.3361729488869508
2019-07-14,0.60971875,0.007281358650548036,288.0,Virgen,0.2673483155667782,8.0,True,True,True,0.3423704344332218
2019-07-15,0.6275625,0.0028620276187682307,288.0,Virgen,0.26659534126520157,8.0,True,True,True,0.36096715873479845
2019-07-16,0.6171597222222222,0.0024542168629474582,288.0,Virgen,0.2643636614084244,8.0,True,True,True,0.3527960608137978
2019-07-17,0.6107048611111111,0.0014017326193119628,288.0,Virgen,0.2632164545357227,8.0,True,True,True,0.34748840657538843
2019-07-18,0.6065555555555555,0.0010344435982108716,288.0,Virgen,0.261935718357563,8.0,True,True,True,0.3446198371979925
2019-07-19,0.6032430555555555,0.0008492384600684287,288.0,Virgen,0.2602667063474655,8.0,True,True,True,0.34297634920808995
2019-07-20,0.6006805555555554,0.0007888842540200777,288.0,Virgen,0.2585356682538986,8.0,True,True,True,0.3421448873016568
2019-07-21,0.6035972222222221,0.000799123600478984,288.0,Virgen,0.2572125308215618,8.0,True,True,True,0.3463846914006603
2019-07-22,0.605298611111111,0.0006420769989873729,288.0,Virgen,0.2561067380011081,8.0,True,True,True,0.34919187311000294
2019-07-23,0.6110347222222222,0.0033989405901127543,288.0,Virgen,0.2554847747087478,8.0,True,True,True,0.3555499475134744
2019-07-24,0.617545138888889,0.0006286238341755001,288.0,Virgen,0.254817433655262,8.0,True,True,True,0.36272770523362696
2019-07-25,0.6163194444444444,0.0012134712943737001,288.0,Virgen,0.25423870235681534,8.0,True,True,True,0.3620807420876291
2019-07-26,0.6118680555555556,0.0013185702730028337,288.0,Virgen,0.2530288249254226,8.0,True,True,True,0.35883923063013295
2019-07-27,0.6074409722222222,0.0010509602839260807,288.0,Virgen,0.2522200904786587,8.0,True,True,True,0.3552208817435635
2019-07-28,0.6047013888888889,0.0004584455041706187,288.0,Virgen,0.25217215344309807,8.0,True,True,True,0.35252923544579085
2019-07-29,0.6045694444444444,0.0005098715801667593,288.0,Virgen,0.25162237137556076,8.0,True,True,True,0.3529470730688836
2019-07-30,0.6016284722222223,0.0011156887652156203,288.0,Virgen,0.2500651869922876,8.0,True,True,True,0.3515632852299347
2019-07-31,0.5979930555555555,0.0011168430356324492,288.0,Virgen,0.24796100147068495,8.0,True,True,True,0.35003205408487054
2019-08-01,0.5943958333333332,0.0011818532072488065,288.0,Virgen,0.2468761447817087,8.0,True,True,True,0.3475196885516245
2019-08-02,0.5908888888888888,0.0008803793220411312,288.0,Virgen,0.2460679523646831,8.0,True,True,True,0.3448209365242057
2019-08-03,0.5873784722222222,0.0006826534818113572,288.0,Virgen,0.24509566277265543,8.0,True,True,True,0.34228280944956674
2019-08-04,0.58759375,0.0007684292091516559,288.0,Virgen,0.24902475625276563,8.0,True,True,True,0.33856899374723437
2019-08-05,0.5925069444444444,0.0017570030223639864,288.0,Virgen,0.2514543477445841,8.0,True,True,True,0.3410525966998603
2019-08-06,0.5958437499999999,0.0003637242034388514,288.0,Virgen,0.2492560371756553,8.0,True,True,True,0.3465877128243446
2019-08-07,0.5955659722222222,0.0004964912699204961,288.0,Virgen,0.24809773638844485,8.0,True,True,True,0.34746823583377734
2019-08-08,0.5941006944444445,0.000698629472439024,288.0,Virgen,0.24676623567938802,8.0,True,True,True,0.3473344587650564
2019-08-09,0.5919583333333333,0.0005521576303743555,288.0,Virgen,0.24529127776622767,8.0,True,True,True,0.3466670555671056
2019-08-10,0.5902499999999999,0.0004337664234405844,288.0,Virgen,0.24437629058957097,8.0,True,True,True,0.34587370941042894
2019-08-11,0.5890277777777777,0.0005205792062953302,288.0,Virgen,0.24308138526976106,8.0,True,True,True,0.3459463925080166
2019-08-12,0.589,0.0,288.0,Virgen,0.24192048795521254,8.0,True,True,True,0.34707951204478743
2019-08-13,0.5888402777777777,0.0003669859237289476,288.0,Virgen,0.24035877175629133,8.0,True,True,True,0.34848150602148636
2019-08-14,0.5892083333333332,0.0011886513307368528,288.0,Virgen,0.24039043486118314,8.0,True,True,True,0.34881789847215006
2019-08-15,0.6004722222222223,0.007437024286376793,288.0,Virgen,0.24094902910292146,8.0,True,True,True,0.3595231931193008
2019-08-16,0.6186354166666667,0.0008887973905190206,288.0,Virgen,0.24309965595602984,8.0,True,True,True,0.3755357607106368
2019-08-17,0.6143229166666667,0.0016283301444221434,288.0,Virgen,0.2425548434257507,8.0,True,True,True,0.371768073240916
2019-08-18,0.6091493055555556,0.0015845287070242772,288.0,Virgen,0.24195871502161023,8.0,True,True,True,0.3671905905339453
2019-08-19,0.6045625,0.0011398315787321063,288.0,Virgen,0.2401155829429626,8.0,True,True,True,0.3644469170570374
2019-08-20,0.6013715277777778,0.0008740281367865796,288.0,Virgen,0.23938060551881785,8.0,True,True,True,0.36199092225895996
2019-08-21,0.5988784722222222,0.0010670003016986169,288.0,Virgen,0.23824450373649594,8.0,True,True,True,0.36063396848572626
2019-08-22,0.5968020833333333,0.0003991225131307283,288.0,Virgen,0.23809722997248167,8.0,True,True,True,0.3587048533608516
2019-08-23,0.5977118055555555,0.0006164975283628845,288.0,Virgen,0.23730233311653134,8.0,True,True,True,0.3604094724390241
2019-08-24,0.5988090277777778,0.0007478110397300253,288.0,Virgen,0.23629740439355368,8.0,True,True,True,0.3625116233842241
2019-08-25,0.6000868055555555,0.0002820399872254293,288.0,Virgen,0.23451426997780797,8.0,True,True,True,0.3655725355777475
2019-08-26,0.5993298611111111,0.00047098086708309567,288.0,Virgen,0.23296812549233434,8.0,True,True,True,0.3663617356187767
2019-08-27,0.5977569444444444,0.0006048183737249153,288.0,Virgen,0.23125809803605077,8.0,True,True,True,0.3664988464083936
2019-08-28,0.5953611111111111,0.0006584863977663841,288.0,Virgen,0.2311679050326347,8.0,True,True,True,0.3641932060784764
2019-08-29,0.5949791666666666,0.0007693496959796899,288.0,Virgen,0.23078525997698301,8.0,True,True,True,0.3641939066896836
2019-08-30,0.5955833333333334,0.0004938647983247669,288.0,Virgen,0.2304737754166126,8.0,True,True,True,0.36510955791672073
2019-08-31,0.5934791666666667,0.0005779785752515383,288.0,Virgen,0.22991215065121648,8.0,True,True,True,0.36356701601545016
2019-09-01,0.5909895833333333,0.0008409567100353797,288.0,Virgen,0.22834328748285765,8.0,True,True,True,0.36264629585047564
2019-09-02,0.5879930555555555,0.0011922895596773301,288.0,Virgen,0.22668437659740442,8.0,True,True,True,0.36130867895815105
2019-09-03,0.5844618055555555,0.001137850319162567,288.0,Virgen,0.22508615255355832,8.0,True,True,True,0.35937565300199714
2019-09-04,0.5810416666666666,0.0011003642095819297,288.0,Virgen,0.22343064472079274,8.0,True,True,True,0.3576110219458738
2019-09-05,0.5782326388888888,0.0006766725167524979,288.0,Virgen,0.2235841434448957,8.0,True,True,True,0.3546484954439931
2019-09-06,0.5760659722222221,0.0006927864450601682,288.0,Virgen,0.2224562726914882,8.0,True,True,True,0.3536096995307339
2019-09-07,0.5743715277777777,0.0004840541903092815,288.0,Virgen,0.22154707647860045,8.0,True,True,True,0.3528244512991772
2019-09-08,0.57265625,0.000610502591832341,288.0,Virgen,0.22052909247577188,8.0,True,True,True,0.3521271575242281
2019-09-09,0.5706423611111111,0.0006361995020641097,288.0,Virgen,0.21866178512573237,8.0,True,True,True,0.35198057598537874
2019-09-10,0.5681527777777777,0.0011912541012399592,288.0,Virgen,0.21718571148812768,8.0,True,True,True,0.35096706628965
2019-09-11,0.5647881944444444,0.0011263085477071974,288.0,Virgen,0.21644710749387738,8.0,True,True,True,0.348341086950567
2019-09-12,0.561607638888889,0.0007574558425842624,288.0,Virgen,0.21518407948315138,8.0,True,True,True,0.3464235594057376
2019-09-13,0.5596597222222223,0.0004890892402621222,288.0,Virgen,0.21388441883027548,8.0,True,True,True,0.3457753033919468
2019-09-14,0.5588194444444445,0.00038531905016757324,288.0,Virgen,0.21219677105545992,8.0,True,True,True,0.3466226733889846
2019-09-15,0.558,0.0,288.0,Virgen,0.2117984220385551,8.0,True,True,True,0.34620157796144496
2019-09-16,0.5578368055555556,0.0003701862282590689,288.0,Virgen,0.2112116310745477,8.0,True,True,True,0.3466251744810079
2019-09-17,0.5567430555555556,0.00046097197383984694,288.0,Virgen,0.21038119867444033,8.0,True,True,True,0.34636185688111526
2019-09-18,0.5550729166666667,0.0007907759828498741,288.0,Virgen,0.21126887574791905,8.0,True,True,True,0.3438040409187476
2019-09-19,0.5528333333333334,0.0008093529914744228,288.0,Virgen,0.21137597411870956,8.0,True,True,True,0.34145735921462383
2019-09-20,0.5505277777777778,0.0007736464582943758,288.0,Virgen,0.2140298001468181,8.0,True,True,True,0.33649797763095973
2019-09-21,0.5483125000000001,0.0006675009298042022,288.0,Virgen,0.2130240388214588,8.0,True,True,True,0.3352884611785413
2019-09-22,0.5461666666666667,0.0008136466714268376,288.0,Virgen,0.21333040297031403,8.0,True,True,True,0.33283626369635266
2019-09-23,0.5438402777777778,0.0008150431847172813,288.0,Virgen,0.215333079919219,8.0,True,True,True,0.32850719785855875
2019-09-24,0.5417048611111112,0.0005471280559087814,288.0,Virgen,0.21584902703762052,8.0,True,True,True,0.3258558340734906
2019-09-25,0.5400277777777779,0.00021910315914572484,288.0,Virgen,0.21555520966649053,8.0,True,True,True,0.32447256811128733
2019-09-26,0.5386180555555556,0.0005536892772286551,288.0,Virgen,0.2139358110725879,8.0,True,True,True,0.32468224448296773
2019-09-27,0.5366111111111111,0.0011573796615588392,288.0,Virgen,0.21200441010296342,8.0,True,True,True,0.3246067010081477
2019-09-28,0.5338125,0.0007274484068780648,288.0,Virgen,0.21045631356537337,8.0,True,True,True,0.32335618643462666
2019-09-29,0.5313368055555556,0.0010023141535507286,288.0,Virgen,0.21001529134809968,8.0,True,True,True,0.3213215142074559
2019-09-30,0.5288541666666666,0.0007648073702500522,288.0,Virgen,0.21065055951476092,8.0,True,True,True,0.3182036071519057
2019-10-01,0.5296423611111112,0.00048013933243593287,288.0,Virgen,0.21102248504757878,8.0,True,True,True,0.31861987606353237
2019-10-02,0.5341354166666668,0.00505982287153325,288.0,Virgen,0.21069948934018606,8.0,True,True,True,0.3234359273264807
2019-10-03,0.54975,0.0025958959836994877,288.0,Virgen,0.21605073474347586,8.0,True,True,True,0.3336992652565241
2019-10-04,0.5566215277777778,0.0011948590921515036,288.0,Virgen,0.2153847329318523,8.0,True,True,True,0.3412367948459255
2019-10-05,0.5576076388888889,0.0006265418457497519,288.0,Virgen,0.21291932836174962,8.0,True,True,True,0.3446883105271392
2019-10-06,0.5558472222222223,0.0003603993999005248,288.0,Virgen,0.21289548650383944,8.0,True,True,True,0.34295173571838283
2019-10-07,0.57934375,0.018855490124622096,288.0,Virgen,0.21361641585826868,8.0,True,True,True,0.36572733414173136
2019-10-08,0.6251944444444445,0.001971142959891901,288.0,Virgen,0.21793334186077112,8.0,True,True,True,0.4072611025836734
2019-10-09,0.6217361111111112,0.0022677441587382247,288.0,Virgen,0.2179357837885618,8.0,True,True,True,0.40380032732254934
2019-10-10,0.6155833333333334,0.001493306785893052,288.0,Virgen,0.21605282649397844,8.0,True,True,True,0.3995305068393549
2019-10-11,0.6112430555555555,0.0011908274743041064,288.0,Virgen,0.21451101824641222,8.0,True,True,True,0.39673203730914325
2019-10-12,0.6076701388888889,0.0008827877810419138,288.0,Virgen,0.2131914217025041,8.0,True,True,True,0.3944787171863848
2019-10-13,0.604923611111111,0.0007041921371390864,288.0,Virgen,0.2119957711547613,8.0,True,True,True,0.3929278399563497
2019-10-14,0.60284375,0.000800628564042651,288.0,Virgen,0.2111622281372547,8.0,True,True,True,0.3916815218627453
2019-10-15,0.6002951388888889,0.000764894368705061,288.0,Virgen,0.21115669235587117,8.0,True,True,True,0.38913844653301766
2019-10-16,0.5980555555555555,0.000525022352638796,288.0,Virgen,0.20979172550141809,8.0,True,True,True,0.38826383005413734
2019-10-17,0.5963229166666666,0.0008071301377307823,288.0,Virgen,0.21014706604182717,8.0,True,True,True,0.3861758506248394
2019-10-18,0.6622812499999999,0.035900181919409385,288.0,Virgen,0.21327466145157808,8.0,True,True,True,0.44900658854842185
2019-10-19,0.6568055555555555,0.005794119063167109,288.0,Virgen,0.22129955887794492,8.0,True,True,True,0.4355059966776106
2019-10-20,0.6476215277777778,0.0016879843119986884,288.0,Virgen,0.22064884193241593,8.0,True,True,True,0.42697268584536185
2019-10-21,0.6368923611111111,0.004028497439278807,288.0,Virgen,0.21916519850492475,8.0,True,True,True,0.41772716260618636
2019-10-22,0.6310625000000001,0.002011183886962526,288.0,Virgen,0.21913395449519152,8.0,True,True,True,0.41192854550480856
2019-10-23,0.6308090277777778,0.0014074175423797045,288.0,Virgen,0.21951644308865068,8.0,True,True,True,0.4112925846891271
2019-10-24,0.6289513888888889,0.006055296712244967,288.0,Virgen,0.22075037658214566,8.0,True,True,True,0.4082010123067432
2019-10-25,0.6610868055555555,0.02051317498458292,288.0,Virgen,0.22431890852749345,8.0,True,True,True,0.43676789702806207
2019-10-26,0.6374826388888889,0.0017687898129075095,288.0,Virgen,0.22462878376245496,8.0,True,True,True,0.4128538551264339
2019-10-27,0.6278645833333333,0.0032533653174062933,288.0,Virgen,0.22272660583257672,8.0,True,True,True,0.40513797750075653
2019-10-28,0.6185208333333333,0.0022936626826416586,288.0,Virgen,0.22114936448633665,8.0,True,True,True,0.39737146884699664
2019-10-29,0.6133298611111111,0.004655992801775965,288.0,Virgen,0.21980325318872926,8.0,True,True,True,0.3935266079223818
2019-10-30,0.6344930555555556,0.003043234405771308,288.0,Virgen,0.21864452585577962,8.0,True,True,True,0.4158485296997759
2019-10-31,0.6223993055555556,0.0034017211574642174,288.0,Virgen,0.21865990757942194,8.0,True,True,True,0.4037393979761336
2019-11-01,0.6135069444444444,0.0019326518683634522,288.0,Virgen,0.21842959523200983,8.0,True,True,True,0.3950773492124346
2019-11-02,0.6134895833333334,0.0006465366052138835,288.0,Virgen,0.21991263702511782,8.0,True,True,True,0.39357694630821555
2019-11-03,0.6101736111111111,0.0011586960177197255,288.0,Virgen,0.21894389949738977,8.0,True,True,True,0.39122971161372133
2019-11-04,0.6065937499999999,0.0010939630827778942,288.0,Virgen,0.2178269289433956,8.0,True,True,True,0.3887668210566043
2019-11-05,0.6025138888888889,0.0012038620263764624,288.0,Virgen,0.2168261688202619,8.0,True,True,True,0.385687720068627
2019-11-06,0.5988819444444444,0.0007786034829503148,288.0,Virgen,0.21585923619568342,8.0,True,True,True,0.383022708248761
2019-11-07,0.5963090277777777,0.0004991160401402444,288.0,Virgen,0.216002881526947,8.0,True,True,True,0.3803061462508307
2019-11-08,0.5949027777777778,0.00042269163139776425,288.0,Virgen,0.21588287502527234,8.0,True,True,True,0.3790199027525054
2019-11-09,0.593204861111111,0.0007441132375248992,288.0,Virgen,0.21454824134707448,8.0,True,True,True,0.37865661976403653
2019-11-10,0.5913854166666667,0.0011046603053626576,288.0,Virgen,0.21456876583397383,8.0,True,True,True,0.37681665083269283
2019-11-11,0.6018784722222222,0.0031026270355741293,288.0,Virgen,0.21496312692761416,8.0,True,True,True,0.3869153452946081
2019-11-12,0.615361111111111,0.0017712811997695455,288.0,Virgen,0.21480017900466913,8.0,True,True,True,0.4005609321064419
2019-11-13,0.6151145833333334,0.0007113288100155805,288.0,Virgen,0.2155304793268442,8.0,True,True,True,0.39958410400648914
2019-11-14,0.6114618055555555,0.0014904806664669409,288.0,Virgen,0.21491361036896703,8.0,True,True,True,0.39654819518658846
2019-11-15,0.6064583333333333,0.0015135854011422195,288.0,Virgen,0.2145261783152818,8.0,True,True,True,0.3919321550180515
2019-11-16,0.6017222222222222,0.0013688645537354672,288.0,Virgen,0.21633581444621083,8.0,True,True,True,0.3853864077760113
2019-11-17,0.5974583333333333,0.0011915790478091194,288.0,Virgen,0.21638940274715418,8.0,True,True,True,0.38106893058617913
2019-11-18,0.5935416666666666,0.0014950557306106344,288.0,Virgen,0.218615410849452,8.0,True,True,True,0.3749262558172146
2019-11-19,0.5898993055555555,0.0006986294724387101,288.0,Virgen,0.21823471784591672,8.0,True,True,True,0.3716645877096387
2019-11-20,0.5881423611111111,0.00035984508109007305,288.0,Virgen,0.21800201758742327,8.0,True,True,True,0.3701403435236878
2019-11-21,0.5868090277777777,0.0004591179536817358,288.0,Virgen,0.2171174213290214,8.0,True,True,True,0.36969160644875626
2019-11-22,0.5855555555555555,0.0005509292470276416,288.0,Virgen,0.21721443347632882,8.0,True,True,True,0.36834112207922665
2019-11-23,0.5831909722222223,0.0010468078701437917,288.0,Virgen,0.22100399062037465,8.0,True,True,True,0.3621869816018476
2019-11-24,0.5814479166666666,0.0004981455155914001,288.0,Virgen,0.22544962726533407,8.0,True,True,True,0.35599828940133255
2019-11-25,0.5835,0.0018001161402713902,288.0,Virgen,0.22515345178544516,8.0,True,True,True,0.35834654821455486
2019-11-26,0.5889930555555556,0.0008305703323876652,288.0,Virgen,0.22315936908125875,8.0,True,True,True,0.3658336864742968
2019-11-27,0.59,0.0,288.0,Virgen,0.22186774015426633,8.0,True,True,True,0.3681322598457336
2019-11-28,0.5898125,0.00039099177032242904,288.0,Virgen,0.22060952521860597,8.0,True,True,True,0.36920297478139397
2019-11-29,0.589,0.0,288.0,Virgen,0.21972972154617307,8.0,True,True,True,0.3692702784538269
2019-11-30,0.58734375,0.0008450898350282432,288.0,Virgen,0.2192414831370115,8.0,True,True,True,0.3681022668629885
2019-12-01,0.5868854166666666,0.0019337626931219699,288.0,Virgen,0.22511894255876536,8.0,True,True,True,0.36176647410790125
2019-12-02,0.5957326388888888,0.002370266744603354,288.0,Virgen,0.2274094298481941,8.0,True,True,True,0.3683232090406947
2019-12-03,0.5988159722222223,0.00038818135681189094,288.0,Virgen,0.226299213245511,8.0,True,True,True,0.37251675897671127
2019-12-04,0.5970624999999999,0.00024248280229261762,288.0,Virgen,0.2271040808409452,8.0,True,True,True,0.36995841915905475
2019-12-05,0.5979479166666667,0.00034529566182719604,288.0,Virgen,0.22846379131078715,8.0,True,True,True,0.36948412535587954
2019-12-06,0.6277777777777778,0.012981329097941129,288.0,Virgen,0.23131506703793997,8.0,True,True,True,0.3964627107398378
2019-12-07,0.6446006944444445,0.0037103677424695494,288.0,Virgen,0.23747744970023626,8.0,True,True,True,0.4071232447442082
2019-12-08,0.64028125,0.0026779645073149593,288.0,Virgen,0.24108802899718282,8.0,True,True,True,0.3991932210028172
2019-12-09,0.6331770833333333,0.003907452341092801,288.0,Virgen,0.24365115351974959,8.0,True,True,True,0.38952592981358375
2019-12-10,0.6206388888888889,0.003110309060931271,288.0,Virgen,0.24186322093009946,8.0,True,True,True,0.37877566795878936
2019-12-11,0.6124340277777778,0.0015333079266187993,288.0,Virgen,0.24309367500245566,8.0,True,True,True,0.3693403527753221
2019-12-12,0.613826388888889,0.006391773743135036,288.0,Virgen,0.2437026537954807,8.0,True,True,True,0.37012373509340823
2019-12-13,0.6215347222222223,0.0023916614563677433,288.0,Virgen,0.24376052804291246,8.0,True,True,True,0.3777741941793098
2019-12-14,0.6139375,0.0020506436484243494,288.0,Virgen,0.24210335873067376,8.0,True,True,True,0.37183414126932623
2019-12-15,0.607923611111111,0.001553146120823304,288.0,Virgen,0.24365390464663503,8.0,True,True,True,0.364269706464476
2019-12-16,0.6028402777777777,0.0013951793282981294,288.0,Virgen,0.2430995739996433,8.0,True,True,True,0.3597407037781344
2019-12-17,0.5983159722222222,0.0013359757135664738,288.0,Virgen,0.2420560717582702,8.0,True,True,True,0.356259900463952
2019-12-18,0.5940069444444444,0.0014745058950488422,288.0,Virgen,0.24116944707930082,8.0,True,True,True,0.3528374973651435
2019-12-19,0.5905451388888889,0.0004988250810444367,288.0,Virgen,0.24117748253047464,8.0,True,True,True,0.34936765635841427
2019-12-20,0.5896666666666666,0.00047222506888089486,288.0,Virgen,0.24053775332868096,8.0,True,True,True,0.34912891333798557
2019-12-21,0.5894618055555555,0.0004994068297208636,288.0,Virgen,0.2389034796506166,8.0,True,True,True,0.3505583259049389
2019-12-22,0.5895972222222222,0.0004913104774870644,288.0,Virgen,0.2379017081111669,8.0,True,True,True,0.3516955141110553
2019-12-23,0.5906076388888889,0.0004891263435410728,288.0,Virgen,0.23693072609603402,8.0,True,True,True,0.35367691279285485
2019-12-24,0.5914513888888888,0.0004984975490678134,288.0,Virgen,0.23534572310745713,8.0,True,True,True,0.35610566578143166
2019-12-25,0.5917881944444444,0.00040929897198842616,288.0,Virgen,0.23418231867253778,8.0,True,True,True,0.3576058757719066
2019-12-26,0.5906041666666666,0.0004898801673851862,288.0,Virgen,0.23343423940241334,8.0,True,True,True,0.35716992726425323
2019-12-27,0.5884756944444445,0.0006352860507209351,288.0,Virgen,0.23180397972464556,8.0,True,True,True,0.3566717147197989
2019-12-28,0.5877083333333333,0.0004777269057900289,288.0,Virgen,0.23152387887239453,8.0,True,True,True,0.3561844544609387
2019-12-29,0.5868333333333333,0.0003733266964732883,288.0,Virgen,0.23119417577981946,8.0,True,True,True,0.35563915755351383
2019-12-30,0.5880277777777778,0.0008508609654349132,288.0,Virgen,0.23233436234295365,8.0,True,True,True,0.35569341543482413
2019-12-31,0.6172569444444445,0.012680884419291763,288.0,Virgen,0.2352098803967237,8.0,True,True,True,0.38204706404772076
2020-01-01,0.6290833333333333,0.0019127301391900187,288.0,Virgen,0.23934444971382615,8.0,True,True,True,0.38973888361950715
2020-01-02,0.6241493055555556,0.0029089432334744886,288.0,Virgen,0.2399916779249906,8.0,True,True,True,0.384157627630565
2020-01-03,0.6164340277777778,0.0016000288845148232,288.0,Virgen,0.2413267362862825,8.0,True,True,True,0.37510729149149524
2020-01-04,0.6128541666666667,0.0010946098536498833,288.0,Virgen,0.24061444401741025,8.0,True,True,True,0.3722397226492564
2020-01-05,0.6085416666666666,0.0012653241861938888,288.0,Virgen,0.23951989784836764,8.0,True,True,True,0.369021768818299
2020-01-06,0.6046701388888889,0.0011379779035045091,288.0,Virgen,0.23845863901078698,8.0,True,True,True,0.36621149987810186
2020-01-07,0.600486111111111,0.0017410242134021947,288.0,Virgen,0.23678958974778647,8.0,True,True,True,0.3636965213633246
2020-01-08,0.5976111111111111,0.0004883465826888924,288.0,Virgen,0.23569288849830625,8.0,True,True,True,0.3619182226128048
2020-01-09,0.5969166666666667,0.0007419721343037823,288.0,Virgen,0.23554329015314576,8.0,True,True,True,0.36137337651352086
2020-01-10,0.5944027777777777,0.0007114733639834091,288.0,Virgen,0.23370161280035967,8.0,True,True,True,0.36070116497741805
2020-01-11,0.5921597222222222,0.0005742826999264153,288.0,Virgen,0.2330235186964273,8.0,True,True,True,0.35913620352579495
2020-01-12,0.5906076388888889,0.0004891263435410762,288.0,Virgen,0.2315337937325239,8.0,True,True,True,0.359073845156365
2020-01-13,0.5888541666666667,0.0004790924928702459,288.0,Virgen,0.23042440041899676,8.0,True,True,True,0.3584297662476699
2020-01-14,0.5870590277777777,0.0007650841491779766,288.0,Virgen,0.2301639281213283,8.0,True,True,True,0.35689509965644944
2020-01-15,0.5847256944444443,0.0008417044701206759,288.0,Virgen,0.22911604121327397,8.0,True,True,True,0.35560965323117033
2020-01-16,0.5820868055555555,0.0008154216136776106,288.0,Virgen,0.22780013829469675,8.0,True,True,True,0.3542866672608587
2020-01-17,0.5797708333333333,0.0007202278965688886,288.0,Virgen,0.22710515744984144,8.0,True,True,True,0.3526656758834919
2020-01-18,0.5769444444444445,0.0008453832627956007,288.0,Virgen,0.2258512955158949,8.0,True,True,True,0.3510931489285496
2020-01-19,0.575375,0.0004849656045852079,288.0,Virgen,0.2254561837762594,8.0,True,True,True,0.34991881622374055
2020-01-20,0.5752395833333332,0.0004275721509299841,288.0,Virgen,0.22465820051729674,8.0,True,True,True,0.3505813828160365
2020-01-21,0.5774166666666667,0.0011074659526306818,288.0,Virgen,0.23130626417696473,8.0,True,True,True,0.34611040248970193
2020-01-22,0.5836944444444444,0.002066078369678872,288.0,Virgen,0.2388951517641544,8.0,True,True,True,0.34479929268028997
2020-01-23,0.5876180555555555,0.0004867087471664739,288.0,Virgen,0.23806512169539926,8.0,True,True,True,0.3495529338601562
2020-01-24,0.5877152777777778,0.0004520675606200787,288.0,Virgen,0.2378176655620336,8.0,True,True,True,0.34989761221574417
2020-01-25,0.5935277777777777,0.0107076737889866,288.0,Virgen,0.2436271775513887,8.0,True,True,True,0.3499006002263889
2020-01-26,0.6304166666666666,0.0018174531324084257,288.0,Virgen,0.25894714519381523,8.0,True,True,True,0.3714695214728514
2020-01-27,0.623107638888889,0.0025221411141051133,288.0,Virgen,0.26851681992411613,8.0,True,True,True,0.35459081896477285
2020-01-28,0.6151701388888889,0.0023154256195044324,288.0,Virgen,0.2655671760439873,8.0,True,True,True,0.34960296284490167
2020-01-29,0.6089652777777778,0.001071735018764132,288.0,Virgen,0.26496398448944086,8.0,True,True,True,0.3440012932883369
2020-01-30,0.6061493055555556,0.0007618514517498485,288.0,Virgen,0.2647335566580295,8.0,True,True,True,0.3414157488975261
2020-01-31,0.6031736111111111,0.0008977700683502835,288.0,Virgen,0.26279278099536896,8.0,True,True,True,0.34038083011574216
2020-02-01,0.6001944444444445,0.0008737581752517423,288.0,Virgen,0.263326670974493,8.0,True,True,True,0.33686777346995145
2020-02-02,0.5983472222222221,0.0004769158238708524,288.0,Virgen,0.268816314637661,8.0,True,True,True,0.32953090758456116
2020-02-03,0.5980104166666667,0.00010170583392828628,288.0,Virgen,0.27569565549492836,8.0,True,True,True,0.3223147611717383
2020-02-04,0.5970833333333333,0.0006357524554959511,288.0,Virgen,0.27576078474521637,8.0,True,True,True,0.32132254858811693
2020-02-05,0.594892361111111,0.0008587796106493852,288.0,Virgen,0.27504780143499374,8.0,True,True,True,0.31984455967611725
2020-02-06,0.5914756944444445,0.0012351273560864135,288.0,Virgen,0.2740205489099026,8.0,True,True,True,0.3174551455345419
2020-02-07,0.5879479166666666,0.00108557014676823,288.0,Virgen,0.27306921780109406,8.0,True,True,True,0.3148786988655725
2020-02-08,0.5843576388888888,0.0013121825243302674,288.0,Virgen,0.27511668205261225,8.0,True,True,True,0.30924095683627656
2020-02-09,0.5808784722222221,0.0007101713190222034,288.0,Virgen,0.2793364152312279,8.0,True,True,True,0.30154205699099423
2020-02-10,0.5790277777777777,0.00043287297980746417,288.0,Virgen,0.2792743518948555,8.0,True,True,True,0.2997534258829222
2020-02-11,0.5775659722222222,0.0004964912699204962,288.0,Virgen,0.2770978957414627,8.0,True,True,True,0.30046807648075946
2020-02-12,0.5753576388888888,0.0007038054709373859,288.0,Virgen,0.27483029663562775,8.0,True,True,True,0.30052734225326105
2020-02-13,0.5729513888888889,0.0007356512307171798,288.0,Virgen,0.2728147320449352,8.0,True,True,True,0.30013665684395363
2020-02-14,0.5705798611111111,0.000805389499218157,288.0,Virgen,0.2710407003760338,8.0,True,True,True,0.29953916073507736
2020-02-15,0.5679513888888889,0.0008249579113842937,288.0,Virgen,0.2705889493227005,8.0,True,True,True,0.29736243956618835
2020-02-16,0.5652951388888888,0.0008346026917741083,288.0,Virgen,0.2694805860519409,8.0,True,True,True,0.2958145528369479
2020-02-17,0.5629097222222222,0.0007823238361390746,288.0,Virgen,0.26811051741242403,8.0,True,True,True,0.2947992048097982
2020-02-18,0.5607083333333334,0.0006559829181085358,288.0,Virgen,0.26684191077947617,8.0,True,True,True,0.2938664225538572
2020-02-19,0.5585173611111112,0.0006074829386185643,288.0,Virgen,0.26517464965581894,8.0,True,True,True,0.2933427114552922
2020-02-20,0.5565972222222223,0.0004913104774870226,288.0,Virgen,0.26561257243156433,8.0,True,True,True,0.29098464979065797
2020-02-21,0.5548854166666667,0.0005119435876479846,288.0,Virgen,0.2722208350896835,8.0,True,True,True,0.2826645815769832
2020-02-22,0.5530868055555556,0.0008611431125645143,288.0,Virgen,0.2780112884938717,8.0,True,True,True,0.27507551706168387
2020-02-23,0.5508958333333334,0.0007250495597622415,288.0,Virgen,0.281980536878109,8.0,True,True,True,0.2689152964552244
2020-02-24,0.5489826388888889,0.000853182593665478,288.0,Virgen,0.2845597751438617,8.0,True,True,True,0.26442286374502716
2020-02-25,0.5478472222222223,0.0003603993999006432,288.0,Virgen,0.29041070863604546,8.0,True,True,True,0.2574365135861768
2020-02-26,0.5467048611111112,0.0006463868876434351,288.0,Virgen,0.29184935614466667,8.0,True,True,True,0.2548555049664445
2020-02-27,0.5487118055555557,0.0021077919661373905,288.0,Virgen,0.29596149176359177,8.0,True,True,True,0.2527503137919639
2020-02-28,0.5572361111111112,0.0025850983068165558,288.0,Virgen,0.304535698145628,8.0,True,True,True,0.2527004129654832
2020-02-29,0.5629548611111111,0.0008998900328568621,288.0,Virgen,0.3069898337125778,8.0,True,True,True,0.25596502739853333
2020-03-01,0.5689375,0.0023155849796344876,288.0,Virgen,0.30733997747302055,8.0,True,True,True,0.26159752252697943
2020-03-02,0.5729722222222222,0.0005530333765714776,288.0,Virgen,0.305971473455429,8.0,True,True,True,0.2670007487667932
2020-03-03,0.575048611111111,0.0007815811822232273,288.0,Virgen,0.3041876442730427,8.0,True,True,True,0.2708609668380684
2020-03-04,0.5766493055555555,0.0004780180521978167,288.0,Virgen,0.3019610419869423,8.0,True,True,True,0.2746882635686132
2020-03-05,0.5769375,0.0002424828022926307,288.0,Virgen,0.2999618425965309,8.0,True,True,True,0.2769756574034691
2020-03-06,0.577,0.0,288.0,Virgen,0.2982931174337864,8.0,True,True,True,0.27870688256621357
2020-03-07,0.5789930555555556,0.0011105859192387362,288.0,Virgen,0.2972946763038635,8.0,True,True,True,0.28169837925169205
2020-03-08,0.5872291666666666,0.006098173314201205,288.0,Virgen,0.30521806329488754,8.0,True,True,True,0.28201110337177904
2020-03-09,0.5978320610687023,0.0006581170313942689,131.0,Virgen,0.3114481121301651,8.0,True,True,True,0.28638394893853725
2020-03-18,0.5976999999999999,0.00046114881312667063,80.0,Virgen,0.3150404207408428,8.0,True,True,True,0.2826595792591571
2020-03-19,0.5964548611111111,0.0005193576656058748,288.0,Virgen,0.31779341772198677,8.0,True,True,True,0.27866144338912435
2020-03-20,0.5942118055555555,0.0006359712622282362,288.0,Virgen,0.3174925930798053,8.0,True,True,True,0.2767192124757502
2020-03-21,0.5917743055555555,0.0008601309784204726,288.0,Virgen,0.3157875873148441,8.0,True,True,True,0.27598671824071147
2020-03-22,0.5888298611111111,0.0009042354740270386,288.0,Virgen,0.3139953128993511,8.0,True,True,True,0.27483454821176
2020-03-23,0.5858854166666666,0.0009898768972841367,288.0,Virgen,0.3125707767903805,8.0,True,True,True,0.2733146398762861
2020-03-24,0.5826770833333332,0.0011581686101845797,288.0,Virgen,0.3112059384584427,8.0,True,True,True,0.27147114487489055
2020-03-25,0.5793472222222221,0.0009092589504355712,288.0,Virgen,0.3099868111312389,8.0,True,True,True,0.26936041109098324
2020-03-26,0.5765277777777778,0.0007914565097915049,288.0,Virgen,0.3090821243822574,8.0,True,True,True,0.26744565339552034
2020-03-27,0.5736458333333333,0.0011352370088232712,288.0,Virgen,0.307910431176424,8.0,True,True,True,0.2657354021569093
2020-03-28,0.5708576388888889,0.0006443622956839203,288.0,Virgen,0.3092059940099716,8.0,True,True,True,0.26165164487891723
2020-03-29,0.569017361111111,0.00013084014829452465,288.0,Virgen,0.3099762834608555,8.0,True,True,True,0.2590410776502555
2020-03-30,0.5682326388888889,0.0004232493949541106,288.0,Virgen,0.3087268285453319,8.0,True,True,True,0.25950581034355696
2020-03-31,0.567673611111111,0.00046970761327308545,288.0,Virgen,0.3075531162321567,8.0,True,True,True,0.26012049487895433
2020-04-01,0.5664895833333332,0.0005007616150645186,288.0,Virgen,0.30789269506931305,8.0,True,True,True,0.25859688826402016
2020-04-02,0.5789027777777778,0.018057908956486308,288.0,Virgen,0.30831706151366234,8.0,True,True,True,0.27058571626411543
2020-04-03,0.6213333333333333,0.0031301612430776286,288.0,Virgen,0.30761701613664627,8.0,True,True,True,0.313716317196687
2020-04-04,0.6192534722222223,0.001711303400988876,288.0,Virgen,0.3052808716893196,8.0,True,True,True,0.31397260053290266
2020-04-05,0.6151701388888889,0.0006950877778886296,288.0,Virgen,0.3036769814789295,8.0,True,True,True,0.3114931574099594
2020-04-06,0.6158090277777778,0.004259237359462708,288.0,Virgen,0.30269092321395874,8.0,True,True,True,0.31311810456381906
2020-04-07,0.6243923611111111,0.0005803495115493491,288.0,Virgen,0.3019016608595848,8.0,True,True,True,0.32249070025152626
2020-04-08,0.6200416666666667,0.0023145502494313747,288.0,Virgen,0.3010761775076389,8.0,True,True,True,0.31896548915902784
2020-04-09,0.6134201388888889,0.001481786277766484,288.0,Virgen,0.30282896384596825,8.0,True,True,True,0.31059117504292066
2020-04-10,0.6093611111111111,0.0011299601368882635,288.0,Virgen,0.30679538846015925,8.0,True,True,True,0.3025657226509519
2020-04-11,0.6096840277777777,0.005051044852677041,288.0,Virgen,0.3134991489350795,8.0,True,True,True,0.29618487884269823
2020-04-12,0.6280451388888889,0.006900591600766989,288.0,Virgen,0.3235738016664982,8.0,True,True,True,0.3044713372223907
2020-04-13,0.6636631944444444,0.028380216514528753,288.0,Virgen,0.3309259116649627,8.0,True,True,True,0.3327372827794817
2020-04-14,0.6483090277777778,0.008512646162979151,288.0,Virgen,0.33281398937106127,8.0,True,True,True,0.3154950384067165
2020-04-15,0.6254340277777778,0.004867851778045681,288.0,Virgen,0.33122751861810684,8.0,True,True,True,0.29420650915967095
2020-04-16,0.6141631944444444,0.002197028291573715,288.0,Virgen,0.32913204282522196,8.0,True,True,True,0.2850311516192225
2020-04-17,0.6101388888888889,0.001139173311792808,288.0,Virgen,0.33001624792814255,8.0,True,True,True,0.28012264096074635
2020-04-18,0.6079097222222223,0.0017022763789424555,288.0,Virgen,0.32831474766135216,8.0,True,True,True,0.2795949745608701
2020-04-19,0.6134965277777777,0.0007419639814362013,288.0,Virgen,0.3256518505513668,8.0,True,True,True,0.28784467722641094
2020-04-20,0.6118055555555555,0.0011762918039553059,288.0,Virgen,0.32288870215415955,8.0,True,True,True,0.28891685340139595
2020-04-21,0.6078749999999999,0.0010811981997017152,288.0,Virgen,0.3201269395649433,8.0,True,True,True,0.28774806043505663
2020-04-22,0.6044027777777777,0.0009206833127038732,288.0,Virgen,0.3177780471742153,8.0,True,True,True,0.2866247306035624
2020-04-23,0.6017638888888889,0.000895097846527683,288.0,Virgen,0.3158205337822437,8.0,True,True,True,0.2859433551066452
2020-04-24,0.6007083333333333,0.0025780499342361657,288.0,Virgen,0.3143439516425133,8.0,True,True,True,0.28636438169082
2020-04-25,0.6273263888888888,0.009764709166308828,288.0,Virgen,0.3134882003068924,8.0,True,True,True,0.3138381885819964
2020-04-26,0.6409652777777778,0.0067420498484887575,288.0,Virgen,0.3141318038105964,8.0,True,True,True,0.3268334739671814
2020-04-27,0.6241875,0.004113322876593391,288.0,Virgen,0.31398142501711845,8.0,True,True,True,0.31020607498288155
2020-04-28,0.6149097222222222,0.0017226233719114705,288.0,Virgen,0.31259204074740404,8.0,True,True,True,0.30231768147481813
2020-04-29,0.6095798611111111,0.001293461437134411,288.0,Virgen,0.3108859620988369,8.0,True,True,True,0.29869389901227417
2020-04-30,0.6053124999999999,0.0010153439540117573,288.0,Virgen,0.3093545138835907,8.0,True,True,True,0.2959579861164092
2020-05-01,0.6224479166666667,0.011994658908634824,288.0,Virgen,0.3083386793732643,8.0,True,True,True,0.31410923729340234
2020-05-02,0.6618194444444445,0.024104925336417324,288.0,Virgen,0.30845694243907923,8.0,True,True,True,0.3533625020053653
2020-05-03,0.6407326388888889,0.005092322975887133,288.0,Virgen,0.3084852024912834,8.0,True,True,True,0.33224743639760546
2020-05-04,0.6327361111111112,0.0034871313672244666,288.0,Virgen,0.30825291574001307,8.0,True,True,True,0.3244831953710981
2020-05-05,0.6324340277777778,0.004251151320904841,288.0,Virgen,0.3081512972712516,8.0,True,True,True,0.3242827305065262
2020-05-06,0.6199513888888889,0.0027870528465552915,288.0,Virgen,0.3061499483883381,8.0,True,True,True,0.3138014405005508
2020-05-07,0.6115486111111111,0.0017039812414564206,288.0,Virgen,0.3043774105608463,8.0,True,True,True,0.30717120055026487
2020-05-08,0.6087465277777777,0.000967226949247654,288.0,Virgen,0.3031337969005108,8.0,True,True,True,0.3056127308772669
2020-05-09,0.6144131944444444,0.0025236372878576353,288.0,Virgen,0.3016924262046814,8.0,True,True,True,0.312720768239763
2020-05-10,0.6140208333333333,0.0014165214792036503,288.0,Virgen,0.30079371854662895,8.0,True,True,True,0.3132271147867044
2020-05-11,0.6094618055555556,0.0016774585276201719,288.0,Virgen,0.3004501275718212,8.0,True,True,True,0.3090116779837344
2020-05-12,0.6483159722222223,0.027900410655238093,288.0,Virgen,0.30589136853814125,8.0,True,True,True,0.342424603684081
2020-05-13,0.6399479166666667,0.007326202021697061,288.0,Virgen,0.31596489995717997,8.0,True,True,True,0.32398301670948676
2020-05-14,0.6224791666666667,0.003588539151300603,288.0,Virgen,0.31601970642805094,8.0,True,True,True,0.30645946023861576
2020-05-15,0.6129305555555555,0.00218532571274173,288.0,Virgen,0.3130574338138103,8.0,True,True,True,0.29987312174174524
2020-05-16,0.6082326388888889,0.0010483323316137195,288.0,Virgen,0.31188224256038666,8.0,True,True,True,0.29635039632850224
2020-05-17,0.618125,0.0020697758635744444,288.0,Virgen,0.31340086832642555,8.0,True,True,True,0.3047241316735745
2020-05-18,0.6157222222222223,0.0009695319783615559,288.0,Virgen,0.31236984580755234,8.0,True,True,True,0.30335237641466994
2020-05-19,0.6145104166666666,0.000698352341609498,288.0,Virgen,0.31150051206350327,8.0,True,True,True,0.30300990460316335
2020-05-20,0.6117465277777777,0.0008883616988233469,288.0,Virgen,0.309586837887764,8.0,True,True,True,0.30215968989001374
2020-05-21,0.6100520833333333,0.0007746388390794885,288.0,Virgen,0.3078179992735386,8.0,True,True,True,0.3022340840597947
2020-05-22,0.6089270833333333,0.0009172537978207119,288.0,Virgen,0.3059612922370433,8.0,True,True,True,0.30296579109629
2020-05-23,0.6067743055555556,0.00041876648591441287,288.0,Virgen,0.30408269912004465,8.0,True,True,True,0.3026916064355109
2020-05-24,0.606920138888889,0.002061056860287769,288.0,Virgen,0.3024663142859936,8.0,True,True,True,0.3044538246028954
2020-05-25,0.6125972222222222,0.0013320987315452609,288.0,Virgen,0.30132378637790674,8.0,True,True,True,0.3112734358443155
2020-05-26,0.6129895833333333,0.00024315543271723495,288.0,Virgen,0.3001791201531887,8.0,True,True,True,0.3128104631801446
2020-05-27,0.6109965277777777,0.0010995667942943052,288.0,Virgen,0.2987704128026962,8.0,True,True,True,0.3122261149750815
2020-05-28,0.6069895833333333,0.0012082307017169975,288.0,Virgen,0.29764560237526894,8.0,True,True,True,0.30934398095806437
2020-05-29,0.6028645833333334,0.0012683753909644283,288.0,Virgen,0.2972285710275173,8.0,True,True,True,0.30563601230581605
2020-05-30,0.6138402777777778,0.008400815618644544,288.0,Virgen,0.29862776771187777,8.0,True,True,True,0.31521251006590006
2020-05-31,0.6265208333333333,0.0032233225656720017,288.0,Virgen,0.29944348707795143,8.0,True,True,True,0.3270773462553819
2020-06-01,0.6176805555555556,0.001692997579816203,288.0,Virgen,0.29992108047008514,8.0,True,True,True,0.3177594750854704
2020-06-02,0.61296875,0.0012049820360970991,288.0,Virgen,0.29994235187768936,8.0,True,True,True,0.3130263981223106
2020-06-03,0.6153958333333334,0.0007393259007071579,288.0,Virgen,0.30051242932677263,8.0,True,True,True,0.31488340400656073
2020-06-04,0.6115486111111111,0.0015384949481170457,288.0,Virgen,0.29970450326800346,8.0,True,True,True,0.3118441078431077
2020-06-05,0.6066562499999999,0.001202449228176405,288.0,Virgen,0.29867349937558174,8.0,True,True,True,0.30798275062441816
2020-06-06,0.6034375,0.000865270697406744,288.0,Virgen,0.29921348392963404,8.0,True,True,True,0.3042240160703659
2020-06-07,0.6001597222222222,0.0008847385443783679,288.0,Virgen,0.29813622683286667,8.0,True,True,True,0.3020234953893556
2020-06-08,0.5972638888888889,0.0007418416776641148,288.0,Virgen,0.29969156906008715,8.0,True,True,True,0.2975723198288018
2020-06-09,0.5945277777777778,0.0008710956251043095,288.0,Virgen,0.2991364188492298,8.0,True,True,True,0.29539135892854795
2020-06-10,0.5917777777777777,0.0008216957433843858,288.0,Virgen,0.2964865490794182,8.0,True,True,True,0.29529122869835955
2020-06-11,0.5890902777777778,0.0007504998979257175,288.0,Virgen,0.2950799688696861,8.0,True,True,True,0.29401030890809166
2020-06-12,0.5866493055555555,0.0008463487084386437,288.0,Virgen,0.2927952073514461,8.0,True,True,True,0.2938540982041094
2020-06-13,0.5839166666666666,0.0008347838711295226,288.0,Virgen,0.2910195365548134,8.0,True,True,True,0.29289713011185325
2020-06-14,0.58075,0.0009295759776680151,288.0,Virgen,0.2914856448769569,8.0,True,True,True,0.2892643551230431
2020-06-15,0.5784305555555556,0.0004960158727619898,288.0,Virgen,0.2927836142480373,8.0,True,True,True,0.2856469413075183
2020-06-16,0.5758958333333333,0.0009679084098692888,288.0,Virgen,0.2912616245448589,8.0,True,True,True,0.2846342087884744
2020-06-17,0.5927673611111111,0.009698488188958717,288.0,Virgen,0.28973156213760376,8.0,True,True,True,0.3030357989735073
2020-06-18,0.6051527777777778,0.0007402744047632707,288.0,Virgen,0.2874008119106293,8.0,True,True,True,0.3177519658671485
2020-06-19,0.6048819444444444,0.0003232355540215911,288.0,Virgen,0.28658152744174,8.0,True,True,True,0.31830041700270445
2020-06-20,0.6066354166666666,0.0038130158301865266,288.0,Virgen,0.286161083728075,8.0,True,True,True,0.3204743329385916
2020-06-21,0.6331111111111112,0.006641765340988377,288.0,Virgen,0.285427313297987,8.0,True,True,True,0.3476837978131242
2020-06-22,0.6296076388888889,0.0031193803516968532,288.0,Virgen,0.28354652225971216,8.0,True,True,True,0.34606111662917677
2020-06-23,0.6206180555555556,0.002063441622123939,288.0,Virgen,0.28160618990659714,8.0,True,True,True,0.33901186564895847
2020-06-24,0.6146388888888888,0.001477407613322954,288.0,Virgen,0.28015951812267303,8.0,True,True,True,0.3344793707662158
2020-06-25,0.6099895833333333,0.0011760809395219127,288.0,Virgen,0.27866219356656075,8.0,True,True,True,0.33132738976677256
2020-06-26,0.6061180555555555,0.0011415285783370932,288.0,Virgen,0.2774701192975044,8.0,True,True,True,0.3286479362580511
2020-06-27,0.6071875,0.0026476437489970695,288.0,Virgen,0.2767825275659561,8.0,True,True,True,0.3304049724340439
2020-06-28,0.6110520833333334,0.00022258185668828505,288.0,Virgen,0.27543097734451294,8.0,True,True,True,0.33562110598882045
2020-06-29,0.6098888888888889,0.00037539500424755353,288.0,Virgen,0.2743624858558178,8.0,True,True,True,0.33552640303307113
2020-06-30,0.6083472222222223,0.0006282484300164584,288.0,Virgen,0.2727026045322418,8.0,True,True,True,0.33564461768998044
2020-07-01,0.6057534722222222,0.0006820151729175912,288.0,Virgen,0.2711131200194359,8.0,True,True,True,0.3346403522027863
2020-07-02,0.6049131944444445,0.0007981465050933078,288.0,Virgen,0.271744467318058,8.0,True,True,True,0.33316872712638645
2020-07-03,0.6087847222222221,0.000978252687082415,288.0,Virgen,0.2726240158081054,8.0,True,True,True,0.3361607064141167
2020-07-04,0.6115243055555556,0.0006242203809640263,288.0,Virgen,0.27273549512028694,8.0,True,True,True,0.33878881043526865
2020-07-05,0.6147743055555556,0.001577641980900258,288.0,Virgen,0.27328552305698395,8.0,True,True,True,0.3414887824985716
2020-07-06,0.6156701388888889,0.0005399160937666144,288.0,Virgen,0.2754554860293865,8.0,True,True,True,0.34021465285950236
2020-07-07,0.6131979166666667,0.0010815506193241422,288.0,Virgen,0.2745754793286323,8.0,True,True,True,0.3386224373380344
2020-07-08,0.6093645833333333,0.0010405016714175898,288.0,Virgen,0.27261957898736,8.0,True,True,True,0.3367450043459733
2020-07-09,0.6070034722222223,5.892556509885983e-05,288.0,Virgen,0.271125253289938,8.0,True,True,True,0.3358782189322843
2020-07-10,0.6063784722222222,0.00048585040849500656,288.0,Virgen,0.2699463367462158,8.0,True,True,True,0.33643213547600637
2020-07-11,0.6046875,0.0005405990998507098,288.0,Virgen,0.2697511203587055,8.0,True,True,True,0.3349363796412945
2020-07-12,0.6081423611111111,0.00103453131074289,288.0,Virgen,0.26931020990014076,8.0,True,True,True,0.3388321512109703
2020-07-13,0.6124027777777777,0.006210948458875505,288.0,Virgen,0.26828428357839584,8.0,True,True,True,0.3441184941993819
2020-07-14,0.6213888888888889,0.0011663762704792215,288.0,Virgen,0.26808326691389084,8.0,True,True,True,0.35330562197499804
2020-07-15,0.62090625,0.0014172515360289756,288.0,Virgen,0.26830704137682915,8.0,True,True,True,0.35259920862317085
2020-07-16,0.62121875,0.0019427509770640961,288.0,Virgen,0.2670707106590271,8.0,True,True,True,0.35414803934097294
2020-07-17,0.6152500000000001,0.0015118578920368996,288.0,Virgen,0.2646915093064308,8.0,True,True,True,0.35055849069356926
2020-07-18,0.6108090277777777,0.0011634631228578923,288.0,Virgen,0.2626150846481323,8.0,True,True,True,0.34819394312964536
2020-07-19,0.6096388888888888,0.0006689855142476186,288.0,Virgen,0.26110324263572693,8.0,True,True,True,0.3485356462531619
2020-07-20,0.6132013888888889,0.0011661895490294527,288.0,Virgen,0.260240625590086,8.0,True,True,True,0.3529607632988029
2020-07-21,0.617548611111111,0.0016875434638300474,288.0,Virgen,0.2597391419112682,8.0,True,True,True,0.35780946919984286
2020-07-22,0.6183090277777779,0.0007407890316882621,288.0,Virgen,0.25856053456664085,8.0,True,True,True,0.359748493211137
2020-07-23,0.615875,0.0012032186798905278,288.0,Virgen,0.25752897560596466,8.0,True,True,True,0.3583460243940353
2020-07-24,0.6118333333333333,0.0011323559357185123,288.0,Virgen,0.2568499781191349,8.0,True,True,True,0.35498335521419844
2020-07-25,0.6125833333333334,0.0004938647983247245,288.0,Virgen,0.2573745474219322,8.0,True,True,True,0.35520878591140115
2020-07-26,0.6112256944444444,0.0005020163562970859,288.0,Virgen,0.25669245049357414,8.0,True,True,True,0.35453324395087027
2020-07-27,0.6124791666666667,0.0017628324926701403,288.0,Virgen,0.255386509001255,8.0,True,True,True,0.3570926576654117
2020-07-28,0.6148298611111112,0.0003764088260602834,288.0,Virgen,0.253533523529768,8.0,True,True,True,0.36129633758134316
2020-07-29,0.6122638888888888,0.0010154631020639268,288.0,Virgen,0.2528074644505977,8.0,True,True,True,0.3594564244382911
2020-07-30,0.6133854166666667,0.0008639483748611114,288.0,Virgen,0.2517146654427051,8.0,True,True,True,0.3616707512239616
2020-07-31,0.6137812500000001,0.0004141182227806555,288.0,Virgen,0.2507974412292242,8.0,True,True,True,0.36298380877077585
2020-08-01,0.6134722222222222,0.0007028507848090217,288.0,Virgen,0.24961193464696405,8.0,True,True,True,0.3638602875752581
2020-08-02,0.6103819444444444,0.0010291671662737685,288.0,Virgen,0.24742767028510568,8.0,True,True,True,0.3629542741593387
2020-08-03,0.6069375,0.0009534002965361267,288.0,Virgen,0.24588467739522454,8.0,True,True,True,0.36105282260477545
2020-08-04,0.6040416666666667,0.0007639526774479963,288.0,Virgen,0.24513299390673635,8.0,True,True,True,0.3589086727599303
2020-08-05,0.6013541666666666,0.0007693496959793326,288.0,Virgen,0.2431083638221025,8.0,True,True,True,0.35824580284456414
2020-08-06,0.5989409722222222,0.0007419639814360323,288.0,Virgen,0.24343122169375414,8.0,True,True,True,0.35550975052846806
2020-08-07,0.5971249999999999,0.0003312945782245682,288.0,Virgen,0.24222684465348718,8.0,True,True,True,0.3548981553465127
2020-08-08,0.597,0.0,288.0,Virgen,0.2413007505238056,8.0,True,True,True,0.35569924947619436
2020-08-09,0.597,0.0,288.0,Virgen,0.23990116640925405,8.0,True,True,True,0.3570988335907459
2020-08-10,0.5962569444444443,0.000437709078408232,288.0,Virgen,0.23820348642766473,8.0,True,True,True,0.35805345801677957
2020-08-11,0.5944791666666666,0.0006622604096382617,288.0,Virgen,0.2367998994886875,8.0,True,True,True,0.35767926717797904
2020-08-12,0.5921145833333333,0.000721058914505725,288.0,Virgen,0.23605324700474734,8.0,True,True,True,0.356061336328586
2020-08-13,0.5897361111111111,0.0007465237543668523,288.0,Virgen,0.23452907428145406,8.0,True,True,True,0.35520703682965704
2020-08-14,0.5872326388888889,0.00045498858753711626,288.0,Virgen,0.2341919261962175,8.0,True,True,True,0.35304071269267134
2020-08-15,0.5857881944444444,0.00040929897198852227,288.0,Virgen,0.23327978886663908,8.0,True,True,True,0.35250840557780533
2020-08-16,0.5843854166666667,0.0005016306163518275,288.0,Virgen,0.23225831612944597,8.0,True,True,True,0.3521271005372207
2020-08-17,0.5823680555555555,0.0006438833380360808,288.0,Virgen,0.2311114929616451,8.0,True,True,True,0.35125656259391036
2020-08-18,0.5798020833333333,0.0011164259018963682,288.0,Virgen,0.23023129813373086,8.0,True,True,True,0.3495707851996024
2020-08-19,0.5771076388888888,0.0007364648453575224,288.0,Virgen,0.22998434677720067,8.0,True,True,True,0.34712329211168813
2020-08-20,0.5746458333333333,0.0006675009298039287,288.0,Virgen,0.230337843298912,8.0,True,True,True,0.3443079900344213
2020-08-21,0.5957604166666666,0.016158025023129626,288.0,Virgen,0.2336283009499311,8.0,True,True,True,0.3621321157167355
2020-08-22,0.6190763888888889,0.0016678131944919457,288.0,Virgen,0.23969972506165502,8.0,True,True,True,0.3793766638272339
2020-08-23,0.6180104166666667,0.0013473017944900466,288.0,Virgen,0.2385452706366777,8.0,True,True,True,0.379465146029989
2020-08-24,0.6134340277777778,0.0013495986340736333,288.0,Virgen,0.23634646274149418,8.0,True,True,True,0.3770875650362836
2020-08-25,0.609204861111111,0.0012167718679163184,288.0,Virgen,0.2353295926004648,8.0,True,True,True,0.37387526851064623
2020-08-26,0.6052708333333333,0.0011367705954850235,288.0,Virgen,0.23358801193535325,8.0,True,True,True,0.37168282139798003
2020-08-27,0.601625,0.001055102088955467,288.0,Virgen,0.23193916492164132,8.0,True,True,True,0.3696858350783586
2020-08-28,0.5983506944444444,0.0009905122405328122,288.0,Virgen,0.2309938352555036,8.0,True,True,True,0.36735685918894084
2020-08-29,0.5943784722222222,0.001125792833718494,288.0,Virgen,0.2305246442556381,8.0,True,True,True,0.36385382796658405
2020-08-30,0.5928194444444445,0.00038531905016756397,288.0,Virgen,0.23005224578082556,8.0,True,True,True,0.3627671986636189
2020-08-31,0.5920520833333334,0.00033505291068957883,288.0,Virgen,0.22854200005531305,8.0,True,True,True,0.3635100832780203
2020-09-01,0.5904479166666666,0.0004981455155914149,288.0,Virgen,0.2282245066016912,8.0,True,True,True,0.36222341006497544
2020-09-02,0.5894201388888889,0.0004944401488369856,288.0,Virgen,0.2271701171994209,8.0,True,True,True,0.36225002168946796
2020-09-03,0.5882916666666667,0.00045532084640460114,288.0,Virgen,0.22581029497087,8.0,True,True,True,0.36248137169579664
2020-09-04,0.5870520833333334,0.0005790137896815405,288.0,Virgen,0.22467180714011187,8.0,True,True,True,0.3623802761932215
2020-09-05,0.58496875,0.0001932551706309834,288.0,Virgen,0.2239138092845678,8.0,True,True,True,0.3610549407154322
2020-09-06,0.5878229166666666,0.002008664810404737,288.0,Virgen,0.22406491078436372,8.0,True,True,True,0.3637580058823029
2020-09-07,0.5937673611111111,0.0012513591140079366,288.0,Virgen,0.22267808392643923,8.0,True,True,True,0.37108927718467183
2020-09-08,0.5962326388888889,0.0004232493949541144,288.0,Virgen,0.22191355004906652,8.0,True,True,True,0.37431908883982234
2020-09-09,0.5974895833333334,0.0005007616150643413,288.0,Virgen,0.22158404439687723,8.0,True,True,True,0.3759055389364561
2020-09-10,0.598,0.0,288.0,Virgen,0.2209643423557281,8.0,True,True,True,0.3770356576442719
2020-09-11,0.598,0.0,288.0,Virgen,0.21972688101232046,8.0,True,True,True,0.3782731189876795
2020-09-12,0.5972013888888889,0.00040173597360620387,288.0,Virgen,0.21831195801496503,8.0,True,True,True,0.3788894308739238
2020-09-13,0.5959652777777777,0.0004159401331294638,288.0,Virgen,0.21775608323514456,8.0,True,True,True,0.3782091945426332
2020-09-14,0.5941562499999999,0.0003824036851250135,288.0,Virgen,0.21610517986118788,8.0,True,True,True,0.37805107013881206
2020-09-15,0.5930381944444444,0.0001919990301142355,288.0,Virgen,0.21529816463589665,8.0,True,True,True,0.3777400298085477
2020-09-16,0.5918333333333332,0.0005213223604299486,288.0,Virgen,0.21604820713400838,8.0,True,True,True,0.3757851261993248
2020-09-17,0.5897291666666666,0.0010136266691390728,288.0,Virgen,0.2190381549298763,8.0,True,True,True,0.3706910117367903
2020-09-18,0.58653125,0.0007957175229355753,288.0,Virgen,0.2186325844377279,8.0,True,True,True,0.367898665562272
2020-09-19,0.5849861111111111,0.0001172335654395115,288.0,Virgen,0.2191465552896261,8.0,True,True,True,0.365839555821485
2020-09-20,0.5854826388888889,0.0005005682987941344,288.0,Virgen,0.21913101896643636,8.0,True,True,True,0.36635161992245246
2020-09-21,0.5860277777777777,0.00016462159944160117,288.0,Virgen,0.2171234935522079,8.0,True,True,True,0.3689042842255698
2020-09-22,0.5860138888888888,0.00027651668828571714,288.0,Virgen,0.21549457684159276,8.0,True,True,True,0.37051931204729605
2020-09-23,0.5845555555555555,0.0006602478446877523,288.0,Virgen,0.21542567200958726,8.0,True,True,True,0.3691298835459682
2020-09-24,0.5929375,0.008195110933085331,288.0,Virgen,0.21768140420317647,8.0,True,True,True,0.3752560957968235
2020-09-25,0.6162395833333334,0.0035083120562916805,288.0,Virgen,0.2180023994296789,8.0,True,True,True,0.3982371839036545
2020-09-26,0.6175069444444444,0.0010359161830797493,288.0,Virgen,0.21648472175002093,8.0,True,True,True,0.4010222226944235
2020-09-27,0.6134583333333333,0.0012458991967098422,288.0,Virgen,0.21593943797051904,8.0,True,True,True,0.39751889536281426
2020-09-28,0.6096736111111111,0.0009900541012992739,288.0,Virgen,0.2157785147428512,8.0,True,True,True,0.39389509636825987
2020-09-29,0.6058368055555555,0.0017141853959869425,288.0,Virgen,0.21543910354375834,8.0,True,True,True,0.3903977020117972
2020-09-30,0.6021388888888889,0.0003464325127195476,288.0,Virgen,0.21654251031577584,8.0,True,True,True,0.385596378573113
2020-10-01,0.6013194444444445,0.000467072993837098,288.0,Virgen,0.21607750281691548,8.0,True,True,True,0.385241941627529
2020-10-02,0.6008125,0.00039099177032254526,288.0,Virgen,0.21490736864507196,8.0,True,True,True,0.385905131354928
2020-10-03,0.5991041666666667,0.0008930139235174188,288.0,Virgen,0.2144393045455217,8.0,True,True,True,0.3846648621211449
2020-10-04,0.5991388888888889,0.0007430149628357016,288.0,Virgen,0.21410964801907534,8.0,True,True,True,0.38502924086981355
2020-10-05,0.6006840277777777,0.000465711129745395,288.0,Virgen,0.21387180872261521,8.0,True,True,True,0.3868122190551625
2020-10-06,0.6014513888888888,0.0004984975490677231,288.0,Virgen,0.21282980218529696,8.0,True,True,True,0.38862158670359187
2020-10-07,0.6012256944444444,0.0004187664859146265,288.0,Virgen,0.21142061986029145,8.0,True,True,True,0.3898050745841529
2020-10-08,0.6002604166666666,0.00043962587039816757,288.0,Virgen,0.2111812904477119,8.0,True,True,True,0.38907912621895474
2020-10-09,0.5992534722222221,0.0004357560923820263,288.0,Virgen,0.21235135942697522,8.0,True,True,True,0.3869021127952469
2020-10-10,0.5979965277777777,0.0006807367595557316,288.0,Virgen,0.21077695116400716,8.0,True,True,True,0.3872195766137705
2020-10-11,0.5956874999999999,0.0007178049194865049,288.0,Virgen,0.20918435417115686,8.0,True,True,True,0.38650314582884304
2020-10-12,0.5932465277777778,0.0006452628985809464,288.0,Virgen,0.20868460834026334,8.0,True,True,True,0.3845619194375144
2020-10-13,0.5910138888888888,0.0008135277085381324,288.0,Virgen,0.20787640474736685,8.0,True,True,True,0.383137484141522
2020-10-14,0.5888402777777777,0.0007756143519292468,288.0,Virgen,0.20685092359781262,8.0,True,True,True,0.38198935417996505
2020-10-15,0.5864895833333333,0.0006883013226787028,288.0,Virgen,0.20637129619717595,8.0,True,True,True,0.38011828713615736
2020-10-16,0.5835520833333333,0.0009721178252670297,288.0,Virgen,0.2055342476814985,8.0,True,True,True,0.3780178356518348
2020-10-17,0.5811319444444444,0.00034914585228970597,288.0,Virgen,0.20412052609026426,8.0,True,True,True,0.3770114183541801
2020-10-18,0.5800520833333332,0.0003135652575329622,288.0,Virgen,0.20322343148291108,8.0,True,True,True,0.37682865185042214
2020-10-19,0.57865625,0.000504228634331106,288.0,Virgen,0.2030997648835182,8.0,True,True,True,0.37555648511648176
2020-10-20,0.5768576388888889,0.0005937044703088577,288.0,Virgen,0.2038388457149267,8.0,True,True,True,0.37301879317396214
2020-10-21,0.576,0.0,288.0,Virgen,0.20345560088753697,8.0,True,True,True,0.37254439911246295
2020-10-22,0.5770972222222222,0.0008163780333293511,288.0,Virgen,0.2027107588946819,8.0,True,True,True,0.3743864633275402
2020-10-23,0.579267361111111,0.0006843527282047063,288.0,Virgen,0.20206292346119875,8.0,True,True,True,0.37720443764991224
2020-10-24,0.5799826388888889,0.000610344035171838,288.0,Virgen,0.20161959342658517,8.0,True,True,True,0.3783630454623037
2020-10-25,0.5889444444444444,0.004922787485163228,288.0,Virgen,0.2029894534498453,8.0,True,True,True,0.38595499099459907
2020-10-26,0.6017222222222222,0.0022752859281803383,288.0,Virgen,0.20237492024898526,8.0,True,True,True,0.39934730197323687
2020-10-27,0.6045243055555556,0.0005002781843247839,288.0,Virgen,0.20261249318718907,8.0,True,True,True,0.4019118123683665
2020-10-28,0.6039722222222221,0.00016462159944158754,288.0,Virgen,0.20385758019983766,8.0,True,True,True,0.40011464202238445
2020-10-29,0.602638888888889,0.0004811587510467691,288.0,Virgen,0.20320502109825608,8.0,True,True,True,0.39943386779063283
2020-10-30,0.6011215277777777,0.0005924805463741399,288.0,Virgen,0.20227298513054845,8.0,True,True,True,0.39884854264722924
2020-10-31,0.5991423611111111,0.0006497471886927629,288.0,Virgen,0.20179435983300206,8.0,True,True,True,0.397348001278109
2020-11-01,0.5968402777777777,0.0008021156210975578,288.0,Virgen,0.20030181109905237,8.0,True,True,True,0.39653846667872533
2020-11-02,0.5943784722222222,0.0008629956088122383,288.0,Virgen,0.20010137930512426,8.0,True,True,True,0.3942770929170979
2020-11-03,0.5915416666666666,0.0010384590567487065,288.0,Virgen,0.19845097139477727,8.0,True,True,True,0.39309069527188933
2020-11-04,0.58828125,0.0011234261154760485,288.0,Virgen,0.1972881387919187,8.0,True,True,True,0.3909931112080813
2020-11-05,0.5847361111111111,0.001085129842492457,288.0,Virgen,0.19722841866314408,8.0,True,True,True,0.387507692447967
2020-11-06,0.5811909722222222,0.0010129759650882007,288.0,Virgen,0.1959898695349693,8.0,True,True,True,0.3852011026872528
2020-11-07,0.5779027777777777,0.0008579973802125591,288.0,Virgen,0.19520308449864385,8.0,True,True,True,0.3826996932791338
2020-11-08,0.5750555555555555,0.0007538775746762941,288.0,Virgen,0.19484811462461946,8.0,True,True,True,0.38020744093093606
2020-11-09,0.5729965277777778,0.0006858361152097615,288.0,Virgen,0.1940425932407379,8.0,True,True,True,0.37895393453703985
2020-11-10,0.5711249999999999,0.0007071067811864801,288.0,Virgen,0.19420640543103215,8.0,True,True,True,0.3769185945689677
2020-11-11,0.5689027777777778,0.000758868077340975,288.0,Virgen,0.19346632994711394,8.0,True,True,True,0.3754364478306638
2020-11-12,0.5663541666666666,0.0008428320435641841,288.0,Virgen,0.19320598058402536,8.0,True,True,True,0.3731481860826412
2020-11-13,0.5638784722222222,0.0008023192161858148,288.0,Virgen,0.19291809014976022,8.0,True,True,True,0.37096038207246196
2020-11-14,0.5613298611111112,0.0007364648453578521,288.0,Virgen,0.1917006038129329,8.0,True,True,True,0.36962925729817825
2020-11-15,0.5590138888888889,0.0007511766482988977,288.0,Virgen,0.19085609726607797,8.0,True,True,True,0.3681577916228109
2020-11-16,0.5569097222222222,0.0007504998979257175,288.0,Virgen,0.19068310409784311,8.0,True,True,True,0.3662266181243791
2020-11-17,0.5541944444444444,0.0009647283221608854,288.0,Virgen,0.1906854286789894,8.0,True,True,True,0.363509015765455
2020-11-18,0.5517604166666668,0.0005797655118930224,288.0,Virgen,0.1921356245875358,8.0,True,True,True,0.35962479207913095
2020-11-19,0.5499201388888889,0.0005937044703085401,288.0,Virgen,0.19370026327669615,8.0,True,True,True,0.35621987561219276
2020-11-20,0.5530312500000001,0.0040003130321765645,288.0,Virgen,0.1965938359498977,8.0,True,True,True,0.3564374140501024
2020-11-21,0.5660451388888889,0.0037483623343670864,288.0,Virgen,0.1954634319990873,8.0,True,True,True,0.3705817068898015
2020-11-22,0.5763368055555556,0.0014678077007496556,288.0,Virgen,0.19553316384553907,8.0,True,True,True,0.38080364171001646
2020-11-23,0.5822743055555555,0.002111301810467432,288.0,Virgen,0.1949966344982385,8.0,True,True,True,0.387277671057317
2020-11-24,0.5891527777777777,0.0009650292512000996,288.0,Virgen,0.19377723708748815,8.0,True,True,True,0.3953755406902896
2020-11-25,0.591,0.0,288.0,Virgen,0.19314781390130517,8.0,True,True,True,0.39785218609869477
2020-11-26,0.591,0.0,288.0,Virgen,0.19363178499042982,8.0,True,True,True,0.39736821500957015
2020-11-27,0.5897534722222222,0.0008253317942830745,288.0,Virgen,0.19358203746378416,8.0,True,True,True,0.396171434758438
2020-11-28,0.5901458333333333,0.00035355339059327007,288.0,Virgen,0.193649623543024,8.0,True,True,True,0.39649620979030925
2020-11-29,0.5915451388888888,0.0004988250810443137,288.0,Virgen,0.19312269054353234,8.0,True,True,True,0.39842244834535645
2020-11-30,0.5925451388888888,0.0024843855194424313,288.0,Virgen,0.19237097539007658,8.0,True,True,True,0.40017416349881224
2020-12-01,0.6040902777777778,0.0019287416939223554,288.0,Virgen,0.19257791340351102,8.0,True,True,True,0.41151236437426675
2020-12-02,0.6202708333333333,0.0018915500713630432,288.0,Virgen,0.1930184382945299,8.0,True,True,True,0.4272523950388034
2020-12-03,0.6183645833333333,0.0014175588158929638,288.0,Virgen,0.19370095245540142,8.0,True,True,True,0.4246636308779319
2020-12-04,0.6172083333333334,0.0035532288893442643,288.0,Virgen,0.1951261200010776,8.0,True,True,True,0.42208221333225576
2020-12-05,0.6236493055555555,0.0009975228222326845,288.0,Virgen,0.19899757020175454,8.0,True,True,True,0.42465173535380096
2020-12-06,0.6195069444444444,0.0021768388927172195,288.0,Virgen,0.2009891830384731,8.0,True,True,True,0.4185177614059713
2020-12-07,0.6135138888888889,0.0011291889791690906,288.0,Virgen,0.2010931838303804,8.0,True,True,True,0.4124207050585085
2020-12-08,0.6159548611111112,0.0011421801917380692,288.0,Virgen,0.20084972679615018,8.0,True,True,True,0.415105134314961
2020-12-09,0.6136041666666666,0.0009643018452643949,288.0,Virgen,0.20174006372690198,8.0,True,True,True,0.4118641029397646
2020-12-10,0.6154236111111111,0.0013567734892752127,288.0,Virgen,0.20404982566833493,8.0,True,True,True,0.41137378544277614
2020-12-11,0.6237604166666667,0.0016969625970387429,288.0,Virgen,0.20581805147230622,8.0,True,True,True,0.41794236519436045
2020-12-12,0.6195694444444445,0.0020774306624245743,288.0,Virgen,0.20795416645705697,8.0,True,True,True,0.4116152779873875
2020-12-13,0.6145694444444445,0.0015889548107578689,288.0,Virgen,0.2106453627347946,8.0,True,True,True,0.4039240817096499
2020-12-14,0.6101284722222222,0.0009703739136679401,288.0,Virgen,0.21047116629779336,8.0,True,True,True,0.39965730592442883
2020-12-15,0.6092430555555555,0.0053689603815622175,288.0,Virgen,0.2107689697295427,8.0,True,True,True,0.39847408582601274
2020-12-16,0.623736111111111,0.0032556273684996367,288.0,Virgen,0.2115314714610576,8.0,True,True,True,0.41220463965005344
2020-12-17,0.6169930555555555,0.0012096967557224364,288.0,Virgen,0.2102900575846433,8.0,True,True,True,0.4067029979709122
2020-12-18,0.6179722222222223,0.0005592982716913873,288.0,Virgen,0.20994260907173154,8.0,True,True,True,0.4080296131504907
2020-12-19,0.6163611111111111,0.0016595667589261924,288.0,Virgen,0.21103448420763013,8.0,True,True,True,0.405326626903481
2020-12-20,0.61128125,0.0012413024939687955,288.0,Virgen,0.21130364760756487,8.0,True,True,True,0.3999776023924351
2020-12-21,0.6179270833333333,0.0014644078728682848,288.0,Virgen,0.21044890023767945,8.0,True,True,True,0.40747818309565387
2020-12-22,0.6135243055555555,0.00152085371806297,288.0,Virgen,0.209855455905199,8.0,True,True,True,0.4036688496503565
2020-12-23,0.6208472222222222,0.0018358392756218866,288.0,Virgen,0.2097732666879892,8.0,True,True,True,0.411073955534233
2020-12-24,0.6212916666666666,0.0011559571505024918,288.0,Virgen,0.2097110096365213,8.0,True,True,True,0.41158065703014524
2020-12-25,0.62378125,0.003114101203657249,288.0,Virgen,0.2140733860433101,8.0,True,True,True,0.40970786395668984
2020-12-26,0.6190659722222223,0.0031065551283980344,288.0,Virgen,0.21744509227573866,8.0,True,True,True,0.4016208799464836
2020-12-27,0.6119131944444445,0.0015671161969054359,288.0,Virgen,0.21672160737216467,8.0,True,True,True,0.3951915870722798
2020-12-28,0.6070416666666667,0.0011559571505024683,288.0,Virgen,0.21672130003571505,8.0,True,True,True,0.39032036663095165
2020-12-29,0.6034583333333333,0.001231836678617463,288.0,Virgen,0.21593223139643664,8.0,True,True,True,0.3875261019368967
2020-12-30,0.6008611111111111,0.0003464325127195187,288.0,Virgen,0.21692561358213422,8.0,True,True,True,0.3839354975289768
2020-12-31,0.5993090277777777,0.0004991160401402888,288.0,Virgen,0.217356976121664,8.0,True,True,True,0.38195205165611373
2021-01-01,0.597,0.0009518000551308768,288.0,Virgen,0.21928677894175047,8.0,True,True,True,0.3777132210582495
2021-01-02,0.5965659722222222,0.0004964912699205228,288.0,Virgen,0.22079193778336043,8.0,True,True,True,0.37577403443886176
2021-01-03,0.5979375,0.00024248280229256612,288.0,Virgen,0.22121303156018252,8.0,True,True,True,0.3767244684398175
2021-01-04,0.5984444444444444,0.000715948509796412,288.0,Virgen,0.22348295152187345,8.0,True,True,True,0.37496149292257097
2021-01-05,0.6031527777777778,0.0010678673555837533,288.0,Virgen,0.22501569055020804,8.0,True,True,True,0.3781370872275697
2021-01-06,0.6035381944444445,0.000499406829720937,288.0,Virgen,0.2244988456368446,8.0,True,True,True,0.3790393488075998
2021-01-07,0.60246875,0.0004998911031239349,288.0,Virgen,0.22894592396914953,8.0,True,True,True,0.37352282603085046
2021-01-08,0.6011423611111111,0.0005185183744907016,288.0,Virgen,0.228647094219923,8.0,True,True,True,0.37249526689118806
2021-01-09,0.5993055555555555,0.0004614441469295744,288.0,Virgen,0.2280360925942659,8.0,True,True,True,0.3712694629612896
2021-01-10,0.5987881944444444,0.00040929897198849956,288.0,Virgen,0.22743303701281545,8.0,True,True,True,0.37135515743162895
2021-01-11,0.6023819444444444,0.001868486233630192,288.0,Virgen,0.2265446130186319,8.0,True,True,True,0.37583733142581244
2021-01-12,0.6044131944444444,0.0004932642502718333,288.0,Virgen,0.2259591110050678,8.0,True,True,True,0.3784540834393766
2021-01-13,0.6027986111111111,0.0008840819259112041,288.0,Virgen,0.22679526545107362,8.0,True,True,True,0.37600334566003746
2021-01-14,0.6009791666666666,0.0005209044666872994,288.0,Virgen,0.2275457996875047,8.0,True,True,True,0.3734333669791619
2021-01-15,0.6041319444444444,0.007408203878653962,288.0,Virgen,0.2291016168892383,8.0,True,True,True,0.3750303275552061
2021-01-16,0.6346736111111111,0.010285357042555157,288.0,Virgen,0.2379007656127214,8.0,True,True,True,0.3967728454983897
2021-01-17,0.6323020833333334,0.0067081308898113996,288.0,Virgen,0.2487220969051122,8.0,True,True,True,0.38357998642822116
2021-01-18,0.6174861111111111,0.0024078446449676298,288.0,Virgen,0.24788653664290902,8.0,True,True,True,0.369599574468202
2021-01-19,0.61103125,0.001558072996818592,288.0,Virgen,0.24777085520327088,8.0,True,True,True,0.3632603947967291
2021-01-20,0.6061597222222221,0.0009888802976742148,288.0,Virgen,0.24978044256567955,8.0,True,True,True,0.3563792796565426
2021-01-21,0.6028645833333334,0.0011164259018966024,288.0,Virgen,0.25095576047897333,8.0,True,True,True,0.35190882285436004
2021-01-22,0.6025763888888889,0.0036579917970947966,288.0,Virgen,0.2516496367752552,8.0,True,True,True,0.35092675211363367
2021-01-23,0.6195486111111111,0.00220651509527104,288.0,Virgen,0.25590023398399353,8.0,True,True,True,0.3636483771271176
2021-01-24,0.6162916666666667,0.001677375584111748,288.0,Virgen,0.25680656358599663,8.0,True,True,True,0.35948510308067005
2021-01-25,0.6110763888888889,0.0013593391564710388,288.0,Virgen,0.25793590024113655,8.0,True,True,True,0.3531404886477524
2021-01-26,0.6074965277777777,0.0007372529475244574,288.0,Virgen,0.2583970762789249,8.0,True,True,True,0.34909945149885285
2021-01-27,0.6064861111111112,0.0005006770483805693,288.0,Virgen,0.2582462280988693,8.0,True,True,True,0.34823988301224185
2021-01-28,0.6049756944444444,0.0004527494831181365,288.0,Virgen,0.25688198208808893,8.0,True,True,True,0.3480937123563555
2021-01-29,0.6039618055555556,0.00019199903011434804,288.0,Virgen,0.25629743561148643,8.0,True,True,True,0.34766436994406913
2021-01-30,0.6036979166666666,0.0004599604209605472,288.0,Virgen,0.2551787346601486,8.0,True,True,True,0.348519182006518
2021-01-31,0.6035243055555556,0.0005002781843246138,288.0,Virgen,0.2535849027335644,8.0,True,True,True,0.3499394028219912
2021-02-01,0.6009791666666666,0.001116669700274832,288.0,Virgen,0.25290896743535995,8.0,True,True,True,0.34807019923130667
2021-02-02,0.5987222222222222,0.0004486828488780236,288.0,Virgen,0.25207294896245,8.0,True,True,True,0.34664927325977213
2021-02-03,0.5971493055555555,0.0005679594292545667,288.0,Virgen,0.25170644000172615,8.0,True,True,True,0.3454428655538293
2021-02-04,0.5953680555555555,0.0006218610685196085,288.0,Virgen,0.2506085000932216,8.0,True,True,True,0.3447595554623339
2021-02-05,0.5938888888888889,0.0003148167125871138,288.0,Virgen,0.25121035799384117,8.0,True,True,True,0.34267853089504774
2021-02-06,0.5930312499999999,0.00022646157114528416,288.0,Virgen,0.2519189566373825,8.0,True,True,True,0.3411122933626174
2021-02-07,0.5915833333333333,0.0004938647983247387,288.0,Virgen,0.25094002485275263,8.0,True,True,True,0.3406433084805807
2021-02-08,0.5890034722222222,0.0011966802625570686,288.0,Virgen,0.25238072499632835,8.0,True,True,True,0.3366227472258938
2021-02-09,0.5881215277777777,0.0008152435513429771,288.0,Virgen,0.25536487624049187,8.0,True,True,True,0.33275665153728584
2021-02-10,0.6294027777777778,0.02835570954912033,288.0,Virgen,0.26801840215921396,8.0,True,True,True,0.3613843756185638
2021-02-11,0.642875,0.002818245679638576,288.0,Virgen,0.2786957733333111,8.0,True,True,True,0.3641792266666889
2021-02-12,0.6362256944444444,0.0038582595510739544,288.0,Virgen,0.2783857956528663,8.0,True,True,True,0.3578398987915781
2021-02-13,0.6224652777777778,0.0033420834630195823,288.0,Virgen,0.2758702114224434,8.0,True,True,True,0.34659506635533444
2021-02-14,0.6127048611111111,0.002383094637300132,288.0,Virgen,0.27418937534093857,8.0,True,True,True,0.33851548577017254
2021-02-15,0.6060625,0.0015782438526847373,288.0,Virgen,0.2739488035440445,8.0,True,True,True,0.33211369645595545
2021-02-16,0.6016944444444444,0.0008576588974405613,288.0,Virgen,0.2753504030406475,8.0,True,True,True,0.3263440414037969
2021-02-17,0.5987604166666666,0.0009599447392632712,288.0,Virgen,0.275118175894022,8.0,True,True,True,0.3236422407726446
2021-02-18,0.5957118055555556,0.0011247606963617593,288.0,Virgen,0.27476185560226435,8.0,True,True,True,0.32094994995329124
2021-02-19,0.5933229166666666,0.00046840507053674574,288.0,Virgen,0.274876456707716,8.0,True,True,True,0.3184464599589506
2021-02-20,0.5927777777777777,0.0004164633650361661,288.0,Virgen,0.2739816680550575,8.0,True,True,True,0.3187961097227202
2021-02-21,0.5914965277777777,0.000500858245219225,288.0,Virgen,0.2729005739092827,8.0,True,True,True,0.31859595386849504
2021-02-22,0.5897048611111111,0.000507481293125448,288.0,Virgen,0.27527589350938797,8.0,True,True,True,0.3144289676017231
2021-02-23,0.5895902777777777,0.0004926384125274103,288.0,Virgen,0.2789067029953003,8.0,True,True,True,0.31068357478247743
2021-02-24,0.5904062499999999,0.000491987188581553,288.0,Virgen,0.2790729440748691,8.0,True,True,True,0.3113333059251308
2021-02-25,0.5900034722222222,0.00044563906184451785,288.0,Virgen,0.27746255695819855,8.0,True,True,True,0.3125409152640236
2021-02-26,0.5999097222222223,0.007294609908725995,288.0,Virgen,0.2766472101211548,8.0,True,True,True,0.3232625121010675
2021-02-27,0.6101909722222222,0.0008441157833330685,288.0,Virgen,0.27556248381733894,8.0,True,True,True,0.33462848840488324
2021-02-28,0.6141145833333334,0.006478379682459421,288.0,Virgen,0.276656661182642,8.0,True,True,True,0.33745792215069137
2021-03-01,0.6629583333333334,0.014794468784657762,288.0,Virgen,0.28292034938931465,8.0,True,True,True,0.3800379839440188
2021-03-02,0.6444965277777778,0.0020052166528857196,288.0,Virgen,0.29221979901194567,8.0,True,True,True,0.3522767287658321
2021-03-03,0.6411041666666667,0.001222431175606134,288.0,Virgen,0.29418185353279114,8.0,True,True,True,0.34692231313387556
2021-03-04,0.6351354166666667,0.004705885835659594,288.0,Virgen,0.2966924421489239,8.0,True,True,True,0.33844297451774286
2021-03-05,0.6218611111111111,0.0017274625854491752,288.0,Virgen,0.2964370921254158,8.0,True,True,True,0.3254240189856953
2021-03-06,0.6168784722222223,0.0014635484154556753,288.0,Virgen,0.2966282218694687,8.0,True,True,True,0.32025025035275356
2021-03-07,0.6118229166666667,0.001306601771066455,288.0,Virgen,0.29493074491620064,8.0,True,True,True,0.316892171750466
2021-03-08,0.6078125,0.0012095367270471829,288.0,Virgen,0.2940656393766403,8.0,True,True,True,0.31374686062335966
2021-03-09,0.6076944444444444,0.0030825524013402125,288.0,Virgen,0.29823532700538635,8.0,True,True,True,0.3094591174390581
2021-03-10,0.6231354166666666,0.008941100094838512,288.0,Virgen,0.3028270713984966,8.0,True,True,True,0.32030834526817004
2021-03-11,0.6485173611111111,0.005376394785222404,288.0,Virgen,0.31122610345482826,8.0,True,True,True,0.3372912576562829
2021-03-12,0.6326805555555555,0.004107701236260757,288.0,Virgen,0.31675685942173004,8.0,True,True,True,0.3159236961338254
2021-03-13,0.6243090277777777,0.002193986497642778,288.0,Virgen,0.31537071242928505,8.0,True,True,True,0.3089383153484927
2021-03-14,0.6226076388888889,0.0013417228438475932,288.0,Virgen,0.31876225769519806,8.0,True,True,True,0.30384538119369087
2021-03-15,0.6178159722222223,0.0015653550184290869,288.0,Virgen,0.32036604359745974,8.0,True,True,True,0.29744992862476255
2021-03-16,0.6412048611111111,0.013973707664896636,288.0,Virgen,0.3226549178361892,8.0,True,True,True,0.31854994327492187
2021-03-17,0.6539201388888889,0.01835928338448401,288.0,Virgen,0.3261497989296913,8.0,True,True,True,0.3277703399591976
2021-03-18,0.6387847222222223,0.00474677692879791,288.0,Virgen,0.33173738792538643,8.0,True,True,True,0.30704733429683584
2021-03-19,0.6295902777777778,0.004020701127071038,288.0,Virgen,0.33173593133687973,8.0,True,True,True,0.29785434644089803
2021-03-20,0.6194166666666666,0.0020819449496851323,288.0,Virgen,0.3291412703692913,8.0,True,True,True,0.2902753962973753
2021-03-21,0.6130625,0.0015604821465227672,288.0,Virgen,0.3262904249131679,8.0,True,True,True,0.28677207508683206
2021-03-22,0.6083298611111111,0.0013326026961548688,288.0,Virgen,0.324370913207531,8.0,True,True,True,0.2839589479035801
2021-03-23,0.60553125,0.0004998911031239491,288.0,Virgen,0.3239218555390835,8.0,True,True,True,0.2816093944609165
2021-03-24,0.6048854166666666,0.0003190728620380099,288.0,Virgen,0.3228437379002571,8.0,True,True,True,0.2820416787664095
2021-03-25,0.6031354166666667,0.0008044275346708524,288.0,Virgen,0.32106439396739,8.0,True,True,True,0.2820710226992767
2021-03-26,0.6005486111111111,0.0007771103546412526,288.0,Virgen,0.3202487230300903,8.0,True,True,True,0.28029988808102085
2021-03-27,0.5976076388888889,0.0007000826094717879,288.0,Virgen,0.3190470449626445,8.0,True,True,True,0.2785605939262444
2021-03-28,0.5978402777777778,0.0010537022465162537,288.0,Virgen,0.31799488887190813,8.0,True,True,True,0.2798453889058697
2021-03-29,0.5998194444444445,0.0007434056463941986,288.0,Virgen,0.3156902976334095,8.0,True,True,True,0.28412914681103496
2021-03-30,0.6008888888888888,0.000888259552668769,288.0,Virgen,0.31397411972284317,8.0,True,True,True,0.28691476916604564
2021-03-31,0.6036736111111112,0.0004697076132730379,288.0,Virgen,0.31240470334887505,8.0,True,True,True,0.29126890776223613
2021-04-01,0.6042118055555555,0.0007279388617525504,288.0,Virgen,0.31034744158387184,8.0,True,True,True,0.2938643639716837
2021-04-02,0.6038194444444445,0.0003853190501675207,288.0,Virgen,0.30849722772836685,8.0,True,True,True,0.2953222167160776
2021-04-03,0.6016736111111111,0.0005515876497406665,288.0,Virgen,0.3080301918089389,8.0,True,True,True,0.29364341930217214
2021-04-04,0.6017638888888889,0.00042543048271729433,288.0,Virgen,0.3078338988125324,8.0,True,True,True,0.29392999007635645
2021-04-05,0.6018368055555556,0.0003701862282591289,288.0,Virgen,0.3070352338254451,8.0,True,True,True,0.2948015717301105
2021-04-06,0.6001215277777777,0.0007342932029757584,288.0,Virgen,0.3070999756455421,8.0,True,True,True,0.29302155213223563
2021-04-07,0.5984340277777778,0.0007530345758307106,288.0,Virgen,0.307684063911438,8.0,True,True,True,0.2907499638663398
2021-04-08,0.5983368055555556,0.0007970543791452808,288.0,Virgen,0.30684706196188927,8.0,True,True,True,0.2914897435936663
2021-04-09,0.5998090277777778,0.0003937514018681056,288.0,Virgen,0.30517068132758135,8.0,True,True,True,0.29463834645019643
2021-04-10,0.5990104166666667,0.00010170583392829758,288.0,Virgen,0.3042764030396938,8.0,True,True,True,0.2947340136269729
2021-04-11,0.5976944444444444,0.0005572177997382801,288.0,Virgen,0.3031512573361396,8.0,True,True,True,0.2945431871083048
2021-04-12,0.5954583333333333,0.0006612731886029807,288.0,Virgen,0.3016491122543812,8.0,True,True,True,0.29380922107895213
2021-04-13,0.5935868055555555,0.0004932642502717699,288.0,Virgen,0.30120403319597244,8.0,True,True,True,0.2923827723595831
2021-04-14,0.5919930555555556,0.0004494910443971897,288.0,Virgen,0.3003620915114879,8.0,True,True,True,0.2916309640440677
2021-04-15,0.5903368055555556,0.0004734404477122251,288.0,Virgen,0.299332208931446,8.0,True,True,True,0.29100459662410955
2021-04-16,0.5885520833333333,0.0010579362429167154,288.0,Virgen,0.298799853771925,8.0,True,True,True,0.28975222956140834
2021-04-17,0.5928333333333333,0.0027471873484573193,288.0,Virgen,0.30040087178349495,8.0,True,True,True,0.2924324615498384
2021-04-18,0.5981458333333333,0.0008672817883179458,288.0,Virgen,0.2999896965920925,8.0,True,True,True,0.29815613674124075
2021-04-19,0.5992604166666666,0.0008461199616763597,288.0,Virgen,0.2995578870177269,8.0,True,True,True,0.29970252964893973
2021-04-20,0.6012187499999999,0.000414118222780688,288.0,Virgen,0.3005974814295768,8.0,True,True,True,0.3006212685704231
2021-04-21,0.6006319444444445,0.0004831160150634247,288.0,Virgen,0.2999388128519058,8.0,True,True,True,0.30069313159253863
2021-04-22,0.599,0.0003233104030566608,288.0,Virgen,0.29978371039032936,8.0,True,True,True,0.2992162896096706
2021-04-23,0.5969791666666667,0.0009768665685150994,288.0,Virgen,0.29803966358304024,8.0,True,True,True,0.2989395030836265
2021-04-24,0.5949652777777777,0.00018339403493026484,288.0,Virgen,0.2978587411344051,8.0,True,True,True,0.29710653664337267
2021-04-25,0.5933993055555555,0.0005380305455856709,288.0,Virgen,0.29636868834495544,8.0,True,True,True,0.2970306172106001
2021-04-26,0.5906701388888889,0.00055267229941271,288.0,Virgen,0.2955353669822216,8.0,True,True,True,0.29513477190666726
2021-04-27,0.6001527777777778,0.008763894449136162,288.0,Virgen,0.29661597684025764,8.0,True,True,True,0.3035368009375201
2021-04-28,0.6272291666666666,0.0052415104746389605,288.0,Virgen,0.30434830859303474,8.0,True,True,True,0.32288085807363187
2021-04-29,0.6216909722222222,0.002676192969049266,288.0,Virgen,0.3065025098621845,8.0,True,True,True,0.3151884623600377
2021-04-30,0.6284861111111111,0.007772000232327657,288.0,Virgen,0.3087383359670639,8.0,True,True,True,0.3197477751440472
2021-05-01,0.6285833333333334,0.0032287903474852034,288.0,Virgen,0.3162057623267173,8.0,True,True,True,0.31237757100661606
2021-05-02,0.6246875,0.00266469693513095,288.0,Virgen,0.3146079406142235,8.0,True,True,True,0.31007955938577647
2021-05-03,0.6166006944444444,0.0013831739759602507,288.0,Virgen,0.3148408234119415,8.0,True,True,True,0.30175987103250296
2021-05-04,0.6152951388888889,0.0007694361808437221,288.0,Virgen,0.31555289775133133,8.0,True,True,True,0.29974224113755754
2021-05-05,0.6112222222222221,0.0015836465855537639,288.0,Virgen,0.31399014592170715,8.0,True,True,True,0.29723207630051496
2021-05-06,0.6095833333333334,0.0005474043916013668,288.0,Virgen,0.31225527450442314,8.0,True,True,True,0.2973280588289102
2021-05-07,0.6283402777777778,0.007737111971836388,288.0,Virgen,0.31562602147459984,8.0,True,True,True,0.31271425630317795
2021-05-08,0.62609375,0.0009955803903194283,288.0,Virgen,0.3189464397728443,8.0,True,True,True,0.3071473102271557
2021-05-09,0.6247013888888888,0.0018613241740737625,288.0,Virgen,0.3184897527098655,8.0,True,True,True,0.3062116361790233
2021-05-10,0.6181076388888889,0.0014882386690459688,288.0,Virgen,0.31561384350061417,8.0,True,True,True,0.3024937953882747
2021-05-11,0.6137361111111111,0.0010324768845974607,288.0,Virgen,0.3127830624580383,8.0,True,True,True,0.3009530486530729
2021-05-12,0.6106840277777779,0.0006526454549128283,288.0,Virgen,0.3110450655221939,8.0,True,True,True,0.29963896225558395
2021-05-13,0.6108784722222222,0.0003273083543198677,288.0,Virgen,0.3098871260881424,8.0,True,True,True,0.30099134613407985
2021-05-14,0.6094930555555556,0.0005008220110961442,288.0,Virgen,0.3084737099707126,8.0,True,True,True,0.30101934558484295
2021-05-15,0.6123402777777778,0.0041666724738634265,288.0,Virgen,0.3082483597099781,8.0,True,True,True,0.30409191806779967
2021-05-16,0.6317569444444444,0.00445534800242201,288.0,Virgen,0.3093587234616279,8.0,True,True,True,0.3223982209828165
2021-05-17,0.6272395833333334,0.0016019029950575983,288.0,Virgen,0.30916963145136833,8.0,True,True,True,0.3180699518819651
2021-05-18,0.6284375,0.002881440672377536,288.0,Virgen,0.31149932742118835,8.0,True,True,True,0.3169381725788116
2021-05-19,0.6206770833333333,0.002475643547768724,288.0,Virgen,0.3129319101572037,8.0,True,True,True,0.3077451731761296
2021-05-20,0.6141493055555556,0.0014775672881393268,288.0,Virgen,0.31033338978886604,8.0,True,True,True,0.30381591576668954
2021-05-21,0.6093333333333333,0.0010526224096427707,288.0,Virgen,0.30799196660518646,8.0,True,True,True,0.3013413667281468
2021-05-22,0.6056840277777777,0.0008141743595367324,288.0,Virgen,0.3058943450450897,8.0,True,True,True,0.299789682732688
2021-05-23,0.603454861111111,0.0006969650345523242,288.0,Virgen,0.3049074709415436,8.0,True,True,True,0.29854739016956744
2021-05-24,0.6165868055555556,0.007898711988926596,288.0,Virgen,0.3037393353879452,8.0,True,True,True,0.3128474701676104
2021-05-25,0.62221875,0.0007723865680169407,288.0,Virgen,0.30216264724731445,8.0,True,True,True,0.3200561027526856
2021-05-26,0.6178159722222223,0.0015474453802316744,288.0,Virgen,0.30099876970052714,8.0,True,True,True,0.31681720252169515
2021-05-27,0.6128611111111111,0.001227507665047516,288.0,Virgen,0.2995033599436283,8.0,True,True,True,0.31335775116748277
2021-05-28,0.6087083333333333,0.0011529389804680655,288.0,Virgen,0.29744503274559975,8.0,True,True,True,0.31126330058773355
2021-05-29,0.6047986111111111,0.0010889361948212596,288.0,Virgen,0.29694823175668716,8.0,True,True,True,0.30785037935442394
2021-05-30,0.6007361111111111,0.0014264114526356749,288.0,Virgen,0.3030011542141437,8.0,True,True,True,0.29773495689696744
2021-05-31,0.6041076388888889,0.0019609988161518144,288.0,Virgen,0.3061451241374016,8.0,True,True,True,0.2979625147514873
2021-06-01,0.6049375,0.0005107724559352711,288.0,Virgen,0.3065820597112179,8.0,True,True,True,0.29835544028878214
2021-06-02,0.6025520833333333,0.0008414744608678018,288.0,Virgen,0.30409542843699455,8.0,True,True,True,0.29845665489633877
2021-06-03,0.5998090277777778,0.0005552929596192022,288.0,Virgen,0.3015864379703998,8.0,True,True,True,0.298222589807378
2021-06-04,0.597642361111111,0.0006577418725354091,288.0,Virgen,0.2994512803852558,8.0,True,True,True,0.2981910807258552
2021-06-05,0.5951076388888888,0.000717290669106825,288.0,Virgen,0.29781951010227203,8.0,True,True,True,0.2972881287866168
2021-06-06,0.5918020833333333,0.001345684481867295,288.0,Virgen,0.2975981645286083,8.0,True,True,True,0.29420391880472496
2021-06-07,0.5947604166666667,0.004578570273472664,288.0,Virgen,0.29955995827913284,8.0,True,True,True,0.29520045838753384
2021-06-08,0.6110243055555555,0.00230499371620529,288.0,Virgen,0.30514540523290634,8.0,True,True,True,0.3058789003226492
2021-06-09,0.6127847222222222,0.0005168005895891782,288.0,Virgen,0.3055913858115673,8.0,True,True,True,0.30719333641065494
2021-06-10,0.6099513888888889,0.000897770068350158,288.0,Virgen,0.30419432371854777,8.0,True,True,True,0.3057570651703411
2021-06-11,0.6064756944444444,0.0009909518549277312,288.0,Virgen,0.3024356365203857,8.0,True,True,True,0.3040400579240587
2021-06-12,0.6029583333333333,0.0006717287489717087,288.0,Virgen,0.30069293454289436,8.0,True,True,True,0.3022653987904389
2021-06-13,0.5994166666666667,0.0005961549268974943,288.0,Virgen,0.3039393872022628,8.0,True,True,True,0.2954772794644039
2021-06-14,0.6011979166666666,0.0006977283947870441,288.0,Virgen,0.3118310570716858,8.0,True,True,True,0.28936685959498076
2021-06-15,0.6013854166666666,0.0004875407603795491,288.0,Virgen,0.31032543256878853,8.0,True,True,True,0.29105998409787803
2021-06-16,0.6008993055555556,0.0003014475015752452,288.0,Virgen,0.3095092736184597,8.0,True,True,True,0.2913900319370959
2021-06-17,0.5996840277777777,0.00046571112974511824,288.0,Virgen,0.30788855999708176,8.0,True,True,True,0.291795467780696
2021-06-18,0.5980381944444444,0.000653534643308004,288.0,Virgen,0.30613136664032936,8.0,True,True,True,0.29190682780411503
2021-06-19,0.6006701388888889,0.006633686388622467,288.0,Virgen,0.30957959964871407,8.0,True,True,True,0.2910905392401748
2021-06-20,0.6218159722222222,0.004631074606736568,288.0,Virgen,0.3141569755971432,8.0,True,True,True,0.307658996625079
2021-06-21,0.62475,0.002365548311772558,288.0,Virgen,0.31337136775255203,8.0,True,True,True,0.311378632247448
2021-06-22,0.6170868055555556,0.0018636723900382261,288.0,Virgen,0.3115525543689727,8.0,True,True,True,0.3055342511865829
2021-06-23,0.6124548611111111,0.0008743602827141406,288.0,Virgen,0.3092639520764351,8.0,True,True,True,0.30319090903467605
2021-06-24,0.6091319444444445,0.0010803698410350965,288.0,Virgen,0.30768752098083496,8.0,True,True,True,0.30144442346360956
2021-06-25,0.60534375,0.0010137877881699682,288.0,Virgen,0.3069790080189705,8.0,True,True,True,0.29836474198102947
2021-06-26,0.6026041666666666,0.0008571791513801618,288.0,Virgen,0.30551859736442566,8.0,True,True,True,0.29708556930224095
2021-06-27,0.6027499999999999,0.0004337664234407436,288.0,Virgen,0.3037398047745228,8.0,True,True,True,0.2990101952254771
2021-06-28,0.6020833333333333,0.0005537329763156164,288.0,Virgen,0.3020775727927684,8.0,True,True,True,0.3000057605405649
2021-06-29,0.5998888888888889,0.0008016630024474677,288.0,Virgen,0.30092334002256393,8.0,True,True,True,0.298965548866325
2021-06-30,0.5971076388888888,0.00031046326205957415,288.0,Virgen,0.29940640926361084,8.0,True,True,True,0.297701229625278
2021-07-01,0.597,0.0,288.0,Virgen,0.2981198094785213,8.0,True,True,True,0.2988801905214787
2021-07-02,0.5962847222222222,0.00045206756062041685,288.0,Virgen,0.29669156298041344,8.0,True,True,True,0.29959315924180874
2021-07-03,0.5944097222222222,0.0004996611317806715,288.0,Virgen,0.2949880324304104,8.0,True,True,True,0.29942168979181183
2021-07-04,0.5925069444444444,0.000553689277228956,288.0,Virgen,0.2929566539824009,8.0,True,True,True,0.2995502904620435
2021-07-05,0.5903993055555555,0.0006758137722350983,288.0,Virgen,0.29082838445901865,8.0,True,True,True,0.2995709210965369
2021-07-06,0.5880277777777778,0.0008301332284192016,288.0,Virgen,0.2889229319989681,8.0,True,True,True,0.2991048457788097
2021-07-07,0.5860277777777777,0.0007319911696163828,288.0,Virgen,0.28719268739223475,8.0,True,True,True,0.29883509038554296
2021-07-08,0.5835625,0.0007850408897672025,288.0,Virgen,0.28640112280845637,8.0,True,True,True,0.2971613771915436
2021-07-09,0.5805729166666667,0.0010827580443376573,288.0,Virgen,0.2848947495222091,8.0,True,True,True,0.29567816714445755
2021-07-10,0.5788784722222222,0.0003273083543199636,288.0,Virgen,0.28435513749718666,8.0,True,True,True,0.29452333472503556
2021-07-11,0.5809930555555556,0.0013092888607731592,288.0,Virgen,0.2831615023314953,8.0,True,True,True,0.2978315532240603
2021-07-12,0.5857743055555555,0.0010161241198143667,288.0,Virgen,0.28413350880146027,8.0,True,True,True,0.3016407967540953
2021-07-13,0.5883541666666666,0.0005779785752511923,288.0,Virgen,0.284288726747036,8.0,True,True,True,0.30406543991963064
2021-07-14,0.589,0.0,288.0,Virgen,0.28198156505823135,8.0,True,True,True,0.3070184349417686
2021-07-15,0.5889791666666667,0.00014307474716126686,288.0,Virgen,0.28010251745581627,8.0,True,True,True,0.30887664921085045
2021-07-16,0.5875104166666667,0.0007131633167628064,288.0,Virgen,0.2786743976175785,8.0,True,True,True,0.3088360190490882
2021-07-17,0.5865277777777778,0.001071938193421099,288.0,Virgen,0.28016901016235346,8.0,True,True,True,0.3063587676154243
2021-07-18,0.6200763888888888,0.016299710290540594,288.0,Virgen,0.2832428514957428,8.0,True,True,True,0.33683353739314603
2021-07-19,0.648875,0.00719017428660626,288.0,Virgen,0.28131984174251556,8.0,True,True,True,0.3675551582574844
2021-07-20,0.6464027777777779,0.0037673074599085875,288.0,Virgen,0.27993056178092957,8.0,True,True,True,0.3664722159968483
2021-07-21,0.6349201388888889,0.0033261518894656013,288.0,Virgen,0.2781725488603115,8.0,True,True,True,0.35674759002857737
2021-07-22,0.6250972222222222,0.002084685972038195,288.0,Virgen,0.27643657475709915,8.0,True,True,True,0.34866064746512304
2021-07-23,0.6194861111111112,0.0013992835952537541,288.0,Virgen,0.2754409909248352,8.0,True,True,True,0.344045120186276
2021-07-24,0.6150208333333333,0.0012323669189801014,288.0,Virgen,0.2746265307068825,8.0,True,True,True,0.3403943026264509
2021-07-25,0.6107638888888889,0.001174562628130874,288.0,Virgen,0.2723618671298027,8.0,True,True,True,0.3384020217590862
2021-07-26,0.6071527777777778,0.0006711521576647219,288.0,Virgen,0.27129171416163445,8.0,True,True,True,0.3358610636161433
2021-07-27,0.6052604166666666,0.0005767527444434243,288.0,Virgen,0.269887775182724,8.0,True,True,True,0.33537264148394264
2021-07-28,0.603,0.0006019712102577287,288.0,Virgen,0.26857776939868927,8.0,True,True,True,0.3344222306013107
2021-07-29,0.600625,0.0005263112048215061,288.0,Virgen,0.26693619415163994,8.0,True,True,True,0.33368880584836
2021-07-30,0.5983229166666667,0.0005931336200967849,288.0,Virgen,0.2654578685760498,8.0,True,True,True,0.3328650480906169
2021-07-31,0.5962465277777778,0.0005946817957948559,288.0,Virgen,0.26427590474486345,8.0,True,True,True,0.3319706230329143
2021-08-01,0.5940590277777777,0.0007786267903610207,288.0,Virgen,0.2638565674424171,8.0,True,True,True,0.33020246033536066
2021-08-02,0.5917569444444444,0.0007581981921931978,288.0,Virgen,0.26233118027448654,8.0,True,True,True,0.32942576416995784
2021-08-03,0.5968541666666667,0.0018230760466246762,288.0,Virgen,0.26072707399725914,8.0,True,True,True,0.33612709266940755
2021-08-04,0.5995520833333333,0.0004981455155914279,288.0,Virgen,0.2585011273622513,8.0,True,True,True,0.34105095597108204
2021-08-05,0.5990104166666667,0.0005504788855935937,288.0,Virgen,0.25622450187802315,8.0,True,True,True,0.3427859147886435
2021-08-06,0.5968472222222222,0.0007634457413090055,288.0,Virgen,0.2545091286301613,8.0,True,True,True,0.3423380935920609
2021-08-07,0.5942916666666667,0.0007639526774481366,288.0,Virgen,0.2534617707133293,8.0,True,True,True,0.34082989595333735
2021-08-08,0.5915381944444444,0.0008746923025155746,288.0,Virgen,0.2516513615846634,8.0,True,True,True,0.33988683285978105
2021-08-09,0.5885937499999999,0.0009285798043046397,288.0,Virgen,0.25075144693255424,8.0,True,True,True,0.33784230306744567
2021-08-10,0.5861215277777778,0.0008487468273437929,288.0,Virgen,0.24945257790386674,8.0,True,True,True,0.33666894987391105
2021-08-11,0.5833541666666666,0.00047909249287019504,288.0,Virgen,0.24886461347341535,8.0,True,True,True,0.33448955319325124
2021-08-12,0.583,0.0,288.0,Virgen,0.24694271571934218,8.0,True,True,True,0.3360572842806578
2021-08-13,0.5822083333333333,0.0007685000549738412,288.0,Virgen,0.24732810817658896,8.0,True,True,True,0.33488022515674437
2021-08-14,0.5850486111111111,0.0009320455276756779,288.0,Virgen,0.2478314228355884,8.0,True,True,True,0.33721718827552266
2021-08-15,0.5858298611111111,0.0003764088260602831,288.0,Virgen,0.2456935495138168,8.0,True,True,True,0.3401363115972943
2021-08-16,0.5867673611111112,0.002485787611669622,288.0,Virgen,0.24457682110369203,8.0,True,True,True,0.3421905400074191
2021-08-17,0.6049409722222222,0.006057217461181968,288.0,Virgen,0.24325750768184656,8.0,True,True,True,0.36168346454037564
2021-08-18,0.6114131944444444,0.0004932642502718457,288.0,Virgen,0.2419096231460571,8.0,True,True,True,0.3695035712983873
2021-08-19,0.6134375,0.0008812309256096984,288.0,Virgen,0.24071665853261945,8.0,True,True,True,0.3727208414673805
2021-08-20,0.6130416666666666,0.0006559829181084401,288.0,Virgen,0.23915416002273554,8.0,True,True,True,0.37388750664393106
2021-08-21,0.6099861111111111,0.0009143540673251606,288.0,Virgen,0.2372003067284822,8.0,True,True,True,0.3727858043826289
2021-08-22,0.6064444444444445,0.0007899876749162165,288.0,Virgen,0.23552120290696615,8.0,True,True,True,0.3709232415374783
2021-08-23,0.605,0.0,288.0,Virgen,0.2338063810020685,8.0,True,True,True,0.37119361899793146
2021-08-24,0.6038749999999999,0.0009361125040342079,288.0,Virgen,0.23267361149191854,8.0,True,True,True,0.3712013885080814
2021-08-25,0.6021388888888889,0.00034643251271953516,288.0,Virgen,0.23227684944868082,8.0,True,True,True,0.36986203944020807
2021-08-26,0.6005555555555555,0.0008117411730931534,288.0,Virgen,0.23133026808500284,8.0,True,True,True,0.36922528747055267
2021-08-27,0.5983402777777778,0.0004890892402620561,288.0,Virgen,0.2309066075831651,8.0,True,True,True,0.36743367019461265
2021-08-28,0.5966041666666667,0.0005039046146121101,288.0,Virgen,0.23140177875757215,8.0,True,True,True,0.36520238790909454
2021-08-29,0.5951666666666666,0.0005410017808003203,288.0,Virgen,0.23308943212032313,8.0,True,True,True,0.3620772345463435
2021-08-30,0.5936076388888889,0.001269671957474435,288.0,Virgen,0.23577659763395784,8.0,True,True,True,0.35783104125493104
2021-08-31,0.5972777777777778,0.0007319911696163935,288.0,Virgen,0.23590569570660586,8.0,True,True,True,0.36137208207117194
2021-09-01,0.598,0.0,288.0,Virgen,0.23378520831465718,8.0,True,True,True,0.36421479168534276
2021-09-02,0.5970798611111111,0.0002715499097127428,288.0,Virgen,0.23236297070980066,8.0,True,True,True,0.36471689040131045
2021-09-03,0.5958993055555556,0.00045753414644214514,288.0,Virgen,0.23066340014338488,8.0,True,True,True,0.3652359054121707
2021-09-04,0.5939861111111111,0.0007082009509413184,288.0,Virgen,0.22945349849760527,8.0,True,True,True,0.36453261261350584
2021-09-05,0.5914548611111111,0.0007591788945190646,288.0,Virgen,0.22788409516215322,8.0,True,True,True,0.3635707659489579
2021-09-06,0.6007361111111111,0.01105701795910111,288.0,Virgen,0.22853058762848372,8.0,True,True,True,0.3722055234826274
2021-09-07,0.6158194444444445,0.0003853190501673955,288.0,Virgen,0.2294706348329782,8.0,True,True,True,0.3863488096114663
2021-09-08,0.6145625,0.0009237007072182697,288.0,Virgen,0.22781505249440667,8.0,True,True,True,0.3867474475055933
2021-09-09,0.6174131944444444,0.0006407472257885909,288.0,Virgen,0.22914543934166426,8.0,True,True,True,0.38826775510278017
2021-09-10,0.6139583333333333,0.001257035947307047,288.0,Virgen,0.22742729820311067,8.0,True,True,True,0.3865310351302226
2021-09-11,0.6125902777777777,0.0021033015177302707,288.0,Virgen,0.22914978675544256,8.0,True,True,True,0.3834404910223352
2021-09-12,0.6135381944444444,0.0009905122405325386,288.0,Virgen,0.2308046258985996,8.0,True,True,True,0.3827335685458447
2021-09-13,0.6148159722222223,0.0013579633856321692,288.0,Virgen,0.2300281468778848,8.0,True,True,True,0.3847878253443375
2021-09-14,0.6143402777777778,0.000999394900163691,288.0,Virgen,0.22787480987608427,8.0,True,True,True,0.3864654679016935
2021-09-15,0.6102673611111111,0.0010858821530575573,288.0,Virgen,0.22637165710330007,8.0,True,True,True,0.38389570400781103
2021-09-16,0.6068263888888888,0.0008035622875550614,288.0,Virgen,0.22537729330360887,8.0,True,True,True,0.38144909558527995
2021-09-17,0.6042118055555555,0.0006783867446373662,288.0,Virgen,0.22426874376833436,8.0,True,True,True,0.37994306178722115
2021-09-18,0.6014895833333332,0.0012823768627506598,288.0,Virgen,0.22444687224924564,8.0,True,True,True,0.3770427110840876
2021-09-19,0.6004201388888889,0.0005966316439995937,288.0,Virgen,0.22298833355307573,8.0,True,True,True,0.37743180533581316
2021-09-20,0.5999722222222222,0.0004328729798075387,288.0,Virgen,0.22205002792179582,8.0,True,True,True,0.3779221943004264
2021-09-21,0.5981290322580645,0.0007431830239457018,124.0,Virgen,0.2201977632939815,8.0,True,True,True,0.37793126896408297
2021-09-23,0.6200113636363637,0.00010660035817777989,88.0,Virgen,0.2195290736854076,8.0,True,True,True,0.400482289950956
2021-09-24,0.6172430555555555,0.0013106188009874744,288.0,Virgen,0.21854125335812563,8.0,True,True,True,0.39870180219742984
2021-09-25,0.6147395833333333,0.000816785468615955,288.0,Virgen,0.21819539740681645,8.0,True,True,True,0.39654418592651686
2021-09-26,0.6142465277777778,0.000628854740731186,288.0,Virgen,0.21737810410559172,8.0,True,True,True,0.39686842367218605
2021-09-27,0.6117569444444445,0.0009276738566755595,288.0,Virgen,0.2158739455044269,8.0,True,True,True,0.3958829989400176
2021-09-28,0.6077777777777778,0.0013965834091587337,288.0,Virgen,0.21522909030318257,8.0,True,True,True,0.39254868747459515
2021-09-29,0.6039444444444445,0.00046144414692968894,288.0,Virgen,0.21449296921491617,8.0,True,True,True,0.38945147522952833
2021-09-30,0.6020347222222222,0.0005589087730990744,288.0,Virgen,0.2136839926242828,8.0,True,True,True,0.38835072959793937
2021-10-01,0.5997951388888888,0.0007806751175612708,288.0,Virgen,0.2132731899619102,8.0,True,True,True,0.3865219489269786
2021-10-02,0.5971840277777778,0.0008163113427395225,288.0,Virgen,0.21235839091241354,8.0,True,True,True,0.38482563686536425
2021-10-03,0.5941805555555555,0.001196119030690115,288.0,Virgen,0.21139479801058764,8.0,True,True,True,0.38278575754496785
2021-10-04,0.5908472222222222,0.0005940406073056247,288.0,Virgen,0.2104790490120649,8.0,True,True,True,0.38036817321015726
2021-10-05,0.59,0.0,288.0,Virgen,0.2095585465431213,8.0,True,True,True,0.38044145345687863
2021-10-06,0.5888402777777777,0.0005922048148907221,288.0,Virgen,0.2092874217778444,8.0,True,True,True,0.37955285599993327
2021-10-07,0.5874513888888888,0.0004984975490679587,288.0,Virgen,0.20814486965537068,8.0,True,True,True,0.3793065192335181
2021-10-08,0.5861736111111111,0.0003794340386704439,288.0,Virgen,0.20681803487241263,8.0,True,True,True,0.3793555762386985
2021-10-09,0.5843402777777778,0.0005168005895889811,288.0,Virgen,0.20627164654433722,8.0,True,True,True,0.37806863123344053
2021-10-10,0.5829618055555555,0.0019529124690792277,288.0,Virgen,0.20636628940701482,8.0,True,True,True,0.3765955161485407
2021-10-11,0.5944722222222222,0.0023932088715901572,288.0,Virgen,0.20786771364510057,8.0,True,True,True,0.3866045085771216
2021-10-12,0.5975416666666666,0.0008337397382994493,288.0,Virgen,0.20687683857977388,8.0,True,True,True,0.39066482808689273
2021-10-13,0.6032118055555555,0.0013487377775986062,288.0,Virgen,0.20638496242463586,8.0,True,True,True,0.39682684313091965
2021-10-14,0.6029340277777777,0.0007460617338558154,288.0,Virgen,0.2055973224341869,8.0,True,True,True,0.3973367053435908
2021-10-15,0.6001388888888889,0.000658486397766593,288.0,Virgen,0.20524279586970803,8.0,True,True,True,0.3948960930191808
2021-10-16,0.6000069444444445,0.003965876271793482,288.0,Virgen,0.20561331138014788,8.0,True,True,True,0.3943936330642966
2021-10-17,0.6132361111111111,0.0019894709296558225,288.0,Virgen,0.20660960115492338,8.0,True,True,True,0.4066265099561877
2021-10-18,0.6229305555555555,0.0027690493916664566,288.0,Virgen,0.2087795455008745,8.0,True,True,True,0.414151010054681
2021-10-19,0.6260729166666666,0.0021651892353990237,288.0,Virgen,0.21111622452735898,8.0,True,True,True,0.41495669213930764
2021-10-20,0.6281145833333333,0.003788492915584049,288.0,Virgen,0.21239151246845717,8.0,True,True,True,0.4157230708648761
2021-10-21,0.6214444444444445,0.0011553709015931632,288.0,Virgen,0.21480115130543706,8.0,True,True,True,0.4066432931390074
2021-10-22,0.6188090277777777,0.0016804849637862516,288.0,Virgen,0.21701432205736634,8.0,True,True,True,0.4017947057204113
2021-10-23,0.6230798611111111,0.0014181049268057854,288.0,Virgen,0.21668322943150994,8.0,True,True,True,0.40639663167960116
2021-10-24,0.6192847222222222,0.0017596451750518213,288.0,Virgen,0.2184718810021877,8.0,True,True,True,0.40081284122003447
2021-10-25,0.6237604166666667,0.0014024229282517831,288.0,Virgen,0.21966794133186335,8.0,True,True,True,0.40409247533480336
2021-10-26,0.6262569444444445,0.003150679430686547,288.0,Virgen,0.22521609812974927,8.0,True,True,True,0.40104084631469517
2021-10-27,0.6231006944444445,0.0025099661012960442,288.0,Virgen,0.2253867387771606,8.0,True,True,True,0.3977139556672839
2021-10-28,0.6189444444444444,0.0016914533172479552,288.0,Virgen,0.2251489423215389,8.0,True,True,True,0.3937955021229055
2021-10-29,0.6238159722222222,0.0006915279446128084,288.0,Virgen,0.2240001372992992,8.0,True,True,True,0.39981583492292294
2021-10-30,0.6199027777777778,0.0013682280534306438,288.0,Virgen,0.2239461839199066,8.0,True,True,True,0.3959565938578712
2021-10-31,0.6173923611111111,0.0012135460672334452,288.0,Virgen,0.22317676246166224,8.0,True,True,True,0.39421559864944883
2021-11-01,0.612736111111111,0.0009662320301270917,288.0,Virgen,0.22233168967068193,8.0,True,True,True,0.3904044214404291
2021-11-02,0.6128472222222222,0.0003603993999005557,288.0,Virgen,0.22378344833850855,8.0,True,True,True,0.38906377388371366
2021-11-03,0.6157118055555555,0.002366343465687143,288.0,Virgen,0.2248907722532749,8.0,True,True,True,0.3908210333022806
2021-11-04,0.6181527777777778,0.001205790006300835,288.0,Virgen,0.22731013968586916,8.0,True,True,True,0.3908426380919086
2021-11-05,0.6130590277777778,0.0013665956682505174,288.0,Virgen,0.22611771337687966,8.0,True,True,True,0.3869413144008981
2021-11-06,0.6090034722222222,0.00102749064744386,288.0,Virgen,0.22495529614388937,8.0,True,True,True,0.3840481760783328
2021-11-07,0.6068506944444444,0.0005800992979734978,288.0,Virgen,0.22477990388870236,8.0,True,True,True,0.382070790555742
2021-11-08,0.6133020833333334,0.0032442491333161344,288.0,Virgen,0.22480890713632104,8.0,True,True,True,0.3884931761970123
2021-11-09,0.6201875,0.002170337728017972,288.0,Virgen,0.2266106810420751,8.0,True,True,True,0.3935768189579249
2021-11-10,0.6205243055555556,0.001554839428517071,288.0,Virgen,0.22587098181247706,8.0,True,True,True,0.39465332374307854
2021-11-11,0.6147604166666666,0.0017051558932276968,288.0,Virgen,0.22404678910970685,8.0,True,True,True,0.3907136275569597
2021-11-12,0.6103749999999999,0.0009690327085520578,288.0,Virgen,0.2238702420145273,8.0,True,True,True,0.38650475798547257
2021-11-13,0.6154027777777777,0.004634094891415024,288.0,Virgen,0.2236948944628238,8.0,True,True,True,0.39170788331495393
2021-11-14,0.6179131944444445,0.0012449617783915736,288.0,Virgen,0.22336040064692494,8.0,True,True,True,0.3945527937975195
2021-11-15,0.6133368055555555,0.0014293219331348301,288.0,Virgen,0.2229573857039213,8.0,True,True,True,0.39037941985163416
2021-11-16,0.6172951388888889,0.0034680790224672717,288.0,Virgen,0.2239857595413923,8.0,True,True,True,0.39330937934749655
2021-11-17,0.6251770833333333,0.003120109413564454,288.0,Virgen,0.22394301742315287,8.0,True,True,True,0.40123406591018046
2021-11-18,0.6154340277777778,0.0018598513744689316,288.0,Virgen,0.22352504916489122,8.0,True,True,True,0.39190897861288654
2021-11-19,0.6135416666666667,0.0027721235523593744,288.0,Virgen,0.22285605967044828,8.0,True,True,True,0.39068560699621835
2021-11-20,0.6176284722222223,0.0011250188194751173,288.0,Virgen,0.22263224795460695,8.0,True,True,True,0.3949962242676153
2021-11-21,0.6127604166666667,0.0012694051255696802,288.0,Virgen,0.2230714317411184,8.0,True,True,True,0.38968898492554827
2021-11-22,0.6092638888888888,0.0009294718526635912,288.0,Virgen,0.2226218972355127,8.0,True,True,True,0.3866419916533761
2021-11-23,0.6080069444444445,8.318802662586737e-05,288.0,Virgen,0.2227586470544338,8.0,True,True,True,0.38524829739001065
2021-11-24,0.6148923611111111,0.005602284002383405,288.0,Virgen,0.22370784170925614,8.0,True,True,True,0.39118451940185495
2021-11-25,0.6465000000000001,0.017434996245387056,288.0,Virgen,0.22959899902343747,8.0,True,True,True,0.4169010009765626
2021-11-26,0.6428229166666667,0.0053341215572440615,288.0,Virgen,0.2419902011752128,8.0,True,True,True,0.4008327154914539
2021-11-27,0.6376284722222222,0.005777900504779289,288.0,Virgen,0.2421170491725206,8.0,True,True,True,0.39551142304970155
2021-11-28,0.6217951388888889,0.0030586105078093157,288.0,Virgen,0.2391379158943891,8.0,True,True,True,0.38265722299449983
2021-11-29,0.6139583333333333,0.0013659625392141508,288.0,Virgen,0.23888014443218702,8.0,True,True,True,0.37507818890114625
2021-11-30,0.61634375,0.000638401613570298,288.0,Virgen,0.2399642821401357,8.0,True,True,True,0.37637946785986426
2021-12-01,0.6133194444444444,0.0011178175461984102,288.0,Virgen,0.24050457403063769,8.0,True,True,True,0.37281487041380673
2021-12-02,0.6095590277777778,0.0010240939358624839,288.0,Virgen,0.2429777346551418,8.0,True,True,True,0.366581293122636
2021-12-03,0.6057951388888889,0.0012394688005237645,288.0,Virgen,0.24196582846343515,8.0,True,True,True,0.36382931042545374
2021-12-04,0.6040833333333333,0.0009699312091704138,288.0,Virgen,0.24181274138391012,8.0,True,True,True,0.3622705919494232
2021-12-05,0.6097534722222222,0.0017405759467494842,288.0,Virgen,0.2442633733153343,8.0,True,True,True,0.3654900989068879
2021-12-06,0.6192638888888888,0.001998208644141237,288.0,Virgen,0.2488641999661922,8.0,True,True,True,0.37039968892269665
2021-12-07,0.6161736111111111,0.0015087658436242454,288.0,Virgen,0.25003506615757937,8.0,True,True,True,0.36613854495353176
2021-12-08,0.6115798611111111,0.001192548283808135,288.0,Virgen,0.2478158008307218,8.0,True,True,True,0.36376406028038927
2021-12-09,0.6085486111111111,0.0007115753843978021,288.0,Virgen,0.2469730880111456,8.0,True,True,True,0.36157552309996555
2021-12-10,0.6054236111111111,0.001079294266197083,288.0,Virgen,0.24525638483464715,8.0,True,True,True,0.3601672262764639
2021-12-11,0.6050694444444444,0.002447078262903901,288.0,Virgen,0.24517839029431338,8.0,True,True,True,0.35989105415013106
2021-12-12,0.6155972222222222,0.002647250745195175,288.0,Virgen,0.24785238131880757,8.0,True,True,True,0.36774484090341464
2021-12-13,0.6200590277777778,0.0011445926923065253,288.0,Virgen,0.2482946645468473,8.0,True,True,True,0.3717643632309305
2021-12-14,0.620736111111111,0.0017330005040949088,288.0,Virgen,0.2471893653273582,8.0,True,True,True,0.37354674578375285
2021-12-15,0.6151423611111111,0.0010479167893338226,288.0,Virgen,0.2463936377316713,8.0,True,True,True,0.36874872337943976
2021-12-16,0.6135138888888889,0.0005408228485049622,288.0,Virgen,0.2456688173115253,8.0,True,True,True,0.3678450715773636
2021-12-17,0.6170625,0.0020284346275706772,288.0,Virgen,0.24498266167938706,8.0,True,True,True,0.37207983832061287
2021-12-18,0.6268159722222222,0.0038910450786519353,288.0,Virgen,0.24421061761677262,8.0,True,True,True,0.38260535460544953
2021-12-19,0.6282361111111111,0.0018000623725589386,288.0,Virgen,0.2439751103520393,8.0,True,True,True,0.38426100075907177
2021-12-20,0.6190868055555555,0.0022452659148219207,288.0,Virgen,0.2433429732918739,8.0,True,True,True,0.3757438322636816
2021-12-21,0.6302986111111112,0.003080974236414441,288.0,Virgen,0.2440332137048244,8.0,True,True,True,0.3862653974062868
2021-12-22,0.6272465277777778,0.004054290336375775,288.0,Virgen,0.2449837680906057,8.0,True,True,True,0.38226275968717205
2021-12-23,0.6165798611111111,0.0018309792456674126,288.0,Virgen,0.24536103568971152,8.0,True,True,True,0.37121882542139956
2021-12-24,0.6122569444444443,0.0010673914131933753,288.0,Virgen,0.24391958303749559,8.0,True,True,True,0.3683373614069487
2021-12-25,0.6081736111111111,0.001155685000492662,288.0,Virgen,0.2426154557615518,8.0,True,True,True,0.3655581553495593
2021-12-26,0.6040034722222223,0.0011937650563149929,288.0,Virgen,0.24271555989980695,8.0,True,True,True,0.3612879123224153
2021-12-27,0.6000972222222223,0.001118856088583831,288.0,Virgen,0.24260720983147618,8.0,True,True,True,0.35749001239074607
2021-12-28,0.5964930555555555,0.001147616999434193,288.0,Virgen,0.2432909701019525,8.0,True,True,True,0.35320208545360304
2021-12-29,0.5931597222222221,0.000366985923729036,288.0,Virgen,0.24477023445069784,8.0,True,True,True,0.3483894877715243
2021-12-30,0.6013506944444444,0.00517551857763318,288.0,Virgen,0.24595271609723562,8.0,True,True,True,0.3553979783472088
2021-12-31,0.607,0.0,288.0,Virgen,0.24439110979437825,8.0,True,True,True,0.3626088902056217
2022-01-01,0.6051805555555556,0.0007976688839803629,288.0,Virgen,0.24287603236734862,8.0,True,True,True,0.362304523188207
2022-01-02,0.6018576388888889,0.0009720182574612824,288.0,Virgen,0.2417156398296356,8.0,True,True,True,0.36014199905925326
2022-01-03,0.5986597222222222,0.0009493309174693817,288.0,Virgen,0.24130987189710135,8.0,True,True,True,0.35734985032512084
2022-01-04,0.5950069444444445,0.0011716543459184944,288.0,Virgen,0.24068214558064932,8.0,True,True,True,0.35432479886379514
2022-01-05,0.5911805555555555,0.0011209302867283368,288.0,Virgen,0.24106987193226811,8.0,True,True,True,0.35011068362328734
2022-01-06,0.5876597222222222,0.0010063436036977537,288.0,Virgen,0.24110535532236096,8.0,True,True,True,0.3465543668998612
2022-01-07,0.5842708333333333,0.001105694793155044,288.0,Virgen,0.24045610614120955,8.0,True,True,True,0.34381472719212375
2022-01-08,0.5809583333333334,0.0010682298360267328,288.0,Virgen,0.2409861627966165,8.0,True,True,True,0.33997217053671686
2022-01-09,0.5775381944444444,0.0010486092683164732,288.0,Virgen,0.2406315244734287,8.0,True,True,True,0.3369066699710157
2022-01-10,0.5744409722222222,0.0006384774129844467,288.0,Virgen,0.24135138466954228,8.0,True,True,True,0.3330895875526799
2022-01-11,0.5722847222222222,0.0006096002510866832,288.0,Virgen,0.2406171634793281,8.0,True,True,True,0.33166755874289405
2022-01-12,0.5700381944444444,0.0007386301029327612,288.0,Virgen,0.2401890307664871,8.0,True,True,True,0.32984916367795725
2022-01-13,0.5690624999999999,0.002769215413608905,288.0,Virgen,0.23971898294985292,8.0,True,True,True,0.32934351705014697
2022-01-14,0.6167361111111112,0.01538132543964593,288.0,Virgen,0.23943416401743886,8.0,True,True,True,0.37730194709367226
2022-01-15,0.620736111111111,0.0023133790875993665,288.0,Virgen,0.23863525129854676,8.0,True,True,True,0.38210085981256425
2022-01-16,0.6158055555555556,0.0005445680803310162,288.0,Virgen,0.23845378868281836,8.0,True,True,True,0.37735176687273725
2022-01-17,0.6129479166666667,0.0009072275605877055,288.0,Virgen,0.23780808411538598,8.0,True,True,True,0.3751398325512807
2022-01-18,0.6091458333333333,0.001153505488886578,288.0,Virgen,0.2372648902237415,8.0,True,True,True,0.37188094310959174
2022-01-19,0.6052673611111111,0.0011391255195471425,288.0,Virgen,0.23694999143481252,8.0,True,True,True,0.3683173696762986
2022-01-20,0.6022500000000001,0.00043376642344066234,288.0,Virgen,0.23607180826365945,8.0,True,True,True,0.3661781917363406
2022-01-21,0.6018298611111111,0.00037640882606023113,288.0,Virgen,0.23482576757669446,8.0,True,True,True,0.36700409353441665
2022-01-22,0.6001597222222222,0.0006209265241191771,288.0,Virgen,0.23357398994266984,8.0,True,True,True,0.3665857322795524
2022-01-23,0.599,0.0,288.0,Virgen,0.23362410068511957,8.0,True,True,True,0.3653758993148804
2022-01-24,0.5975243055555555,0.0005207534781985606,288.0,Virgen,0.2333551291376352,8.0,True,True,True,0.36416917641792024
2022-01-25,0.5952604166666666,0.0009323245647715401,288.0,Virgen,0.23728947900235647,8.0,True,True,True,0.35797093766431015
2022-01-26,0.5952604166666666,0.00043962587039808306,288.0,Virgen,0.25109713710844517,8.0,True,True,True,0.34416327955822146
2022-01-27,0.5964791666666667,0.0005275510444779286,288.0,Virgen,0.26015275344252586,8.0,True,True,True,0.3363264132241408
2022-01-28,0.6099375,0.008900705644813258,288.0,Virgen,0.27596892789006233,8.0,True,True,True,0.3339685721099377
2022-01-29,0.6162118055555555,0.0008796575614830903,288.0,Virgen,0.27498443052172655,8.0,True,True,True,0.341227375033829
2022-01-30,0.6124479166666666,0.0011464515015019584,288.0,Virgen,0.2714906893670559,8.0,True,True,True,0.34095722729961075
2022-01-31,0.6090833333333333,0.0012068330427327276,288.0,Virgen,0.2712279409170151,8.0,True,True,True,0.33785539241631823
2022-02-01,0.6132361111111111,0.0007740216809135574,288.0,Virgen,0.2715986557304859,8.0,True,True,True,0.3416374553806252
2022-02-02,0.6114340277777778,0.0009712711735687684,288.0,Virgen,0.2718725614249706,8.0,True,True,True,0.33956146635280715
2022-02-03,0.6076979166666666,0.0011117346053589189,288.0,Virgen,0.2698354609310627,8.0,True,True,True,0.3378624557356039
2022-02-04,0.6036701388888889,0.0011711740951414991,288.0,Virgen,0.2692981734871864,8.0,True,True,True,0.3343719654017025
2022-02-05,0.6004756944444444,0.0018268514651301566,288.0,Virgen,0.27247183397412295,8.0,True,True,True,0.32800386047032143
2022-02-06,0.6093125,0.0010720961915344817,288.0,Virgen,0.2770097777247429,8.0,True,True,True,0.33230272227525715
2022-02-07,0.6097638888888889,0.0004254304827175259,288.0,Virgen,0.2790414877235889,8.0,True,True,True,0.3307224011653
2022-02-08,0.6099930555555555,8.31880266258664e-05,288.0,Virgen,0.2812322787940502,8.0,True,True,True,0.3287607767615053
2022-02-09,0.6085277777777778,0.000507016200724368,288.0,Virgen,0.28137574344873423,8.0,True,True,True,0.32715203432904355
2022-02-10,0.6066354166666666,0.0009383779280695175,288.0,Virgen,0.2801384292542934,8.0,True,True,True,0.32649698741237326
2022-02-11,0.6087630662020906,0.004743006814506732,287.0,Virgen,0.2796595841646194,8.0,True,True,True,0.32910348203747125
2022-02-12,0.6271249999999999,0.003021121927421954,288.0,Virgen,0.27971144393086433,8.0,True,True,True,0.3474135560691356
2022-02-13,0.63178125,0.0034697391431134615,288.0,Virgen,0.2810927629470825,8.0,True,True,True,0.35068848705291744
2022-02-14,0.6276666666666667,0.0020294006255429614,288.0,Virgen,0.28712112456560135,8.0,True,True,True,0.34054554210106536
2022-02-15,0.6255138888888889,0.0034307202261104233,288.0,Virgen,0.29066628590226173,8.0,True,True,True,0.3348476029866272
2022-02-16,0.6172777777777778,0.001075183766446439,288.0,Virgen,0.2906536534428596,8.0,True,True,True,0.3266241243349182
2022-02-17,0.6129548611111111,0.0014702783571625528,288.0,Virgen,0.2904533296823501,8.0,True,True,True,0.322501531428761
2022-02-18,0.6086215277777778,0.0008342547171121616,288.0,Virgen,0.29071157425642014,8.0,True,True,True,0.31790995352135765
2022-02-19,0.6057638888888889,0.0007276146998062404,288.0,Virgen,0.29133494198322296,8.0,True,True,True,0.3144289469056659
2022-02-20,0.603625,0.0006559829181087979,288.0,Virgen,0.28939053043723106,8.0,True,True,True,0.3142344695627689
2022-02-21,0.6007847222222221,0.0009270476493544157,288.0,Virgen,0.2864125706255436,8.0,True,True,True,0.31437215159667853
2022-02-22,0.5977013888888889,0.0009487190051207259,288.0,Virgen,0.2849261835217476,8.0,True,True,True,0.3127752053671413
2022-02-23,0.5942118055555555,0.000760707219799172,288.0,Virgen,0.28421690315008163,8.0,True,True,True,0.3099949024054739
2022-02-24,0.5911597222222222,0.0006695278324231902,288.0,Virgen,0.28517012298107147,8.0,True,True,True,0.30598959924115077
2022-02-25,0.6013645833333333,0.007500689573409519,288.0,Virgen,0.287138395011425,8.0,True,True,True,0.3142261883219083
2022-02-26,0.6183159722222222,0.0030978505123931926,288.0,Virgen,0.2879507727921009,8.0,True,True,True,0.3303651994301213
2022-02-27,0.6319479166666667,0.0021977330337884485,288.0,Virgen,0.29489578679203987,8.0,True,True,True,0.33705212987462685
2022-02-28,0.6272048611111111,0.003216309263241175,288.0,Virgen,0.2978283576667309,8.0,True,True,True,0.3293765034443802
2022-03-01,0.6423819444444444,0.01575840974651497,288.0,Virgen,0.29863219335675234,8.0,True,True,True,0.34374975108769207
2022-03-02,0.6512881944444444,0.014846846456075551,288.0,Virgen,0.3020339570939541,8.0,True,True,True,0.3492542373504903
2022-03-03,0.6332118055555556,0.0031011293104911135,288.0,Virgen,0.3101309612393379,8.0,True,True,True,0.32308084431621764
2022-03-04,0.628170138888889,0.00274380086489783,288.0,Virgen,0.31138297170400614,8.0,True,True,True,0.3167871671848828
2022-03-05,0.6303194444444444,0.009381316429378473,288.0,Virgen,0.31364861503243446,8.0,True,True,True,0.31667082941200997
2022-03-06,0.6385208333333333,0.0013613313323786573,288.0,Virgen,0.31602327525615687,8.0,True,True,True,0.32249755807717645
2022-03-07,0.6280486111111112,0.004211035545316607,288.0,Virgen,0.31776637583971024,8.0,True,True,True,0.310282235271401
2022-03-08,0.6170625,0.002119163433654032,288.0,Virgen,0.31509633734822273,8.0,True,True,True,0.3019661626517772
2022-03-09,0.6109340277777777,0.001389039384026167,288.0,Virgen,0.31262074783444405,8.0,True,True,True,0.2983132799433337
2022-03-10,0.60709375,0.001002555532536333,288.0,Virgen,0.311629232019186,8.0,True,True,True,0.29546451798081397
2022-03-11,0.6035381944444445,0.001348091774487986,288.0,Virgen,0.3106917142868042,8.0,True,True,True,0.29284648015764025
2022-03-12,0.6010277777777778,0.00016462159944169536,288.0,Virgen,0.3097270615398883,8.0,True,True,True,0.2913007162378895
2022-03-13,0.6010868055555556,0.004348426709406129,288.0,Virgen,0.31019455194473267,8.0,True,True,True,0.29089225361082294
2022-03-14,0.6397361111111111,0.011292429773512382,288.0,Virgen,0.31568579748272896,8.0,True,True,True,0.3240503136283821
2022-03-15,0.6332604166666667,0.004017153442053142,288.0,Virgen,0.3178360164165497,8.0,True,True,True,0.315424400250117
2022-03-16,0.6217013888888889,0.0026214868273972303,288.0,Virgen,0.3192811906337738,8.0,True,True,True,0.3024201982551151
2022-03-17,0.6615277777777778,0.017066561410825225,288.0,Virgen,0.32051585614681244,8.0,True,True,True,0.3410119216309654
2022-03-18,0.6388327526132405,0.005838134858017649,287.0,Virgen,0.32149310782551765,8.0,True,True,True,0.3173396447877228
2022-03-19,0.6329965277777778,0.003375973999487816,288.0,Virgen,0.3230370245873928,8.0,True,True,True,0.309959503190385
2022-03-20,0.6299722222222222,0.0034245362756230736,288.0,Virgen,0.3283242806792259,8.0,True,True,True,0.30164794154299623
2022-03-21,0.630357638888889,0.002970331340662999,288.0,Virgen,0.32890018448233604,8.0,True,True,True,0.3014574544065529
2022-03-22,0.6209409722222222,0.0021559386645632387,288.0,Virgen,0.3266376778483391,8.0,True,True,True,0.29430329437388314
2022-03-23,0.6148437499999999,0.00146023809571154,288.0,Virgen,0.3238906040787697,8.0,True,True,True,0.2909531459212302
2022-03-24,0.6111562500000001,0.0013172253993196836,288.0,Virgen,0.321761891245842,8.0,True,True,True,0.2893943587541581
2022-03-25,0.6166701388888889,0.0005268511232580902,288.0,Virgen,0.3210834600031376,8.0,True,True,True,0.2955866788857513
2022-03-26,0.6183854166666667,0.006016880652585416,288.0,Virgen,0.3206251785159111,8.0,True,True,True,0.2977602381507556
2022-03-27,0.6289895833333333,0.0019514746947681785,288.0,Virgen,0.32160595804452896,8.0,True,True,True,0.30738362528880436
2022-03-28,0.6310486111111111,0.0027404057816750958,288.0,Virgen,0.32291409000754356,8.0,True,True,True,0.30813452110356754
2022-03-29,0.6240868055555555,0.0014028714469096642,288.0,Virgen,0.32271304354071617,8.0,True,True,True,0.30137376201483934
2022-03-30,0.6241180555555556,0.00148627414702273,288.0,Virgen,0.32235624268651003,8.0,True,True,True,0.3017618128690455
2022-03-31,0.6219513888888888,0.0014784390539995405,288.0,Virgen,0.322749063372612,8.0,True,True,True,0.2992023255162768
2022-04-01,0.6242708333333333,0.002821566397198486,288.0,Virgen,0.32330381125211716,8.0,True,True,True,0.3009670220812162
2022-04-02,0.62609375,0.0016616904515565868,288.0,Virgen,0.32530829310417175,8.0,True,True,True,0.30078545689582825
2022-04-03,0.6208993055555555,0.0017511368742340538,288.0,Virgen,0.32402580231428146,8.0,True,True,True,0.29687350324127404
2022-04-04,0.6146493055555555,0.0015987580775810588,288.0,Virgen,0.32119010388851166,8.0,True,True,True,0.29345920166704387
2022-04-05,0.6097708333333334,0.001164029706147764,288.0,Virgen,0.3183356486260891,8.0,True,True,True,0.2914351847072443
2022-04-06,0.6064166666666666,0.0008873874272228992,288.0,Virgen,0.3160807751119137,8.0,True,True,True,0.2903358915547529
2022-04-07,0.60359375,0.0007312553046354773,288.0,Virgen,0.3144123889505863,8.0,True,True,True,0.2891813610494137
2022-04-08,0.6011006944444444,0.0008138176501124915,288.0,Virgen,0.31290293484926224,8.0,True,True,True,0.2881977595951821
2022-04-09,0.6086076388888889,0.007247410493801212,288.0,Virgen,0.31541806086897844,8.0,True,True,True,0.29318957801991047
2022-04-10,0.6159444444444444,0.00022946013834867856,288.0,Virgen,0.31964327022433275,8.0,True,True,True,0.29630117422011165
2022-04-11,0.6136041666666666,0.0009822022471745785,288.0,Virgen,0.3182169459760189,8.0,True,True,True,0.2953872206906477
2022-04-12,0.6097604166666666,0.0011392104821534347,288.0,Virgen,0.31605711951851845,8.0,True,True,True,0.29370329714814813
2022-04-13,0.6064027777777778,0.000893799348001018,288.0,Virgen,0.3141644708812236,8.0,True,True,True,0.2922383068965542
2022-04-14,0.603625,0.000639849721032405,288.0,Virgen,0.31313716992735857,8.0,True,True,True,0.2904878300726414
2022-04-15,0.6026631944444445,0.0007970543791448963,288.0,Virgen,0.3125963360071182,8.0,True,True,True,0.29006685843732627
2022-04-16,0.6058645833333334,0.0011380629517868245,288.0,Virgen,0.3113308511674404,8.0,True,True,True,0.29453373216589296
2022-04-17,0.6067118055555556,0.0011938866653602807,288.0,Virgen,0.3102196790277958,8.0,True,True,True,0.2964921265277598
2022-04-18,0.6163402777777778,0.008565519724194677,288.0,Virgen,0.31231455132365227,8.0,True,True,True,0.3040257264541255
2022-04-19,0.6471180555555556,0.007379693890687305,288.0,Virgen,0.3146268352866173,8.0,True,True,True,0.3324912202689383
2022-04-20,0.6556770833333334,0.018435022791713634,288.0,Virgen,0.317276943475008,8.0,True,True,True,0.3384001398583254
2022-04-21,0.6623020833333333,0.0199644910170016,288.0,Virgen,0.3261140547692775,8.0,True,True,True,0.3361880285640558
2022-04-22,0.6394965277777778,0.001934463279674845,288.0,Virgen,0.3266349881887436,8.0,True,True,True,0.3128615395890342
2022-04-23,0.6356076388888889,0.005303559778309812,288.0,Virgen,0.32446854934096336,8.0,True,True,True,0.3111390895479256
2022-04-24,0.63825,0.0026318870166275677,288.0,Virgen,0.32404379919171333,8.0,True,True,True,0.31420620080828665
2022-04-25,0.6316111111111111,0.0034853823391885206,288.0,Virgen,0.3224058970808983,8.0,True,True,True,0.30920521403021284
2022-04-26,0.6214097222222222,0.0022904534324134523,288.0,Virgen,0.319780346006155,8.0,True,True,True,0.3016293762160672
2022-04-27,0.6150590277777778,0.0014626553674617266,288.0,Virgen,0.31742049008607864,8.0,True,True,True,0.2976385376916991
2022-04-28,0.6119826388888889,0.0006805234571743496,288.0,Virgen,0.3164385594427585,8.0,True,True,True,0.2955440794461304
2022-04-29,0.6133680555555556,0.0012197362357116031,288.0,Virgen,0.3164263479411602,8.0,True,True,True,0.2969417076143954
2022-04-30,0.61675,0.0009877295966500541,288.0,Virgen,0.3157744519412517,8.0,True,True,True,0.3009755480587483
2022-05-01,0.6173229166666666,0.0007489103582798787,288.0,Virgen,0.31458181142807007,8.0,True,True,True,0.30274110523859654
2022-05-02,0.6134930555555556,0.0011354075096327654,288.0,Virgen,0.31263159215450287,8.0,True,True,True,0.3008614634010527
2022-05-03,0.6094131944444444,0.0009624117880951344,288.0,Virgen,0.31075439602136606,8.0,True,True,True,0.29865879842307835
2022-05-04,0.6055486111111111,0.0010074970615711915,288.0,Virgen,0.3091277629137039,8.0,True,True,True,0.2964208481974072
2022-05-05,0.6020696864111498,0.0009360799674781157,287.0,Virgen,0.30973953753709793,8.0,True,True,True,0.29233014887405184
2022-05-06,0.6050416666666666,0.005815244893444538,288.0,Virgen,0.3086184822022915,8.0,True,True,True,0.2964231844643751
2022-05-07,0.6258923611111111,0.0012433281099552688,288.0,Virgen,0.30817602574825287,8.0,True,True,True,0.31771633536285826
2022-05-08,0.6205034722222222,0.0018647626707013298,288.0,Virgen,0.30658720433712006,8.0,True,True,True,0.3139162678851022
2022-05-09,0.6151145833333334,0.001337242925244098,288.0,Virgen,0.3055848516523838,8.0,True,True,True,0.30952973168094955
2022-05-10,0.6136041666666666,0.0039051806027467543,288.0,Virgen,0.30450878292322153,8.0,True,True,True,0.3090953837434451
2022-05-11,0.6217597173144876,0.0005575426625063997,283.0,Virgen,0.30350009724497795,8.0,True,True,True,0.3182596200695097
2022-05-12,0.6190243055555555,0.0009891922251144191,288.0,Virgen,0.3019964061677456,8.0,True,True,True,0.31702789938780995
2022-05-13,0.6224861111111112,0.0006464711080432401,288.0,Virgen,0.30078865587711334,8.0,True,True,True,0.32169745523399784
2022-05-14,0.6228541666666667,0.005491163316134551,288.0,Virgen,0.29987863823771477,8.0,True,True,True,0.32297552842895194
2022-05-15,0.6300034722222222,0.0023589081864239764,288.0,Virgen,0.3003434129059315,8.0,True,True,True,0.3296600593162907
2022-05-16,0.62615625,0.00260257762204055,288.0,Virgen,0.3002089075744152,8.0,True,True,True,0.32594734242558476
2022-05-17,0.6308506944444444,0.005250047240906176,288.0,Virgen,0.3069416582584381,8.0,True,True,True,0.3239090361860063
2022-05-18,0.6394479166666667,0.003512654450582967,288.0,Virgen,0.31385301798582077,8.0,True,True,True,0.3255948986808459
2022-05-19,0.6278368055555555,0.0018263745824364042,288.0,Virgen,0.3186767064034939,8.0,True,True,True,0.30916009915206166
2022-05-20,0.6246111111111111,0.0017254443900083553,288.0,Virgen,0.31582915037870407,8.0,True,True,True,0.30878196073240705
2022-05-21,0.6178229166666667,0.0016421800225558687,288.0,Virgen,0.31287105754017824,8.0,True,True,True,0.3049518591264884
2022-05-22,0.6121076388888889,0.0015524098322489963,288.0,Virgen,0.31080715730786324,8.0,True,True,True,0.3013004815810256
2022-05-23,0.6073958333333334,0.0015197595170115062,288.0,Virgen,0.30893246829509735,8.0,True,True,True,0.298463365038236
2022-05-24,0.6040277777777778,0.0003993800848657317,288.0,Virgen,0.30836192518472666,8.0,True,True,True,0.29566585259305117
2022-05-25,0.6020173611111111,0.00013084014829452807,288.0,Virgen,0.30676652491092676,8.0,True,True,True,0.2952508362001844
2022-05-26,0.6026423611111111,0.0004801393324358666,288.0,Virgen,0.30568603798747057,8.0,True,True,True,0.29695632312364056
2022-05-27,0.6046319444444443,0.0011491340643928212,288.0,Virgen,0.30438943952322006,8.0,True,True,True,0.3002425049212243
2022-05-28,0.6103923611111112,0.001566930902915102,288.0,Virgen,0.3025025837123394,8.0,True,True,True,0.30788977739877177
2022-05-29,0.6125416666666667,0.0004991281597552352,288.0,Virgen,0.3012401796877384,8.0,True,True,True,0.31130148697892823
2022-05-30,0.6115208333333333,0.0005839759195073244,288.0,Virgen,0.3002355434000492,8.0,True,True,True,0.3112852899332841
2022-05-31,0.6098854166666666,0.0003298122684257299,288.0,Virgen,0.2989763841032982,8.0,True,True,True,0.31090903256336844
2022-06-01,0.6079027777777778,0.0007991236004789118,288.0,Virgen,0.2987980507314205,8.0,True,True,True,0.3091047270463573
2022-06-02,0.6054236111111111,0.000714019501300998,288.0,Virgen,0.30250972881913185,8.0,True,True,True,0.30291388229197924
2022-06-03,0.6031423611111111,0.00035002834352355975,288.0,Virgen,0.3019866459071636,8.0,True,True,True,0.30115571520394746
2022-06-04,0.6126388888888888,0.008340415109374095,288.0,Virgen,0.3046026825904846,8.0,True,True,True,0.3080362062984042
2022-06-05,0.6249618055555556,0.0011424343790746635,288.0,Virgen,0.30457278713583946,8.0,True,True,True,0.3203890184197161
2022-06-06,0.6192743055555555,0.0015587561613098994,288.0,Virgen,0.3036131709814071,8.0,True,True,True,0.3156611345741484
2022-06-07,0.6137118055555555,0.0015850783525311486,288.0,Virgen,0.30361270904541016,8.0,True,True,True,0.31009909651014533
2022-06-08,0.6102604166666666,0.0007638814098814453,288.0,Virgen,0.3043748661875725,8.0,True,True,True,0.30588555047909416
2022-06-09,0.6287986111111111,0.004969004781364754,288.0,Virgen,0.3052351512014866,8.0,True,True,True,0.32356345990962454
2022-06-10,0.6295590277777777,0.0020026085147468926,288.0,Virgen,0.3053258806467056,8.0,True,True,True,0.3242331471310721
2022-06-11,0.6270833333333333,0.0010291906769291275,288.0,Virgen,0.30688074976205826,8.0,True,True,True,0.32020258357127507
2022-06-12,0.6215208333333333,0.001646318879700694,288.0,Virgen,0.3049513325095176,8.0,True,True,True,0.3165695008238157
2022-06-13,0.6163958333333333,0.0012252781807445775,288.0,Virgen,0.3026661314070225,8.0,True,True,True,0.3137297019263108
2022-06-14,0.6128784722222221,0.0008152435513428858,288.0,Virgen,0.3008681833744049,8.0,True,True,True,0.31201028884781723
2022-06-15,0.6101875,0.0007030917287911297,288.0,Virgen,0.29919606819748873,8.0,True,True,True,0.31099143180251126
2022-06-16,0.6075173611111111,0.0008989215265841532,288.0,Virgen,0.29709769412875175,8.0,True,True,True,0.31041966698235934
2022-06-17,0.6045381944444445,0.000874692302515893,288.0,Virgen,0.2963624708354473,8.0,True,True,True,0.30817572360899714
2022-06-18,0.6010347222222222,0.001371248798547722,288.0,Virgen,0.29572553932666773,8.0,True,True,True,0.3053091828955545
2022-06-19,0.5983263888888888,0.00046970761327300224,288.0,Virgen,0.29789307713508606,8.0,True,True,True,0.3004333117538027
2022-06-20,0.5980069444444445,8.318802662591232e-05,288.0,Virgen,0.2970137633383274,8.0,True,True,True,0.30099318110611706
2022-06-21,0.5972534722222221,0.0004591179536817701,288.0,Virgen,0.29460419714450836,8.0,True,True,True,0.3026492750777138
2022-06-22,0.5946319444444444,0.0006546167086396692,288.0,Virgen,0.2934158965945244,8.0,True,True,True,0.30121604784992007
2022-06-23,0.5979861111111111,0.006243029407486064,288.0,Virgen,0.2925550937652588,8.0,True,True,True,0.3054310173458523
2022-06-24,0.6473298611111111,0.021749737728759752,288.0,Virgen,0.2919644676148891,8.0,True,True,True,0.35536539349622204
2022-06-25,0.6577777777777778,0.010650248688885693,288.0,Virgen,0.2944224290549755,8.0,True,True,True,0.3633553487228023
2022-06-26,0.6459756944444445,0.0026244826011485975,288.0,Virgen,0.294823482632637,8.0,True,True,True,0.35115221181180745
2022-06-27,0.6352395833333334,0.002688515224337979,288.0,Virgen,0.2929992005228996,8.0,True,True,True,0.3422403828104338
2022-06-28,0.6254340277777778,0.0023778496769842,288.0,Virgen,0.2911669500172138,8.0,True,True,True,0.33426707776056397
2022-06-29,0.6177881944444444,0.0018384964515817846,288.0,Virgen,0.2889600098133087,8.0,True,True,True,0.3288281846311357
2022-06-30,0.6116041666666666,0.00098574332129146,288.0,Virgen,0.28725116699934,8.0,True,True,True,0.3243529996673266
2022-07-01,0.6096006944444444,0.0004906081737783837,288.0,Virgen,0.28583183512091637,8.0,True,True,True,0.32376885932352806
2022-07-02,0.6070625000000001,0.0010032612327034957,288.0,Virgen,0.2839676663279533,8.0,True,True,True,0.3230948336720468
2022-07-03,0.6204861111111111,0.02223927094758949,288.0,Virgen,0.28400416672229767,8.0,True,True,True,0.3364819443888134
2022-07-04,0.6974062499999999,0.002901080388683415,288.0,Virgen,0.2846519649028778,8.0,True,True,True,0.4127542850971221
2022-07-05,0.7015381944444443,0.0006235222561155611,288.0,Virgen,0.28417010977864265,8.0,True,True,True,0.41736808466580166
2022-07-06,0.6832916666666667,0.01581926448732227,288.0,Virgen,0.2837585657835006,8.0,True,True,True,0.3995331008831661
2022-07-07,0.653163763066202,0.0035208187699452024,287.0,Virgen,0.2827307619154453,8.0,True,True,True,0.3704330011507568
2022-07-08,0.6410520833333333,0.004081153569755378,288.0,Virgen,0.28106262162327766,8.0,True,True,True,0.35998946171005564
2022-07-09,0.6329340277777777,0.0008548825291222988,288.0,Virgen,0.2810987196862697,8.0,True,True,True,0.35183530809150804
2022-07-10,0.6301840277777777,0.0017779588655109095,288.0,Virgen,0.2826637998223305,8.0,True,True,True,0.34752022795544724
2022-07-11,0.623107638888889,0.0018756306204970256,288.0,Virgen,0.2847981639206409,8.0,True,True,True,0.3383094749682481
2022-07-12,0.6171875,0.0011009577711870013,288.0,Virgen,0.28442204371094704,8.0,True,True,True,0.33276545628905296
2022-07-13,0.6159131944444445,0.00028203998722541826,288.0,Virgen,0.2828156165778637,8.0,True,True,True,0.3330975778665808
2022-07-14,0.6146666666666667,0.00047222506888073065,288.0,Virgen,0.28153205290436745,8.0,True,True,True,0.33313461376229925
2022-07-15,0.6118402777777778,0.0011116312177975928,288.0,Virgen,0.28045304492115974,8.0,True,True,True,0.3313872328566181
2022-07-16,0.6093333333333333,0.0004722250688806029,288.0,Virgen,0.2803495563566685,8.0,True,True,True,0.3289837769766648
2022-07-17,0.6072500000000001,0.0007277477067903493,288.0,Virgen,0.27887063473463053,8.0,True,True,True,0.32837936526536954
2022-07-18,0.605,0.0,288.0,Virgen,0.27808575332164764,8.0,True,True,True,0.32691424667835234
2022-07-19,0.6043159722222222,0.0004657111297454264,288.0,Virgen,0.27711720764636993,8.0,True,True,True,0.3271987645758523
2022-07-20,0.6039965277777778,5.892556509887998e-05,288.0,Virgen,0.27631859481334686,8.0,True,True,True,0.32767793296443093
2022-07-21,0.6029097222222223,0.00029896906356313436,288.0,Virgen,0.27525681257247925,8.0,True,True,True,0.32765290964974303
2022-07-22,0.603,0.0,288.0,Virgen,0.2737155258655548,8.0,True,True,True,0.32928447413444517
2022-07-23,0.602892361111111,0.00031046326205952737,288.0,Virgen,0.27289406582713127,8.0,True,True,True,0.3299982952839797
2022-07-24,0.618826388888889,0.00773455963183534,288.0,Virgen,0.2721516899764538,8.0,True,True,True,0.3466746989124352
2022-07-25,0.6288715277777778,0.0011015455214429411,288.0,Virgen,0.2720138430595398,8.0,True,True,True,0.356857684718238
2022-07-26,0.6281458333333334,0.004761150491947136,288.0,Virgen,0.2765548303723335,8.0,True,True,True,0.3515910029609999
2022-07-27,0.6365868055555555,0.0008948748011843919,288.0,Virgen,0.28304674103856087,8.0,True,True,True,0.3535400645169946
2022-07-28,0.633,0.002607948183576705,288.0,Virgen,0.28296399489045143,8.0,True,True,True,0.3500360051095486
2022-07-29,0.6245868055555556,0.001941505092648074,288.0,Virgen,0.2804088816046715,8.0,True,True,True,0.3441779239508841
2022-07-30,0.6181076388888889,0.0017427432362832635,288.0,Virgen,0.2777644954621792,8.0,True,True,True,0.3403431434267097
2022-07-31,0.6122152777777777,0.0015079958522872963,288.0,Virgen,0.27568000927567476,8.0,True,True,True,0.33653526850210297
2022-08-01,0.6076527777777777,0.0012622608136176594,288.0,Virgen,0.27426160499453545,8.0,True,True,True,0.33339117278324226
2022-08-02,0.6034861111111112,0.0007874106208767414,288.0,Virgen,0.27327998727560043,8.0,True,True,True,0.33020612383551073
2022-08-03,0.6010763888888888,0.0006738506654433503,288.0,Virgen,0.2735969349741935,8.0,True,True,True,0.3274794539146953
2022-08-04,0.5990104166666667,0.00010170583392830388,288.0,Virgen,0.27196213230490685,8.0,True,True,True,0.3270482843617598
2022-08-05,0.6027465277777778,0.001943896485480611,288.0,Virgen,0.27061836048960686,8.0,True,True,True,0.33212816728817096
2022-08-06,0.6064409722222223,0.0004973677324140683,288.0,Virgen,0.27104969695210457,8.0,True,True,True,0.3353912752701177
2022-08-07,0.607,0.0,288.0,Virgen,0.27180875837802887,8.0,True,True,True,0.3351912416219711
2022-08-08,0.6054756944444444,0.0006929959729359686,288.0,Virgen,0.26958053931593895,8.0,True,True,True,0.33589515512850543
2022-08-09,0.6035555555555555,0.0004977689286309006,288.0,Virgen,0.26784946024417877,8.0,True,True,True,0.33570609531137674
2022-08-10,0.607173611111111,0.005125368838412665,288.0,Virgen,0.26714253798127174,8.0,True,True,True,0.34003107312983927
2022-08-11,0.6359270833333333,0.007847294469293711,288.0,Virgen,0.2686910219490528,8.0,True,True,True,0.36723606138428044
2022-08-12,0.6370590277777778,0.0029655375547735685,288.0,Virgen,0.2691161334514618,8.0,True,True,True,0.367942894326316
2022-08-13,0.6256840277777778,0.0029027480238246685,288.0,Virgen,0.2659775391221046,8.0,True,True,True,0.3597064886556732
2022-08-14,0.6172013888888889,0.0020721476717826827,288.0,Virgen,0.2633287236094475,8.0,True,True,True,0.3538726652794414
2022-08-15,0.6111215277777777,0.0015219034109486712,288.0,Virgen,0.26162296906113625,8.0,True,True,True,0.3494985587166415
2022-08-16,0.6067430555555555,0.0010608426587998714,288.0,Virgen,0.26035647466778755,8.0,True,True,True,0.34638658088776797
2022-08-17,0.6026111111111111,0.0015821791134988995,288.0,Virgen,0.25914397090673447,8.0,True,True,True,0.34346714020437663
2022-08-18,0.5995798611111112,0.0004944401488369292,288.0,Virgen,0.2584551535546779,8.0,True,True,True,0.34112470755643326
2022-08-19,0.5982951388888889,0.0009625626264877068,288.0,Virgen,0.2566210366785526,8.0,True,True,True,0.34167410221033623
2022-08-20,0.5959687499999999,0.00017429549581281288,288.0,Virgen,0.2564324401319027,8.0,True,True,True,0.33953630986809724
2022-08-21,0.6057534722222222,0.009148693577415238,288.0,Virgen,0.25677812844514847,8.0,True,True,True,0.34897534377707373
2022-08-22,0.6208159722222222,0.0003881813568115503,288.0,Virgen,0.2553965114057064,8.0,True,True,True,0.3654194608165158
2022-08-23,0.6192256944444444,0.0008681950139622076,288.0,Virgen,0.25347714126110077,8.0,True,True,True,0.36574855318334365
2022-08-24,0.6149479166666666,0.0013489171680028007,288.0,Virgen,0.251541718840599,8.0,True,True,True,0.3634061978260676
2022-08-25,0.6101631944444444,0.0013295487446869103,288.0,Virgen,0.2496777959167957,8.0,True,True,True,0.3604853985276487
2022-08-26,0.6063854166666666,0.0009810375471863174,288.0,Virgen,0.24816480651497838,8.0,True,True,True,0.35822061015168816
2022-08-27,0.6030243055555555,0.0009348645043544334,288.0,Virgen,0.24683578126132483,8.0,True,True,True,0.3561885242942307
2022-08-28,0.5996180555555556,0.001012097747532859,288.0,Virgen,0.24547944962978357,8.0,True,True,True,0.354138605925772
2022-08-29,0.5964444444444443,0.0008160222872012813,288.0,Virgen,0.24509040266275403,8.0,True,True,True,0.3513540417816903
2022-08-30,0.5973402777777778,0.0027841342293234393,288.0,Virgen,0.245624640956521,8.0,True,True,True,0.3517156368212567
2022-08-31,0.6148645833333333,0.003099802595715677,288.0,Virgen,0.24489541351795194,8.0,True,True,True,0.3699691698153813
2022-09-01,0.6176979166666666,0.00045996042096062105,288.0,Virgen,0.2435720860958099,8.0,True,True,True,0.3741258305708567
2022-09-02,0.6155208333333334,0.0008303372389058443,288.0,Virgen,0.24184342287480828,8.0,True,True,True,0.3736774104585251
2022-09-03,0.6120277777777778,0.0009140364546013544,288.0,Virgen,0.24007519148290152,8.0,True,True,True,0.3719525862948763
2022-09-04,0.6099895833333333,0.0001558247698057914,288.0,Virgen,0.2387615125626325,8.0,True,True,True,0.3712280707707008
2022-09-05,0.6118263888888889,0.0034364917308476314,288.0,Virgen,0.23776738718152043,8.0,True,True,True,0.3740590017073684
2022-09-06,0.6187881944444444,0.0004092989719884182,288.0,Virgen,0.23697850853204722,8.0,True,True,True,0.3818096859123972
2022-09-07,0.6157673611111112,0.0012317139052579163,288.0,Virgen,0.23527804948389525,8.0,True,True,True,0.38048931162721594
2022-09-08,0.6113055555555555,0.0012784887516874702,288.0,Virgen,0.2334148660302162,8.0,True,True,True,0.37789068952533933
2022-09-09,0.6069548611111111,0.0012074293747164992,288.0,Virgen,0.23166654258966443,8.0,True,True,True,0.3752883185214466
2022-09-10,0.6025868055555555,0.0011832599231287346,288.0,Virgen,0.23055381514132017,8.0,True,True,True,0.3720329904142354
2022-09-11,0.6002916666666667,0.0004920978345263758,288.0,Virgen,0.23061000928282732,8.0,True,True,True,0.36968165738383935
2022-09-12,0.5982604166666667,0.0006004317552252975,288.0,Virgen,0.22964981943368906,8.0,True,True,True,0.3686105972329777
2022-09-13,0.5955277777777778,0.0009695319783615434,288.0,Virgen,0.22828994505107397,8.0,True,True,True,0.3672378327267038
2022-09-14,0.5917534722222222,0.001149907628130325,288.0,Virgen,0.22635068185627458,8.0,True,True,True,0.3654027903659476
2022-09-15,0.5880034722222223,0.001024093935862213,288.0,Virgen,0.22480159811675543,8.0,True,True,True,0.36320187410546684
2022-09-16,0.5846076388888889,0.0007889992656965335,288.0,Virgen,0.22440927848219866,8.0,True,True,True,0.36019836040669023
2022-09-17,0.5818784722222222,0.0007342932029757333,288.0,Virgen,0.22565548494458193,8.0,True,True,True,0.3562229872776403
2022-09-18,0.5798576388888889,0.0005697459377691045,288.0,Virgen,0.22503025457262987,8.0,True,True,True,0.354827384316259
2022-09-19,0.5774270833333333,0.0009599447392633608,288.0,Virgen,0.22330418415367598,8.0,True,True,True,0.3541228991796573
2022-09-20,0.5745243055555556,0.0008791622974941331,288.0,Virgen,0.22186608053743836,8.0,True,True,True,0.35265822501811717
2022-09-21,0.5717812499999999,0.0008247452357140257,288.0,Virgen,0.2214382421225309,8.0,True,True,True,0.35034300787746897
2022-09-22,0.5753888888888888,0.010158061703714014,288.0,Virgen,0.22127385623753068,8.0,True,True,True,0.35411503265135813
2022-09-23,0.60346875,0.002664594778012539,288.0,Virgen,0.22180199995636937,8.0,True,True,True,0.3816667500436306
2022-09-24,0.6035486111111111,0.0009207621529556864,288.0,Virgen,0.2218108661472797,8.0,True,True,True,0.3817377449638314
2022-09-25,0.6009097222222222,0.0008129028677502396,288.0,Virgen,0.22236818075180048,8.0,True,True,True,0.3785415414704217
2022-09-26,0.5970381944444445,0.0015734954775304887,288.0,Virgen,0.22157680056989187,8.0,True,True,True,0.37546139387455263
2022-09-27,0.5937291666666666,0.0005928581923505154,288.0,Virgen,0.22013067640364165,8.0,True,True,True,0.373598490263025
2022-09-28,0.5909479166666666,0.0009072275605876976,288.0,Virgen,0.2182429544627666,8.0,True,True,True,0.3727049622039
2022-09-29,0.5879687499999999,0.0008194473152309091,288.0,Virgen,0.21690067276358602,8.0,True,True,True,0.3710680772364139
2022-09-30,0.5849201388888888,0.001310854170608319,288.0,Virgen,0.21668562851846215,8.0,True,True,True,0.36823451037042665
2022-10-01,0.5832743055555555,0.0004469402797105045,288.0,Virgen,0.21705760620534417,8.0,True,True,True,0.3662166993502113
2022-10-02,0.5839895833333333,0.00010170583392826236,288.0,Virgen,0.2165379170328378,8.0,True,True,True,0.36745166630049547
2022-10-03,0.5839374999999999,0.00024248280229259087,288.0,Virgen,0.21498367562890047,8.0,True,True,True,0.3689538243710994
2022-10-04,0.5828159722222223,0.0003881813568118329,288.0,Virgen,0.21403473801910874,8.0,True,True,True,0.3687812342031135
2022-10-05,0.5808194444444443,0.0011785113019777387,288.0,Virgen,0.2130085118114948,8.0,True,True,True,0.3678109326329495
2022-10-06,0.5779965156794424,0.0005640652756931116,287.0,Virgen,0.21305451169610018,8.0,True,True,True,0.36494200398334226
2022-10-07,0.57628125,0.0006889338073725843,288.0,Virgen,0.21432365849614138,8.0,True,True,True,0.3619575915038586
2022-10-08,0.5740069444444444,0.000553689277228786,288.0,Virgen,0.2135821375995874,8.0,True,True,True,0.360424806844857
2022-10-09,0.573,0.0,288.0,Virgen,0.21264864504337308,8.0,True,True,True,0.36035135495662685
2022-10-10,0.573,0.0,288.0,Virgen,0.2112989574670791,8.0,True,True,True,0.36170104253292085
2022-10-11,0.573,0.0,288.0,Virgen,0.20962365902960295,8.0,True,True,True,0.363376340970397
2022-10-12,0.5725625,0.0004969418673369709,288.0,Virgen,0.20842669159173963,8.0,True,True,True,0.3641358084082603
2022-10-13,0.5704583333333333,0.001081198199701616,288.0,Virgen,0.2075154315680265,8.0,True,True,True,0.3629429017653068
2022-10-14,0.5734166666666666,0.010061137154230416,288.0,Virgen,0.20761912316083903,8.0,True,True,True,0.36579754350582755
2022-10-15,0.6236597222222222,0.005976916332225989,288.0,Virgen,0.2128116469830274,8.0,True,True,True,0.4108480752391948
2022-10-16,0.62609375,0.0015711563353038914,288.0,Virgen,0.21213530935347075,8.0,True,True,True,0.41395844064652926
2022-10-17,0.6205104166666666,0.0015346959998146271,288.0,Virgen,0.21139731444418428,8.0,True,True,True,0.4091131022224823
2022-10-18,0.62015625,0.0037032656979034254,288.0,Virgen,0.2100806403905153,8.0,True,True,True,0.41007560960948464
2022-10-19,0.6452118055555556,0.006397429759677065,288.0,Virgen,0.2099453620612621,8.0,True,True,True,0.43526644349429344
2022-10-20,0.6417916666666668,0.0022566201485349205,288.0,Virgen,0.2107632495462894,8.0,True,True,True,0.43102841712037737
2022-10-21,0.6379340277777777,0.002765987123212272,288.0,Virgen,0.211289620026946,8.0,True,True,True,0.42664440775083173
2022-10-22,0.6314305555555556,0.002679520415193675,288.0,Virgen,0.21112525835633275,8.0,True,True,True,0.4203052971992228
2022-10-23,0.6232673611111111,0.0026361287702867803,288.0,Virgen,0.2106751538813114,8.0,True,True,True,0.4125922072297997
2022-10-24,0.619625,0.0012680748941931714,288.0,Virgen,0.21118910051882261,8.0,True,True,True,0.40843589948117737
2022-10-25,0.6190347222222222,0.0005462982101537866,288.0,Virgen,0.21361093223094937,8.0,True,True,True,0.4054237899912728
2022-10-26,0.6168993055555556,0.000863668258658684,288.0,Virgen,0.21367139182984823,8.0,True,True,True,0.4032279137257074
2022-10-27,0.6134791666666666,0.0011228929164180776,288.0,Virgen,0.21344412863254542,8.0,True,True,True,0.40003503803412116
2022-10-28,0.6105138888888889,0.0008262767429282214,288.0,Virgen,0.21228601597249502,8.0,True,True,True,0.3982278729163939
2022-10-29,0.6075520833333333,0.0008162520576406993,288.0,Virgen,0.21152856759726998,8.0,True,True,True,0.3960235157360633
2022-10-30,0.6047881944444444,0.0008265622124071833,288.0,Virgen,0.21025577187538144,8.0,True,True,True,0.39453242256906296
2022-10-31,0.6016493055555556,0.0010486092683164709,288.0,Virgen,0.2092138268053531,8.0,True,True,True,0.3924354787502025
2022-11-01,0.5980243055555555,0.0010406876932835133,288.0,Virgen,0.20950251817703244,8.0,True,True,True,0.38852178737852305
2022-11-02,0.5947847222222222,0.0008021156210975001,288.0,Virgen,0.20890359207987783,8.0,True,True,True,0.3858811301423444
2022-11-03,0.5924618055555555,0.000564883698403404,288.0,Virgen,0.20916989073157308,8.0,True,True,True,0.3832919148239824
2022-11-04,0.5903159722222222,0.0006526454549125379,288.0,Virgen,0.20844568684697148,8.0,True,True,True,0.3818702853752507
2022-11-05,0.5878854166666666,0.0007902250153676395,288.0,Virgen,0.20763406716287133,8.0,True,True,True,0.38025134950379524
2022-11-06,0.5852951388888888,0.0009589359565666457,288.0,Virgen,0.20744039863348002,8.0,True,True,True,0.3778547402554088
2022-11-07,0.5820381944444444,0.0011454802275059329,288.0,Virgen,0.2063005175441503,8.0,True,True,True,0.3757376769002941
2022-11-08,0.5783333333333334,0.001229713430825047,288.0,Virgen,0.20551308058202264,8.0,True,True,True,0.3728202527513107
2022-11-09,0.5751909722222223,0.0006845648374314351,288.0,Virgen,0.20538324676454064,8.0,True,True,True,0.3698077254576816
2022-11-10,0.5728159722222221,0.000816311342739133,288.0,Virgen,0.2049064766615629,8.0,True,True,True,0.3679094955606592
2022-11-11,0.5700277777777777,0.0008426310582167293,288.0,Virgen,0.2057223357260227,8.0,True,True,True,0.36430544205175497
2022-11-12,0.5671944444444443,0.0009967038204069909,288.0,Virgen,0.20571134798228738,8.0,True,True,True,0.3614830964621569
2022-11-13,0.5640243055555555,0.0010031828460888006,288.0,Virgen,0.20562451332807538,8.0,True,True,True,0.3583997922274801
2022-11-14,0.5605902777777778,0.0011770937721163849,288.0,Virgen,0.2046120800077915,8.0,True,True,True,0.3559781977699863
2022-11-15,0.5566458333333334,0.0010590163735479047,288.0,Virgen,0.2036713398993015,8.0,True,True,True,0.35297449343403187
2022-11-16,0.5543958333333334,0.0004898801673849653,288.0,Virgen,0.20357432775199408,8.0,True,True,True,0.35082150558133934
2022-11-17,0.5530729166666668,0.00026045223334372454,288.0,Virgen,0.20456015132367608,8.0,True,True,True,0.3485127653429907
2022-11-18,0.5536770833333333,0.000468405070536749,288.0,Virgen,0.20498486235737795,8.0,True,True,True,0.34869222097595537
2022-11-19,0.5545451388888889,0.0004988250810445225,288.0,Virgen,0.20396351814270017,8.0,True,True,True,0.3505816207461887
2022-11-20,0.555,0.0,288.0,Virgen,0.2031675092875957,8.0,True,True,True,0.35183249071240436
2022-11-21,0.5637152777777777,0.013494178997683764,288.0,Virgen,0.2035680767148733,8.0,True,True,True,0.36014720106290443
2022-11-22,0.5977152777777778,0.001275134450488311,288.0,Virgen,0.20491039380431172,8.0,True,True,True,0.392804883973466
2022-11-23,0.5976736111111111,0.00046970761327320206,288.0,Virgen,0.20414772070944304,8.0,True,True,True,0.393525890401668
2022-11-24,0.5960486111111112,0.0007771103546411823,288.0,Virgen,0.20317685045301911,8.0,True,True,True,0.39287176065809204
2022-11-25,0.5933958333333333,0.0004898801673851052,288.0,Virgen,0.20233290828764436,8.0,True,True,True,0.39106292504568896
2022-11-26,0.5915729166666667,0.0005797655118930881,288.0,Virgen,0.20171971619129178,8.0,True,True,True,0.38985320047537486
2022-11-27,0.5910069444444443,8.318802662587348e-05,288.0,Virgen,0.20203060843050477,8.0,True,True,True,0.38897633601393955
2022-11-28,0.591,0.0,288.0,Virgen,0.20213036797940728,8.0,True,True,True,0.38886963202059266
2022-11-29,0.5897013888888889,0.0005671600639449805,288.0,Virgen,0.20241125673055646,8.0,True,True,True,0.3872901321583324
2022-11-30,0.5878680555555555,0.0007941118482713757,288.0,Virgen,0.20325079187750816,8.0,True,True,True,0.3846172636780474
2022-12-01,0.5853854166666665,0.001009050939204624,288.0,Virgen,0.20277539640665052,8.0,True,True,True,0.382610020260016
2022-12-02,0.5822465277777777,0.0011468735379794206,288.0,Virgen,0.20135342143476007,8.0,True,True,True,0.38089310634301765
2022-12-03,0.5785208333333333,0.0012984512350317176,288.0,Virgen,0.2009720411151647,8.0,True,True,True,0.37754879221816856
2022-12-04,0.5756041666666667,0.0007055652341576986,288.0,Virgen,0.20033567212522027,8.0,True,True,True,0.3752684945414464
2022-12-05,0.5727395833333333,0.0010484246519760492,288.0,Virgen,0.199970006942749,8.0,True,True,True,0.3727695763905843
2022-12-06,0.5692916666666666,0.0011768676313003476,288.0,Virgen,0.19870779663324353,8.0,True,True,True,0.3705838700334231
2022-12-07,0.5655590277777777,0.0009276934188430324,288.0,Virgen,0.1982305776327848,8.0,True,True,True,0.3673284501449929
2022-12-08,0.5628333333333333,0.0007963330593811462,288.0,Virgen,0.19785381294786925,8.0,True,True,True,0.36497952038546405
2022-12-09,0.5601423611111112,0.0008496016579304776,288.0,Virgen,0.19764057919383043,8.0,True,True,True,0.3625017819172807
2022-12-10,0.5573888888888889,0.0008059976492571042,288.0,Virgen,0.19697603955864904,8.0,True,True,True,0.36041284933023987
2022-12-11,0.5546840277777778,0.0008098834771820606,288.0,Virgen,0.19680540263652796,8.0,True,True,True,0.35787862514124985
2022-12-12,0.5522847222222222,0.0007340707410628119,288.0,Virgen,0.19985533319413656,8.0,True,True,True,0.3524293890280857
2022-12-13,0.5497916666666667,0.0008981203755952435,288.0,Virgen,0.20015211962163446,8.0,True,True,True,0.3496395470450322
2022-12-14,0.5471111111111111,0.0007143244279095609,288.0,Virgen,0.20113832131028173,8.0,True,True,True,0.34597278980082935
2022-12-15,0.5451215277777778,0.0008023192161860308,288.0,Virgen,0.20132493972778315,8.0,True,True,True,0.34379658804999463
2022-12-16,0.5428159722222223,0.0008205686134625986,288.0,Virgen,0.20005750656127927,8.0,True,True,True,0.34275846566094303
2022-12-17,0.5404340277777778,0.0006749539351369428,288.0,Virgen,0.1999165806919336,8.0,True,True,True,0.3405174470858442
2022-12-18,0.5385451388888889,0.000498825081044439,288.0,Virgen,0.20105274766683573,8.0,True,True,True,0.33749239122205316
2022-12-19,0.5368576388888889,0.0004691277191547611,288.0,Virgen,0.2008429262787103,8.0,True,True,True,0.3360147126101786
2022-12-20,0.5355659722222222,0.0004964912699203528,288.0,Virgen,0.19980159588158128,8.0,True,True,True,0.33576437634064094
2022-12-21,0.5346458333333334,0.0004790924928703895,288.0,Virgen,0.2005042731761932,8.0,True,True,True,0.33414156015714014
2022-12-22,0.5330798611111112,0.0002715499097127148,288.0,Virgen,0.19983030110597608,8.0,True,True,True,0.33324956000513506
2022-12-23,0.5318958333333333,0.0006648858328552172,288.0,Virgen,0.19900129362940783,8.0,True,True,True,0.3328945397039255
2022-12-24,0.5301840277777778,0.0007633744264157076,288.0,Virgen,0.1989926807582378,8.0,True,True,True,0.33119134701954
2022-12-25,0.5303333333333334,0.002697269234622731,288.0,Virgen,0.19922236725687975,8.0,True,True,True,0.3311109660764537
2022-12-26,0.5343923611111111,0.0004891263435411994,288.0,Virgen,0.20044144243001935,8.0,True,True,True,0.3339509186810917
2022-12-27,0.5337534722222222,0.00043173956442575266,288.0,Virgen,0.20025287009775636,8.0,True,True,True,0.33350060212446586
2022-12-28,0.5327118055555556,0.0004537104523848036,288.0,Virgen,0.20044717006385324,8.0,True,True,True,0.3322646354917024
2022-12-29,0.532,0.0,288.0,Virgen,0.20014759711921212,8.0,True,True,True,0.3318524028807879
2022-12-30,0.5313784722222222,0.0006566373204853715,288.0,Virgen,0.20035723224282262,8.0,True,True,True,0.3310212399793996
2022-12-31,0.5529201388888889,0.023955472863627918,288.0,Virgen,0.20528150908648965,8.0,True,True,True,0.34763862980239923
2023-01-01,0.6068159722222223,0.011443125003812815,288.0,Virgen,0.21014125831425187,8.0,True,True,True,0.3966747139079704
2023-01-02,0.6243854166666667,0.0010562882057083879,288.0,Virgen,0.2159354425966739,8.0,True,True,True,0.4084499740699928
2023-01-03,0.6222638888888888,0.0015838299239593295,288.0,Virgen,0.21548514813184735,8.0,True,True,True,0.40677874075704146
2023-01-04,0.6171111111111112,0.0014679436949162383,288.0,Virgen,0.2145197000354528,8.0,True,True,True,0.4025914110756584
2023-01-05,0.6127013888888889,0.0011266790713291045,288.0,Virgen,0.2133897580206394,8.0,True,True,True,0.3993116308682495
2023-01-06,0.6092777777777778,0.0011503336552449598,288.0,Virgen,0.21507680788636205,8.0,True,True,True,0.39420096989141573
2023-01-07,0.6065763888888889,0.000647480898362236,288.0,Virgen,0.21502569690346715,8.0,True,True,True,0.3915506919854217
2023-01-08,0.6047638888888889,0.0008833426467197467,288.0,Virgen,0.21469603478908536,8.0,True,True,True,0.3900678540998035
2023-01-09,0.6059513888888888,0.002223817420096743,288.0,Virgen,0.2149374410510063,8.0,True,True,True,0.39101394783788246
2023-01-10,0.6204236111111111,0.011303898289137297,288.0,Virgen,0.2167716454714536,8.0,True,True,True,0.4036519656396575
2023-01-11,0.652892361111111,0.026793289450206193,288.0,Virgen,0.21943710744380948,8.0,True,True,True,0.43345525366730153
2023-01-12,0.64940625,0.0038587737712157057,288.0,Virgen,0.2216965705156326,8.0,True,True,True,0.42770967948436733
2023-01-13,0.6407430555555556,0.005712931145102463,288.0,Virgen,0.2289400082081556,8.0,True,True,True,0.4118030473473999
2023-01-14,0.6236736111111111,0.003235969147273652,288.0,Virgen,0.2303797081112861,8.0,True,True,True,0.393293902999825
2023-01-15,0.62334375,0.004229055277078375,288.0,Virgen,0.23375657014548773,8.0,True,True,True,0.38958717985451224
2023-01-16,0.6266770833333334,0.002745264373578425,288.0,Virgen,0.23704247921705243,8.0,True,True,True,0.3896346041162809
2023-01-17,0.6175763888888889,0.002470959866847181,288.0,Virgen,0.23670730553567407,8.0,True,True,True,0.3808690833532148
2023-01-18,0.6120729166666666,0.0010214916161924992,288.0,Virgen,0.23756176233291623,8.0,True,True,True,0.3745111543337504
2023-01-19,0.6126041666666667,0.005475595205741686,288.0,Virgen,0.23961015790700907,8.0,True,True,True,0.37299400875965766
2023-01-20,0.6241944444444445,0.0028864160475736023,288.0,Virgen,0.24144500307738778,8.0,True,True,True,0.3827494413670567
2023-01-21,0.6247847222222221,0.0022544209588833556,288.0,Virgen,0.24192219413816926,8.0,True,True,True,0.38286252808405286
2023-01-22,0.6176631944444444,0.0018100858172729049,288.0,Virgen,0.24081291817128653,8.0,True,True,True,0.37685027627315787
2023-01-23,0.6120590277777778,0.0014166709366606742,288.0,Virgen,0.23913364857435224,8.0,True,True,True,0.3729253792034255
2023-01-24,0.607736111111111,0.001246520515385432,288.0,Virgen,0.23783657513558862,8.0,True,True,True,0.3698995359755224
2023-01-25,0.6057256944444444,0.0004469402797104815,288.0,Virgen,0.23698534816503522,8.0,True,True,True,0.3687403462794091
2023-01-26,0.6038194444444445,0.0007527212215162642,288.0,Virgen,0.23615064844489095,8.0,True,True,True,0.3676687959995535
2023-01-27,0.60109375,0.0008843760965445248,288.0,Virgen,0.23516747914254663,8.0,True,True,True,0.36592627085745333
2023-01-28,0.5982569444444444,0.0010868009365328796,288.0,Virgen,0.2344378530979156,8.0,True,True,True,0.36381909134652884
2023-01-29,0.5949409722222222,0.001132350593597945,288.0,Virgen,0.2326381057500839,8.0,True,True,True,0.3623028664721383
2023-01-30,0.5910798611111111,0.0014376267639240373,288.0,Virgen,0.23221622407436368,8.0,True,True,True,0.3588636370367474
2023-01-31,0.599298611111111,0.016229443652505185,288.0,Virgen,0.23233626596629614,8.0,True,True,True,0.3669623451448149
2023-02-01,0.6278159722222223,0.0021029649947778674,288.0,Virgen,0.23372676223516461,8.0,True,True,True,0.39408920998705765
2023-02-02,0.6203472222222222,0.001990638174226591,288.0,Virgen,0.2348091714084148,8.0,True,True,True,0.3855380508138073
2023-02-03,0.6134722222222222,0.001917985457518764,288.0,Virgen,0.23338387534022328,8.0,True,True,True,0.3800883468819989
2023-02-04,0.6077777777777778,0.0013327524867215513,288.0,Virgen,0.23147181235253805,8.0,True,True,True,0.3763059654252397
2023-02-05,0.6033298611111111,0.000834080675341192,288.0,Virgen,0.23051862046122548,8.0,True,True,True,0.3728112406498856
2023-02-06,0.6006979166666667,0.000724674022595435,288.0,Virgen,0.22929017245769498,8.0,True,True,True,0.3714077442089717
2023-02-07,0.5991805555555555,0.0005098715801667415,288.0,Virgen,0.22869393229484555,8.0,True,True,True,0.3704866232607099
2023-02-08,0.5971284722222222,0.0006632370406182558,288.0,Virgen,0.22769528441131112,8.0,True,True,True,0.36943318781091106
2023-02-09,0.5950069444444445,0.00016681178351314924,288.0,Virgen,0.22690678201615808,8.0,True,True,True,0.36810016242828636
2023-02-10,0.5935833333333334,0.0004938647983246436,288.0,Virgen,0.2268469668924808,8.0,True,True,True,0.36673636644085256
2023-02-11,0.59209375,0.0005024981148230458,288.0,Virgen,0.2265360094606876,8.0,True,True,True,0.36555774053931234
2023-02-12,0.5903090277777777,0.0004628969820060938,288.0,Virgen,0.22630490921437738,8.0,True,True,True,0.3640041185634003
2023-02-13,0.5893472222222222,0.00047691582387112194,288.0,Virgen,0.22643995843827722,8.0,True,True,True,0.362907263783945
2023-02-14,0.589,0.0,288.0,Virgen,0.22638005204498762,8.0,True,True,True,0.36261994795501235
2023-02-15,0.5883159722222222,0.00046571112974532066,288.0,Virgen,0.22666621580719942,8.0,True,True,True,0.3616497564150228
2023-02-16,0.5870486111111111,0.00021542797889801622,288.0,Virgen,0.22851413860917089,8.0,True,True,True,0.35853447250194015
2023-02-17,0.5855763888888889,0.0006942256720824418,288.0,Virgen,0.23853733576834202,8.0,True,True,True,0.34703905312054684
2023-02-18,0.5837395833333333,0.0004396258703982159,288.0,Virgen,0.25457054004073143,8.0,True,True,True,0.3291690432926019
2023-02-19,0.5867465277777778,0.0020021734947445013,288.0,Virgen,0.2638588212430477,8.0,True,True,True,0.3228877065347301
2023-02-20,0.5904756944444444,0.0005002781843247089,288.0,Virgen,0.26465715095400805,8.0,True,True,True,0.3258185434904363
2023-02-21,0.5897604166666667,0.0004435709937326416,288.0,Virgen,0.27234868705272675,8.0,True,True,True,0.31741172961393993
2023-02-22,0.6020902777777777,0.014717508686712977,288.0,Virgen,0.281541433185339,8.0,True,True,True,0.3205488445924387
2023-02-23,0.6373993055555556,0.0012729836294880779,288.0,Virgen,0.2811945900321007,8.0,True,True,True,0.3562047155234549
2023-02-24,0.6296840277777778,0.0027813756703174023,288.0,Virgen,0.27993256598711014,8.0,True,True,True,0.34975146179066763
2023-02-25,0.6202777777777777,0.002479025447621667,288.0,Virgen,0.2802639082074165,8.0,True,True,True,0.3400138695703612
2023-02-26,0.6129618055555555,0.0017174852586347834,288.0,Virgen,0.28012625128030777,8.0,True,True,True,0.3328355542752477
2023-02-27,0.6079201388888889,0.0012454281472012232,288.0,Virgen,0.2785410992801189,8.0,True,True,True,0.32937903960876996
2023-02-28,0.6038020833333333,0.0010554632221166118,288.0,Virgen,0.2776200771331787,8.0,True,True,True,0.3261820062001546
2023-03-01,0.6013159722222222,0.0005669360396849345,288.0,Virgen,0.2767393849790096,8.0,True,True,True,0.32457658724321264
2023-03-02,0.5990104166666667,0.0007672947863752832,288.0,Virgen,0.27524352446198463,8.0,True,True,True,0.323766892204682
2023-03-03,0.5966631944444445,0.0007042179073373819,288.0,Virgen,0.2740640193223953,8.0,True,True,True,0.32259917512204916
2023-03-04,0.5941979166666667,0.0007459968659733825,288.0,Virgen,0.2729744277894497,8.0,True,True,True,0.32122348887721697
2023-03-05,0.5922222222222222,0.00041646336503620065,288.0,Virgen,0.27378910407423973,8.0,True,True,True,0.3184331181479825
2023-03-06,0.592,0.0,288.0,Virgen,0.27790985628962517,8.0,True,True,True,0.3140901437103748
2023-03-07,0.59253125,0.0013430927308357165,288.0,Virgen,0.28027071431279177,8.0,True,True,True,0.3122605356872082
2023-03-08,0.6112152777777777,0.006795328580348629,288.0,Virgen,0.28584599867463106,8.0,True,True,True,0.32536927910314667
2023-03-09,0.6217847222222223,0.003507410163493376,288.0,Virgen,0.28973969072103495,8.0,True,True,True,0.3320450315011873
2023-03-10,0.6278506944444444,0.0022388553735474734,288.0,Virgen,0.2962324880063533,8.0,True,True,True,0.3316182064380911
2023-03-11,0.6199479166666666,0.0021593478416053248,288.0,Virgen,0.2995108775794506,8.0,True,True,True,0.320437039087216
2023-03-12,0.6134583333333333,0.0015227656848675786,288.0,Virgen,0.3007642775774002,8.0,True,True,True,0.3126940557559331
2023-03-13,0.6090902777777778,0.0010387153312124428,288.0,Virgen,0.3019687719643116,8.0,True,True,True,0.3071215058134662
2023-03-14,0.6059861111111111,0.0007829730804788696,288.0,Virgen,0.31059007719159126,8.0,True,True,True,0.29539603391951985
2023-03-15,0.6036736111111112,0.0006283639628760928,288.0,Virgen,0.31407554820179934,8.0,True,True,True,0.28959806290931184
2023-03-16,0.601548611111111,0.000905498966236274,288.0,Virgen,0.3161795027554035,8.0,True,True,True,0.2853691083557075
2023-03-17,0.5986909722222222,0.0009173065552467646,288.0,Virgen,0.3138321675360202,8.0,True,True,True,0.284858804686202
2023-03-18,0.5986701388888889,0.0030907658323010424,288.0,Virgen,0.3136858455836773,8.0,True,True,True,0.2849842933052116
2023-03-19,0.6056979166666667,0.0005923988615365428,288.0,Virgen,0.3128389790654182,8.0,True,True,True,0.29285893760124854
2023-03-20,0.6047777777777777,0.0008947733985572394,288.0,Virgen,0.31090395525097847,8.0,True,True,True,0.2938738225267993
2023-03-21,0.6018368055555556,0.000901662925791012,288.0,Virgen,0.3085230216383934,8.0,True,True,True,0.29331378391716223
2023-03-22,0.5986319444444445,0.001077139894490652,288.0,Virgen,0.306931659579277,8.0,True,True,True,0.29170028486516747
2023-03-23,0.5948784722222222,0.0011787114676478768,288.0,Virgen,0.3052840679883957,8.0,True,True,True,0.28959440423382654
2023-03-24,0.5922291666666666,0.001940648083135789,288.0,Virgen,0.3061154745519161,8.0,True,True,True,0.28611369211475046
2023-03-25,0.6068090277777778,0.002563817199679101,288.0,Virgen,0.31263527646660805,8.0,True,True,True,0.29417375131116974
2023-03-26,0.6138923611111111,0.002459188270401958,288.0,Virgen,0.31199025735259056,8.0,True,True,True,0.30190210375852056
2023-03-27,0.6140555555555555,0.0008202810581283938,288.0,Virgen,0.3100062534213066,8.0,True,True,True,0.30404930213424886
2023-03-28,0.6118819444444444,0.0010559044393583094,288.0,Virgen,0.3087599202990532,8.0,True,True,True,0.30312202414539124
2023-03-29,0.6162361111111111,0.0005211366712485734,288.0,Virgen,0.30943276360630984,8.0,True,True,True,0.30680334750480126
2023-03-30,0.614625,0.0007908448267955245,288.0,Virgen,0.30911028012633324,8.0,True,True,True,0.30551471987366674
2023-03-31,0.61340625,0.0017644068502192618,288.0,Virgen,0.3100475072860718,8.0,True,True,True,0.30335874271392826
2023-04-01,0.6172881944444444,0.0006860477658096462,288.0,Virgen,0.3112640008330345,8.0,True,True,True,0.30602419361140987
2023-04-02,0.61621875,0.0007448282780364899,288.0,Virgen,0.30983275920152664,8.0,True,True,True,0.3063859907984734
2023-04-03,0.6179131944444445,0.00337485571306566,288.0,Virgen,0.3097026981413364,8.0,True,True,True,0.3082104963031081
2023-04-04,0.6269166666666667,0.004362494571345356,288.0,Virgen,0.31001611053943634,8.0,True,True,True,0.31690055612723034
2023-04-05,0.6289548611111111,0.002130264084039921,288.0,Virgen,0.3168684355914592,8.0,True,True,True,0.3120864255196519
2023-04-06,0.6230173611111112,0.0011459870818608206,288.0,Virgen,0.32385879755020136,8.0,True,True,True,0.2991585635609098
2023-04-07,0.6243784722222222,0.006923611705713477,288.0,Virgen,0.32955776527523994,8.0,True,True,True,0.29482070694698226
2023-04-08,0.6311944444444444,0.003096086723654223,288.0,Virgen,0.3269583396613598,8.0,True,True,True,0.3042361047830846
2023-04-09,0.6245590277777777,0.0034826581460561945,288.0,Virgen,0.3290104232728481,8.0,True,True,True,0.29554860450492965
2023-04-10,0.6162708333333333,0.0014469419874284077,288.0,Virgen,0.32632627338171005,8.0,True,True,True,0.28994455995162327
2023-04-11,0.6128819444444444,0.0008471845380448657,288.0,Virgen,0.32569899410009384,8.0,True,True,True,0.2871829503443506
2023-04-12,0.6116805555555556,0.0004670729938369514,288.0,Virgen,0.3232792653143406,8.0,True,True,True,0.28840129024121497
2023-04-13,0.6089513888888889,0.0007948427943628409,288.0,Virgen,0.32097115367650986,8.0,True,True,True,0.28798023521237903
2023-04-14,0.6062361111111111,0.0006518385802095568,288.0,Virgen,0.3222087100148201,8.0,True,True,True,0.284027401096291
2023-04-15,0.6041319444444444,0.0007808378219707542,288.0,Virgen,0.3251626007258892,8.0,True,True,True,0.2789693437185552
2023-04-16,0.6029270833333333,0.0007638814098814836,288.0,Virgen,0.325337465852499,8.0,True,True,True,0.2775896174808343
2023-04-17,0.60825,0.0018925859381022487,288.0,Virgen,0.3314939364790916,8.0,True,True,True,0.27675606352090837
2023-04-18,0.6127534722222222,0.00043173956442559003,288.0,Virgen,0.33269432187080383,8.0,True,True,True,0.2800591503514184
2023-04-19,0.6116180555555555,0.0011011335798465657,288.0,Virgen,0.3293791227042675,8.0,True,True,True,0.282238932851288
2023-04-20,0.6335763888888889,0.005433256556606893,288.0,Virgen,0.32812325283885,8.0,True,True,True,0.3054531360500389
2023-04-21,0.6318576388888889,0.002588612959446319,288.0,Virgen,0.3294439986348152,8.0,True,True,True,0.3024136402540737
2023-04-22,0.6308125,0.0035109956696545066,288.0,Virgen,0.33083178475499153,8.0,True,True,True,0.29998071524500847
2023-04-23,0.6272708333333333,0.0015059406173075893,288.0,Virgen,0.3342177011072635,8.0,True,True,True,0.2930531322260698
2023-04-24,0.6261840277777778,0.0026812333527517947,288.0,Virgen,0.3337826728820801,8.0,True,True,True,0.29240135489569774
2023-04-25,0.6192604166666666,0.0010248969524134165,288.0,Virgen,0.3367696106433868,8.0,True,True,True,0.28249080602327986
2023-04-26,0.6256319444444444,0.0076960975022054975,288.0,Virgen,0.3385530896484852,8.0,True,True,True,0.2870788547959592
2023-04-27,0.6348125,0.0020292933151431682,288.0,Virgen,0.33919021487236023,8.0,True,True,True,0.2956222851276398
2023-04-28,0.6317569444444444,0.0024840860117910997,288.0,Virgen,0.3369841836392879,8.0,True,True,True,0.2947727608051565
2023-04-29,0.62575,0.0009144599137183783,288.0,Virgen,0.33376603201031685,8.0,True,True,True,0.2919839679896832
2023-04-30,0.6201666666666666,0.0021736464008570195,288.0,Virgen,0.3310247138142586,8.0,True,True,True,0.28914195285240807
2023-05-01,0.6144756944444444,0.0010817295821454733,288.0,Virgen,0.3283517360687256,8.0,True,True,True,0.2861239583757188
2023-05-02,0.611,0.0010017406453557717,288.0,Virgen,0.32554714754223824,8.0,True,True,True,0.28545285245776175
2023-05-03,0.6079965277777778,0.0007941347005204165,288.0,Virgen,0.3228750303387642,8.0,True,True,True,0.2851214974390136
2023-05-04,0.6055798611111111,0.0005727955605293435,288.0,Virgen,0.32002004608511925,8.0,True,True,True,0.2855598150259918
2023-05-05,0.603375,0.000532890350293254,288.0,Virgen,0.31727077066898346,8.0,True,True,True,0.28610422933101654
2023-05-06,0.601486111111111,0.0005075885616222773,288.0,Virgen,0.3158634752035141,8.0,True,True,True,0.28562263590759696
2023-05-07,0.5995520833333333,0.0005637688940103352,288.0,Virgen,0.3139384388923645,8.0,True,True,True,0.2856136444409688
2023-05-08,0.5968020833333333,0.0009024140099178843,288.0,Virgen,0.31192686781287193,8.0,True,True,True,0.28487521552046136
2023-05-09,0.59346875,0.0008425090080060278,288.0,Virgen,0.31104507297277445,8.0,True,True,True,0.28242367702722554
2023-05-10,0.5913506944444444,0.00047801805219765926,288.0,Virgen,0.310618344694376,8.0,True,True,True,0.28073234975006844
2023-05-11,0.5902473867595818,0.00043224709679902796,287.0,Virgen,0.31014833226799965,8.0,True,True,True,0.2800990544915821
2023-05-12,0.5898993055555555,0.0003014475015752253,288.0,Virgen,0.3104348108172416,8.0,True,True,True,0.27946449473831386
2023-05-13,0.589,0.0,288.0,Virgen,0.3087170049548149,8.0,True,True,True,0.28028299504518506
2023-05-14,0.588579861111111,0.0004944401488372886,288.0,Virgen,0.3065829649567604,8.0,True,True,True,0.28199689615435064
2023-05-15,0.5879687499999999,0.00017429549581280234,288.0,Virgen,0.30465948209166527,8.0,True,True,True,0.28330926790833466
2023-05-16,0.5870104166666666,0.00010170583392827995,288.0,Virgen,0.30322643741965294,8.0,True,True,True,0.2837839792470137
2023-05-17,0.5857743055555555,0.0006634559006402985,288.0,Virgen,0.3014054447412491,8.0,True,True,True,0.28436886081430646
2023-05-18,0.5837013888888889,0.0007380156189492729,288.0,Virgen,0.2992365397512913,8.0,True,True,True,0.2844648491375976
2023-05-19,0.5816041666666666,0.001017058339283319,288.0,Virgen,0.2977110259234905,8.0,True,True,True,0.28389314074317606
2023-05-20,0.5791319444444444,0.0003390194464277051,288.0,Virgen,0.29844895377755165,8.0,True,True,True,0.28068299066689273
2023-05-21,0.5806319444444443,0.0014030654730418227,288.0,Virgen,0.3021556437015533,8.0,True,True,True,0.27847630074289104
2023-05-22,0.58684375,0.006661546197032,288.0,Virgen,0.30054036900401115,8.0,True,True,True,0.28630338099598884
2023-05-23,0.6263680555555555,0.004837061520201291,288.0,Virgen,0.30309250950813293,8.0,True,True,True,0.3232755460474226
2023-05-24,0.6257118055555556,0.0013526073171448486,288.0,Virgen,0.30973242223262787,8.0,True,True,True,0.31597938332292774
2023-05-25,0.6235,0.001875943432800143,288.0,Virgen,0.3085750453174114,8.0,True,True,True,0.31492495468258863
2023-05-26,0.6173125,0.001559365322514036,288.0,Virgen,0.30816565826535225,8.0,True,True,True,0.3091468417346478
2023-05-27,0.6126145833333333,0.0012071487845969069,288.0,Virgen,0.30833664536476135,8.0,True,True,True,0.30427793796857194
2023-05-28,0.6091423611111111,0.0009242441010596232,288.0,Virgen,0.3082795664668083,8.0,True,True,True,0.30086279464430277
2023-05-29,0.6063402777777778,0.0008064478350917511,288.0,Virgen,0.30853523313999176,8.0,True,True,True,0.297805044637786
2023-05-30,0.6038680555555556,0.0008409926752534664,288.0,Virgen,0.306522611528635,8.0,True,True,True,0.29734544402692054
2023-05-31,0.6004826388888889,0.0008950370214919661,288.0,Virgen,0.3047130815684795,8.0,True,True,True,0.2957695573204094
2023-06-01,0.599,0.0,288.0,Virgen,0.3041285611689091,8.0,True,True,True,0.2948714388310909
2023-06-02,0.5991145833333333,0.0003190728620381046,288.0,Virgen,0.3027637414634228,8.0,True,True,True,0.29635084186991056
2023-06-03,0.5994027777777777,0.0004913104774868181,288.0,Virgen,0.3025215081870556,8.0,True,True,True,0.29688126959072214
2023-06-04,0.5987430555555555,0.0004377090784081201,288.0,Virgen,0.30261441320180893,8.0,True,True,True,0.2961286423537466
2023-06-05,0.5972881944444445,0.00046132614896424103,288.0,Virgen,0.30252307280898094,8.0,True,True,True,0.29476512163546353
2023-06-06,0.5956354166666666,0.0006322316813907527,288.0,Virgen,0.30123650655150414,8.0,True,True,True,0.2943989101151625
2023-06-07,0.5949340277777777,0.0002486656219910774,288.0,Virgen,0.3018828444182873,8.0,True,True,True,0.29305118335949043
2023-06-08,0.5958263888888888,0.0007589637269534351,288.0,Virgen,0.30152676254510874,8.0,True,True,True,0.2942996263437801
2023-06-09,0.5998680555555556,0.001468586405951352,288.0,Virgen,0.29997534677386284,8.0,True,True,True,0.2998927087816927
2023-06-10,0.6031145833333333,0.0005938674695826438,288.0,Virgen,0.29874891042709345,8.0,True,True,True,0.3043656729062399
2023-06-11,0.6064479166666666,0.0007448282780365509,288.0,Virgen,0.29942668601870537,8.0,True,True,True,0.3070212306479613
2023-06-12,0.6067847222222222,0.00041173034110952595,288.0,Virgen,0.2986056245863437,8.0,True,True,True,0.30817909763587853
2023-06-13,0.6053819444444444,0.0005145483155432426,288.0,Virgen,0.2966244556009769,8.0,True,True,True,0.3087574888434675
2023-06-14,0.6032326388888889,0.00042324939495418904,288.0,Virgen,0.2945563420653343,8.0,True,True,True,0.3086762968235546
2023-06-15,0.6029374999999999,0.0006044982369428544,288.0,Virgen,0.29381899163126945,8.0,True,True,True,0.30911850836873045
2023-06-16,0.6154131944444444,0.004923041842141912,288.0,Virgen,0.2933614328503608,8.0,True,True,True,0.3220517615940836
2023-06-17,0.6189791666666666,0.0008004245389223153,288.0,Virgen,0.2924892306327819,8.0,True,True,True,0.3264899360338847
2023-06-18,0.6152465277777778,0.0012735537370591192,288.0,Virgen,0.29087566956877703,8.0,True,True,True,0.32437085820900075
2023-06-19,0.6108784722222222,0.0012335983564957702,288.0,Virgen,0.28885164111852646,8.0,True,True,True,0.3220268311036958
2023-06-20,0.6068020833333333,0.0011712567329560325,288.0,Virgen,0.2868158109486103,8.0,True,True,True,0.319986272384723
2023-06-21,0.6028576388888889,0.0012085110406391082,288.0,Virgen,0.28543731570243835,8.0,True,True,True,0.3174203231864505
2023-06-22,0.5991875,0.0010289790616957691,288.0,Virgen,0.2851015329360962,8.0,True,True,True,0.3140859670639038
2023-06-23,0.59634375,0.0007581582994129427,288.0,Virgen,0.28433565795421595,8.0,True,True,True,0.312008092045784
2023-06-24,0.5929652777777777,0.0008382260548838813,288.0,Virgen,0.28303108736872673,8.0,True,True,True,0.309934190409051
2023-06-25,0.5914236111111111,0.0004949903896736329,288.0,Virgen,0.2817259766161442,8.0,True,True,True,0.3096976344949669
2023-06-26,0.591,0.0,288.0,Virgen,0.28093018755316734,8.0,True,True,True,0.3100698124468326
2023-06-27,0.591,0.0,288.0,Virgen,0.28091952204704285,8.0,True,True,True,0.3100804779529571
2023-06-28,0.591,0.0,288.0,Virgen,0.27947134152054787,8.0,True,True,True,0.3115286584794521
2023-06-29,0.5897013888888889,0.0006143449088691905,288.0,Virgen,0.2770568057894706,8.0,True,True,True,0.3126445830994183
2023-06-30,0.589,0.0,288.0,Virgen,0.2769315876066685,8.0,True,True,True,0.3120684123933315
2023-07-01,0.589,0.0,288.0,Virgen,0.2760053798556328,8.0,True,True,True,0.3129946201443672
2023-07-02,0.58890625,0.0002919879597536354,288.0,Virgen,0.2738422341644764,8.0,True,True,True,0.31506401583552357
2023-07-03,0.5874722222222222,0.0005654937646270242,288.0,Virgen,0.27268826588988304,8.0,True,True,True,0.31478395633233913
2023-07-04,0.5850416666666667,0.0008502920178852769,288.0,Virgen,0.2711027227342129,8.0,True,True,True,0.3139389439324538
2023-07-05,0.5821805555555555,0.001120930286728403,288.0,Virgen,0.2699851430952549,8.0,True,True,True,0.3121954124603006
2023-07-06,0.5789513888888889,0.0007771103546413087,288.0,Virgen,0.26947339624166483,8.0,True,True,True,0.30947799264722403
2023-07-07,0.5762083333333332,0.0010451480731330633,288.0,Virgen,0.2684600241482258,8.0,True,True,True,0.3077483091851074
2023-07-08,0.5747812499999999,0.0009863506631326445,288.0,Virgen,0.27738309279084206,8.0,True,True,True,0.29739815720915785
2023-07-09,0.5804305555555556,0.0018084308087217601,288.0,Virgen,0.2828500419855118,8.0,True,True,True,0.2975805135700438
2023-07-10,0.5850590277777777,0.0009333102597943367,288.0,Virgen,0.2815089821815491,8.0,True,True,True,0.30355004559622867
2023-07-11,0.5871701388888888,0.0004443340334208558,288.0,Virgen,0.2790920361876488,8.0,True,True,True,0.30807810270124003
2023-07-12,0.5881701388888889,0.00037640882606024165,288.0,Virgen,0.2765849456191063,8.0,True,True,True,0.3115851932697826
2023-07-13,0.589,0.0,288.0,Virgen,0.2744414657354355,8.0,True,True,True,0.3145585342645645
2023-07-14,0.589,0.0,288.0,Virgen,0.27260174974799156,8.0,True,True,True,0.3163982502520084
2023-07-15,0.5886076388888888,0.0004891263435411908,288.0,Virgen,0.27391165122389793,8.0,True,True,True,0.31469598766499085
2023-07-16,0.5895381944444443,0.0005460656273531711,288.0,Virgen,0.2758946046233177,8.0,True,True,True,0.3136435898211266
2023-07-17,0.5915833333333333,0.0004938647983248008,288.0,Virgen,0.2742285393178463,8.0,True,True,True,0.31735479401548705
2023-07-18,0.5947326388888888,0.00218516792619228,288.0,Virgen,0.27317934855818743,8.0,True,True,True,0.3215532903307014
2023-07-19,0.6016979166666666,0.0011365311089770224,288.0,Virgen,0.2712719887495041,8.0,True,True,True,0.3304259279171625
2023-07-20,0.60753125,0.003684281873965313,288.0,Virgen,0.26914791762828827,8.0,True,True,True,0.3383833323717117
2023-07-21,0.6137916666666666,0.0008981203755949812,288.0,Virgen,0.2678023390471935,8.0,True,True,True,0.3459893276194731
2023-07-22,0.6144340277777778,0.0004964912699208235,288.0,Virgen,0.2664130739867687,8.0,True,True,True,0.34802095379100906
2023-07-23,0.6130555555555556,0.0007584853582731073,288.0,Virgen,0.2649907357990742,8.0,True,True,True,0.3480648197564814
2023-07-24,0.6105104166666666,0.0006933450453536474,288.0,Virgen,0.2634124122560024,8.0,True,True,True,0.3470980044106642
2023-07-25,0.6088715277777778,0.0006940426634851969,288.0,Virgen,0.26240982860326767,8.0,True,True,True,0.3464616991745101
2023-07-26,0.6063819444444445,0.0009370167485945344,288.0,Virgen,0.2605045214295387,8.0,True,True,True,0.34587742301490576
2023-07-27,0.6030104166666667,0.0009048239861943996,288.0,Virgen,0.25894710421562195,8.0,True,True,True,0.3440633124510447
2023-07-28,0.6003506944444443,0.000717088239996358,288.0,Virgen,0.25733406469225883,8.0,True,True,True,0.3430166297521855
2023-07-29,0.5983680555555555,0.00048311601506380205,288.0,Virgen,0.25645818188786507,8.0,True,True,True,0.34190987366769043
2023-07-30,0.59890625,0.00048124674757938615,288.0,Virgen,0.2552463747560978,8.0,True,True,True,0.3436598752439022
2023-07-31,0.6,0.0,288.0,Virgen,0.25286420062184334,8.0,True,True,True,0.34713579937815664
2023-08-01,0.5999652777777778,0.0001833940349302869,288.0,Virgen,0.2510632909834385,8.0,True,True,True,0.34890198679433926
2023-08-02,0.5990034722222223,5.8925565098861174e-05,288.0,Virgen,0.25126063823699946,8.0,True,True,True,0.3477428339852228
2023-08-03,0.5984895104895105,0.0005007661900351803,286.0,Virgen,0.24974028952419755,8.0,True,True,True,0.3487492209653129
2023-08-04,0.5974791666666666,0.0005004353505396181,288.0,Virgen,0.24868578091263768,8.0,True,True,True,0.34879338575402885
2023-08-05,0.5957708333333334,0.0006543209369275259,288.0,Virgen,0.24748124554753304,8.0,True,True,True,0.3482895877858003
2023-08-06,0.5943541666666666,0.00047909249287018935,288.0,Virgen,0.24580825865268702,8.0,True,True,True,0.3485459080139796
2023-08-07,0.593375,0.00048496560458515106,288.0,Virgen,0.24466349370777604,8.0,True,True,True,0.3487115062922239
2023-08-08,0.5920110294117646,0.0006790673867422424,272.0,Virgen,0.24383763410151002,8.0,True,True,True,0.3481733953102546
2023-08-09,0.59009375,0.0003755077862854769,288.0,Virgen,0.2430485878139734,8.0,True,True,True,0.34704516218602655
2023-08-10,0.5887083333333334,0.00045532084640479526,288.0,Virgen,0.24172523804008958,8.0,True,True,True,0.3469830952932438
2023-08-11,0.587392361111111,0.0004891263435410738,288.0,Virgen,0.2399525251239538,8.0,True,True,True,0.3474398359871572
2023-08-12,0.5856145833333333,0.00051533538350411,288.0,Virgen,0.23861387372016904,8.0,True,True,True,0.3470007096131642
2023-08-13,0.5840451388888889,0.0006636746884887578,288.0,Virgen,0.2376550734043121,8.0,True,True,True,0.34639006548457674
2023-08-14,0.5820868055555555,0.0008111373292712837,288.0,Virgen,0.23752319440245626,8.0,True,True,True,0.3445636111530992
2023-08-15,0.5806006944444444,0.0004906081737782304,288.0,Virgen,0.23665036447346208,8.0,True,True,True,0.3439503299709823
2023-08-16,0.5843611111111111,0.00158657745774437,288.0,Virgen,0.2340262401849031,8.0,True,True,True,0.350334870926208
2023-08-17,0.587642361111111,0.0004801393324358782,288.0,Virgen,0.23268376849591726,8.0,True,True,True,0.35495859261519375
2023-08-18,0.5871631944444444,0.0006448127543652668,288.0,Virgen,0.23182087019085879,8.0,True,True,True,0.35534232425358564
2023-08-19,0.5850138888888888,0.0008552857672783598,288.0,Virgen,0.23002312704920766,8.0,True,True,True,0.35499076183968115
2023-08-20,0.58221875,0.0009091458448715484,288.0,Virgen,0.2292014956474304,8.0,True,True,True,0.3530172543525696
2023-08-21,0.5842222222222222,0.0062752702449621525,288.0,Virgen,0.23202037438750264,8.0,True,True,True,0.35220184783471953
2023-08-22,0.6074548611111111,0.0042275903114269405,288.0,Virgen,0.23570838943123815,8.0,True,True,True,0.37174647167987296
2023-08-23,0.6209305555555555,0.001777336133682756,288.0,Virgen,0.23703158646821973,8.0,True,True,True,0.3838989690873358
2023-08-24,0.6172604166666666,0.0016159793850237991,288.0,Virgen,0.23426355794072148,8.0,True,True,True,0.38299685872594513
2023-08-25,0.6122395833333333,0.0013205277558644393,288.0,Virgen,0.23330568149685854,8.0,True,True,True,0.37893390183647474
2023-08-26,0.6081076388888889,0.0013141725373764985,288.0,Virgen,0.23301382921636102,8.0,True,True,True,0.3750938096725278
2023-08-27,0.6038645833333333,0.0012982415740792163,288.0,Virgen,0.2311333213001489,8.0,True,True,True,0.37273126203318435
2023-08-28,0.5993333333333334,0.0008594625984811653,288.0,Virgen,0.23258749581873414,8.0,True,True,True,0.3667458375145992
2023-08-29,0.5976493055555555,0.0004780180521975639,288.0,Virgen,0.23280430398881433,8.0,True,True,True,0.36484500156674116
2023-08-30,0.5959513888888889,0.000837532971828711,288.0,Virgen,0.23023820295929906,8.0,True,True,True,0.3657131859295898
2023-08-31,0.5928391608391608,0.001047304641752535,286.0,Virgen,0.22821315005421636,8.0,True,True,True,0.3646260107849444
2023-09-01,0.58996875,0.0008236883776975819,288.0,Virgen,0.22716868482530111,8.0,True,True,True,0.3628000651746989
2023-09-02,0.5864201388888888,0.001586268597768315,288.0,Virgen,0.2255712747573852,8.0,True,True,True,0.3608488641315036
2023-09-03,0.5822326388888889,0.000976042629239258,288.0,Virgen,0.22526392526924607,8.0,True,True,True,0.3569687136196428
2023-09-04,0.5794340277777777,0.000827966165583671,288.0,Virgen,0.22418552637100217,8.0,True,True,True,0.35524850140677555
2023-09-05,0.5763819444444445,0.0009220226801370758,288.0,Virgen,0.22320756316184992,8.0,True,True,True,0.35317438128259454
2023-09-06,0.5743125,0.0005657932053493532,288.0,Virgen,0.22116108611226076,8.0,True,True,True,0.35315141388773924
2023-09-07,0.5719618055555555,0.0009002126367298785,288.0,Virgen,0.21944357268512246,8.0,True,True,True,0.35251823287043305
2023-09-08,0.5687118055555556,0.0011462404249917453,288.0,Virgen,0.21753252111375326,8.0,True,True,True,0.3511792844418023
2023-09-09,0.5653541666666666,0.0012351910233285236,288.0,Virgen,0.21640132926404473,8.0,True,True,True,0.34895283740262184
2023-09-10,0.5620208333333333,0.0008219018482056007,288.0,Virgen,0.21507872268557546,8.0,True,True,True,0.3469421106477578
2023-09-11,0.5594513888888889,0.0008164669456416417,288.0,Virgen,0.21516837738454336,8.0,True,True,True,0.34428301150434554
2023-09-12,0.5565243055555557,0.0012657782736393785,288.0,Virgen,0.21417150832712645,8.0,True,True,True,0.3423527972284292
2023-09-13,0.5524722222222223,0.0013483475210615682,288.0,Virgen,0.213169889524579,8.0,True,True,True,0.33930233269764326
2023-09-14,0.5486979166666667,0.001163795829046953,288.0,Virgen,0.2121501117944717,8.0,True,True,True,0.33654780487219493
2023-09-15,0.5454548611111112,0.000588546886058001,288.0,Virgen,0.21150873973965642,8.0,True,True,True,0.33394612137145474
2023-09-16,0.5432361111111111,0.0008429755751885525,288.0,Virgen,0.21088458225131032,8.0,True,True,True,0.3323515288598008
2023-09-17,0.540375,0.0012204700071395689,288.0,Virgen,0.20972140133380887,8.0,True,True,True,0.33065359866619115
2023-09-18,0.5370590277777778,0.0008263865505518177,288.0,Virgen,0.20831519924104208,8.0,True,True,True,0.3287438285367357
2023-09-19,0.5341944444444445,0.0009279085754689266,288.0,Virgen,0.2074102815240621,8.0,True,True,True,0.3267841629203824
2023-09-20,0.5315555555555557,0.0011092124699637646,288.0,Virgen,0.20660245604813096,8.0,True,True,True,0.3249530995074247
2023-09-21,0.5285243055555555,0.001015266500278999,288.0,Virgen,0.20728159137070173,8.0,True,True,True,0.3212427141848538
2023-09-22,0.5256423611111112,0.0010226753096683442,288.0,Virgen,0.2062453534454107,8.0,True,True,True,0.31939700766570045
2023-09-23,0.5227326388888889,0.0007840153825122356,288.0,Virgen,0.2046767324209213,8.0,True,True,True,0.31805590646796755
2023-09-24,0.5206736111111111,0.0007860265806708247,288.0,Virgen,0.2033814191818237,8.0,True,True,True,0.31729219192928737
2023-09-25,0.5182743055555555,0.0007116008872160896,288.0,Virgen,0.20283109508454797,8.0,True,True,True,0.31544321047100754
2023-09-26,0.5154201388888889,0.0013565728421699153,288.0,Virgen,0.20374657586216924,8.0,True,True,True,0.31167356302671967
2023-09-27,0.5113541666666667,0.001500145172998063,288.0,Virgen,0.20373298600316045,8.0,True,True,True,0.3076211806635062
2023-09-28,0.5069236111111111,0.0015350940504440266,288.0,Virgen,0.20308597385883326,8.0,True,True,True,0.3038376372522778
2023-09-29,0.5030034722222223,0.001439846739542672,288.0,Virgen,0.20270677842199797,8.0,True,True,True,0.30029669380022433
2023-09-30,0.4994756944444444,0.0009367261937511622,288.0,Virgen,0.20085061155259604,8.0,True,True,True,0.29862508289184836
2023-10-01,0.4967430555555556,0.0010673914131931164,288.0,Virgen,0.19981130398809907,8.0,True,True,True,0.29693175156745655
2023-10-02,0.4934305555555556,0.0013597129117860693,288.0,Virgen,0.19907793961465353,8.0,True,True,True,0.29435261594090206
2023-10-03,0.48921180555555555,0.0015817776145809364,288.0,Virgen,0.19842909649014467,8.0,True,True,True,0.29078270906541087
2023-10-04,0.48451388888888886,0.0018231424076255208,288.0,Virgen,0.19753533229231832,8.0,True,True,True,0.28697855659657057
2023-10-05,0.4793090277777778,0.0018265335571684656,288.0,Virgen,0.19731534644961354,8.0,True,True,True,0.28199368132816427
2023-10-06,0.47396180555555556,0.0019952730386202495,288.0,Virgen,0.1969855539500713,8.0,True,True,True,0.2769762516054842
2023-10-07,0.46818402777777773,0.0023457623797143857,288.0,Virgen,0.19667736813426012,8.0,True,True,True,0.2715066596435176
2023-10-08,0.4622256944444445,0.0017946201650967818,288.0,Virgen,0.19510190747678277,8.0,True,True,True,0.2671237869676617
2023-10-09,0.4577430555555556,0.0017698462610759,288.0,Virgen,0.1948858145624399,8.0,True,True,True,0.2628572409931157
2023-10-10,0.4539236111111112,0.0008396105046138781,288.0,Virgen,0.19507858902215955,8.0,True,True,True,0.25884502208895166
2023-10-11,0.4514548611111111,0.0012317139052579786,288.0,Virgen,0.19537485204637048,8.0,True,True,True,0.2560800090647406
2023-10-12,0.4473680555555556,0.0019886315494357524,288.0,Virgen,0.19494666531682012,8.0,True,True,True,0.25242139023873544
2023-10-13,0.45437500000000003,0.025384808483464416,288.0,Virgen,0.19454837217926974,8.0,True,True,True,0.2598266278207303
2023-10-14,0.5006909722222223,0.0036955083989556694,288.0,Virgen,0.19453128427267072,8.0,True,True,True,0.3061596879495515
2023-10-15,0.49328125,0.0014243022009328002,288.0,Virgen,0.19545696116983888,8.0,True,True,True,0.2978242888301611
2023-10-16,0.48970833333333336,0.001109823101702819,288.0,Virgen,0.19371026940643785,8.0,True,True,True,0.29599806392689554
2023-10-17,0.4864548611111111,0.001203092986121961,288.0,Virgen,0.1925845500081777,8.0,True,True,True,0.2938703111029334
2023-10-18,0.48312499999999997,0.0009654303440067499,288.0,Virgen,0.19168584607541558,8.0,True,True,True,0.2914391539245844
2023-10-19,0.48034027777777777,0.0009675083443764713,288.0,Virgen,0.1901658475399017,8.0,True,True,True,0.29017443023787604
2023-10-20,0.47756944444444444,0.001130217072534748,288.0,Virgen,0.18949585966765875,8.0,True,True,True,0.2880735847767857
2023-10-21,0.4751909722222222,0.0006896358878149346,288.0,Virgen,0.1892007831484079,8.0,True,True,True,0.28599018907381424
2023-10-22,0.4732986111111111,0.0007427218153039087,288.0,Virgen,0.18901734426617617,8.0,True,True,True,0.28428126684493493
2023-10-23,0.47097916666666667,0.0009104025223014212,288.0,Virgen,0.18912986107170576,8.0,True,True,True,0.2818493055949609
2023-10-24,0.4692395833333333,0.0022026818860854764,288.0,Virgen,0.18877995945513243,8.0,True,True,True,0.2804596238782009
2023-10-25,0.4735381944444444,0.0004994068297208053,288.0,Virgen,0.18811650760471815,8.0,True,True,True,0.28542168683972624
2023-10-26,0.4728710801393728,0.0008283228593304842,287.0,Virgen,0.1879415977746248,8.0,True,True,True,0.284929482364748
2023-10-27,0.47161111111111104,0.0004883465826889255,288.0,Virgen,0.18744618259370324,8.0,True,True,True,0.2841649285174078
2023-10-28,0.4704479166666667,0.0005319700746082938,288.0,Virgen,0.18723475560545916,8.0,True,True,True,0.28321316106120753
2023-10-29,0.46859375000000003,0.0004919871885814503,288.0,Virgen,0.1877200715243816,8.0,True,True,True,0.2808736784756184
2023-10-30,0.4668541666666667,0.000966106810522385,288.0,Virgen,0.18853122927248472,8.0,True,True,True,0.27832293739418196
2023-10-31,0.4641909722222223,0.0010300308303254197,288.0,Virgen,0.189889146015048,8.0,True,True,True,0.27430182620717425
2023-11-01,0.4608784722222222,0.0013573217733603197,288.0,Virgen,0.18973227031528947,8.0,True,True,True,0.2711462019069327
2023-11-02,0.45698263888888896,0.0016239852843050147,288.0,Virgen,0.18895270116627214,8.0,True,True,True,0.26802993772261685
2023-11-03,0.4520034722222222,0.0018990154498233216,288.0,Virgen,0.1880338545888662,8.0,True,True,True,0.263969617633356
2023-11-04,0.44715625000000003,0.001722942898057087,288.0,Virgen,0.18693565763533113,8.0,True,True,True,0.2602205923646689
2023-11-05,0.44216319444444446,0.0017603154028355598,288.0,Virgen,0.1870389804244041,8.0,True,True,True,0.2551242140200404
2023-11-06,0.43771180555555556,0.0012397030400723998,288.0,Virgen,0.18832192756235597,8.0,True,True,True,0.2493898779931996
2023-11-07,0.4346388888888889,0.0012189623227998173,288.0,Virgen,0.18774302862584588,8.0,True,True,True,0.24689586026304303
2023-11-08,0.43097569444444445,0.0015082004195773866,288.0,Virgen,0.1870802193880081,8.0,True,True,True,0.24389547505643636
2023-11-09,0.4273854166666667,0.0008956315779073536,288.0,Virgen,0.18637364916503424,8.0,True,True,True,0.24101176750163245
2023-11-10,0.4247534722222222,0.000676887032653788,288.0,Virgen,0.1853108257055282,8.0,True,True,True,0.239442646516694
2023-11-11,0.4223159722222222,0.0009111132061862584,288.0,Virgen,0.1848342232406139,8.0,True,True,True,0.23748174898160831
2023-11-12,0.4194722222222222,0.0014237627158352945,288.0,Virgen,0.18420494534075257,8.0,True,True,True,0.23526727688146962
2023-11-13,0.41539583333333335,0.0016217972995526114,288.0,Virgen,0.18350873887538904,8.0,True,True,True,0.2318870944579443
2023-11-14,0.41090277777777773,0.0014009426614565313,288.0,Virgen,0.18346330709755418,8.0,True,True,True,0.22743947068022355
2023-11-15,0.40687847222222223,0.0011487707834089208,288.0,Virgen,0.18381211534142491,8.0,True,True,True,0.22306635688079732
2023-11-16,0.40423611111111113,0.0008470988498863246,288.0,Virgen,0.1884600035846233,8.0,True,True,True,0.21577610752648782
2023-11-17,0.4015943060498221,0.0013754880817884172,281.0,Virgen,0.18763355351984495,8.0,True,True,True,0.21396075252997715
2023-11-18,0.39804513888888887,0.001537468386626567,288.0,Virgen,0.1870315335690975,8.0,True,True,True,0.21101360531979138
2023-11-19,0.3935555555555556,0.002109470193827028,288.0,Virgen,0.18660232238471505,8.0,True,True,True,0.20695323317084055
2023-11-20,0.3888506944444445,0.0012018856571201352,288.0,Virgen,0.1881527993828058,8.0,True,True,True,0.20069789506163868
2023-11-21,0.38553472222222224,0.0012981530403996457,288.0,Virgen,0.1924269516021013,8.0,True,True,True,0.19310777062012094
2023-11-22,0.38205555555555554,0.0009538316477417864,288.0,Virgen,0.19205364957451818,8.0,True,True,True,0.19000190598103736
2023-11-23,0.39618055555555554,0.0193522825555127,288.0,Virgen,0.19129890389740464,8.0,True,True,True,0.2048816516581509
2023-11-24,0.4267465277777778,0.015001335193511201,288.0,Virgen,0.1950669828802347,8.0,True,True,True,0.23167954489754308
2023-11-25,0.44687499999999997,0.0029570090360064825,288.0,Virgen,0.19512066803872583,8.0,True,True,True,0.25175433196127417
2023-11-26,0.44012152777777774,0.0017176543114726904,288.0,Virgen,0.19627436250448224,8.0,True,True,True,0.2438471652732955
2023-11-27,0.43380902777777774,0.002002173494744794,288.0,Virgen,0.19490855745971197,8.0,True,True,True,0.23890047031806577
2023-11-28,0.4281875,0.0014140595673204463,288.0,Virgen,0.1936536338180303,8.0,True,True,True,0.2345338661819697
2023-11-29,0.42427777777777775,0.0011102590616133374,288.0,Virgen,0.19274725764989847,8.0,True,True,True,0.23153052012787928
2023-11-30,0.42061458333333335,0.001201362104414597,288.0,Virgen,0.19221170060336584,8.0,True,True,True,0.2284028827299675
2023-12-01,0.4171284722222222,0.0010056400665628693,288.0,Virgen,0.19142383523285383,8.0,True,True,True,0.22570463698936838
2023-12-02,0.41359027777777774,0.0012149658772366053,288.0,Virgen,0.19104424491524694,8.0,True,True,True,0.2225460328625308
2023-12-03,0.40965277777777775,0.0016478026523546446,288.0,Virgen,0.19066072441637513,8.0,True,True,True,0.21899205336140262
2023-12-04,0.4050972222222222,0.0016456867684926408,288.0,Virgen,0.18980814330279824,8.0,True,True,True,0.21528907891942398
2023-12-05,0.4002430555555556,0.001492123467711588,288.0,Virgen,0.1886288337409496,8.0,True,True,True,0.211614221814606
2023-12-06,0.39707986111111115,0.0006603852598627682,288.0,Virgen,0.1876954827457666,8.0,True,True,True,0.20938437836534454
2023-12-07,0.3953588850174216,0.0006146089870906231,287.0,Virgen,0.18788732774555678,8.0,True,True,True,0.20747155727186484
2023-12-08,0.3935798611111111,0.0004944401488370797,288.0,Virgen,0.18743410333991048,8.0,True,True,True,0.20614575777120062
2023-12-09,0.3918506944444445,0.0007291345189528476,288.0,Virgen,0.1865469235926866,8.0,True,True,True,0.20530377085175788
2023-12-10,0.3899548611111111,0.0008602997501367043,288.0,Virgen,0.18625330924987787,8.0,True,True,True,0.20370155186123323
2023-12-11,0.38809722222222226,0.0008248699143090793,288.0,Virgen,0.18586450815200803,8.0,True,True,True,0.20223271407021423
2023-12-12,0.3860138888888889,0.0009553525070350845,288.0,Virgen,0.18513577617704866,8.0,True,True,True,0.20087811271184022
2023-12-13,0.3831701388888889,0.0008847590558533086,288.0,Virgen,0.18460533581674093,8.0,True,True,True,0.19856480307214797
2023-12-14,0.38019097222222226,0.0014845270810186543,288.0,Virgen,0.1846589911729097,8.0,True,True,True,0.19553198104931255
2023-12-15,0.41961458333333335,0.02885034186296174,288.0,Virgen,0.18457837775349614,8.0,True,True,True,0.2350362055798372
2023-12-16,0.5049791666666666,0.01995062502841415,288.0,Virgen,0.18702282197773454,8.0,True,True,True,0.3179563446889321
2023-12-17,0.5616458333333333,0.032327261394499415,288.0,Virgen,0.19174254126846788,8.0,True,True,True,0.3699032920648654
2023-12-18,0.5944895833333333,0.004027764594742577,288.0,Virgen,0.19642730057239527,8.0,True,True,True,0.3980622827609381
2023-12-19,0.5825243055555556,0.0026198318037290586,288.0,Virgen,0.2020065132528543,8.0,True,True,True,0.3805177923027013
2023-12-20,0.5814270833333333,0.007327212595870756,288.0,Virgen,0.20078611746430391,8.0,True,True,True,0.38064096586902935
2023-12-21,0.5935729166666666,0.0030457995008376267,288.0,Virgen,0.2030958868563175,8.0,True,True,True,0.39047702981034904
2023-12-22,0.5825381944444444,0.002375528447433691,288.0,Virgen,0.20277475751936433,8.0,True,True,True,0.3797634369250801
2023-12-23,0.577923611111111,0.0011173628803688828,288.0,Virgen,0.20213788188993928,8.0,True,True,True,0.3757857292211717
2023-12-24,0.5739340277777777,0.0013063054369848938,288.0,Virgen,0.2030408605933189,8.0,True,True,True,0.37089316718445875
2023-12-25,0.5697430555555555,0.0012999411821471918,288.0,Virgen,0.2029509041458368,8.0,True,True,True,0.36679215140971866
2023-12-26,0.5669618055555555,0.003730736754129155,288.0,Virgen,0.203135659918189,8.0,True,True,True,0.36382614563736654
2023-12-27,0.6400381944444444,0.036044329069253596,288.0,Virgen,0.2090974655002355,8.0,True,True,True,0.43094072894420893
2023-12-28,0.6586458333333334,0.027298573369572338,288.0,Virgen,0.22048854455351827,8.0,True,True,True,0.4381572887798151
2023-12-29,0.6618159722222222,0.023645262103800288,288.0,Virgen,0.22789381444454188,8.0,True,True,True,0.43392215777768034
2023-12-30,0.6343194444444444,0.008661382736595462,288.0,Virgen,0.22965082526206965,8.0,True,True,True,0.4046686191823748
2023-12-31,0.6126805555555556,0.0033058975445864093,288.0,Virgen,0.232109285891056,8.0,True,True,True,0.38057126966449956
2024-01-01,0.6091701388888889,0.005036681887966811,288.0,Virgen,0.24111708067357537,8.0,True,True,True,0.36805305821531353
2024-01-02,0.6189652777777778,0.007711625862406329,288.0,Virgen,0.2526103481650352,8.0,True,True,True,0.3663549296127426
2024-01-03,0.6105902777777777,0.006275235541972482,288.0,Virgen,0.25803159922361374,8.0,True,True,True,0.352558678554164
2024-01-04,0.5959687499999999,0.002325977184029866,288.0,Virgen,0.25884300842881197,8.0,True,True,True,0.33712574157118796
2024-01-05,0.5933263888888889,0.0013269118012805823,288.0,Virgen,0.26024021208286285,8.0,True,True,True,0.33308617680602604
2024-01-06,0.5941006944444445,0.0007832743324209957,288.0,Virgen,0.2581756599247455,8.0,True,True,True,0.33592503451969896
2024-01-07,0.5894826388888889,0.0017228867219294982,288.0,Virgen,0.2563931941986084,8.0,True,True,True,0.33308944469028046
2024-01-08,0.5841944444444445,0.001264788631597064,288.0,Virgen,0.25414426997303957,8.0,True,True,True,0.3300501744714049
2024-01-09,0.5803645833333333,0.0009081872092078353,288.0,Virgen,0.2529725357890129,8.0,True,True,True,0.3273920475443204
2024-01-10,0.5773298611111111,0.0010046289977657062,288.0,Virgen,0.25181832909584045,8.0,True,True,True,0.3255115320152706
2024-01-11,0.5738402777777778,0.001099022019762437,288.0,Virgen,0.252169705927372,8.0,True,True,True,0.3216705718504058
2024-01-12,0.5719583333333333,0.0003709860671519984,288.0,Virgen,0.2591518610715866,8.0,True,True,True,0.31280647226174674
2024-01-13,0.5771875,0.0015413860905494345,288.0,Virgen,0.26801555231213564,8.0,True,True,True,0.3091719476878643
2024-01-14,0.5844201388888889,0.0038464260955939035,288.0,Virgen,0.2718341387808323,8.0,True,True,True,0.3125860001080566
2024-01-15,0.5854097222222222,0.0009363967892729203,288.0,Virgen,0.271717082709074,8.0,True,True,True,0.3136926395131482
2024-01-16,0.582923611111111,0.0005671600639447921,288.0,Virgen,0.26979362592101097,8.0,True,True,True,0.31312998519010005
2024-01-17,0.6006388888888888,0.009868904539507364,288.0,Virgen,0.26850521937012667,8.0,True,True,True,0.33213366951876216
2024-01-18,0.6055208333333333,0.002766068040410663,288.0,Virgen,0.2681628242135048,8.0,True,True,True,0.3373580091198285
2024-01-19,0.5966180555555556,0.002301329801233306,288.0,Virgen,0.26692084223032,8.0,True,True,True,0.3296972133252356
2024-01-20,0.5931979166666665,0.0023785618806771375,288.0,Virgen,0.26537565886974335,8.0,True,True,True,0.3278222577969232
2024-01-21,0.5960902777777778,0.0006067356471866325,288.0,Virgen,0.2643622122704983,8.0,True,True,True,0.3317280655072795
2024-01-22,0.592375,0.001547730720530586,288.0,Virgen,0.26275580748915667,8.0,True,True,True,0.3296191925108433
2024-01-23,0.5871076388888888,0.0016053733752689119,288.0,Virgen,0.260425191372633,8.0,True,True,True,0.32668244751625586
2024-01-24,0.5818749999999999,0.001611695062848313,288.0,Virgen,0.25850371643900866,8.0,True,True,True,0.32337128356099126
2024-01-25,0.5767326388888888,0.0016213011448353918,288.0,Virgen,0.2574019469320774,8.0,True,True,True,0.3193306919568114
2024-01-26,0.5720520833333332,0.0015349797692431398,288.0,Virgen,0.2555325888097286,8.0,True,True,True,0.3165194945236046
2024-01-27,0.56728125,0.0015395129665631729,288.0,Virgen,0.2544778101146221,8.0,True,True,True,0.31280343988537784
2024-01-28,0.5628888888888889,0.0011841644526945977,288.0,Virgen,0.25383834168314934,8.0,True,True,True,0.30905054720573955
2024-01-29,0.5588958333333334,0.0014989833953422433,288.0,Virgen,0.2518850527703762,8.0,True,True,True,0.30701078056295716
2024-01-30,0.5542777777777778,0.001673505134371061,288.0,Virgen,0.25041914731264114,8.0,True,True,True,0.3038586304651366
2024-01-31,0.549888888888889,0.0011929590832762316,288.0,Virgen,0.25029187835752964,8.0,True,True,True,0.29959701053135934
2024-02-01,0.54615625,0.0012154188707432653,288.0,Virgen,0.2533855065703392,8.0,True,True,True,0.2927707434296608
2024-02-02,0.5428784722222223,0.0010202591181732849,288.0,Virgen,0.2546217516064644,8.0,True,True,True,0.2882567206157579
2024-02-03,0.544607638888889,0.005974003844312618,288.0,Virgen,0.26829078420996666,8.0,True,True,True,0.2763168546789223
2024-02-04,0.5685069444444444,0.0010559044393581322,288.0,Virgen,0.27755821123719215,8.0,True,True,True,0.29094873320725223
2024-02-05,0.5713854166666666,0.0043184309440829245,288.0,Virgen,0.28734373673796654,8.0,True,True,True,0.2840416799287001
2024-02-06,0.5826701388888889,0.0006348288321650403,288.0,Virgen,0.28884002938866615,8.0,True,True,True,0.2938301095002227
2024-02-07,0.5811354166666667,0.0008507400959175033,288.0,Virgen,0.2872490249574184,8.0,True,True,True,0.2938863917092483
2024-02-08,0.578861111111111,0.0005856722646229854,288.0,Virgen,0.2879023589193821,8.0,True,True,True,0.29095875219172895
2024-02-09,0.57671875,0.0007377778812695296,288.0,Virgen,0.294407244771719,8.0,True,True,True,0.28231150522828097
2024-02-10,0.5743715277777777,0.0004840541903091975,288.0,Virgen,0.2965613156557083,8.0,True,True,True,0.27781021212206936
2024-02-11,0.5729687499999999,0.0006592117296660498,288.0,Virgen,0.29325077682733536,8.0,True,True,True,0.27971797317266456
2024-02-12,0.570486111111111,0.0009553525070352669,288.0,Virgen,0.2926861084997654,8.0,True,True,True,0.27780000261134563
2024-02-13,0.5762569444444444,0.002507817818927558,288.0,Virgen,0.2927537746727466,8.0,True,True,True,0.2835031697716978
2024-02-14,0.5796979166666666,0.00045996042096054375,288.0,Virgen,0.2915784418582916,8.0,True,True,True,0.28811947480837496
2024-02-15,0.5812222222222222,0.0014623947924011168,288.0,Virgen,0.2899916358292102,8.0,True,True,True,0.29123058639301197
2024-02-16,0.582767361111111,0.00042324939495421007,288.0,Virgen,0.2874638736248016,8.0,True,True,True,0.29530348748630947
2024-02-17,0.58484375,0.0027937016955579723,288.0,Virgen,0.28625134751200676,8.0,True,True,True,0.29859240248799324
2024-02-18,0.5879236111111111,0.0010465131159697464,288.0,Virgen,0.2848346307873726,8.0,True,True,True,0.30308898032373854
2024-02-19,0.5899618055555556,0.00988480336148195,288.0,Virgen,0.28401591256260866,8.0,True,True,True,0.3059458929929469
2024-02-20,0.6051249999999999,0.0027758917329196767,288.0,Virgen,0.2927276156842708,8.0,True,True,True,0.3123973843157291
2024-02-21,0.5970972222222222,0.0015202211669485084,288.0,Virgen,0.29890426993370056,8.0,True,True,True,0.2981929522885216
2024-02-22,0.5923472222222222,0.0017935985452117423,288.0,Virgen,0.3035136424005031,8.0,True,True,True,0.28883357982171914
2024-02-23,0.5859027777777777,0.0016957394631110497,288.0,Virgen,0.2997709922492504,8.0,True,True,True,0.28613178552852725
2024-02-24,0.5815069444444444,0.0010979647168971507,288.0,Virgen,0.29823023825883865,8.0,True,True,True,0.28327670618560574
2024-02-25,0.5780069444444443,0.0013843149617336836,288.0,Virgen,0.2973667047917843,8.0,True,True,True,0.28064023965266005
2024-02-26,0.5742986111111111,0.0009632976254189128,288.0,Virgen,0.2973194718360901,8.0,True,True,True,0.27697913927502105
2024-02-27,0.5720381944444444,0.0006796695782353851,288.0,Virgen,0.29796645417809486,8.0,True,True,True,0.2740717402663495
2024-02-28,0.5696076388888889,0.0008193291945697337,288.0,Virgen,0.29656422883272165,8.0,True,True,True,0.2730434100561672
2024-02-29,0.5661631944444444,0.00093579581201287,288.0,Virgen,0.29636605083942413,8.0,True,True,True,0.2697971436050203
2024-03-01,0.5965243055555556,0.011122039184143593,288.0,Virgen,0.30360405519604683,8.0,True,True,True,0.29292025035950875
2024-03-02,0.6047222222222222,0.0021427926174308327,288.0,Virgen,0.3118370734155178,8.0,True,True,True,0.29288514880670435
2024-03-03,0.6046979166666666,0.0020808725304074255,288.0,Virgen,0.3094056658446789,8.0,True,True,True,0.29529225082198773
2024-03-04,0.6050381944444445,0.0021057246190131656,288.0,Virgen,0.3086954019963741,8.0,True,True,True,0.29634279244807044
2024-03-05,0.5977638888888889,0.00214292811858198,288.0,Virgen,0.3065658323466778,8.0,True,True,True,0.2911980565422111
2024-03-06,0.5913854166666667,0.0015686594623152777,288.0,Virgen,0.3042388744652271,8.0,True,True,True,0.28714654220143954
2024-03-07,0.5870034722222222,0.0009965035175805378,288.0,Virgen,0.30218274518847466,8.0,True,True,True,0.2848207270337475
2024-03-08,0.5837395833333333,0.0011284548190981826,288.0,Virgen,0.30054596439003944,8.0,True,True,True,0.28319361894329387
2024-03-09,0.5823993055555555,0.000490608173778278,288.0,Virgen,0.29866845905780787,8.0,True,True,True,0.28373084649774766
2024-03-10,0.5825347222222221,0.0004996611317808067,288.0,Virgen,0.2969632931053638,8.0,True,True,True,0.28557142911685834
2024-03-11,0.5825833333333333,0.0004938647983247858,288.0,Virgen,0.2949966005980968,8.0,True,True,True,0.28758673273523655
2024-03-12,0.5809826388888888,0.0006046083030812233,288.0,Virgen,0.29353469610214233,8.0,True,True,True,0.28744794278674646
2024-03-13,0.5792291666666666,0.00042102827501502025,288.0,Virgen,0.2924609407782554,8.0,True,True,True,0.28676822588841117
2024-03-14,0.5775034722222222,0.0005661672835425991,288.0,Virgen,0.2914092577993869,8.0,True,True,True,0.2860942144228353
2024-03-15,0.577,0.0,288.0,Virgen,0.2906293645501137,8.0,True,True,True,0.2863706354498863
2024-03-16,0.5764965277777777,0.0005008582452192516,288.0,Virgen,0.289556935429573,8.0,True,True,True,0.2869395923482047
2024-03-17,0.5746354166666666,0.0008445743005378434,288.0,Virgen,0.2879109345376491,8.0,True,True,True,0.2867244821290175
2024-03-18,0.5719722222222221,0.0007826021496654538,288.0,Virgen,0.2864194177091121,8.0,True,True,True,0.28555280451311
2024-03-19,0.5696076388888889,0.0007481992189482268,288.0,Virgen,0.2871659845113754,8.0,True,True,True,0.28244165437751345
2024-03-20,0.5675347222222222,0.0005712410164522418,288.0,Virgen,0.2891037166118622,8.0,True,True,True,0.27843100561036005
2024-03-21,0.5647743055555554,0.0011079847372991547,288.0,Virgen,0.28878624737262726,8.0,True,True,True,0.27598805818292815
2024-03-22,0.5625972222222222,0.0008374462961153713,288.0,Virgen,0.2987924627959728,8.0,True,True,True,0.26380475942624937
2024-03-23,0.56878125,0.0018167040934250092,288.0,Virgen,0.3031921200454235,8.0,True,True,True,0.2655891299545765
2024-03-24,0.5713298611111111,0.00047098086708304324,288.0,Virgen,0.30381705239415163,8.0,True,True,True,0.2675128087169594
2024-03-25,0.5705208333333333,0.0005073501563858012,288.0,Virgen,0.3032298982143402,8.0,True,True,True,0.26729093511899304
2024-03-26,0.5686319444444444,0.0007395876784975449,288.0,Virgen,0.3013487122952938,8.0,True,True,True,0.2672832321491506
2024-03-27,0.5665972222222222,0.000594040607305738,288.0,Virgen,0.298663355410099,8.0,True,True,True,0.2679338668121232
2024-03-28,0.5644652777777777,0.0005462982101539664,288.0,Virgen,0.29587798938155174,8.0,True,True,True,0.2685872883962259
2024-03-29,0.5621979166666667,0.0008629395309906596,288.0,Virgen,0.2944001443684101,8.0,True,True,True,0.26779777229825663
2024-03-30,0.5603368055555555,0.0004734404477124405,288.0,Virgen,0.2929898127913475,8.0,True,True,True,0.26734699276420804
2024-03-31,0.5589340277777778,0.0006619223608320674,288.0,Virgen,0.2915120795369148,8.0,True,True,True,0.26742194824086296
2024-04-01,0.5565763888888889,0.0010092247765648937,288.0,Virgen,0.2925868183374405,8.0,True,True,True,0.26398957055144845
2024-04-02,0.559625,0.00915288267837218,288.0,Virgen,0.29691230133175844,8.0,True,True,True,0.2627126986682416
2024-04-03,0.5912465277777778,0.006607327926382391,288.0,Virgen,0.303104929625988,8.0,True,True,True,0.28814159815178975
2024-04-04,0.6043645833333333,0.0019988836169934784,288.0,Virgen,0.302418977022171,8.0,True,True,True,0.3019456063111623
2024-04-05,0.5966423611111111,0.0019826452558657976,288.0,Virgen,0.30165887624025345,8.0,True,True,True,0.2949834848708577
2024-04-06,0.5914513888888888,0.000909338781186618,288.0,Virgen,0.2999592684209347,8.0,True,True,True,0.29149212046795414
2024-04-07,0.5883263888888889,0.0010314217453976495,288.0,Virgen,0.2985625527799129,8.0,True,True,True,0.289763836108976
2024-04-08,0.5852083333333333,0.0009868473011661336,288.0,Virgen,0.29658420756459236,8.0,True,True,True,0.28862412576874097
2024-04-09,0.582375,0.000781983540645115,288.0,Virgen,0.2934414781630039,8.0,True,True,True,0.28893352183699605
2024-04-10,0.5804131944444444,0.0006129549753292488,288.0,Virgen,0.29180472716689104,8.0,True,True,True,0.28860846727755335
2024-04-11,0.5783125,0.0006130832571026577,288.0,Virgen,0.28976581245660776,8.0,True,True,True,0.28854668754339224
2024-04-12,0.5766076388888889,0.0004891263435411265,288.0,Virgen,0.2881276234984398,8.0,True,True,True,0.2884800153904491
2024-04-13,0.5748125,0.0006187404312428459,288.0,Virgen,0.28660188242793083,8.0,True,True,True,0.2882106175720691
2024-04-14,0.5725659722222222,0.0005745670321965494,288.0,Virgen,0.2854372262954712,8.0,True,True,True,0.287128745926751
2024-04-15,0.570125,0.0008824656619947166,288.0,Virgen,0.2837901152670383,8.0,True,True,True,0.2863348847329617
2024-04-16,0.5672743055555555,0.0008122105190258415,288.0,Virgen,0.28250332549214363,8.0,True,True,True,0.28477098006341184
2024-04-17,0.5648402777777777,0.0005922048148908639,288.0,Virgen,0.28051552176475525,8.0,True,True,True,0.28432475601302243
2024-04-18,0.5634791666666666,0.000500435350539622,288.0,Virgen,0.27919964492321014,8.0,True,True,True,0.2842795217434565
2024-04-19,0.5644652777777777,0.001762612862699693,288.0,Virgen,0.28440699353814125,8.0,True,True,True,0.2800582842396364
2024-04-20,0.5687604166666667,0.00042757215092983767,288.0,Virgen,0.28962794691324234,8.0,True,True,True,0.2791324697534243
2024-04-21,0.581642361111111,0.018166109579733355,288.0,Virgen,0.291407223790884,8.0,True,True,True,0.290235137320227
2024-04-22,0.6103923611111112,0.0027564704963717423,288.0,Virgen,0.2959679439663887,8.0,True,True,True,0.31442441714472247
2024-04-23,0.6007951388888889,0.002086052232789083,288.0,Virgen,0.29889601841568947,8.0,True,True,True,0.30189912047319944
2024-04-24,0.5990833333333333,0.0007419721343039677,288.0,Virgen,0.3025397025048732,8.0,True,True,True,0.2965436308284601
2024-04-25,0.5973645833333333,0.0010927680385438585,288.0,Virgen,0.3041682429611683,8.0,True,True,True,0.293196340372165
2024-04-26,0.5983506944444444,0.0011828917809944641,288.0,Virgen,0.30354159325361246,8.0,True,True,True,0.294809101190832
2024-04-27,0.5964965277777777,0.0029537648142027952,288.0,Virgen,0.3033008016645908,8.0,True,True,True,0.29319572611318695
2024-04-28,0.6128402777777777,0.004780423485744751,288.0,Virgen,0.30459392443299294,8.0,True,True,True,0.3082463533447848
2024-04-29,0.6024305555555556,0.0027652718872009725,288.0,Virgen,0.3057571239769459,8.0,True,True,True,0.2966734315786097
2024-04-30,0.6074340277777778,0.003916705278184677,288.0,Virgen,0.3038446269929409,8.0,True,True,True,0.30358940078483687
2024-05-01,0.5959201388888888,0.002612728955303677,288.0,Virgen,0.30115488171577454,8.0,True,True,True,0.2947652571731143
2024-05-02,0.5891770833333333,0.0015278697223591914,288.0,Virgen,0.29915767535567284,8.0,True,True,True,0.29001940797766046
2024-05-03,0.5868854166666666,0.00415937660750561,288.0,Virgen,0.29851602390408516,8.0,True,True,True,0.28836939276258144
2024-05-04,0.6054097222222222,0.014185389349704598,288.0,Virgen,0.30110180750489235,8.0,True,True,True,0.3043079147173299
2024-05-05,0.6294930555555556,0.006001737875816171,288.0,Virgen,0.30325210466980934,8.0,True,True,True,0.32624095088574623
2024-05-06,0.6085833333333333,0.00537188447913291,288.0,Virgen,0.30205665901303286,8.0,True,True,True,0.3065266743203004
2024-05-07,0.5965138888888889,0.001457820965244239,288.0,Virgen,0.3009796552360058,8.0,True,True,True,0.2955342336528831
2024-05-08,0.6066215277777778,0.005489853335365218,288.0,Virgen,0.30231402441859245,8.0,True,True,True,0.3043075033591853
2024-05-09,0.60690625,0.003079927569400628,288.0,Virgen,0.3042367212474346,8.0,True,True,True,0.30266952875256536
2024-05-10,0.5977291666666666,0.0022484024525981252,288.0,Virgen,0.30367328599095345,8.0,True,True,True,0.2940558806757132
2024-05-11,0.5917013888888889,0.001523702903499767,288.0,Virgen,0.30233778059482574,8.0,True,True,True,0.28936360829406316
2024-05-12,0.5868159722222221,0.0011764923472458643,288.0,Virgen,0.29993230849504465,8.0,True,True,True,0.2868836637271775
2024-05-13,0.583111111111111,0.0012275076650476217,288.0,Virgen,0.29777292162179947,8.0,True,True,True,0.28533818948931156
2024-05-14,0.5798819444444444,0.0007324868411872034,288.0,Virgen,0.2970228046178817,8.0,True,True,True,0.2828591398265627
2024-05-15,0.58721875,0.0037524527402680885,288.0,Virgen,0.3007190003991127,8.0,True,True,True,0.2864997496008873
2024-05-16,0.5924201388888889,0.000494440148837204,288.0,Virgen,0.3042822517454624,8.0,True,True,True,0.2881378871434265
2024-05-17,0.5917673611111112,0.0004232493949540561,288.0,Virgen,0.3027869835495949,8.0,True,True,True,0.2889803775615163
2024-05-18,0.5928229166666666,0.0003824036851249608,288.0,Virgen,0.30120259895920753,8.0,True,True,True,0.2916203177074591
2024-05-19,0.5929861111111111,0.0008388320327985671,288.0,Virgen,0.299109049141407,8.0,True,True,True,0.2938770619697041
2024-05-20,0.5950451388888889,0.0012443785715862095,288.0,Virgen,0.298028152436018,8.0,True,True,True,0.2970169864528709
2024-05-21,0.5974999999999999,0.0005008703226778701,288.0,Virgen,0.2964852415025234,8.0,True,True,True,0.3010147584974765
2024-05-22,0.5951423611111111,0.0011734032733748893,288.0,Virgen,0.2945859283208847,8.0,True,True,True,0.30055643279022637
2024-05-23,0.5961701388888889,0.0012221292814767462,288.0,Virgen,0.29356620460748667,8.0,True,True,True,0.30260393428140225
2024-05-24,0.5951388888888889,0.0012444223215775521,288.0,Virgen,0.2924882844090462,8.0,True,True,True,0.3026506044798427
2024-05-25,0.5924409722222221,0.000497367732414107,288.0,Virgen,0.29243941605091095,8.0,True,True,True,0.3000015561713112
2024-05-26,0.5926631944444444,0.0004734404477123715,288.0,Virgen,0.29350314289331436,8.0,True,True,True,0.29916005155113
2024-05-27,0.5907326388888889,0.0008960097265767378,288.0,Virgen,0.2914702966809273,8.0,True,True,True,0.29926234220796166
2024-05-28,0.5893715277777778,0.0012566846041661638,288.0,Virgen,0.28995692357420916,8.0,True,True,True,0.29941460420356864
2024-05-29,0.5922152777777777,0.0004117303411095379,288.0,Virgen,0.2898618131875992,8.0,True,True,True,0.30235346459017853
2024-05-30,0.5903958333333333,0.0009822022471748094,288.0,Virgen,0.2874879129230976,8.0,True,True,True,0.30290792041023573
2024-05-31,0.5866874999999999,0.001132163603498495,288.0,Virgen,0.28532587364315987,8.0,True,True,True,0.30136162635684005
2024-06-01,0.5828680555555555,0.0009752800207396471,288.0,Virgen,0.28352711722254753,8.0,True,True,True,0.299340938333008
2024-06-02,0.5795833333333333,0.0011011555539555645,288.0,Virgen,0.28095515072345734,8.0,True,True,True,0.298628182609876
2024-06-03,0.5759097222222223,0.001165193195952685,288.0,Virgen,0.2789794467389583,8.0,True,True,True,0.29693027548326395
2024-06-04,0.5722499999999999,0.0009481322185395156,288.0,Virgen,0.2776573859155178,8.0,True,True,True,0.2945926140844821
2024-06-05,0.5696944444444444,0.0006655042130070199,288.0,Virgen,0.27700663357973093,8.0,True,True,True,0.29268781086471346
2024-06-06,0.569,0.0,287.0,Virgen,0.2760242596268654,8.0,True,True,True,0.29297574037313456
2024-06-07,0.5706076388888888,0.0015955766321316533,288.0,Virgen,0.273971889168024,8.0,True,True,True,0.29663574972086476
2024-06-08,0.5800972222222222,0.002982689767658932,288.0,Virgen,0.2730256952345371,8.0,True,True,True,0.30707152698768503
2024-06-09,0.586298611111111,0.0008560492765711614,288.0,Virgen,0.2718223892152309,8.0,True,True,True,0.31447622189588015
2024-06-10,0.5881319444444444,0.00037790044921376875,288.0,Virgen,0.2703565880656242,8.0,True,True,True,0.3177753563788202
2024-06-11,0.5902395833333334,0.0007523916570343305,288.0,Virgen,0.26920925080776215,8.0,True,True,True,0.3210303325255712
2024-06-12,0.591,0.0,288.0,Virgen,0.26739103347063065,8.0,True,True,True,0.3236089665293693
2024-06-13,0.5954201388888889,0.003329816306599664,288.0,Virgen,0.2663525491952896,8.0,True,True,True,0.3290675896935993
2024-06-14,0.597826388888889,0.001017819361389771,288.0,Virgen,0.2652707174420357,8.0,True,True,True,0.3325556714468533
2024-06-15,0.5980833333333333,0.002322440144115139,288.0,Virgen,0.2659928910434246,8.0,True,True,True,0.3320904422899087
2024-06-16,0.61371875,0.010587320460324925,288.0,Virgen,0.27557234838604927,8.0,True,True,True,0.3381464016139507
2024-06-17,0.6086666666666667,0.004058801251086439,288.0,Virgen,0.28082042559981346,8.0,True,True,True,0.32784624106685323
2024-06-18,0.5976076388888889,0.0024285347774558536,288.0,Virgen,0.2770206965506076,8.0,True,True,True,0.3205869423382813
2024-06-19,0.5912777777777777,0.001452833082078758,288.0,Virgen,0.275081779807806,8.0,True,True,True,0.31619599796997166
2024-06-20,0.5898715277777777,0.0038346697034315294,288.0,Virgen,0.27455892786383623,8.0,True,True,True,0.3153125999139415
2024-06-21,0.6122638888888888,0.002904966577583996,288.0,Virgen,0.27508968487381935,8.0,True,True,True,0.3371742040150695
2024-06-22,0.6058541666666666,0.002954872548351691,288.0,Virgen,0.27445899695158005,8.0,True,True,True,0.33139516971508653
2024-06-23,0.59725,0.0021052448192854126,288.0,Virgen,0.27162807807326317,8.0,True,True,True,0.3256219219267368
2024-06-24,0.5910902777777777,0.0014598610713549458,288.0,Virgen,0.2697360776364803,8.0,True,True,True,0.3213542001412974
2024-06-25,0.5868541666666666,0.0009515712295344856,288.0,Virgen,0.26948417723178864,8.0,True,True,True,0.31736998943487793
2024-06-26,0.5840034722222222,0.0007985102151418167,288.0,Virgen,0.2695559822022915,8.0,True,True,True,0.31444749001993066
2024-06-27,0.5814791666666665,0.0005275510444779024,288.0,Virgen,0.268104787915945,8.0,True,True,True,0.31337437875072155
2024-06-28,0.5797152777777778,0.0007889762647024567,288.0,Virgen,0.2666896320879459,8.0,True,True,True,0.3130256456898319
2024-06-29,0.5766631944444444,0.0011048355248507412,288.0,Virgen,0.2650340609252453,8.0,True,True,True,0.3116291335191991
2024-06-30,0.5727013888888889,0.0009632976254186291,288.0,Virgen,0.2632592134177685,8.0,True,True,True,0.3094421754711204
2024-07-01,0.5703958333333332,0.000632662093096861,288.0,Virgen,0.2617634050548076,8.0,True,True,True,0.3086324282785256
2024-07-02,0.5683263888888889,0.0005515876497409446,288.0,Virgen,0.26228912174701685,8.0,True,True,True,0.306037267141872
2024-07-03,0.5668368055555555,0.0003701862282592077,288.0,Virgen,0.26234082132577896,8.0,True,True,True,0.30449598422977653
2024-07-04,0.5659965277777776,5.892556509887872e-05,288.0,Virgen,0.26114577427506447,8.0,True,True,True,0.3048507535027132
2024-07-05,0.56446875,0.0005203816275842661,288.0,Virgen,0.26018673926591873,8.0,True,True,True,0.30428201073408123
2024-07-06,0.5630520833333333,0.0002782395503639136,288.0,Virgen,0.25883482396602625,8.0,True,True,True,0.3042172593673071
2024-07-07,0.5620208333333334,0.00014307474716126141,288.0,Virgen,0.26014508306980133,8.0,True,True,True,0.3018757502635321
2024-07-08,0.5616388888888889,0.0004811587510468224,288.0,Virgen,0.25984304025769234,8.0,True,True,True,0.3017958486311966
2024-07-09,0.5608368055555556,0.0003701862282591289,288.0,Virgen,0.25710890814661974,8.0,True,True,True,0.30372789740893585
2024-07-10,0.5597847222222223,0.0004117303411093849,288.0,Virgen,0.2553447335958481,8.0,True,True,True,0.3044399886263742
2024-07-11,0.5585868055555556,0.0004932642502717699,288.0,Virgen,0.253847274929285,8.0,True,True,True,0.3047395306262706
2024-07-12,0.5567430555555556,0.0006546167086397473,288.0,Virgen,0.2522127963602543,8.0,True,True,True,0.3045302591953013
2024-07-13,0.5543819444444444,0.0004867087471664785,288.0,Virgen,0.2569594234228134,8.0,True,True,True,0.297422521021631
2024-07-14,0.5534583333333334,0.0004991281597553645,288.0,Virgen,0.25720367953181267,8.0,True,True,True,0.2962546538015207
2024-07-15,0.5530034722222222,5.89255650988525e-05,288.0,Virgen,0.25497976318001747,8.0,True,True,True,0.29802370904220477
2024-07-16,0.5529201388888889,0.0002715499097126499,288.0,Virgen,0.2529462873935699,8.0,True,True,True,0.299973851495319
2024-07-17,0.5515729166666667,0.0005488942003752282,288.0,Virgen,0.25132299587130547,8.0,True,True,True,0.3002499207953613
2024-07-18,0.5494409722222222,0.0007673578538601569,288.0,Virgen,0.24971643462777132,8.0,True,True,True,0.2997245375944509
2024-07-19,0.5477777777777778,0.0004164633650362654,288.0,Virgen,0.24894631467759606,8.0,True,True,True,0.2988314631001817
2024-07-20,0.5464618055555556,0.000499406829721154,288.0,Virgen,0.24754417501389975,8.0,True,True,True,0.2989176305416558
2024-07-21,0.5455625000000001,0.0004969418673368392,288.0,Virgen,0.24644323997199533,8.0,True,True,True,0.2991192600280047
2024-07-22,0.5442430555555556,0.0006048183737250147,288.0,Virgen,0.24557143077254293,8.0,True,True,True,0.2986716247830127
2024-07-23,0.5426597222222223,0.00047462722499875366,288.0,Virgen,0.24437760561704633,8.0,True,True,True,0.2982821166051759
2024-07-24,0.5414201388888888,0.0004944401488369038,288.0,Virgen,0.24300038069486612,8.0,True,True,True,0.2984197581940227
2024-07-25,0.5396319444444445,0.0005312076541385092,288.0,Virgen,0.24152638949453828,8.0,True,True,True,0.2981055549499062
2024-07-26,0.5385520833333334,0.0004981455155912894,288.0,Virgen,0.24094050563871858,8.0,True,True,True,0.29761157769461477
2024-07-27,0.5373888888888889,0.0004883465826888924,288.0,Virgen,0.23910618573427198,8.0,True,True,True,0.2982827031546169
2024-07-28,0.5359027777777778,0.0006865501744831611,288.0,Virgen,0.23713135905563829,8.0,True,True,True,0.2987714187221395
2024-07-29,0.5341944444444445,0.0007855646920558075,288.0,Virgen,0.23608905263245103,8.0,True,True,True,0.29810539181199347
2024-07-30,0.5323472222222222,0.00047691582387106486,288.0,Virgen,0.23466138169169423,8.0,True,True,True,0.29768584053052793
2024-07-31,0.5306979166666667,0.0005864876554837487,288.0,Virgen,0.23292369022965428,8.0,True,True,True,0.29777422643701235
2024-08-01,0.5286041666666667,0.0006543209369275275,288.0,Virgen,0.23113337717950339,8.0,True,True,True,0.29747078948716327
2024-08-02,0.5262291666666666,0.0008448965464577153,288.0,Virgen,0.2296449653804302,8.0,True,True,True,0.2965842012862364
2024-08-03,0.5234618055555555,0.0012736677279508353,288.0,Virgen,0.22884565778076646,8.0,True,True,True,0.29461614777478906
2024-08-04,0.5200381944444445,0.000995774804018096,288.0,Virgen,0.22820436954498285,8.0,True,True,True,0.2918338248994617
2024-08-05,0.5172395833333333,0.0008644523552891234,288.0,Virgen,0.22732926532626146,8.0,True,True,True,0.28991031800707184
2024-08-06,0.5147152777777778,0.0007481749636476724,288.0,Virgen,0.22647450864315027,8.0,True,True,True,0.28824076913462754
2024-08-07,0.51225,0.001126185012742463,288.0,Virgen,0.22380603477358815,8.0,True,True,True,0.2884439652264118
2024-08-08,0.5083680555555555,0.0015403810912595524,288.0,Virgen,0.2227221969515085,8.0,True,True,True,0.285645858604047
2024-08-09,0.5046354166666667,0.0011517578596420266,288.0,Virgen,0.22172488830983633,8.0,True,True,True,0.28291052835683034
2024-08-10,0.5019930555555556,0.0008006663407672387,288.0,Virgen,0.22169243730604646,8.0,True,True,True,0.28030061824950914
2024-08-11,0.49869444444444444,0.0015015800169905292,288.0,Virgen,0.2240540031343698,8.0,True,True,True,0.27464044131007465
2024-08-12,0.49506597222222226,0.0008868896591562749,288.0,Virgen,0.22419481165707106,8.0,True,True,True,0.2708711605651512
2024-08-13,0.4921597222222222,0.0009493309174693528,288.0,Virgen,0.22324441559612748,8.0,True,True,True,0.26891530662609475
2024-08-14,0.48862152777777773,0.0016879843119983553,288.0,Virgen,0.22202181816101071,8.0,True,True,True,0.26659970961676704
2024-08-15,0.48473611111111103,0.0008674212742687257,288.0,Virgen,0.22038889490067956,8.0,True,True,True,0.26434721621043145
2024-08-16,0.48154166666666665,0.001754536181600062,288.0,Virgen,0.22007771767675874,8.0,True,True,True,0.2614639489899079
2024-08-17,0.47742708333333334,0.0010665466595527757,288.0,Virgen,0.21857647038996217,8.0,True,True,True,0.2588506129433712
2024-08-18,0.4739791666666667,0.0012630848250458208,288.0,Virgen,0.2169710602611303,8.0,True,True,True,0.2570081064055364
2024-08-19,0.4698333333333334,0.0019181872976096776,288.0,Virgen,0.2154482472687959,8.0,True,True,True,0.25438508606453747
2024-08-20,0.4655833333333333,0.0010526224096427874,288.0,Virgen,0.21421127021312708,8.0,True,True,True,0.2513720631202062
2024-08-21,0.4624131944444445,0.0009767860637438287,288.0,Virgen,0.21301716379821298,8.0,True,True,True,0.24939603064623153
2024-08-22,0.4590972222222222,0.0012732544624130448,288.0,Virgen,0.21232404373586175,8.0,True,True,True,0.24677317848636046
2024-08-23,0.4553680555555556,0.001508380897088167,288.0,Virgen,0.21138797700405118,8.0,True,True,True,0.24398007855150441
2024-08-24,0.4514965277777778,0.0012381796909015444,288.0,Virgen,0.21058527939021585,8.0,True,True,True,0.24091124838756198
2024-08-25,0.44817361111111115,0.0013003878333896796,288.0,Virgen,0.2093448285013437,8.0,True,True,True,0.23882878260976745
2024-08-26,0.4446527777777778,0.0007114733639833727,288.0,Virgen,0.2144390661269426,8.0,True,True,True,0.23021371165083518
2024-08-27,0.4425381944444445,0.0005131709888544578,288.0,Virgen,0.21770668216049668,8.0,True,True,True,0.2248315122839478
2024-08-28,0.44004166666666666,0.0013059766126894516,288.0,Virgen,0.2152327802032232,8.0,True,True,True,0.22480888646344346
2024-08-29,0.43588194444444445,0.0019772099716934824,288.0,Virgen,0.21302630379796025,8.0,True,True,True,0.2228556406464842
2024-08-30,0.4311770833333333,0.0017450464985868433,288.0,Virgen,0.21135116741061208,8.0,True,True,True,0.21982591592272124
2024-08-31,0.42615277777777777,0.0021407590709658034,288.0,Virgen,0.20960071496665472,8.0,True,True,True,0.21655206281112305
2024-09-01,0.4216944444444444,0.0011432442240343064,288.0,Virgen,0.20798912830650804,8.0,True,True,True,0.2137053161379364
2024-09-02,0.4184027777777778,0.0011312442315524235,288.0,Virgen,0.2064819950610399,8.0,True,True,True,0.2119207827167379
2024-09-03,0.41376736111111106,0.0021651445336794955,288.0,Virgen,0.20445756614208216,8.0,True,True,True,0.2093097949690289
2024-09-04,0.40781944444444446,0.00222326243559553,288.0,Virgen,0.20322478935122487,8.0,True,True,True,0.20459465509321959
2024-09-05,0.4019826388888889,0.0017178233476739496,288.0,Virgen,0.20262035168707365,8.0,True,True,True,0.19936228720181526
2024-09-06,0.3981041666666667,0.0007716108314827258,288.0,Virgen,0.2014892846345901,8.0,True,True,True,0.1966148820320766
2024-09-07,0.3955590277777778,0.0013238584297735492,288.0,Virgen,0.2008214835077524,8.0,True,True,True,0.1947375442700254
2024-09-08,0.39248958333333334,0.0006781013409302499,288.0,Virgen,0.19965507648885247,8.0,True,True,True,0.19283450684448086
2024-09-09,0.3903715277777778,0.000484054190309259,288.0,Virgen,0.19903162494301793,8.0,True,True,True,0.19133990283475985
2024-09-10,0.3881423611111111,0.0015674867191747407,288.0,Virgen,0.19815312325954432,8.0,True,True,True,0.1899892378515668
2024-09-11,0.3842048611111111,0.0017178233476738032,288.0,Virgen,0.19640159606933588,8.0,True,True,True,0.1878032650417752
2024-09-12,0.3797013888888889,0.0020365300170287915,288.0,Virgen,0.19505048170685765,8.0,True,True,True,0.18465090718203123
2024-09-13,0.37520833333333337,0.0016246146688675303,288.0,Virgen,0.19421227835118765,8.0,True,True,True,0.18099605498214572
2024-09-14,0.37066319444444445,0.002223042035673987,288.0,Virgen,0.19290078058838842,8.0,True,True,True,0.17776241385605604
2024-09-15,0.36526041666666664,0.0017564899568858882,288.0,Virgen,0.19210284389555451,8.0,True,True,True,0.17315757277111213
2024-09-16,0.36122916666666666,0.0008025981329818457,288.0,Virgen,0.1935076937079429,8.0,True,True,True,0.16772147295872375
2024-09-17,0.3583090277777778,0.001567857153880745,288.0,Virgen,0.19401398301124567,8.0,True,True,True,0.16429504476653212
2024-09-18,0.35400347222222217,0.001995636815374336,288.0,Virgen,0.192108079791069,8.0,True,True,True,0.16189539243115317
2024-09-19,0.34946875,0.0012377887865623275,288.0,Virgen,0.19030908681452272,8.0,True,True,True,0.15915966318547728
2024-09-20,0.3470173611111111,0.000857256775563192,288.0,Virgen,0.18948144838213918,8.0,True,True,True,0.1575359127289719
2024-09-21,0.3446458333333333,0.0006981184269012859,288.0,Virgen,0.18870708905160424,8.0,True,True,True,0.15593874428172907
2024-09-22,0.34236458333333336,0.000489324180181303,288.0,Virgen,0.188116880133748,8.0,True,True,True,0.15424770319958536
2024-09-23,0.34109375000000003,0.0009229341749491989,288.0,Virgen,0.18762631341814992,8.0,True,True,True,0.1534674365818501
2024-09-24,0.3389861111111111,0.0009406507578471261,288.0,Virgen,0.1866108067333698,8.0,True,True,True,0.1523753043777413
2024-09-25,0.33646875000000004,0.0013611313571542827,288.0,Virgen,0.18541722930967802,8.0,True,True,True,0.15105152069032202
2024-09-26,0.33665625000000005,0.002271600726498267,288.0,Virgen,0.18430109135806555,8.0,True,True,True,0.1523551586419345
2024-09-27,0.33342361111111113,0.0021038536438780535,288.0,Virgen,0.18682679720222947,8.0,True,True,True,0.14659681390888166
2024-09-28,0.34175694444444443,0.019348174797198917,288.0,Virgen,0.1890683118253946,8.0,True,True,True,0.15268863261904983
2024-09-29,0.38454513888888886,0.017309179977078485,288.0,Virgen,0.1918364483863115,8.0,True,True,True,0.19270869050257736
2024-09-30,0.4505416666666667,0.009268638816203115,288.0,Virgen,0.1987089961767196,8.0,True,True,True,0.25183267048994706
2024-10-01,0.44841319444444444,0.0017348948507745958,288.0,Virgen,0.2042442616075277,8.0,True,True,True,0.24416893283691674
2024-10-02,0.44990625,0.01068367942693705,288.0,Virgen,0.20826912857592103,8.0,True,True,True,0.24163712142407898
2024-10-03,0.46947916666666667,0.0015925293798809605,288.0,Virgen,0.21668391488492483,8.0,True,True,True,0.25279525178174184
2024-10-04,0.4624930555555556,0.0024251772528422985,288.0,Virgen,0.21879480779170987,8.0,True,True,True,0.24369824776384572
2024-10-05,0.4555729166666667,0.002167601759262854,288.0,Virgen,0.2165191378444433,8.0,True,True,True,0.23905377882222342
2024-10-06,0.4499131944444445,0.0014919410235691751,288.0,Virgen,0.2171941697597503,8.0,True,True,True,0.2327190246846942
2024-10-07,0.44542013888888893,0.0014484921806372435,288.0,Virgen,0.21692662127315993,8.0,True,True,True,0.228493517615729
2024-10-08,0.4414548611111111,0.0011252768833787737,288.0,Virgen,0.21769258938729757,8.0,True,True,True,0.22376227172381352
2024-10-09,0.4382847222222222,0.001053702246516091,288.0,Virgen,0.22199063375592226,8.0,True,True,True,0.21629408846629994
2024-10-10,0.4347743055555556,0.001441459119821051,288.0,Virgen,0.22119312174618241,8.0,True,True,True,0.21358118380937316
2024-10-11,0.4314548611111111,0.0006969650345521881,288.0,Virgen,0.2254106048494577,8.0,True,True,True,0.20604425626165337
2024-10-12,0.4288680555555555,0.0010803698410352155,288.0,Virgen,0.2272372562438249,8.0,True,True,True,0.2016307993117306
2024-10-13,0.4260034722222222,0.0009717194928295272,288.0,Virgen,0.2250272054225206,8.0,True,True,True,0.20097626679970157
2024-10-14,0.42323958333333334,0.0008315820739076533,288.0,Virgen,0.22548449411988253,8.0,True,True,True,0.1977550892134508
2024-10-15,0.42109375,0.0007383679856480569,288.0,Virgen,0.22680715844035146,8.0,True,True,True,0.19428659155964853
2024-10-16,0.4183333333333333,0.0014956382577046435,288.0,Virgen,0.22682242840528483,8.0,True,True,True,0.19151090492804845
2024-10-17,0.4140625,0.0017055709089438187,288.0,Virgen,0.22588367573916907,8.0,True,True,True,0.18817882426083093
2024-10-18,0.4089236111111111,0.002309139125259824,288.0,Virgen,0.22748102433979508,8.0,True,True,True,0.181442586771316
2024-10-19,0.4029027777777778,0.002519110081360609,288.0,Virgen,0.2304165009409189,8.0,True,True,True,0.17248627683685888
2024-10-20,0.3962048611111111,0.00244444416948229,288.0,Virgen,0.2343217115849256,8.0,True,True,True,0.1618831495261855
2024-10-21,0.39028125,0.0021738217201696538,288.0,Virgen,0.2352226413786411,8.0,True,True,True,0.15505860862135892
2024-10-22,0.3839166666666667,0.002739566841826751,288.0,Virgen,0.23814611323177812,8.0,True,True,True,0.14577055343488857
2024-10-23,0.3763472222222222,0.0029509803354126475,288.0,Virgen,0.2422384954988956,8.0,True,True,True,0.13410872672332663
2024-10-24,0.3716,0.0006541459903906763,130.0,Virgen,0.2438872419297695,8.0,True,True,True,0.1277127580702305
2025-01-20,0.57441,0.0010258773037863868,100.0,Virgen,0.3791096769273281,8.0,True,True,True,0.19530032307267187
2025-01-21,0.5784583333333333,0.01528538050369895,288.0,Virgen,0.38012889027595514,8.0,True,True,True,0.19832944305737815
2025-01-22,0.591107638888889,0.013341881243010329,288.0,Virgen,0.3838712349534035,8.0,True,True,True,0.20723640393548548
2025-01-23,0.5898455284552846,0.0051279250274646766,123.0,Virgen,0.3825935758650303,8.0,True,True,True,0.2072519525902543
2025-02-13,0.5724722222222222,0.014586492937961123,288.0,Virgen,0.38667744025588036,8.0,True,True,True,0.1857947819663418
2025-02-14,0.5903090277777777,0.008579916694238179,288.0,Virgen,0.39465203136205673,8.0,True,True,True,0.19565699641572099
2025-02-15,0.572392361111111,0.005429517722451386,288.0,Virgen,0.3961033746600151,8.0,True,True,True,0.17628898645109592
2025-02-16,0.5637361111111111,0.0017005271210284588,288.0,Virgen,0.396533653140068,8.0,True,True,True,0.1672024579710431
2025-02-17,0.5628159722222222,0.007843247951219795,288.0,Virgen,0.4003410600125789,8.0,True,True,True,0.16247491220964333
2025-02-18,0.5747743055555555,0.004308782806334614,288.0,Virgen,0.4012923389673233,8.0,True,True,True,0.17348196658823223
2025-02-19,0.5759479166666667,0.005715136315176105,288.0,Virgen,0.39929074421525,8.0,True,True,True,0.17665717245141666
2025-02-20,0.5810590277777777,0.0027140083935391665,288.0,Virgen,0.39606694877147675,8.0,True,True,True,0.184992079006301
2025-02-21,0.5687361111111111,0.004123504668021568,288.0,Virgen,0.3936694711446762,8.0,True,True,True,0.1750666399664349
2025-02-22,0.5591458333333335,0.0015231946530957208,288.0,Virgen,0.3890617974102497,8.0,True,True,True,0.17008403592308374
2025-02-23,0.5553680555555557,0.001102714596449919,288.0,Virgen,0.38732885196805,8.0,True,True,True,0.16803920358750568
2025-02-24,0.5576215277777778,0.0004999879015184847,288.0,Virgen,0.38602133095264435,8.0,True,True,True,0.1716001968251335
2025-02-25,0.5562291666666668,0.000849010491885222,288.0,Virgen,0.3842039816081524,8.0,True,True,True,0.17202518505851438
2025-02-26,0.5556527777777779,0.0009092589504354717,288.0,Virgen,0.38207119703292847,8.0,True,True,True,0.17358158074484942
2025-02-27,0.558982638888889,0.0013105218717981352,288.0,Virgen,0.38116034120321274,8.0,True,True,True,0.17782229768567626
2025-02-28,0.5681666666666667,0.00909033257595459,288.0,Virgen,0.3818130791187286,8.0,True,True,True,0.18635358754793813
2025-03-01,0.5744305555555554,0.004767270496097738,288.0,Virgen,0.3838666267693043,8.0,True,True,True,0.19056392878625117
2025-03-02,0.5800451388888889,0.0021611175925746,288.0,Virgen,0.3898894377052784,8.0,True,True,True,0.19015570118361047
2025-03-03,0.5753055555555555,0.0036421416102480086,288.0,Virgen,0.3904626928269863,8.0,True,True,True,0.1848428627285692
2025-03-04,0.5660104166666666,0.0020147269205676084,288.0,Virgen,0.3913766220211983,8.0,True,True,True,0.17463379464546835
2025-03-05,0.5725520833333333,0.006301711163553071,288.0,Virgen,0.3903539218008518,8.0,True,True,True,0.18219816153248147
2025-03-06,0.5711631944444444,0.003719863744231514,288.0,Virgen,0.3936435617506504,8.0,True,True,True,0.177519632693794
2025-03-07,0.5610520833333333,0.0023464843225468415,288.0,Virgen,0.39130945503711695,8.0,True,True,True,0.1697426282962164
2025-03-08,0.5546666666666668,0.0016079072901314466,288.0,Virgen,0.3873871676623821,8.0,True,True,True,0.16727949900428463
2025-03-09,0.5520868055555556,0.0008611431125645051,288.0,Virgen,0.3860502876341343,8.0,True,True,True,0.16603651792142127
2025-03-10,0.5619861111111111,0.01501079105971697,288.0,Virgen,0.38271813467144966,8.0,True,True,True,0.17926797643966141
2025-03-11,0.5712361111111111,0.0038053439612693606,288.0,Virgen,0.38236143067479134,8.0,True,True,True,0.18887468043631972
2025-03-12,0.56121875,0.0019427509770643774,288.0,Virgen,0.3798983432352543,8.0,True,True,True,0.1813204067647457
2025-03-13,0.5756041666666667,0.01810970007851557,288.0,Virgen,0.3793325610458851,8.0,True,True,True,0.1962716056207816
2025-03-14,0.5787256944444444,0.007061040447341744,288.0,Virgen,0.3886253647506237,8.0,True,True,True,0.19010032969382074
2025-03-15,0.5622743055555556,0.0028841328874695794,288.0,Virgen,0.38944877311587334,8.0,True,True,True,0.17282553243968224
2025-03-16,0.557625,0.0007547757356657779,288.0,Virgen,0.3875315822660923,8.0,True,True,True,0.17009341773390774
2025-03-17,0.5546006944444445,0.0010174091936314027,288.0,Virgen,0.3844789899885654,8.0,True,True,True,0.1701217044558791
2025-03-18,0.5514583333333334,0.001220470007139853,288.0,Virgen,0.38087731227278704,8.0,True,True,True,0.17058102106054635
2025-03-19,0.547982638888889,0.00090085749789486,288.0,Virgen,0.3765519671142101,8.0,True,True,True,0.1714306717746789
2025-03-20,0.5452881944444444,0.0007720732329530499,288.0,Virgen,0.3707481287419796,8.0,True,True,True,0.17454006570246483
2025-03-21,0.5433368055555556,0.0005912540888654324,288.0,Virgen,0.3659033663570881,8.0,True,True,True,0.17743343919846755
2025-03-22,0.5413576388888889,0.000765463568967316,288.0,Virgen,0.36206441000103945,8.0,True,True,True,0.17929322888784943
2025-03-23,0.54246875,0.0017881907914481714,288.0,Virgen,0.3590923361480236,8.0,True,True,True,0.18337641385197645
2025-03-24,0.5457916666666667,0.0004068233357131972,288.0,Virgen,0.3569944649934768,8.0,True,True,True,0.18879720167318986
2025-03-25,0.5446944444444445,0.0005572177997382166,288.0,Virgen,0.3538399785757064,8.0,True,True,True,0.19085446586873805
2025-03-26,0.5424513888888889,0.0009093387811869079,288.0,Virgen,0.3531473539769649,8.0,True,True,True,0.189304034911924
2025-03-27,0.5417430555555556,0.000885394675889985,288.0,Virgen,0.35181333124637604,8.0,True,True,True,0.18992972430917954
2025-03-28,0.5595923344947735,0.012401965659660008,287.0,Virgen,0.35333029553294176,8.0,True,True,True,0.20626203896183176
2025-03-29,0.5845555555555555,0.010647522018094978,288.0,Virgen,0.36014340445399284,8.0,True,True,True,0.22441215110156265
2025-03-30,0.5885590277777778,0.003392447302915517,288.0,Virgen,0.3612364716827869,8.0,True,True,True,0.2273225560949909
2025-03-31,0.5811736111111111,0.0028415284229709194,288.0,Virgen,0.36435968428850174,8.0,True,True,True,0.21681392682260936
2025-04-01,0.5844131944444444,0.009110592269558085,288.0,Virgen,0.370058886706829,8.0,True,True,True,0.21435430773761538
2025-04-02,0.5837638888888889,0.003836349366452238,288.0,Virgen,0.37177207320928574,8.0,True,True,True,0.21199181567960312
2025-04-03,0.5813506944444444,0.002961765565536016,288.0,Virgen,0.37319934368133545,8.0,True,True,True,0.20815135076310898
2025-04-04,0.5772118055555555,0.004691188218652726,288.0,Virgen,0.37407104298472404,8.0,True,True,True,0.20314076257083147
2025-04-05,0.5681944444444444,0.0024216726956763795,288.0,Virgen,0.3716776669025421,8.0,True,True,True,0.19651677754190233
2025-04-06,0.5744305555555554,0.009357888306550531,288.0,Virgen,0.3676570914685726,8.0,True,True,True,0.20677346408698283
2025-04-07,0.5778506944444444,0.006532305103791973,288.0,Virgen,0.3648311011493206,8.0,True,True,True,0.21301959329512377
2025-04-08,0.5624652777777778,0.0022036181664745564,288.0,Virgen,0.3646797463297844,8.0,True,True,True,0.19778553144799338
2025-04-09,0.560701388888889,0.001183980536561511,288.0,Virgen,0.3632875457406044,8.0,True,True,True,0.19741384314828458
2025-04-10,0.5602430555555556,0.000877488717799333,288.0,Virgen,0.363125491887331,8.0,True,True,True,0.19711756366822464
2025-04-11,0.5923819444444445,0.009316349966256481,288.0,Virgen,0.3692857883870601,8.0,True,True,True,0.22309615605738436
2025-04-12,0.5859131944444445,0.004933999890227254,288.0,Virgen,0.3735358715057373,8.0,True,True,True,0.21237732293870715
2025-04-13,0.5863541666666666,0.0022997310856275803,288.0,Virgen,0.374615628272295,8.0,True,True,True,0.21173853839437162
2025-04-14,0.570486111111111,0.005290167213274766,288.0,Virgen,0.37290461361408234,8.0,True,True,True,0.1975814974970287
2025-04-15,0.5583645833333334,0.0024185107506211317,288.0,Virgen,0.3709164001047611,8.0,True,True,True,0.18744818322857226
2025-04-16,0.5514479166666667,0.0018584197232044508,288.0,Virgen,0.367006953805685,8.0,True,True,True,0.18444096286098172
2025-04-17,0.5466909722222222,0.0009973772710607511,288.0,Virgen,0.3654002249240875,8.0,True,True,True,0.18129074729813466
2025-04-18,0.54425,0.00043376642344067215,288.0,Virgen,0.3668093755841255,8.0,True,True,True,0.1774406244158745
2025-04-19,0.5429097222222222,0.0008628063315576373,288.0,Virgen,0.3641074113547802,8.0,True,True,True,0.17880231086744203
2025-04-20,0.5408333333333334,0.0007229440390678598,288.0,Virgen,0.3602209873497486,8.0,True,True,True,0.18061234598358478
2025-04-21,0.5382986111111111,0.001053150978790379,288.0,Virgen,0.3585372269153595,8.0,True,True,True,0.1797613841957516
2025-04-22,0.5351319444444445,0.0009964853062358204,288.0,Virgen,0.35795440152287483,8.0,True,True,True,0.17717754292156962
2025-04-23,0.5400381944444445,0.01789930992198623,288.0,Virgen,0.35856636613607407,8.0,True,True,True,0.1814718283083704
2025-04-24,0.5828125,0.0032200780175369254,288.0,Virgen,0.36650571972131724,8.0,True,True,True,0.21630678027868272
2025-04-25,0.5810138888888888,0.0037676157417995014,288.0,Virgen,0.37304178997874254,8.0,True,True,True,0.20797209891014629
2025-04-26,0.5819270833333333,0.0130463484618553,288.0,Virgen,0.3816313222050667,8.0,True,True,True,0.20029576112826664
2025-04-27,0.58371875,0.008534459510063857,288.0,Virgen,0.3879659660160541,8.0,True,True,True,0.19575278398394585
2025-04-28,0.5904027777777778,0.0050306647747473355,288.0,Virgen,0.39114886149764055,8.0,True,True,True,0.19925391628013728
2025-04-29,0.5746770833333332,0.004755692994050309,288.0,Virgen,0.3912089131772518,8.0,True,True,True,0.1834681701560814
2025-04-30,0.5678298611111111,0.004419888214348154,288.0,Virgen,0.38805982097983355,8.0,True,True,True,0.17977004013127756
2025-05-01,0.5801666666666666,0.00600116132779578,288.0,Virgen,0.3909427635371685,8.0,True,True,True,0.1892239031294981
2025-05-02,0.5799166666666666,0.006113901450037065,288.0,Virgen,0.39235431700944895,8.0,True,True,True,0.1875623496572177
2025-05-03,0.5649062499999999,0.002979879537120157,288.0,Virgen,0.3881185576319694,8.0,True,True,True,0.17678769236803055
2025-05-04,0.5575451388888889,0.0014355044936798348,288.0,Virgen,0.3845881149172783,8.0,True,True,True,0.1729570239716106
2025-05-05,0.55975,0.003491153578705082,288.0,Virgen,0.3829091340303421,8.0,True,True,True,0.17684086596965787
2025-05-06,0.5681666666666666,0.0008755287103508186,288.0,Virgen,0.3807220086455345,8.0,True,True,True,0.18744465802113208
2025-05-07,0.562857638888889,0.002047487790542059,288.0,Virgen,0.3783584348857403,8.0,True,True,True,0.18449920400314868
2025-05-08,0.5564305555555555,0.001666027752100991,288.0,Virgen,0.3767082467675209,8.0,True,True,True,0.17972230878803463
2025-05-09,0.5519479166666668,0.001144930882079209,288.0,Virgen,0.3735798969864845,8.0,True,True,True,0.17836801968018223
2025-05-10,0.5501180555555556,0.001252156482845034,288.0,Virgen,0.3699577413499355,8.0,True,True,True,0.18016031420562012
2025-05-11,0.5682777777777778,0.010276962121425582,288.0,Virgen,0.3674205616116524,8.0,True,True,True,0.2008572161661254
2025-05-12,0.5854583333333333,0.0030372254898110374,288.0,Virgen,0.36641203612089157,8.0,True,True,True,0.21904629721244173
2025-05-13,0.5861770833333333,0.0062963870924619214,288.0,Virgen,0.3677746392786503,8.0,True,True,True,0.218402444054683
2025-05-14,0.5692395833333332,0.003210646894992078,288.0,Virgen,0.36514483392238617,8.0,True,True,True,0.20409474941094707
2025-05-15,0.5613298611111112,0.001545661788334536,288.0,Virgen,0.36433545872569084,8.0,True,True,True,0.19699440238542032
2025-05-16,0.5582152777777778,0.000411730341109604,288.0,Virgen,0.36554983258247375,8.0,True,True,True,0.19266544519530404
2025-05-17,0.5778645833333332,0.007400376379447899,288.0,Virgen,0.36793392151594156,8.0,True,True,True,0.20993066181739167
2025-05-18,0.58446875,0.011993860036344643,288.0,Virgen,0.37557109817862505,8.0,True,True,True,0.20889765182137493
2025-05-19,0.5910208333333333,0.0072197645390968046,288.0,Virgen,0.38216791301965714,8.0,True,True,True,0.2088529203136762
2025-05-20,0.5827326388888889,0.007257919666822518,288.0,Virgen,0.38131167367100716,8.0,True,True,True,0.20142096521788178
2025-05-21,0.5657256944444444,0.0028082319639684433,288.0,Virgen,0.37754175439476967,8.0,True,True,True,0.18818394004967476
2025-05-22,0.5599618055555555,0.001193156825168756,288.0,Virgen,0.37457412481307983,8.0,True,True,True,0.1853876807424757
2025-05-23,0.5561458333333333,0.0012520018813090882,288.0,Virgen,0.37567198276519775,8.0,True,True,True,0.18047385056813559
2025-05-24,0.5526770833333334,0.0009716696897926034,288.0,Virgen,0.3738052546977997,8.0,True,True,True,0.17887182863553375
2025-05-25,0.5505,0.0011952286093344414,288.0,Virgen,0.37429457157850266,8.0,True,True,True,0.17620542842149733
2025-05-26,0.5626909722222222,0.002126239362115639,288.0,Virgen,0.37471488118171686,8.0,True,True,True,0.18797609104050533
2025-05-27,0.5622048611111111,0.0012863707888578148,288.0,Virgen,0.37109339982271194,8.0,True,True,True,0.19111146128839918
2025-05-28,0.5578958333333334,0.0013131272352244487,288.0,Virgen,0.3669173307716846,8.0,True,True,True,0.19097850256164878
2025-05-29,0.5538611111111111,0.0011663762704789758,288.0,Virgen,0.3648897707462311,8.0,True,True,True,0.18897134036488006
2025-05-30,0.55078125,0.0007448282780366892,288.0,Virgen,0.36328013241291046,8.0,True,True,True,0.18750111758708954
2025-05-31,0.54871875,0.00045039181548561157,288.0,Virgen,0.36550530791282654,8.0,True,True,True,0.1832134420871735
2025-06-01,0.5471597222222223,0.0008361450822250333,288.0,Virgen,0.364909827709198,8.0,True,True,True,0.1822498945130243
2025-06-02,0.5444409722222222,0.0010932107998387602,288.0,Virgen,0.3606879711151123,8.0,True,True,True,0.1837530011071099
2025-06-03,0.542232638888889,0.00042324939495429377,288.0,Virgen,0.35609799623489374,8.0,True,True,True,0.1861346426539952
2025-06-04,0.5537395833333334,0.008994281719989736,288.0,Virgen,0.35520796477794647,8.0,True,True,True,0.19853161855538692
2025-06-05,0.5649409722222222,0.00023608691320063573,288.0,Virgen,0.35724825412034983,8.0,True,True,True,0.20769271810187234
2025-06-06,0.5627342657342658,0.0009584420761568015,286.0,Virgen,0.35898009687662125,8.0,True,True,True,0.20375416885764452
2025-06-07,0.5593819444444444,0.0012687425681435433,288.0,Virgen,0.3584918715059757,8.0,True,True,True,0.20089007293846872
2025-06-08,0.5554027777777778,0.0010645994777407728,288.0,Virgen,0.3563542626798153,8.0,True,True,True,0.1990485150979625
2025-06-09,0.5595173611111111,0.004193870255007031,288.0,Virgen,0.35764726251363754,8.0,True,True,True,0.2018700985974735
2025-06-10,0.5653923611111111,0.0007620419900372244,288.0,Virgen,0.36132813617587084,8.0,True,True,True,0.2040642249352403
2025-06-11,0.5614409722222222,0.001719934898470183,288.0,Virgen,0.36140286549925804,8.0,True,True,True,0.20003810672296418
2025-06-12,0.5561006944444444,0.0014722518970853146,288.0,Virgen,0.35873671993613243,8.0,True,True,True,0.197363974508312
2025-06-13,0.5515798611111111,0.0012717284932065363,288.0,Virgen,0.3599729873239994,8.0,True,True,True,0.19160687378711172
2025-06-14,0.5474548611111111,0.0012870477717262978,288.0,Virgen,0.3606453090906143,8.0,True,True,True,0.18680955202049676
2025-06-15,0.5440138888888889,0.0007323877337102697,288.0,Virgen,0.3640815392136573,8.0,True,True,True,0.17993234967523158
2025-06-16,0.5445416666666667,0.0012233215764640335,288.0,Virgen,0.3683992698788643,8.0,True,True,True,0.1761423967878024
2025-06-17,0.5546701388888889,0.0037674856884529428,288.0,Virgen,0.366857998073101,8.0,True,True,True,0.18781214081578795
2025-06-18,0.559,0.0,288.0,Virgen,0.36612556502223015,8.0,True,True,True,0.1928744349777699
2025-06-19,0.5581180555555556,0.0008594344447642729,288.0,Virgen,0.3649893142282962,8.0,True,True,True,0.19312874132725938
2025-06-20,0.57075,0.015182972307279368,288.0,Virgen,0.36467526108026505,8.0,True,True,True,0.20607473891973493
2025-06-21,0.5846076388888889,0.005319303874461873,288.0,Virgen,0.36332717910408974,8.0,True,True,True,0.22128045978479916
2025-06-22,0.5691319444444445,0.003593929313895824,288.0,Virgen,0.3629631102085113,8.0,True,True,True,0.20616883423593318
2025-06-23,0.559857638888889,0.00211775569394776,288.0,Virgen,0.35906538367271423,8.0,True,True,True,0.20079225521617472
2025-06-24,0.5541006944444445,0.0016507625321861106,288.0,Virgen,0.35896698385477066,8.0,True,True,True,0.19513371058967388
2025-06-25,0.5498506944444445,0.0007843856450167898,288.0,Virgen,0.36367829144001007,8.0,True,True,True,0.18617240300443438
2025-06-26,0.5486527777777778,0.0004769158238708952,288.0,Virgen,0.3679871633648872,8.0,True,True,True,0.18066561441289058
2025-06-27,0.5506111111111112,0.001634178121856318,288.0,Virgen,0.37243662029504776,8.0,True,True,True,0.1781744908160634
2025-06-28,0.5542812500000001,0.0004503918154856857,288.0,Virgen,0.37174195423722267,8.0,True,True,True,0.1825392957627774
2025-06-29,0.5533923611111111,0.0004891263435411163,288.0,Virgen,0.3687257245182991,8.0,True,True,True,0.18466663659281202
2025-06-30,0.5548402777777778,0.003273083543198741,288.0,Virgen,0.36608783900737757,8.0,True,True,True,0.1887524387704002
2025-07-01,0.57728125,0.010265503062971722,288.0,Virgen,0.36353385075926775,8.0,True,True,True,0.21374739924073222
2025-07-02,0.5981562500000001,0.00670585805322224,288.0,Virgen,0.3644760400056839,8.0,True,True,True,0.23368020999431616
2025-07-03,0.5998680555555556,0.004621939089239241,288.0,Virgen,0.36444767564535135,8.0,True,True,True,0.2354203799102042
2025-07-04,0.5818993055555555,0.004469049529514327,288.0,Virgen,0.36095115542411804,8.0,True,True,True,0.22094815013143743
2025-07-05,0.571267361111111,0.002280360930570992,288.0,Virgen,0.3585824519395828,8.0,True,True,True,0.21268490917152816
2025-07-06,0.5646979166666666,0.001783312845193814,288.0,Virgen,0.35526520013809204,8.0,True,True,True,0.20943271652857454
2025-07-07,0.559625,0.0016267579609195685,288.0,Virgen,0.3529867604374885,8.0,True,True,True,0.20663823956251154
2025-07-08,0.5551736111111112,0.001217353393135317,288.0,Virgen,0.3510995991528034,8.0,True,True,True,0.20407401195830777
2025-07-09,0.5645034722222222,0.012663976252420588,288.0,Virgen,0.34941894933581347,8.0,True,True,True,0.21508452288640872
2025-07-10,0.5961010452961673,0.004024431370340939,287.0,Virgen,0.3485972583293914,8.0,True,True,True,0.24750378696677583
2025-07-11,0.5992604166666666,0.00394980207240182,288.0,Virgen,0.3485137857496738,8.0,True,True,True,0.25074663091699284
2025-07-12,0.6075555555555555,0.002074493440633266,288.0,Virgen,0.3480019271373749,8.0,True,True,True,0.25955362841818064
2025-07-13,0.5965659722222222,0.005169849109794201,288.0,Virgen,0.3529811985790729,8.0,True,True,True,0.2435847736431493
2025-07-14,0.5786909722222222,0.0042481791663242265,288.0,Virgen,0.35242966189980507,8.0,True,True,True,0.22626131032241714
2025-07-15,0.5672083333333333,0.0027834127900083676,288.0,Virgen,0.34904868528246874,8.0,True,True,True,0.21815964805086457
2025-07-16,0.5596111111111112,0.0019222196487015959,288.0,Virgen,0.3452880121767521,8.0,True,True,True,0.21432309893435908
2025-07-17,0.5544236111111112,0.0012636976941404708,288.0,Virgen,0.34267326816916466,8.0,True,True,True,0.2117503429419465
2025-07-18,0.560857638888889,0.00874317318440843,288.0,Virgen,0.34020453318953514,8.0,True,True,True,0.2206531056993538
2025-07-19,0.58421875,0.003378152160709506,288.0,Virgen,0.33797408640384674,8.0,True,True,True,0.24624466359615327
2025-07-20,0.5813611111111111,0.002786505838681132,288.0,Virgen,0.3386161923408508,8.0,True,True,True,0.24274491877026033
2025-07-21,0.5705624999999999,0.0028778107000090474,288.0,Virgen,0.3408348858356476,8.0,True,True,True,0.22972761416435228
2025-07-22,0.5629444444444444,0.001924635004187261,288.0,Virgen,0.3398773856461048,8.0,True,True,True,0.22306705879833955
2025-07-23,0.5587777777777778,0.0006672471340528042,288.0,Virgen,0.3381915166974067,8.0,True,True,True,0.2205862610803711
2025-07-24,0.5591840277777779,0.0016092573305785255,288.0,Virgen,0.33763414993882174,8.0,True,True,True,0.22154987783895613
2025-07-25,0.5633576388888888,0.0006938334516953822,288.0,Virgen,0.33577368408441544,8.0,True,True,True,0.22758395480447335
2025-07-26,0.5591875000000001,0.0019823920017950063,288.0,Virgen,0.3349982872605323,8.0,True,True,True,0.22418921273946774
2025-07-27,0.5535555555555556,0.001459214517250974,288.0,Virgen,0.3339122422039509,8.0,True,True,True,0.2196433133516047
2025-07-28,0.5495694444444444,0.0011961190306899174,288.0,Virgen,0.33395140990614886,8.0,True,True,True,0.2156180345382956
2025-07-29,0.5457638888888889,0.0012493126255632295,288.0,Virgen,0.3374894931912422,8.0,True,True,True,0.20827439569764672
2025-07-30,0.5424409722222223,0.0008932509777942996,288.0,Virgen,0.3355395868420601,8.0,True,True,True,0.20690138538016223
2025-07-31,0.5395868055555556,0.001125921784360876,288.0,Virgen,0.33434178680181503,8.0,True,True,True,0.20524501875374057
2025-08-01,0.5359722222222223,0.00132751343067902,288.0,Virgen,0.3330897204577923,8.0,True,True,True,0.20288250176443
2025-08-02,0.5326979166666667,0.0011272963400666973,288.0,Virgen,0.33113715797662735,8.0,True,True,True,0.2015607586900393
2025-08-03,0.5301944444444444,0.000701196367171568,288.0,Virgen,0.33314232155680656,8.0,True,True,True,0.19705212288763785
2025-08-04,0.5290381944444444,0.0001919990301143412,288.0,Virgen,0.33361757174134254,8.0,True,True,True,0.1954206227031019
2025-08-05,0.5346006944444445,0.005031288812211523,288.0,Virgen,0.33467313647270197,8.0,True,True,True,0.1999275579717425
2025-08-06,0.5608888888888889,0.00437463565210347,288.0,Virgen,0.3396533541381359,8.0,True,True,True,0.22123553475075297
2025-08-07,0.5619722222222223,0.001443208023786499,288.0,Virgen,0.33927025273442263,8.0,True,True,True,0.2227019694877997
2025-08-08,0.5565381944444445,0.0017977723934872276,288.0,Virgen,0.3368975594639778,8.0,True,True,True,0.2196406349804667
2025-08-09,0.5509791666666667,0.0017248693330299278,288.0,Virgen,0.3368873670697212,8.0,True,True,True,0.21409179959694546
2025-08-10,0.5462534722222222,0.0010232429961605479,288.0,Virgen,0.3343868851661682,8.0,True,True,True,0.211866587056054
2025-08-11,0.54303125,0.0008568615246781371,288.0,Virgen,0.33751891925930977,8.0,True,True,True,0.2055123307406902
2025-08-12,0.5406805555555556,0.0007292091824340869,288.0,Virgen,0.3372645564377308,8.0,True,True,True,0.20341599911782482
2025-08-13,0.5385659722222222,0.0005238111735800915,288.0,Virgen,0.33423791453242296,8.0,True,True,True,0.20432805768979928
2025-08-14,0.5370798611111112,0.0005937044703082549,288.0,Virgen,0.33434609696269035,8.0,True,True,True,0.20273376414842081
2025-08-15,0.5356840277777778,0.00046571112974532744,288.0,Virgen,0.3348026163876056,8.0,True,True,True,0.20088141139017218
2025-08-16,0.535,0.0,288.0,Virgen,0.33856382966041565,8.0,True,True,True,0.19643617033958438
2025-08-17,0.5348923611111112,0.00038100908767848494,288.0,Virgen,0.34050051495432854,8.0,True,True,True,0.19439184615678262
2025-08-18,0.5337430555555556,0.0004455983375596994,288.0,Virgen,0.342519823461771,8.0,True,True,True,0.19122323209378456
2025-08-19,0.5320520833333333,0.0009337249779754172,288.0,Virgen,0.34112169221043587,8.0,True,True,True,0.19093039112289745
2025-08-20,0.5292708333333334,0.0008112342727575356,288.0,Virgen,0.3388966843485832,8.0,True,True,True,0.19037414898475014
2025-08-21,0.5269548611111111,0.0008803174800376554,288.0,Virgen,0.3356339931488037,8.0,True,True,True,0.1913208679623074
2025-08-22,0.5246493055555557,0.0005265754893949065,288.0,Virgen,0.3352029174566269,8.0,True,True,True,0.18944638809892878
2025-08-23,0.5233402777777778,0.0005366458541205832,288.0,Virgen,0.33703507110476494,8.0,True,True,True,0.18630520667301287
2025-08-24,0.522,0.0,288.0,Virgen,0.33730659633874893,8.0,True,True,True,0.1846934036612511
2025-08-25,0.5254270833333333,0.0036884171038142374,288.0,Virgen,0.3374413512647152,8.0,True,True,True,0.18798573206861813
2025-08-26,0.5419791666666667,0.00440773591410622,288.0,Virgen,0.335642796009779,8.0,True,True,True,0.2063363706568877
2025-08-27,0.5590173611111111,0.004614366746201141,288.0,Virgen,0.33765146136283875,8.0,True,True,True,0.22136589974827237
2025-08-28,0.5629895833333333,0.00010170583392829574,288.0,Virgen,0.33552466705441475,8.0,True,True,True,0.22746491627891852
2025-08-29,0.5612951388888889,0.0009104756088447779,288.0,Virgen,0.3336935006082058,8.0,True,True,True,0.22760163828068314
2025-08-30,0.5572708333333334,0.0015266220596112606,288.0,Virgen,0.3321814499795437,8.0,True,True,True,0.2250893833537897
2025-08-31,0.5524027777777778,0.0015676140659781489,288.0,Virgen,0.33049786090850825,8.0,True,True,True,0.22190491686926955
2025-09-01,0.5484652777777778,0.0009906404815499372,288.0,Virgen,0.3296556808054447,8.0,True,True,True,0.21880959697233304
2025-09-02,0.546951388888889,0.0011000783064373004,288.0,Virgen,0.33175364881753916,8.0,True,True,True,0.21519774007134979
2025-09-03,0.5509340277777778,0.0007223329600322588,288.0,Virgen,0.32945641130208964,8.0,True,True,True,0.22147761647568814
2025-09-04,0.5514826388888889,0.0005005682987941206,288.0,Virgen,0.3285520561039447,8.0,True,True,True,0.2229305827849442
2025-09-05,0.5505347222222222,0.0004996611317808161,288.0,Virgen,0.3267212696373462,8.0,True,True,True,0.223813452584876
2025-09-06,0.5489201388888889,0.0003187693804692967,288.0,Virgen,0.32684252411127085,8.0,True,True,True,0.22207761477761806
2025-09-07,0.5475763888888889,0.0005088740198705574,288.0,Virgen,0.32813719660043716,8.0,True,True,True,0.21943919228845177
2025-09-08,0.5454930555555556,0.0010525994223548184,288.0,Virgen,0.32474540919065475,8.0,True,True,True,0.22074764636490085
2025-09-09,0.5426701388888889,0.0007778806068300859,288.0,Virgen,0.3225240893661976,8.0,True,True,True,0.22014604952269134
2025-09-10,0.5410138888888889,0.00011723356543951209,288.0,Virgen,0.3221052624285221,8.0,True,True,True,0.2189086264603668
2025-09-11,0.5436180555555556,0.0011864304075187315,288.0,Virgen,0.31851570308208466,8.0,True,True,True,0.225102352473471
2025-09-12,0.5466562500000001,0.0004757856147672935,288.0,Virgen,0.3175125829875469,8.0,True,True,True,0.22914366701245314
2025-09-13,0.5470104166666667,0.00010170583392830045,288.0,Virgen,0.3176591508090496,8.0,True,True,True,0.22935126585761711
2025-09-14,0.54659375,0.0004919871885814371,288.0,Virgen,0.3133513927459716,8.0,True,True,True,0.23324235725402837
2025-09-15,0.5447430555555557,0.0005813180719154826,288.0,Virgen,0.3120275549590587,8.0,True,True,True,0.23271550059649698
2025-09-16,0.5435763888888889,0.0004949903896735576,288.0,Virgen,0.3088121674954891,8.0,True,True,True,0.2347642213933998
2025-09-17,0.5430104166666667,0.00010170583392829574,288.0,Virgen,0.31120143458247185,8.0,True,True,True,0.23180898208419487
2025-09-18,0.5464409722222222,0.0023351551499074356,288.0,Virgen,0.31417452171444893,8.0,True,True,True,0.23226645050777328
2025-09-19,0.5449548611111111,0.0011512955805282282,288.0,Virgen,0.3136497177183628,8.0,True,True,True,0.23130514339274832
2025-09-20,0.5421354166666668,0.000717425590114842,288.0,Virgen,0.3175598196685314,8.0,True,True,True,0.22457559699813534
2025-09-21,0.5412673611111112,0.0004433527411851139,288.0,Virgen,0.3198026530444622,8.0,True,True,True,0.22146470806664897
2025-09-22,0.543045138888889,0.000647733099969635,288.0,Virgen,0.3248780146241188,8.0,True,True,True,0.21816712426477014
2025-09-23,0.5603888888888888,0.0060429486204521664,288.0,Virgen,0.3259388282895088,8.0,True,True,True,0.23445006059938
2025-09-24,0.5615243055555557,0.0010186926463382282,288.0,Virgen,0.32176031544804573,8.0,True,True,True,0.23976399010750993
2025-09-25,0.5609513888888888,0.0013269118012808245,288.0,Virgen,0.32390474528074265,8.0,True,True,True,0.2370466436081462
2025-09-26,0.5672430555555555,0.002623258414206096,288.0,Virgen,0.3263802081346512,8.0,True,True,True,0.24086284742090436
2025-09-27,0.5691493055555555,0.0013100786756048888,288.0,Virgen,0.3234976604580879,8.0,True,True,True,0.24565164509746762
2025-09-28,0.5643090277777777,0.0016732123205409225,288.0,Virgen,0.32108316943049425,8.0,True,True,True,0.24322585834728344
2025-09-29,0.5596354166666667,0.0012193543016250983,288.0,Virgen,0.3195335902273655,8.0,True,True,True,0.24010182643930122
2025-09-30,0.5557673611111111,0.0014690929606339198,288.0,Virgen,0.3184380084276199,8.0,True,True,True,0.23732935268349126
2025-10-01,0.5516770833333333,0.0011058424981260963,288.0,Virgen,0.3210839778184891,8.0,True,True,True,0.23059310551484424
2025-10-02,0.5483958333333334,0.0010507588099344543,288.0,Virgen,0.31665951386094093,8.0,True,True,True,0.23173631947239248
2025-10-03,0.5462465277777778,0.0004317395644257556,288.0,Virgen,0.31897201389074326,8.0,True,True,True,0.22727451388703457
2025-10-04,0.5455486111111112,0.0004984975490677373,288.0,Virgen,0.32267042621970177,8.0,True,True,True,0.22287818489140943
2025-10-05,0.5435277777777778,0.0009766931653778215,288.0,Virgen,0.3185410052537918,8.0,True,True,True,0.22498677252398602
2025-10-06,0.5410034722222222,0.0008451470972265817,288.0,Virgen,0.3185585029423237,8.0,True,True,True,0.22244496927989854
2025-10-07,0.5394062500000001,0.0006451878963548954,288.0,Virgen,0.31970681995153427,8.0,True,True,True,0.21969943004846582
2025-10-08,0.5374791666666667,0.0006354098241285956,288.0,Virgen,0.3153703846037388,8.0,True,True,True,0.22210878206292795
2025-10-09,0.5351145833333333,0.0009014482153829937,288.0,Virgen,0.31771214678883547,8.0,True,True,True,0.2174024365444978
2025-10-10,0.5327361111111111,0.0006624430668965824,288.0,Virgen,0.32056816294789314,8.0,True,True,True,0.21216794816321793
2025-10-11,0.5330555555555556,0.0009501716535020065,288.0,Virgen,0.32276056334376335,8.0,True,True,True,0.21029499221179226
2025-10-12,0.5391597222222223,0.0065477747843371474,288.0,Virgen,0.32522834092378616,8.0,True,True,True,0.21393138129843614
2025-10-13,0.5665277777777777,0.006250791664921101,288.0,Virgen,0.32981937378644943,8.0,True,True,True,0.2367084039913283
2025-10-14,0.5732083333333332,0.002176449815159871,288.0,Virgen,0.33199578896164894,8.0,True,True,True,0.24121254437168427
2025-10-15,0.5656111111111111,0.002422631710708251,288.0,Virgen,0.32925906777381897,8.0,True,True,True,0.2363520433372921
2025-10-16,0.5586388888888889,0.0019986445271231302,288.0,Virgen,0.3256445713341236,8.0,True,True,True,0.2329943175547653
2025-10-17,0.5555590277777778,0.0004973677324140905,288.0,Virgen,0.32593938335776323,8.0,True,True,True,0.22961964442001453
2025-10-18,0.5531666666666667,0.0010493070552356895,288.0,Virgen,0.32271515950560564,8.0,True,True,True,0.23045150716106105
2025-10-19,0.5500243055555556,0.0008890151562950879,288.0,Virgen,0.32154205068945885,8.0,True,True,True,0.22848225486609675
2025-10-20,0.5471736111111112,0.0009687080451867341,288.0,Virgen,0.3202404417097568,8.0,True,True,True,0.22693316940135438
2025-10-21,0.5446319444444445,0.0008774887177988012,288.0,Virgen,0.3154793940484523,8.0,True,True,True,0.2291525503959922
2025-10-22,0.5417604166666667,0.001117595649080133,288.0,Virgen,0.314326960593462,8.0,True,True,True,0.22743345607320475
2025-10-23,0.5387118055555555,0.0006860477658098094,288.0,Virgen,0.3155681937932968,8.0,True,True,True,0.22314361176225872
2015-03-31,0.6989930555555555,0.009012570800992183,288.0,Chirimachaya,0.34107617288827896,8.0,True,True,True,0.3579168826672765
2015-04-01,0.6816388888888889,0.003877229355084929,288.0,Chirimachaya,0.3382912650704384,8.0,True,True,True,0.3433476238184505
2015-04-02,0.7065347222222222,0.03737071338278009,288.0,Chirimachaya,0.3370664119720459,8.0,True,True,True,0.36946831025017635
2015-04-03,0.7606631944444444,0.0004734404477122456,288.0,Chirimachaya,0.33714212104678154,8.0,True,True,True,0.4235210733976629
2015-04-04,0.7020763888888889,0.022215316266258875,288.0,Chirimachaya,0.33407829701900477,8.0,True,True,True,0.36799809186988414
2015-04-05,0.6748055555555557,0.0021471244128578215,288.0,Chirimachaya,0.33294977620244026,8.0,True,True,True,0.3418557793531154
2015-04-06,0.6700625,0.0013677151016580087,288.0,Chirimachaya,0.3332152552902698,8.0,True,True,True,0.3368472447097302
2015-04-07,0.668357638888889,0.0011837506012117316,288.0,Chirimachaya,0.32965780422091484,8.0,True,True,True,0.33869983466797415
2015-04-08,0.6690173611111112,0.0008325126621011577,288.0,Chirimachaya,0.32685258984565735,8.0,True,True,True,0.34216477126545386
2015-04-09,0.66609375,0.0010698085894771507,288.0,Chirimachaya,0.3244441449642181,8.0,True,True,True,0.34164960503578196
2015-04-10,0.6619305555555556,0.0015148637674177175,288.0,Chirimachaya,0.3217996135354042,8.0,True,True,True,0.34013094202015137
2015-04-11,0.659,0.0,288.0,Chirimachaya,0.31980762630701065,8.0,True,True,True,0.3391923736929894
2015-04-12,0.659,0.0,288.0,Chirimachaya,0.3181369714438915,8.0,True,True,True,0.3408630285561085
2015-04-13,0.6586597222222222,0.0004746272249985764,288.0,Chirimachaya,0.31755680218338966,8.0,True,True,True,0.3411029200388326
2015-04-14,0.6596909722222223,0.003855172789855814,288.0,Chirimachaya,0.318226721137762,8.0,True,True,True,0.34146425108446027
2015-04-15,0.6692847222222222,0.0023423481902828986,288.0,Chirimachaya,0.32288988679647446,8.0,True,True,True,0.3463948354257478
2015-04-16,0.7209444444444445,0.03117865297096743,288.0,Chirimachaya,0.3277098499238491,8.0,True,True,True,0.3932345945205954
2015-04-17,0.7516284722222222,0.01622632250106703,288.0,Chirimachaya,0.33295608311891556,8.0,True,True,True,0.4186723891033066
2015-04-18,0.7614826388888889,0.0011073293899535493,288.0,Chirimachaya,0.34256867319345474,8.0,True,True,True,0.41891396569543415
2015-04-19,0.7611875,0.009305476825757374,288.0,Chirimachaya,0.34181448444724083,8.0,True,True,True,0.4193730155527592
2015-04-20,0.6898055555555556,0.012620031517753816,288.0,Chirimachaya,0.3467244356870651,8.0,True,True,True,0.34308111986849044
2015-04-21,0.6744340277777778,0.0036658070341699495,288.0,Chirimachaya,0.3481735624372959,8.0,True,True,True,0.3262604653404819
2015-04-22,0.6835312500000001,0.0029156066598775444,288.0,Chirimachaya,0.34467072784900665,8.0,True,True,True,0.3388605221509935
2015-04-23,0.6912673611111111,0.008511605767025048,288.0,Chirimachaya,0.3407510593533516,8.0,True,True,True,0.3505163017577595
2015-04-24,0.7376111111111111,0.03171741761155528,288.0,Chirimachaya,0.33760787174105644,8.0,True,True,True,0.40000323937005466
2015-04-25,0.7625416666666667,0.0005128997973197126,288.0,Chirimachaya,0.3345301076769828,8.0,True,True,True,0.42801155898968385
2015-04-26,0.764170138888889,0.0006849888588438229,288.0,Chirimachaya,0.3317985385656356,8.0,True,True,True,0.43237160032325334
2015-04-27,0.7656423611111111,0.0004801393324359329,288.0,Chirimachaya,0.33060277625918383,8.0,True,True,True,0.43503958485192723
2015-04-28,0.7558888888888888,0.012903615413797573,288.0,Chirimachaya,0.3303084783256054,8.0,True,True,True,0.42558041056328344
2015-04-29,0.7015347222222222,0.012135652083448467,288.0,Chirimachaya,0.32929919660091395,8.0,True,True,True,0.3722355256213083
2015-04-30,0.6914166666666666,0.0037537437758183557,288.0,Chirimachaya,0.32735420018434525,8.0,True,True,True,0.3640624664823213
2015-05-01,0.6786180555555555,0.002814835084759539,288.0,Chirimachaya,0.3269275948405266,8.0,True,True,True,0.35169046071502896
2015-05-02,0.6711805555555556,0.001916925448368438,288.0,Chirimachaya,0.3244411051273346,8.0,True,True,True,0.34673945042822096
2015-05-03,0.6874791666666666,0.03700154790057195,288.0,Chirimachaya,0.32740424200892443,8.0,True,True,True,0.3600749246577422
2015-05-04,0.7604166666666666,0.001287841832433458,288.0,Chirimachaya,0.3382371850311756,8.0,True,True,True,0.422179481635491
2015-05-05,0.7637256944444445,0.0005883001589683313,288.0,Chirimachaya,0.33901433274149895,8.0,True,True,True,0.42471136170294554
2015-05-06,0.7213020833333332,0.028058346299066263,288.0,Chirimachaya,0.33811308071017265,8.0,True,True,True,0.3831890026231606
2015-05-07,0.6785381944444445,0.0038561141374187802,288.0,Chirimachaya,0.33425677940249443,8.0,True,True,True,0.3442814150419501
2015-05-08,0.6702777777777779,0.0017105715345564947,288.0,Chirimachaya,0.33098577708005905,8.0,True,True,True,0.3392920006977188
2015-05-09,0.6651145833333333,0.0011525139164131593,288.0,Chirimachaya,0.32790032774209976,8.0,True,True,True,0.3372142555912335
2015-05-10,0.661607638888889,0.0011147775116602072,288.0,Chirimachaya,0.3250723741948604,8.0,True,True,True,0.33653526469402856
2015-05-11,0.6584409722222222,0.0005753245645951272,288.0,Chirimachaya,0.32249271497130394,8.0,True,True,True,0.33594825725091826
2015-05-12,0.6747673611111111,0.01962376192365781,288.0,Chirimachaya,0.3200535774230957,8.0,True,True,True,0.3547137836880154
2015-05-13,0.7430104166666667,0.021672488441027586,288.0,Chirimachaya,0.31791309267282486,8.0,True,True,True,0.4250973239938418
2015-05-14,0.7617881944444445,0.0009519462204658926,288.0,Chirimachaya,0.31669608876109123,8.0,True,True,True,0.4450921056833532
2015-05-15,0.7569895833333333,0.014704874722089143,288.0,Chirimachaya,0.31744033470749855,8.0,True,True,True,0.4395492486258348
2015-05-16,0.6923055555555555,0.010672363461321869,288.0,Chirimachaya,0.3208288662135601,8.0,True,True,True,0.3714766893419954
2015-05-17,0.6940972222222221,0.004790116777063154,288.0,Chirimachaya,0.31985972449183464,8.0,True,True,True,0.3742374977303875
2015-05-18,0.6919236111111111,0.012149521354538848,288.0,Chirimachaya,0.3180510699748993,8.0,True,True,True,0.3738725411362118
2015-05-19,0.6990833333333333,0.01203363462837951,288.0,Chirimachaya,0.31570834666490555,8.0,True,True,True,0.38337498666842773
2015-05-20,0.6771423611111111,0.0028487806514634847,288.0,Chirimachaya,0.3135044574737549,8.0,True,True,True,0.36363790363735626
2015-05-21,0.67640625,0.0030872722588068755,288.0,Chirimachaya,0.31419094651937485,8.0,True,True,True,0.36221530348062514
2015-05-22,0.6783368055555556,0.0025045810718233702,288.0,Chirimachaya,0.3143504597246647,8.0,True,True,True,0.36398634583089096
2015-05-23,0.6722361111111111,0.0011073785544576755,288.0,Chirimachaya,0.3135340176522732,8.0,True,True,True,0.35870209345883797
2015-05-24,0.67084375,0.001015504800579446,288.0,Chirimachaya,0.314302958548069,8.0,True,True,True,0.35654079145193096
2015-05-25,0.6701250000000001,0.004646192851565347,288.0,Chirimachaya,0.3137069419026375,8.0,True,True,True,0.3564180580973626
2015-05-26,0.67896875,0.0027829237564376014,288.0,Chirimachaya,0.3136028945446014,8.0,True,True,True,0.3653658554553986
2015-05-27,0.6713402777777778,0.0014870553858144645,288.0,Chirimachaya,0.3123547993600368,8.0,True,True,True,0.35898547841774103
2015-05-28,0.6673854166666667,0.0010261710400728834,288.0,Chirimachaya,0.31159867346286774,8.0,True,True,True,0.355786743203799
2015-05-29,0.6654722222222222,0.000500096777316665,288.0,Chirimachaya,0.31178560480475426,8.0,True,True,True,0.353686617417468
2015-05-30,0.6646597222222222,0.0005168005895894112,288.0,Chirimachaya,0.3134179040789604,8.0,True,True,True,0.35124181814326183
2015-05-31,0.6631944444444444,0.0005183433511249308,288.0,Chirimachaya,0.314912635833025,8.0,True,True,True,0.34828180861141944
2015-06-01,0.6655625000000001,0.0005107724559353564,288.0,Chirimachaya,0.3138652369379997,8.0,True,True,True,0.35169726306200033
2015-06-02,0.6654826388888889,0.0005005682987939342,288.0,Chirimachaya,0.31209186464548105,8.0,True,True,True,0.35339077424340787
2015-06-03,0.6662604166666667,0.0014715285731047084,288.0,Chirimachaya,0.3099541999399662,8.0,True,True,True,0.3563062167267005
2015-06-04,0.6799305555555555,0.011138127240965166,288.0,Chirimachaya,0.30846651270985603,8.0,True,True,True,0.37146404284569945
2015-06-05,0.7545,0.018617926245969117,288.0,Chirimachaya,0.3085634261369705,8.0,True,True,True,0.44593657386302943
2015-06-06,0.7666319444444444,0.0010995502899406745,288.0,Chirimachaya,0.30886685848236084,8.0,True,True,True,0.45776508596208354
2015-06-07,0.7685486111111112,0.0005122861394342731,288.0,Chirimachaya,0.307885006070137,8.0,True,True,True,0.46066360504097414
2015-06-08,0.7698125,0.0016228711598255188,288.0,Chirimachaya,0.30816689878702164,8.0,True,True,True,0.4616456012129784
2015-06-09,0.7620034722222222,0.020213235782369166,288.0,Chirimachaya,0.30757724493741984,8.0,True,True,True,0.45442622728480236
2015-06-10,0.69209375,0.005776459723204121,288.0,Chirimachaya,0.30732070282101626,8.0,True,True,True,0.3847730471789837
2015-06-11,0.6812777777777779,0.0030851887251203665,288.0,Chirimachaya,0.3077662028372288,8.0,True,True,True,0.3735115749405491
2015-06-12,0.6770138888888889,0.0009219439476799319,288.0,Chirimachaya,0.3086887486279011,8.0,True,True,True,0.36832514026098784
2015-06-13,0.6909756944444445,0.009419534499012516,288.0,Chirimachaya,0.3105011507868767,8.0,True,True,True,0.38047454365756783
2015-06-14,0.6850659722222222,0.005983061610011112,288.0,Chirimachaya,0.3099186010658741,8.0,True,True,True,0.3751473711563481
2015-06-15,0.6734305555555555,0.002177339033130789,288.0,Chirimachaya,0.3097877576947212,8.0,True,True,True,0.3636427978608343
2015-06-16,0.6674027777777778,0.0012115555379448857,288.0,Chirimachaya,0.317106019705534,8.0,True,True,True,0.3502967580722438
2015-06-17,0.6671111111111112,0.002153066401293362,288.0,Chirimachaya,0.3241960443556309,8.0,True,True,True,0.34291506675548034
2015-06-18,0.6703958333333334,0.0007440238091426331,288.0,Chirimachaya,0.3256617598235607,8.0,True,True,True,0.3447340735097727
2015-06-19,0.7451666666666666,0.035802205370726245,288.0,Chirimachaya,0.32195229828357697,8.0,True,True,True,0.4232143683830897
2015-06-20,0.7670277777777778,0.0012848321488790897,288.0,Chirimachaya,0.31818519532680506,8.0,True,True,True,0.4488425824509727
2015-06-21,0.7700312500000001,0.000592398861536401,288.0,Chirimachaya,0.3160570412874222,8.0,True,True,True,0.4539742087125779
2015-06-22,0.735125,0.03069925489113854,288.0,Chirimachaya,0.3153988309204578,8.0,True,True,True,0.41972616907954224
2015-06-23,0.6837152777777777,0.00468322411121657,288.0,Chirimachaya,0.31261328607797617,8.0,True,True,True,0.37110199169980157
2015-06-24,0.6953229166666667,0.031592956077160006,288.0,Chirimachaya,0.31016510725021357,8.0,True,True,True,0.3851578094164531
2015-06-25,0.7646458333333334,0.0014837975105333387,288.0,Chirimachaya,0.30749750882387156,8.0,True,True,True,0.4571483245094618
2015-06-26,0.7681493055555556,0.00091175035764923,288.0,Chirimachaya,0.30477941408753395,8.0,True,True,True,0.46336989146802166
2015-06-27,0.7706736111111111,0.00046970761327314595,288.0,Chirimachaya,0.30269482731819153,8.0,True,True,True,0.4679787837929196
2015-06-28,0.7702847222222222,0.0026925194979074583,288.0,Chirimachaya,0.30100253969430923,8.0,True,True,True,0.469282182527913
2015-06-29,0.7083715277777778,0.010569703355186815,288.0,Chirimachaya,0.29956697300076485,8.0,True,True,True,0.40880455477701294
2015-06-30,0.6862395833333333,0.00436667326071629,288.0,Chirimachaya,0.29932361841201777,8.0,True,True,True,0.3869159649213156
2015-07-01,0.6766388888888889,0.002083989443722871,288.0,Chirimachaya,0.29803795740008354,8.0,True,True,True,0.37860093148880536
2015-07-02,0.6705729166666666,0.0015997264030014465,288.0,Chirimachaya,0.2970777228474617,8.0,True,True,True,0.37349519381920493
2015-07-03,0.6655104166666667,0.0017649004769051376,288.0,Chirimachaya,0.2960117645561695,8.0,True,True,True,0.36949865211049715
2015-07-04,0.6611631944444445,0.0009970861049757038,288.0,Chirimachaya,0.29457554221153254,8.0,True,True,True,0.36658765223291195
2015-07-05,0.7177743055555555,0.04659568589222517,288.0,Chirimachaya,0.2934839390218258,8.0,True,True,True,0.42429036653372976
2015-07-06,0.7608888888888888,0.0010891361606615833,288.0,Chirimachaya,0.2928409948945045,8.0,True,True,True,0.46804789399438435
2015-07-07,0.7633194444444444,0.0005098715801668098,288.0,Chirimachaya,0.29307598993182177,8.0,True,True,True,0.47024345451262267
2015-07-08,0.7643888888888889,0.000988513198197987,288.0,Chirimachaya,0.2918924465775489,8.0,True,True,True,0.47249644231133997
2015-07-09,0.7477118055555556,0.02293705064298803,288.0,Chirimachaya,0.29048205912113184,8.0,True,True,True,0.45722974643442377
2015-07-10,0.7129027777777778,0.01479420709891697,288.0,Chirimachaya,0.28936148062348366,8.0,True,True,True,0.4235412971542941
2015-07-11,0.7027916666666667,0.010799970963956304,288.0,Chirimachaya,0.2885019704699516,8.0,True,True,True,0.41428969619671513
2015-07-12,0.6857673611111111,0.0011588369671921557,288.0,Chirimachaya,0.28783205151557917,8.0,True,True,True,0.39793530959553197
2015-07-13,0.6872430555555555,0.0033155667638495286,288.0,Chirimachaya,0.28827453404664993,8.0,True,True,True,0.3989685215089056
2015-07-14,0.6767673611111111,0.002579342483298199,288.0,Chirimachaya,0.28584589809179306,8.0,True,True,True,0.39092146301931807
2015-07-15,0.6695763888888889,0.0019383525499300093,288.0,Chirimachaya,0.2857208549976349,8.0,True,True,True,0.38385553389125404
2015-07-16,0.6667118055555555,0.0008696986964959499,288.0,Chirimachaya,0.2856135591864586,8.0,True,True,True,0.38109824636909695
2015-07-17,0.6686388888888889,0.00048115875104668484,288.0,Chirimachaya,0.2837160676717758,8.0,True,True,True,0.3849228212171131
2015-07-18,0.6679791666666667,0.0003909917703225554,288.0,Chirimachaya,0.2828536592423916,8.0,True,True,True,0.3851255074242751
2015-07-19,0.6755243055555556,0.0033764040110275165,288.0,Chirimachaya,0.2823771201074123,8.0,True,True,True,0.39314718544814337
2015-07-20,0.67359375,0.001837917271116972,288.0,Chirimachaya,0.28203681111335754,8.0,True,True,True,0.39155693888664245
2015-07-21,0.6688958333333335,0.0011088415652047005,288.0,Chirimachaya,0.2802532948553562,8.0,True,True,True,0.38864253847797725
2015-07-22,0.742,0.03606440232393401,288.0,Chirimachaya,0.2827262133359909,8.0,True,True,True,0.4592737866640091
2015-07-23,0.7661111111111112,0.0013646156105711635,288.0,Chirimachaya,0.28617677837610245,8.0,True,True,True,0.47993433273500874
2015-07-24,0.7695069444444445,0.0006357143944632741,288.0,Chirimachaya,0.2853379473090172,8.0,True,True,True,0.48416899713542727
2015-07-25,0.7256388888888888,0.031137015651935385,288.0,Chirimachaya,0.2834285497665405,8.0,True,True,True,0.4422103391223483
2015-07-26,0.6804583333333334,0.0032852218991763628,288.0,Chirimachaya,0.28225182741880417,8.0,True,True,True,0.3982065059145292
2015-07-27,0.674625,0.0015112816168523099,288.0,Chirimachaya,0.2809874042868614,8.0,True,True,True,0.3936375957131386
2015-07-28,0.7541493055555555,0.022808136260015575,288.0,Chirimachaya,0.27957938611507416,8.0,True,True,True,0.4745699194404813
2015-07-29,0.7662951388888889,0.0009218848939244539,288.0,Chirimachaya,0.2793899178504944,8.0,True,True,True,0.4869052210383945
2015-07-30,0.7687777777777778,0.0007028507848089236,288.0,Chirimachaya,0.2793174721300602,8.0,True,True,True,0.4894603056477176
2015-07-31,0.7709131944444444,0.0007054537697772401,288.0,Chirimachaya,0.27862198278307915,8.0,True,True,True,0.49229121166136525
2015-08-01,0.772,0.0,288.0,Chirimachaya,0.2772429659962654,8.0,True,True,True,0.4947570340037346
2015-08-02,0.7453958333333334,0.02709712013961288,288.0,Chirimachaya,0.27494166046380997,8.0,True,True,True,0.4704541728695234
2015-08-03,0.6893333333333334,0.007000248875615562,288.0,Chirimachaya,0.27339417859911913,8.0,True,True,True,0.4159391547342142
2015-08-04,0.677232638888889,0.0015744178664742665,288.0,Chirimachaya,0.27208191528916353,8.0,True,True,True,0.4051507235997254
2015-08-05,0.67253125,0.0012150604722480137,288.0,Chirimachaya,0.2702435627579689,8.0,True,True,True,0.4022876872420311
2015-08-06,0.6684270833333333,0.0013824040439633849,288.0,Chirimachaya,0.26898856461048126,8.0,True,True,True,0.3994385187228521
2015-08-07,0.6642083333333333,0.0014283100806238677,288.0,Chirimachaya,0.26760388538241386,8.0,True,True,True,0.3966044479509194
2015-08-08,0.6600173611111111,0.0011819095080302293,288.0,Chirimachaya,0.2667352966964245,8.0,True,True,True,0.3932820644146866
2015-08-09,0.6562256944444445,0.0009560550862339057,288.0,Chirimachaya,0.26633430644869804,8.0,True,True,True,0.3898913879957464
2015-08-10,0.6567916666666667,0.0010908232993397965,288.0,Chirimachaya,0.265146866440773,8.0,True,True,True,0.39164480022589365
2015-08-11,0.658,0.0,288.0,Chirimachaya,0.2639959342777729,8.0,True,True,True,0.3940040657222271
2015-08-12,0.6575763888888889,0.0004949903896735576,288.0,Chirimachaya,0.2630523443222046,8.0,True,True,True,0.39452404456668433
2015-08-13,0.6569583333333333,0.0002001741402158485,288.0,Chirimachaya,0.2615154832601547,8.0,True,True,True,0.3954428500731786
2015-08-14,0.6560868055555555,0.00028203998722548646,288.0,Chirimachaya,0.2598826624453067,8.0,True,True,True,0.3962041431102488
2015-08-15,0.6693611111111112,0.013337281645371141,288.0,Chirimachaya,0.25864144787192345,8.0,True,True,True,0.41071966323918774
2015-08-16,0.6888784722222222,0.0006952966122573322,288.0,Chirimachaya,0.25762831047177315,8.0,True,True,True,0.43125016175044906
2015-08-17,0.6842743055555556,0.002774529411152257,288.0,Chirimachaya,0.25741710513830185,8.0,True,True,True,0.4268572004172537
2015-08-18,0.6755208333333333,0.002439422876855128,288.0,Chirimachaya,0.25813434273004526,8.0,True,True,True,0.4173864906032881
2015-08-19,0.6695451388888889,0.0011437044683641488,288.0,Chirimachaya,0.2561181522905826,8.0,True,True,True,0.4134269865983063
2015-08-20,0.6663541666666667,0.001094609853650019,288.0,Chirimachaya,0.25439485162496567,8.0,True,True,True,0.411959315041701
2015-08-21,0.6626319444444445,0.001247975518933711,288.0,Chirimachaya,0.25255277752876276,8.0,True,True,True,0.41007916691568175
2015-08-22,0.6587291666666667,0.0013367950126788365,288.0,Chirimachaya,0.25108427926897997,8.0,True,True,True,0.40764488739768673
2015-08-23,0.6544861111111112,0.001386777334099052,288.0,Chirimachaya,0.24982909858226773,8.0,True,True,True,0.40465701252884345
2015-08-24,0.6505277777777778,0.0012684564651984185,288.0,Chirimachaya,0.248731879517436,8.0,True,True,True,0.4017958982603418
2015-08-25,0.6471527777777778,0.000735552549606442,288.0,Chirimachaya,0.24739479273557657,8.0,True,True,True,0.3997579850422012
2015-08-26,0.6450243055555556,0.0008448034658176133,288.0,Chirimachaya,0.24551809579133985,8.0,True,True,True,0.3995062097642157
2015-08-27,0.6422951388888889,0.0008911355838064524,288.0,Chirimachaya,0.24470897577702996,8.0,True,True,True,0.3975861631118589
2015-08-28,0.6397638888888889,0.0008092333973856044,288.0,Chirimachaya,0.24365069344639773,8.0,True,True,True,0.3961131954424912
2015-08-29,0.63953125,0.0008828974117762867,288.0,Chirimachaya,0.24213531427085397,8.0,True,True,True,0.397395935729146
2015-08-30,0.6453506944444445,0.0023146103600507175,288.0,Chirimachaya,0.24050624482333657,8.0,True,True,True,0.4048444496211079
2015-08-31,0.6541180555555556,0.0025770266954841096,288.0,Chirimachaya,0.2388279195874929,8.0,True,True,True,0.4152901359680627
2015-09-01,0.7208715277777777,0.04622043255005543,288.0,Chirimachaya,0.23774857632815835,8.0,True,True,True,0.48312295144961936
2015-09-02,0.7600381944444444,0.001294022522827937,288.0,Chirimachaya,0.23645140044391152,8.0,True,True,True,0.5235867940005329
2015-09-03,0.76334375,0.0007763237542601717,288.0,Chirimachaya,0.2345196325331926,8.0,True,True,True,0.5288241174668074
2015-09-04,0.7334861111111111,0.025378798831308214,288.0,Chirimachaya,0.23393315449357027,8.0,True,True,True,0.4995529566175408
2015-09-05,0.6902638888888889,0.005237876143659972,288.0,Chirimachaya,0.23369621299207205,8.0,True,True,True,0.45656767589681685
2015-09-06,0.680307116104869,0.001363896010909338,267.0,Chirimachaya,0.23265556432306764,8.0,True,True,True,0.4476515517818014
2015-09-07,0.7127655502392344,0.020363937766415395,209.0,Chirimachaya,0.23147314600646496,8.0,True,True,True,0.4812924042327694
2015-09-08,0.70575,0.015611022896480595,224.0,Chirimachaya,0.2298555504530668,8.0,True,True,True,0.47589444954693316
2015-09-09,0.6810208333333334,0.0043680320320199145,288.0,Chirimachaya,0.22880492918193335,8.0,True,True,True,0.45221590415140006
2015-09-10,0.6720381944444446,0.0021222070074025717,288.0,Chirimachaya,0.22939000092446798,8.0,True,True,True,0.4426481935199766
2015-09-11,0.6655347222222222,0.002059779746840927,288.0,Chirimachaya,0.22901759855449194,8.0,True,True,True,0.43651712366773027
2015-09-12,0.6595312500000001,0.0018513755597970004,288.0,Chirimachaya,0.22844092361629004,8.0,True,True,True,0.4310903263837101
2015-09-13,0.6532569444444445,0.002182433918529728,288.0,Chirimachaya,0.22703860513865945,8.0,True,True,True,0.426218339305785
2015-09-14,0.6467777777777778,0.002073373404499432,288.0,Chirimachaya,0.22488723322749135,8.0,True,True,True,0.4218905445502864
2015-09-15,0.6407604166666667,0.0018293662865739098,288.0,Chirimachaya,0.22305004298686978,8.0,True,True,True,0.4177103736797969
2015-09-16,0.6353993055555556,0.001524572095231367,288.0,Chirimachaya,0.22223161719739434,8.0,True,True,True,0.4131676883581612
2015-09-17,0.6304444444444445,0.0016581664773445773,288.0,Chirimachaya,0.22068504057824606,8.0,True,True,True,0.4097594038661984
2015-09-18,0.6259236111111111,0.0011661895490296269,288.0,Chirimachaya,0.22013101726770398,8.0,True,True,True,0.40579259384340705
2015-09-19,0.6229131944444445,0.00076242292375888,288.0,Chirimachaya,0.21973794698715204,8.0,True,True,True,0.40317524745729244
2015-09-20,0.6208472222222222,0.0006659403709212115,288.0,Chirimachaya,0.21992674469947812,8.0,True,True,True,0.40092047752274407
2015-09-21,0.6188958333333333,0.0006701058213794328,288.0,Chirimachaya,0.21882228739559648,8.0,True,True,True,0.4000735459377368
2015-09-22,0.6162881944444444,0.0010544081370847994,288.0,Chirimachaya,0.2182385232299566,8.0,True,True,True,0.39804967121448775
2015-09-23,0.6129583333333334,0.0006506496351611457,288.0,Chirimachaya,0.2163278069347143,8.0,True,True,True,0.39663052639861907
2015-09-24,0.6107743055555556,0.0008721990732530287,288.0,Chirimachaya,0.21407158486545083,8.0,True,True,True,0.3967027206901047
2015-09-25,0.6081493055555556,0.0008924379581225776,288.0,Chirimachaya,0.21377466619014737,8.0,True,True,True,0.3943746393654082
2015-09-26,0.6056145833333333,0.0006939729332299257,288.0,Chirimachaya,0.21443592943251127,8.0,True,True,True,0.391178653900822
2015-09-27,0.6034444444444444,0.0007445764671069139,288.0,Chirimachaya,0.21394578740000722,8.0,True,True,True,0.3894986570444372
2015-09-28,0.6012673611111111,0.0007614702321436643,288.0,Chirimachaya,0.2125886287540197,8.0,True,True,True,0.3886787323570914
2015-09-29,0.5986944444444444,0.0013292620770097528,288.0,Chirimachaya,0.21186769567430014,8.0,True,True,True,0.3868267487701443
2015-09-30,0.5943888888888889,0.001463188781126366,288.0,Chirimachaya,0.2111009433865547,8.0,True,True,True,0.38328794550233414
2015-10-01,0.58975,0.001557269118686193,288.0,Chirimachaya,0.2134052515029907,8.0,True,True,True,0.3763447484970093
2015-10-02,0.5856805555555555,0.001341655214528922,288.0,Chirimachaya,0.21214839443564412,8.0,True,True,True,0.3735321611199114
2015-10-03,0.5819340277777777,0.0008425664456014859,288.0,Chirimachaya,0.21081941016018385,8.0,True,True,True,0.37111461761759384
2015-10-04,0.5832256944444444,0.004184894797220207,288.0,Chirimachaya,0.20934202708303923,8.0,True,True,True,0.37388366736140516
2015-10-05,0.6355902777777778,0.015576455561738792,288.0,Chirimachaya,0.20819025114178652,8.0,True,True,True,0.42740002663599125
2015-10-06,0.6717222222222223,0.012428440153987303,288.0,Chirimachaya,0.20707236230373377,8.0,True,True,True,0.46464985991848856
2015-10-07,0.6783958333333334,0.002243748574485499,288.0,Chirimachaya,0.2057894673198461,8.0,True,True,True,0.4726063660134873
2015-10-08,0.6696562500000001,0.0035568889579568144,288.0,Chirimachaya,0.2045205011963844,8.0,True,True,True,0.46513574880361563
2015-10-09,0.6621388888888888,0.0015953377679609985,288.0,Chirimachaya,0.2040121406316757,8.0,True,True,True,0.4581267482572131
2015-10-10,0.6618784722222223,0.0012392345166990885,288.0,Chirimachaya,0.20323756523430345,8.0,True,True,True,0.4586409069879188
2015-10-11,0.6636562500000001,0.0004757856147673492,288.0,Chirimachaya,0.20273038558661932,8.0,True,True,True,0.46092586441338074
2015-10-12,0.6639652777777778,0.0010878690895600547,288.0,Chirimachaya,0.20246771350502965,8.0,True,True,True,0.46149756427274813
2015-10-13,0.6693854166666667,0.010546763089804916,288.0,Chirimachaya,0.2027166616171598,8.0,True,True,True,0.46666875504950694
2015-10-14,0.751,0.010208283853491415,288.0,Chirimachaya,0.20430733449757096,8.0,True,True,True,0.546692665502429
2015-10-15,0.7598090277777777,0.0010633202351924686,288.0,Chirimachaya,0.21577747538685796,8.0,True,True,True,0.5440315523909197
2015-10-16,0.762795138888889,0.0007580306284079894,288.0,Chirimachaya,0.22265340201556677,8.0,True,True,True,0.5401417368733221
2015-10-17,0.7617326388888889,0.006795267156615085,288.0,Chirimachaya,0.22205638885498044,8.0,True,True,True,0.5396762500339084
2015-10-18,0.7483715277777778,0.01564426474017083,288.0,Chirimachaya,0.22056809253990647,8.0,True,True,True,0.5278034352378713
2015-10-19,0.7330416666666666,0.022769982991551356,288.0,Chirimachaya,0.22032908163964746,8.0,True,True,True,0.5127125850270191
2015-10-20,0.69321875,0.004560556062892767,288.0,Chirimachaya,0.21931656636297697,8.0,True,True,True,0.473902183637023
2015-10-21,0.6838020833333334,0.005391863385375548,288.0,Chirimachaya,0.21743148937821385,8.0,True,True,True,0.4663705939551195
2015-10-22,0.6725937500000001,0.002047747764233465,288.0,Chirimachaya,0.21696791052818293,8.0,True,True,True,0.4556258394718172
2015-10-23,0.6669340277777778,0.0017979338972491147,288.0,Chirimachaya,0.216205732896924,8.0,True,True,True,0.45072829488085375
2015-10-24,0.6620208333333334,0.0013638884256531461,288.0,Chirimachaya,0.21573804877698416,8.0,True,True,True,0.44628278455634923
2015-10-25,0.6601944444444444,0.00044608678360316656,288.0,Chirimachaya,0.2147828713059425,8.0,True,True,True,0.4454115731385019
2015-10-26,0.6606423611111112,0.0004801393324358897,288.0,Chirimachaya,0.2137503139674663,8.0,True,True,True,0.4468920471436449
2015-10-27,0.6583541666666667,0.0009293416800016812,288.0,Chirimachaya,0.21315851807594297,8.0,True,True,True,0.4451956485907237
2015-10-28,0.65490625,0.0012583778480099454,288.0,Chirimachaya,0.21292604133486742,8.0,True,True,True,0.4419802086651326
2015-10-29,0.6513229166666668,0.0010640936500924405,288.0,Chirimachaya,0.21275309473276136,8.0,True,True,True,0.43856982193390537
2015-10-30,0.6492013888888889,0.0009301744702486617,288.0,Chirimachaya,0.21742844209074969,8.0,True,True,True,0.4317729467981392
2015-10-31,0.6463333333333333,0.0010948087832024552,288.0,Chirimachaya,0.22144000045955178,8.0,True,True,True,0.4248933328737815
2015-11-01,0.6436909722222223,0.0005060488737665786,288.0,Chirimachaya,0.22180722840130324,8.0,True,True,True,0.42188374382091903
2015-11-02,0.6415555555555555,0.001134064121839094,288.0,Chirimachaya,0.22001321427524087,8.0,True,True,True,0.42154234128031465
2015-11-03,0.6375937500000001,0.0017102567710717,288.0,Chirimachaya,0.21834249980747697,8.0,True,True,True,0.4192512501925231
2015-11-04,0.6325034722222223,0.001907254194827062,288.0,Chirimachaya,0.21626941859722132,8.0,True,True,True,0.41623405362500093
2015-11-05,0.6269270833333334,0.0019873018056903295,288.0,Chirimachaya,0.2171161342412233,8.0,True,True,True,0.40981094909211
2015-11-06,0.6219166666666667,0.0014289198181457283,288.0,Chirimachaya,0.22015100345015523,8.0,True,True,True,0.4017656632165114
2015-11-07,0.6180972222222222,0.001003960411538609,288.0,Chirimachaya,0.22628186456859106,8.0,True,True,True,0.3918153576536311
2015-11-08,0.6142673611111111,0.0015419942678574008,288.0,Chirimachaya,0.22428870946168897,8.0,True,True,True,0.38997865164942214
2015-11-09,0.6106527777777777,0.0007163539549502329,288.0,Chirimachaya,0.22330209426581854,8.0,True,True,True,0.38735068351195917
2015-11-10,0.6138680555555556,0.0009999758030366807,288.0,Chirimachaya,0.22239791974425313,8.0,True,True,True,0.3914701358113024
2015-11-11,0.6158576388888889,0.00035002834352353905,288.0,Chirimachaya,0.22014061734080312,8.0,True,True,True,0.39571702154808575
2015-11-12,0.61671875,0.00045039181548554033,288.0,Chirimachaya,0.21869564242660994,8.0,True,True,True,0.39802310757339004
2015-11-13,0.6165763888888889,0.0004949903896737303,288.0,Chirimachaya,0.2180003393441438,8.0,True,True,True,0.39857604954474507
2015-11-14,0.616,0.0,288.0,Chirimachaya,0.21653817035257814,8.0,True,True,True,0.39946182964742183
2015-11-15,0.6152118055555555,0.00040929897198829475,288.0,Chirimachaya,0.21593000739812848,8.0,True,True,True,0.39928179815742704
2015-11-16,0.6146875,0.0004643192161592512,288.0,Chirimachaya,0.21588836610317225,8.0,True,True,True,0.3987991338968278
2015-11-17,0.6141736111111111,0.0005122861394343429,288.0,Chirimachaya,0.21589844487607476,8.0,True,True,True,0.39827516623503634
2015-11-18,0.6187638888888889,0.006608500608627729,288.0,Chirimachaya,0.21648836880922315,8.0,True,True,True,0.4022755200796657
2015-11-19,0.6377638888888889,0.0018572247517603558,288.0,Chirimachaya,0.21519531868398187,8.0,True,True,True,0.422568570204907
2015-11-20,0.6448784722222222,0.0009890454479852297,288.0,Chirimachaya,0.21397343836724753,8.0,True,True,True,0.43090503385497464
2015-11-21,0.646795138888889,0.00866305246604354,288.0,Chirimachaya,0.2131505701690912,8.0,True,True,True,0.43364456871979773
2015-11-22,0.7426145833333333,0.015856962852511203,288.0,Chirimachaya,0.21699612028896803,8.0,True,True,True,0.5256184630443652
2015-11-23,0.7149895833333333,0.023081356546677475,288.0,Chirimachaya,0.21896072477102274,8.0,True,True,True,0.49602885856231055
2015-11-24,0.7532222222222222,0.0012350538898056461,288.0,Chirimachaya,0.22334777750074858,8.0,True,True,True,0.5298744447214736
2015-11-25,0.7568715277777778,0.0008269134241696597,288.0,Chirimachaya,0.22767460159957403,8.0,True,True,True,0.5291969261782037
2015-11-26,0.7541909722222222,0.010876964202892449,288.0,Chirimachaya,0.227367416024208,8.0,True,True,True,0.5268235561980141
2015-11-27,0.6936111111111111,0.011325166149252438,288.0,Chirimachaya,0.22508807666599748,8.0,True,True,True,0.46852303444511356
2015-11-28,0.6788263888888889,0.003909837251416012,288.0,Chirimachaya,0.22363032959401605,8.0,True,True,True,0.45519605929487283
2015-11-29,0.6701006944444444,0.002497441102332521,288.0,Chirimachaya,0.22321372665464875,8.0,True,True,True,0.44688696778979564
2015-11-30,0.6634027777777778,0.0018205924082548266,288.0,Chirimachaya,0.22167393937706945,8.0,True,True,True,0.4417288384007083
2015-12-01,0.6591180555555556,0.0007180745429045228,288.0,Chirimachaya,0.22089841030538077,8.0,True,True,True,0.4382196452501748
2015-12-02,0.67528125,0.006135581594132688,288.0,Chirimachaya,0.22015572153031823,8.0,True,True,True,0.4551255284696818
2015-12-03,0.6730243055555556,0.004461539031154823,288.0,Chirimachaya,0.22047073394060132,8.0,True,True,True,0.45255357161495424
2015-12-04,0.6634826388888889,0.0020258892265725293,288.0,Chirimachaya,0.21877721324563024,8.0,True,True,True,0.44470542564325866
2015-12-05,0.6581493055555555,0.001397583605436199,288.0,Chirimachaya,0.21755641326308245,8.0,True,True,True,0.44059289229247306
2015-12-06,0.6531111111111111,0.0019951547968943234,288.0,Chirimachaya,0.21694267541170115,8.0,True,True,True,0.43616843569940994
2015-12-07,0.6477291666666667,0.001651601482333468,288.0,Chirimachaya,0.21612628735601896,8.0,True,True,True,0.4316028793106477
2015-12-08,0.6427430555555556,0.001492123467711705,288.0,Chirimachaya,0.21471404470503327,8.0,True,True,True,0.42802901085052225
2015-12-09,0.6383263888888888,0.001134384120374798,288.0,Chirimachaya,0.21410524472594258,8.0,True,True,True,0.4242211441629462
2015-12-10,0.6348854166666666,0.0008289591937769036,288.0,Chirimachaya,0.21452582627534864,8.0,True,True,True,0.420359590391318
2015-12-11,0.6318888888888889,0.0010231543159084564,288.0,Chirimachaya,0.2149070035666227,8.0,True,True,True,0.4169818853222662
2015-12-12,0.6286666666666667,0.001322546377205983,288.0,Chirimachaya,0.21385350637137887,8.0,True,True,True,0.4148131602952878
2015-12-13,0.6244131944444444,0.0015024136923052198,288.0,Chirimachaya,0.21280304156243798,8.0,True,True,True,0.4116101528820064
2015-12-14,0.6211388888888889,0.0007476896923943927,288.0,Chirimachaya,0.21255942061543462,8.0,True,True,True,0.40857946827345426
2015-12-15,0.62740625,0.007878756501312086,288.0,Chirimachaya,0.2238515820354223,8.0,True,True,True,0.40355466796457773
2015-12-16,0.6411354166666666,0.0010554632221165072,288.0,Chirimachaya,0.23022023960947985,8.0,True,True,True,0.4109151770571868
2015-12-17,0.64246875,0.0004998911031240151,288.0,Chirimachaya,0.22797211259603495,8.0,True,True,True,0.4144966374039651
2015-12-18,0.6419479166666666,0.00022258185668834615,288.0,Chirimachaya,0.22714138776063916,8.0,True,True,True,0.4148065289060274
2015-12-19,0.6412291666666667,0.00042102827501523795,288.0,Chirimachaya,0.2282467447221279,8.0,True,True,True,0.4129824219445388
2015-12-20,0.6408055555555555,0.00039646131187750545,288.0,Chirimachaya,0.22725068964064118,8.0,True,True,True,0.4135548659149143
2015-12-21,0.6394722222222222,0.00050009677731629,288.0,Chirimachaya,0.2250147238373756,8.0,True,True,True,0.4144574983848466
2015-12-22,0.6373472222222223,0.000943116964634523,288.0,Chirimachaya,0.22343929670751092,8.0,True,True,True,0.41390792551471134
2015-12-23,0.6350069444444445,0.0006983956505504775,288.0,Chirimachaya,0.22256337292492387,8.0,True,True,True,0.4124435715195206
2015-12-24,0.6334097222222222,0.00049263841252741,288.0,Chirimachaya,0.22251047380268568,8.0,True,True,True,0.41089924841953657
2015-12-25,0.6315972222222223,0.0009394152265460975,288.0,Chirimachaya,0.22203611023724074,8.0,True,True,True,0.4095611119849815
2015-12-26,0.6294826388888889,0.0006881606915808794,288.0,Chirimachaya,0.22118703834712503,8.0,True,True,True,0.40829560054176384
2015-12-27,0.6274965277777778,0.0007650841491779295,288.0,Chirimachaya,0.21977124735713,8.0,True,True,True,0.40772528042064776
2015-12-28,0.6251006944444444,0.0008676932073776169,288.0,Chirimachaya,0.21845438517630095,8.0,True,True,True,0.40664630926814344
2015-12-29,0.6226215277777778,0.001004773498455023,288.0,Chirimachaya,0.21726176328957078,8.0,True,True,True,0.405359764488207
2015-12-30,0.6199409722222222,0.0007512974324313477,288.0,Chirimachaya,0.21591759659349916,8.0,True,True,True,0.40402337562872304
2015-12-31,0.6182256944444444,0.000502016356297086,288.0,Chirimachaya,0.21508372761309144,8.0,True,True,True,0.40314196683135295
2016-01-01,0.6164409722222222,0.0007443083166980213,288.0,Chirimachaya,0.2136720586568117,8.0,True,True,True,0.40276891356541045
2016-01-02,0.6138576388888889,0.00123418665743113,288.0,Chirimachaya,0.21343351714313027,8.0,True,True,True,0.4004241217457586
2016-01-03,0.6094375,0.0018259406434627736,288.0,Chirimachaya,0.21450890973210332,8.0,True,True,True,0.3949285902678966
2016-01-04,0.6034895833333334,0.0024179704320882517,288.0,Chirimachaya,0.21483832411468026,8.0,True,True,True,0.38865125921865307
2016-01-05,0.5962465277777778,0.0026565916492495463,288.0,Chirimachaya,0.215343227609992,8.0,True,True,True,0.38090330016778573
2016-01-06,0.5893923611111112,0.0016951079379818978,288.0,Chirimachaya,0.21520125493407247,8.0,True,True,True,0.37419110617703866
2016-01-07,0.5844722222222223,0.0013275134306791531,288.0,Chirimachaya,0.21514631435275075,8.0,True,True,True,0.3693259078694715
2016-01-08,0.5799895833333333,0.0014967662587891597,288.0,Chirimachaya,0.21727351658046243,8.0,True,True,True,0.3627160667528708
2016-01-09,0.57809375,0.0009526576616020409,288.0,Chirimachaya,0.22082696110010144,8.0,True,True,True,0.3572667888998985
2016-01-10,0.5762013888888888,0.0008519693203414134,288.0,Chirimachaya,0.22167205624282357,8.0,True,True,True,0.35452933264606523
2016-01-11,0.5741736111111111,0.0008938805594206042,288.0,Chirimachaya,0.22125458344817156,8.0,True,True,True,0.35291902766293953
2016-01-12,0.5716319444444444,0.001146097926371328,288.0,Chirimachaya,0.2229887582361698,8.0,True,True,True,0.3486431862082746
2016-01-13,0.5697118055555556,0.00045371045238474584,288.0,Chirimachaya,0.2362539581954479,8.0,True,True,True,0.33345784736010764
2016-01-14,0.569142361111111,0.0007493625501142879,288.0,Chirimachaya,0.24714466370642182,8.0,True,True,True,0.3219976974046892
2016-01-15,0.5689930555555555,8.318802662586345e-05,288.0,Chirimachaya,0.24425880797207353,8.0,True,True,True,0.3247342475834819
2016-01-16,0.5681319444444444,0.0009239102463142151,288.0,Chirimachaya,0.24258360639214513,8.0,True,True,True,0.3255483380522992
2016-01-17,0.5650138888888888,0.0012686853527167931,288.0,Chirimachaya,0.24239302799105641,8.0,True,True,True,0.3226208608978324
2016-01-18,0.5628402777777777,0.0003669859237290005,288.0,Chirimachaya,0.24340339377522463,8.0,True,True,True,0.31943688400255305
2016-01-19,0.5662430555555555,0.012371849876905735,288.0,Chirimachaya,0.24630413390696043,8.0,True,True,True,0.3199389216485951
2016-01-20,0.6315902777777778,0.01794937254712464,288.0,Chirimachaya,0.2538750097155571,8.0,True,True,True,0.37771526806222067
2016-01-21,0.7010590277777777,0.035292308315398785,288.0,Chirimachaya,0.25435497611761093,8.0,True,True,True,0.4467040516601668
2016-01-22,0.7288923611111111,0.021752300786990038,288.0,Chirimachaya,0.2520657368004322,8.0,True,True,True,0.4768266243106789
2016-01-23,0.6833229166666667,0.008230767626065028,288.0,Chirimachaya,0.25051620416343207,8.0,True,True,True,0.4328067125032346
2016-01-24,0.6665902777777778,0.004011157252086504,288.0,Chirimachaya,0.24949957989156243,8.0,True,True,True,0.41709069788621533
2016-01-25,0.6728090277777778,0.0315286770923053,288.0,Chirimachaya,0.24933643639087674,8.0,True,True,True,0.4234725913869011
2016-01-26,0.7314513888888888,0.018728513304793415,288.0,Chirimachaya,0.25414663553237915,8.0,True,True,True,0.4773047533565097
2016-01-27,0.67871875,0.008973095432326344,288.0,Chirimachaya,0.25345243141055107,8.0,True,True,True,0.42526631858944897
2016-01-28,0.6599444444444446,0.00412653143828937,288.0,Chirimachaya,0.2511418219655752,8.0,True,True,True,0.40880262247886934
2016-01-29,0.6508090277777777,0.002026390801072091,288.0,Chirimachaya,0.25210613012313837,8.0,True,True,True,0.39870289765463934
2016-01-30,0.6539965277777777,0.00227774915470694,288.0,Chirimachaya,0.2641605623066425,8.0,True,True,True,0.38983596547113525
2016-01-31,0.6643333333333333,0.0010086731892876347,288.0,Chirimachaya,0.27187710627913475,8.0,True,True,True,0.3924562270541986
2016-02-01,0.6604583333333334,0.002397370801436782,288.0,Chirimachaya,0.2714360393583774,8.0,True,True,True,0.38902229397495597
2016-02-02,0.6541006944444444,0.001888973931154757,288.0,Chirimachaya,0.2699747569859028,8.0,True,True,True,0.3841259374585416
2016-02-03,0.6609791666666667,0.03050571860480953,288.0,Chirimachaya,0.2707216255366802,8.0,True,True,True,0.39025754112998645
2016-02-04,0.7495555555555556,0.001405701569617713,288.0,Chirimachaya,0.2813414484262466,8.0,True,True,True,0.46821410712930905
2016-02-05,0.7528541666666667,0.0008345229603963488,288.0,Chirimachaya,0.29430505260825157,8.0,True,True,True,0.45854911405841514
2016-02-06,0.7565277777777778,0.0006878177828185347,288.0,Chirimachaya,0.2902906946837902,8.0,True,True,True,0.4662370830939876
2016-02-07,0.7431354166666666,0.020838663371602967,288.0,Chirimachaya,0.28789162263274193,8.0,True,True,True,0.4552437940339247
2016-02-08,0.6929444444444444,0.008487151820943674,288.0,Chirimachaya,0.28664249926805496,8.0,True,True,True,0.4063019451763894
2016-02-09,0.7556041666666666,0.006876429214762806,288.0,Chirimachaya,0.2868463508784771,8.0,True,True,True,0.46875781578818954
2016-02-10,0.7594444444444445,0.0004977689286309044,288.0,Chirimachaya,0.2891308479011059,8.0,True,True,True,0.4703135965433386
2016-02-11,0.7606458333333334,0.00047909249287024014,288.0,Chirimachaya,0.29046184569597244,8.0,True,True,True,0.4701839876373609
2016-02-12,0.7609652777777778,0.00018339403493026303,288.0,Chirimachaya,0.2934922017157078,8.0,True,True,True,0.46747307606207
2016-02-13,0.7079479166666667,0.02368170310274779,288.0,Chirimachaya,0.2920815050601959,8.0,True,True,True,0.41586641160647075
2016-02-14,0.6755416666666667,0.003856078056664884,288.0,Chirimachaya,0.29038237780332565,8.0,True,True,True,0.38515928886334105
2016-02-15,0.66821875,0.0006813052394251804,288.0,Chirimachaya,0.2886341735720634,8.0,True,True,True,0.3795845764279366
2016-02-16,0.6652986111111112,0.0015328225933206071,288.0,Chirimachaya,0.2869596295058727,8.0,True,True,True,0.3783389816052385
2016-02-17,0.6607847222222223,0.0014150174864751804,288.0,Chirimachaya,0.2863868549466133,8.0,True,True,True,0.374397867275609
2016-02-18,0.6566388888888889,0.0010566603831465916,288.0,Chirimachaya,0.28593528643250465,8.0,True,True,True,0.37070360245638423
2016-02-19,0.6534895833333334,0.0010883749834174933,288.0,Chirimachaya,0.28597238287329674,8.0,True,True,True,0.36751720046003666
2016-02-20,0.6506805555555556,0.0007888842540198668,288.0,Chirimachaya,0.28431844338774676,8.0,True,True,True,0.36636211216780884
2016-02-21,0.6481006944444445,0.0008180878979360478,288.0,Chirimachaya,0.2834482081234455,8.0,True,True,True,0.364652486320999
2016-02-22,0.6449652777777778,0.0012034398690378167,288.0,Chirimachaya,0.28422633931040764,8.0,True,True,True,0.36073893846737015
2016-02-23,0.6414756944444444,0.0008870533397517166,288.0,Chirimachaya,0.2900346741080284,8.0,True,True,True,0.351441020336416
2016-02-24,0.6387638888888889,0.0006728804493439875,288.0,Chirimachaya,0.2910155802965164,8.0,True,True,True,0.3477483085923725
2016-02-25,0.63659375,0.0007020843780256823,288.0,Chirimachaya,0.2971712276339531,8.0,True,True,True,0.33942252236604686
2016-02-26,0.6351284722222222,0.0016864354588056144,288.0,Chirimachaya,0.2996564470231533,8.0,True,True,True,0.33547202519906894
2016-02-27,0.6440416666666667,0.0022781342081588103,288.0,Chirimachaya,0.30160904303193087,8.0,True,True,True,0.34243262363473587
2016-02-28,0.646,0.0,288.0,Chirimachaya,0.3008594736456871,8.0,True,True,True,0.3451405263543129
2016-02-29,0.6474583333333334,0.0006717287489717951,288.0,Chirimachaya,0.3079783990979194,8.0,True,True,True,0.33947993423541395
2016-03-01,0.648,0.0,288.0,Chirimachaya,0.3079277500510216,8.0,True,True,True,0.34007224994897844
2016-03-02,0.6476666666666667,0.00047222506888075033,288.0,Chirimachaya,0.30549120530486107,8.0,True,True,True,0.34217546136180566
2016-03-03,0.6464548611111112,0.0004988250810445225,288.0,Chirimachaya,0.3053758069872856,8.0,True,True,True,0.34107905412382555
2016-03-04,0.6485763888888889,0.012105851299884954,288.0,Chirimachaya,0.30810604989528656,8.0,True,True,True,0.34047033899360235
2016-03-05,0.7483402777777778,0.0026016965637210465,288.0,Chirimachaya,0.3136571906507015,8.0,True,True,True,0.43468308712707626
2016-03-06,0.7527673611111111,0.0008542029609014482,288.0,Chirimachaya,0.31976454332470894,8.0,True,True,True,0.43300281778640215
2016-03-07,0.755920138888889,0.0006603852598627895,288.0,Chirimachaya,0.3251095376908779,8.0,True,True,True,0.43081060119801107
2016-03-08,0.7173090277777778,0.028714107820053427,288.0,Chirimachaya,0.32798857614398,8.0,True,True,True,0.3893204516337978
2016-03-09,0.7256909722222222,0.03562569133886476,288.0,Chirimachaya,0.32808762788772583,8.0,True,True,True,0.3976033443344964
2016-03-10,0.7564583333333333,0.0006717287489717966,288.0,Chirimachaya,0.33733435720205307,8.0,True,True,True,0.4191239761312803
2016-03-11,0.7178576388888889,0.03268630136379393,288.0,Chirimachaya,0.3383019492030143,8.0,True,True,True,0.37955568968587455
2016-03-12,0.67515625,0.008557648075980442,288.0,Chirimachaya,0.3370607756078243,8.0,True,True,True,0.3380954743921757
2016-03-13,0.74346875,0.022728186214616326,288.0,Chirimachaya,0.3417638167738914,8.0,True,True,True,0.4017049332261086
2016-03-14,0.7212708333333333,0.030275211223609287,288.0,Chirimachaya,0.34345676377415657,8.0,True,True,True,0.37781406955917674
2016-03-15,0.6716458333333334,0.004084420557337021,288.0,Chirimachaya,0.3383730985224247,8.0,True,True,True,0.3332727348109087
2016-03-16,0.6958090277777778,0.031749042978678074,288.0,Chirimachaya,0.33429189771413803,8.0,True,True,True,0.3615171300636397
2016-03-17,0.7567048611111111,0.0010050624375085501,288.0,Chirimachaya,0.3311123810708523,8.0,True,True,True,0.42559248004025885
2016-03-18,0.7596909722222223,0.000726541441436733,288.0,Chirimachaya,0.3296823501586914,8.0,True,True,True,0.43000862206353085
2016-03-19,0.7610833333333333,0.0007963330593811108,288.0,Chirimachaya,0.3275183066725731,8.0,True,True,True,0.43356502666076024
2016-03-20,0.7587118055555556,0.009462760288028222,288.0,Chirimachaya,0.3267747834324837,8.0,True,True,True,0.43193702212307195
2016-03-21,0.7193159722222222,0.016269533585610094,288.0,Chirimachaya,0.32548896223306656,8.0,True,True,True,0.39382700998915565
2016-03-22,0.6814513888888889,0.005749509733513122,288.0,Chirimachaya,0.32362740114331245,8.0,True,True,True,0.35782398774557644
2016-03-23,0.6691805555555557,0.002031640924739548,288.0,Chirimachaya,0.3213067911565304,8.0,True,True,True,0.3478737643990253
2016-03-24,0.6641041666666667,0.0013904540155425834,288.0,Chirimachaya,0.31850025057792664,8.0,True,True,True,0.3456039160887401
2016-03-25,0.6595625,0.0014202063451194311,288.0,Chirimachaya,0.31587326526641846,8.0,True,True,True,0.3436892347335816
2016-03-26,0.6556458333333334,0.0008988475005628423,288.0,Chirimachaya,0.3138999938964844,8.0,True,True,True,0.341745839436849
2016-03-27,0.6533506944444445,0.0004780180521976638,288.0,Chirimachaya,0.3122200109064579,8.0,True,True,True,0.3411306835379866
2016-03-28,0.6558819444444445,0.006426747816365819,288.0,Chirimachaya,0.3117416389286518,8.0,True,True,True,0.34414030551579267
2016-03-29,0.6707048611111112,0.0033609321309727358,288.0,Chirimachaya,0.3136200085282326,8.0,True,True,True,0.3570848525828786
2016-03-30,0.6811319444444445,0.028789817820598435,288.0,Chirimachaya,0.32141081988811493,8.0,True,True,True,0.35972112455632954
2016-03-31,0.6919722222222222,0.011437723783957299,288.0,Chirimachaya,0.3264000490307808,8.0,True,True,True,0.3655721731914414
2016-04-01,0.69290625,0.0019723425203097243,288.0,Chirimachaya,0.32370638474822044,8.0,True,True,True,0.3691998652517795
2016-04-02,0.6825104166666667,0.00703994792059858,288.0,Chirimachaya,0.3232155740261078,8.0,True,True,True,0.3592948426405589
2016-04-03,0.7321041666666667,0.035908074417355766,288.0,Chirimachaya,0.3396886847913265,8.0,True,True,True,0.39241548187534014
2016-04-04,0.7598541666666666,0.0006622604096383739,288.0,Chirimachaya,0.3395989425480366,8.0,True,True,True,0.42025522411863003
2016-04-05,0.7617673611111111,0.0014667192934807998,288.0,Chirimachaya,0.3400282450020313,8.0,True,True,True,0.42173911610907977
2016-04-06,0.7407951388888888,0.02415793801876768,288.0,Chirimachaya,0.3391295559704304,8.0,True,True,True,0.40166558291845844
2016-04-07,0.7609131944444445,0.0008651798087288406,288.0,Chirimachaya,0.3347456380724907,8.0,True,True,True,0.4261675563719538
2016-04-08,0.7095208333333334,0.029125098136545884,288.0,Chirimachaya,0.33169137313961977,8.0,True,True,True,0.3778294601937136
2016-04-09,0.7141805555555556,0.0171021333623599,288.0,Chirimachaya,0.3288622871041298,8.0,True,True,True,0.3853182684514258
2016-04-10,0.7112916666666667,0.02705920080918947,288.0,Chirimachaya,0.3276025839149952,8.0,True,True,True,0.38368908275167146
2016-04-11,0.7596805555555556,0.00046707299383686005,288.0,Chirimachaya,0.32546295970678324,8.0,True,True,True,0.43421759584877234
2016-04-12,0.736,0.025759677319596927,288.0,Chirimachaya,0.32545679062604904,8.0,True,True,True,0.41054320937395095
2016-04-13,0.7307291666666667,0.029931098285884857,288.0,Chirimachaya,0.32513910531997675,8.0,True,True,True,0.4055900613466899
2016-04-14,0.6759097222222222,0.004878186094660661,288.0,Chirimachaya,0.32396523281931877,8.0,True,True,True,0.35194448940290346
2016-04-15,0.6656180555555555,0.0019380529321035107,288.0,Chirimachaya,0.32187632843852043,8.0,True,True,True,0.3437417271170351
2016-04-16,0.6620833333333334,0.000871539948328643,288.0,Chirimachaya,0.32023170590400696,8.0,True,True,True,0.3418516274293264
2016-04-17,0.6727638888888889,0.009690317097547838,288.0,Chirimachaya,0.3190796822309494,8.0,True,True,True,0.35368420665793954
2016-04-18,0.68715625,0.004345676994046566,288.0,Chirimachaya,0.3165817968547344,8.0,True,True,True,0.3705744531452656
2016-04-19,0.7251979166666667,0.03425421049172136,288.0,Chirimachaya,0.3141593039035797,8.0,True,True,True,0.41103861276308695
2016-04-20,0.7023263888888889,0.028040123034794775,288.0,Chirimachaya,0.3118892051279545,8.0,True,True,True,0.3904371837609344
2016-04-21,0.6701006944444444,0.0028346289822980156,288.0,Chirimachaya,0.3102074936032295,8.0,True,True,True,0.3598932008412149
2016-04-22,0.6629652777777778,0.0016503117409843997,288.0,Chirimachaya,0.30786222591996193,8.0,True,True,True,0.3551030518578159
2016-04-23,0.6615763888888889,0.0013203307637066493,288.0,Chirimachaya,0.3076820820569992,8.0,True,True,True,0.3538943068318897
2016-04-24,0.6861076388888889,0.03969981714710699,288.0,Chirimachaya,0.30912997573614115,8.0,True,True,True,0.3769776631527478
2016-04-25,0.7113125,0.027773089712798002,288.0,Chirimachaya,0.30890365689992905,8.0,True,True,True,0.40240884310007097
2016-04-26,0.6894652777777778,0.006041567042312038,288.0,Chirimachaya,0.3103279061615467,8.0,True,True,True,0.37913737161623107
2016-04-27,0.6913194444444444,0.024533317395086456,288.0,Chirimachaya,0.3101225942373276,8.0,True,True,True,0.3811968502071168
2016-04-28,0.7555590277777777,0.0016580460854648464,288.0,Chirimachaya,0.316074725240469,8.0,True,True,True,0.43948430253730875
2016-04-29,0.7324861111111111,0.03150498795995557,288.0,Chirimachaya,0.3196286857128143,8.0,True,True,True,0.4128574253982968
2016-04-30,0.6762986111111111,0.004030510573844185,288.0,Chirimachaya,0.31751470267772675,8.0,True,True,True,0.35878390843338437
2016-05-01,0.676513888888889,0.0029725482940456856,288.0,Chirimachaya,0.31944313645362854,8.0,True,True,True,0.35707075243526043
2016-05-02,0.6715104166666667,0.002827175706224664,288.0,Chirimachaya,0.3203130960464477,8.0,True,True,True,0.35119732062021897
2016-05-03,0.6636458333333334,0.0018038624838461578,288.0,Chirimachaya,0.3183361701667309,8.0,True,True,True,0.3453096631666025
2016-05-04,0.6583020833333334,0.0013076014027872493,288.0,Chirimachaya,0.3154790997505188,8.0,True,True,True,0.3428229835828146
2016-05-05,0.6552013888888889,0.0004017359736061259,288.0,Chirimachaya,0.3131158761680126,8.0,True,True,True,0.3420855127208763
2016-05-06,0.6545243055555556,0.0015458496317595537,288.0,Chirimachaya,0.3116709142923355,8.0,True,True,True,0.3428533912632201
2016-05-07,0.6652152777777779,0.0015467767742855906,288.0,Chirimachaya,0.3113344684243202,8.0,True,True,True,0.35388080935345767
2016-05-08,0.6656180555555555,0.0009407279246742415,288.0,Chirimachaya,0.3117002472281456,8.0,True,True,True,0.35391780832740993
2016-05-09,0.6725069444444445,0.001025776006261258,288.0,Chirimachaya,0.3110160790383815,8.0,True,True,True,0.36149086540606296
2016-05-10,0.6738854166666667,0.002572447654238675,288.0,Chirimachaya,0.31220522522926325,8.0,True,True,True,0.36168019143740343
2016-05-11,0.6742847222222222,0.0028423457810926914,288.0,Chirimachaya,0.31208615377545357,8.0,True,True,True,0.3621985684467687
2016-05-12,0.6673715277777778,0.001533875926570057,288.0,Chirimachaya,0.30961770191788673,8.0,True,True,True,0.357753825859891
2016-05-13,0.6648194444444445,0.00038531905016756283,288.0,Chirimachaya,0.3098187036812305,8.0,True,True,True,0.35500074076321403
2016-05-14,0.6646354166666667,0.0004821509226324063,288.0,Chirimachaya,0.3098409101366996,8.0,True,True,True,0.3547945065299671
2016-05-15,0.6651909722222222,0.0006996677354231579,288.0,Chirimachaya,0.30766077339649195,8.0,True,True,True,0.3575301988257303
2016-05-16,0.7184965277777777,0.03427791705541306,288.0,Chirimachaya,0.3054897114634514,8.0,True,True,True,0.41300681631432634
2016-05-17,0.7605173611111111,0.0017687898129076388,288.0,Chirimachaya,0.30414535105228424,8.0,True,True,True,0.4563720100588269
2016-05-18,0.7455590277777778,0.026110125695979605,288.0,Chirimachaya,0.303024273365736,8.0,True,True,True,0.4425347544120418
2016-05-19,0.6807152777777778,0.006477151688761314,288.0,Chirimachaya,0.30073714628815645,8.0,True,True,True,0.3799781314896214
2016-05-20,0.6687465277777779,0.002258932349166647,288.0,Chirimachaya,0.29905239865183825,8.0,True,True,True,0.36969412912593963
2016-05-21,0.6637152777777778,0.00126965766432988,288.0,Chirimachaya,0.2976849339902401,8.0,True,True,True,0.36603034378753774
2016-05-22,0.66228125,0.0014605363317313255,288.0,Chirimachaya,0.29575884714722633,8.0,True,True,True,0.3665224028527737
2016-05-23,0.6663715277777779,0.000881965116160774,288.0,Chirimachaya,0.29422278329730034,8.0,True,True,True,0.3721487444804775
2016-05-24,0.6741874999999999,0.01195168481992549,288.0,Chirimachaya,0.2920588590204716,8.0,True,True,True,0.38212864097952837
2016-05-25,0.7513298611111111,0.009309555091867497,288.0,Chirimachaya,0.2909855283796787,8.0,True,True,True,0.4603443327314324
2016-05-26,0.7043923611111111,0.026321429326548566,288.0,Chirimachaya,0.28941841423511505,8.0,True,True,True,0.4149739468759961
2016-05-27,0.6717986111111112,0.0029314582619608515,288.0,Chirimachaya,0.28741228953003883,8.0,True,True,True,0.38438632158107233
2016-05-28,0.6642013888888889,0.0014913448838298734,288.0,Chirimachaya,0.2858406119048595,8.0,True,True,True,0.3783607769840294
2016-05-29,0.6821041666666666,0.012740901652272823,288.0,Chirimachaya,0.2841312363743782,8.0,True,True,True,0.3979729302922884
2016-05-30,0.6974861111111111,0.030880456503800068,288.0,Chirimachaya,0.28949813544750214,8.0,True,True,True,0.407987975663609
2016-05-31,0.7554131944444444,0.0013815986562953364,288.0,Chirimachaya,0.292936023324728,8.0,True,True,True,0.4624771711197164
2016-06-01,0.742017361111111,0.02367380778188285,288.0,Chirimachaya,0.2946318052709102,8.0,True,True,True,0.44738555584020084
2016-06-02,0.6875694444444445,0.00566381358796993,288.0,Chirimachaya,0.2932528220117092,8.0,True,True,True,0.39431662243273524
2016-06-03,0.6999027777777777,0.002710977669138857,288.0,Chirimachaya,0.2948457039892673,8.0,True,True,True,0.40505707378851036
2016-06-04,0.7104479166666667,0.03265494924096979,288.0,Chirimachaya,0.3008004911243915,8.0,True,True,True,0.40964742554227523
2016-06-05,0.7193888888888889,0.032072676858218664,288.0,Chirimachaya,0.300577137619257,8.0,True,True,True,0.4188117512696319
2016-06-06,0.6897013888888889,0.004726793465075279,288.0,Chirimachaya,0.30421164631843567,8.0,True,True,True,0.3854897425704532
2016-06-07,0.6763645833333334,0.003932673262495597,288.0,Chirimachaya,0.3076840452849865,8.0,True,True,True,0.3686805380483469
2016-06-08,0.6684444444444444,0.0011154772905591563,288.0,Chirimachaya,0.3087168484926224,8.0,True,True,True,0.359727595951822
2016-06-09,0.6650486111111111,0.0012512285870929707,288.0,Chirimachaya,0.3092939294874668,8.0,True,True,True,0.3557546816236443
2016-06-10,0.6614375,0.001017058339282966,288.0,Chirimachaya,0.31444199010729784,8.0,True,True,True,0.34699550989270217
2016-06-11,0.6583090277777779,0.0008337324828046041,288.0,Chirimachaya,0.31447675824165344,8.0,True,True,True,0.34383226953612445
2016-06-12,0.6568819444444445,0.0025824293124299146,288.0,Chirimachaya,0.3127610571682453,8.0,True,True,True,0.34412088727619916
2016-06-13,0.7525555555555555,0.008134991548561137,288.0,Chirimachaya,0.3110600635409355,8.0,True,True,True,0.44149549201462
2016-06-14,0.7583090277777778,0.0010908177538195033,288.0,Chirimachaya,0.30822179839015007,8.0,True,True,True,0.4500872293876277
2016-06-15,0.7406770833333334,0.02404735229581475,288.0,Chirimachaya,0.3057412020862102,8.0,True,True,True,0.4349358812471232
2016-06-16,0.7193055555555555,0.027518198673366277,288.0,Chirimachaya,0.30409737676382065,8.0,True,True,True,0.4152081787917349
2016-06-17,0.7599583333333333,0.0012680748941930726,288.0,Chirimachaya,0.3020149953663349,8.0,True,True,True,0.4579433379669984
2016-06-18,0.7627743055555556,0.00041876648591454243,288.0,Chirimachaya,0.30073029920458794,8.0,True,True,True,0.46204400635096765
2016-06-19,0.7630034722222222,0.0021744449632448357,288.0,Chirimachaya,0.29986450821161265,8.0,True,True,True,0.46313896401060956
2016-06-20,0.7656354166666667,0.00048215092263220917,288.0,Chirimachaya,0.29823196306824684,8.0,True,True,True,0.46740345359841984
2016-06-21,0.766625,0.00048496560458504995,288.0,Chirimachaya,0.2965900264680385,8.0,True,True,True,0.4700349735319615
2016-06-22,0.7665173611111111,0.0013065276938468717,288.0,Chirimachaya,0.2952081933617592,8.0,True,True,True,0.47130916774935194
2016-06-23,0.7677152777777778,0.0008567273802698852,288.0,Chirimachaya,0.2937149778008461,8.0,True,True,True,0.4740002999769317
2016-06-24,0.7594340277777778,0.018323149095603442,288.0,Chirimachaya,0.29326050728559494,8.0,True,True,True,0.46617352049218286
2016-06-25,0.693954861111111,0.008578478296068113,288.0,Chirimachaya,0.2919453121721744,8.0,True,True,True,0.40200954893893664
2016-06-26,0.6776597222222223,0.003195517754680846,288.0,Chirimachaya,0.29086293280124664,8.0,True,True,True,0.3867967894209756
2016-06-27,0.6703055555555556,0.0015982472009577718,288.0,Chirimachaya,0.2903343103826046,8.0,True,True,True,0.379971245172951
2016-06-28,0.6673576388888889,0.000871866103992292,288.0,Chirimachaya,0.28832473605871195,8.0,True,True,True,0.37903290283017693
2016-06-29,0.6949375,0.01436032996330728,288.0,Chirimachaya,0.28609409183263773,8.0,True,True,True,0.40884340816736225
2016-06-30,0.6886944444444444,0.007600456411912135,288.0,Chirimachaya,0.28449893370270724,8.0,True,True,True,0.40419551074173715
2016-07-01,0.6735000000000001,0.0022259164029120814,288.0,Chirimachaya,0.2846563011407852,8.0,True,True,True,0.3888436988592149
2016-07-02,0.6681423611111111,0.0010870847670480218,288.0,Chirimachaya,0.28622594103217125,8.0,True,True,True,0.3819164200789399
2016-07-03,0.6656111111111112,0.0006995380368237766,288.0,Chirimachaya,0.2838763706386089,8.0,True,True,True,0.3817347404725023
2016-07-04,0.6630347222222223,0.0008171778958778367,288.0,Chirimachaya,0.28213782608509064,8.0,True,True,True,0.3808968961371316
2016-07-05,0.66015625,0.0008674700890525493,288.0,Chirimachaya,0.28112034127116203,8.0,True,True,True,0.37903590872883797
2016-07-06,0.6573958333333334,0.0007894668072320998,288.0,Chirimachaya,0.2799455150961876,8.0,True,True,True,0.3774503182371458
2016-07-07,0.6551493055555556,0.0005232565579849006,288.0,Chirimachaya,0.2782912291586399,8.0,True,True,True,0.3768580763969157
2016-07-08,0.6554756944444445,0.0020206511017372693,288.0,Chirimachaya,0.2765769995748996,8.0,True,True,True,0.3788986948695449
2016-07-09,0.6605104166666667,0.0006133496027483544,288.0,Chirimachaya,0.27458410337567324,8.0,True,True,True,0.3859263132909934
2016-07-10,0.6618125,0.00039099177032271906,288.0,Chirimachaya,0.27432212978601456,8.0,True,True,True,0.38749037021398547
2016-07-11,0.6615833333333333,0.0004938647983247666,288.0,Chirimachaya,0.2726639397442341,8.0,True,True,True,0.3889193935890992
2016-07-12,0.6603472222222222,0.0004769158238710245,288.0,Chirimachaya,0.27199593186378473,8.0,True,True,True,0.38835129035843746
2016-07-13,0.6589236111111112,0.0006255852853796869,288.0,Chirimachaya,0.27113554254174227,8.0,True,True,True,0.3877880685693689
2016-07-14,0.6573541666666667,0.00047909249287047157,288.0,Chirimachaya,0.2708271332085132,8.0,True,True,True,0.3865270334581535
2016-07-15,0.6563020833333334,0.00045996042096050683,288.0,Chirimachaya,0.2698632180690765,8.0,True,True,True,0.3864388652642569
2016-07-16,0.6552361111111111,0.00042543048271752543,288.0,Chirimachaya,0.2682082802057266,8.0,True,True,True,0.3870278309053845
2016-07-17,0.6534166666666666,0.0005077792052206661,288.0,Chirimachaya,0.26679011806845665,8.0,True,True,True,0.38662654859821
2016-07-18,0.6560381944444446,0.0015712795348677801,288.0,Chirimachaya,0.2671170122921467,8.0,True,True,True,0.3889211821522979
2016-07-19,0.6591770833333334,0.00038240368512500514,288.0,Chirimachaya,0.26670780032873154,8.0,True,True,True,0.3924692830046018
2016-07-20,0.6716597222222223,0.009354171920953513,288.0,Chirimachaya,0.2663699239492416,8.0,True,True,True,0.4052897982729807
2016-07-21,0.6752152777777778,0.0020707459459683515,288.0,Chirimachaya,0.2662915177643299,8.0,True,True,True,0.4089237600134479
2016-07-22,0.6697916666666667,0.0012735584868834578,288.0,Chirimachaya,0.2651227340102195,8.0,True,True,True,0.40466893265644716
2016-07-23,0.666138888888889,0.000934145987674086,288.0,Chirimachaya,0.26363857090473175,8.0,True,True,True,0.4025003179841572
2016-07-24,0.6631875,0.0008176515192726931,288.0,Chirimachaya,0.26272615417838097,8.0,True,True,True,0.4004613458216191
2016-07-25,0.6604965277777778,0.0009806428379039891,288.0,Chirimachaya,0.2614971324801445,8.0,True,True,True,0.3989993952976333
2016-07-26,0.6577465277777779,0.0007752633087100214,288.0,Chirimachaya,0.25986671075224876,8.0,True,True,True,0.3978798170255291
2016-07-27,0.6553888888888889,0.000488346582688954,288.0,Chirimachaya,0.2582198530435562,8.0,True,True,True,0.3971690358453327
2016-07-28,0.655,0.0,288.0,Chirimachaya,0.25789880380034447,8.0,True,True,True,0.39710119619965556
2016-07-29,0.660326388888889,0.006996594354329634,288.0,Chirimachaya,0.2579987049102783,8.0,True,True,True,0.40232768397861063
2016-07-30,0.7393263888888888,0.030239884100286326,288.0,Chirimachaya,0.25654502958059305,8.0,True,True,True,0.48278135930829574
2016-07-31,0.7567534722222222,0.004206969713872715,288.0,Chirimachaya,0.25515484437346453,8.0,True,True,True,0.5015986278487576
2016-08-01,0.7074236111111111,0.015104550788098914,288.0,Chirimachaya,0.25323157384991646,8.0,True,True,True,0.4541920372611946
2016-08-02,0.6800277777777778,0.0038208021202922253,288.0,Chirimachaya,0.2515920400619507,8.0,True,True,True,0.4284357377158271
2016-08-03,0.6722395833333334,0.0009850250708706555,288.0,Chirimachaya,0.25137720257043833,8.0,True,True,True,0.4208623807628951
2016-08-04,0.669,0.0011137405974762761,288.0,Chirimachaya,0.25473058223724365,8.0,True,True,True,0.4142694177627564
2016-08-05,0.6655520833333334,0.0010312516497721236,288.0,Chirimachaya,0.25764558091759676,8.0,True,True,True,0.4079065024157366
2016-08-06,0.6619236111111112,0.0013593391564708432,288.0,Chirimachaya,0.2546887062489986,8.0,True,True,True,0.4072349048621126
2016-08-07,0.6582187500000001,0.0007678622072596659,288.0,Chirimachaya,0.2525970414280891,8.0,True,True,True,0.405621708571911
2016-08-08,0.6574270833333333,0.0004955156044826889,288.0,Chirimachaya,0.2510520648211241,8.0,True,True,True,0.40637501851220925
2016-08-09,0.6579375000000001,0.000242482802292574,288.0,Chirimachaya,0.2494989745318889,8.0,True,True,True,0.40843852546811116
2016-08-10,0.6570520833333333,0.00022258185668828099,288.0,Chirimachaya,0.2478536460548639,8.0,True,True,True,0.4091984372784694
2016-08-11,0.6705277777777778,0.008956296867629387,288.0,Chirimachaya,0.24684765748679632,8.0,True,True,True,0.4236801202909815
2016-08-12,0.6759479166666666,0.0012214955561641488,288.0,Chirimachaya,0.2458083294332027,8.0,True,True,True,0.43013958723346396
2016-08-13,0.6697812500000001,0.002364972872972536,288.0,Chirimachaya,0.24515806138515467,8.0,True,True,True,0.42462318861484544
2016-08-14,0.6641493055555556,0.0014099940211788438,288.0,Chirimachaya,0.2441459000110626,8.0,True,True,True,0.420003405544493
2016-08-15,0.6599965277777778,0.0013369533827543448,288.0,Chirimachaya,0.24217610061168665,8.0,True,True,True,0.4178204271660912
2016-08-16,0.6563020833333334,0.0009234059624178339,288.0,Chirimachaya,0.24038961529731748,8.0,True,True,True,0.4159124680360159
2016-08-17,0.6541840277777777,0.0008456622825277247,288.0,Chirimachaya,0.2392133213579654,8.0,True,True,True,0.4149707064198123
2016-08-18,0.6532777777777778,0.0009659314758046956,288.0,Chirimachaya,0.2378659229725599,8.0,True,True,True,0.4154118548052179
2016-08-19,0.6565659722222222,0.0005034602488997371,288.0,Chirimachaya,0.23667168244719503,8.0,True,True,True,0.4198942897750272
2016-08-20,0.6572777777777778,0.0004486828488780564,288.0,Chirimachaya,0.23548088222742078,8.0,True,True,True,0.42179689555035704
2016-08-21,0.6562465277777778,0.0007996003526538965,288.0,Chirimachaya,0.23429935611784455,8.0,True,True,True,0.42194717165993323
2016-08-22,0.66646875,0.011423998023294205,288.0,Chirimachaya,0.23302251286804673,8.0,True,True,True,0.4334462371319533
2016-08-23,0.6763958333333334,0.0030744960777993424,288.0,Chirimachaya,0.23183560185134408,8.0,True,True,True,0.4445602314819893
2016-08-24,0.6681979166666667,0.0020462583768790375,288.0,Chirimachaya,0.232006037607789,8.0,True,True,True,0.4361918790588777
2016-08-25,0.6629722222222223,0.0015069846416031945,288.0,Chirimachaya,0.23035824857652185,8.0,True,True,True,0.4326139736457004
2016-08-26,0.6586840277777779,0.0009916841125160855,288.0,Chirimachaya,0.22880819626152513,8.0,True,True,True,0.42987583151625275
2016-08-27,0.6563090277777778,0.0007908371777643767,288.0,Chirimachaya,0.2283600885421037,8.0,True,True,True,0.42794893923567406
2016-08-28,0.6541423611111111,0.0008974668074855272,288.0,Chirimachaya,0.22783157788217065,8.0,True,True,True,0.42631078322894045
2016-08-29,0.6513055555555556,0.0011154772905590455,288.0,Chirimachaya,0.22718717530369756,8.0,True,True,True,0.424118380251858
2016-08-30,0.6480659722222222,0.0007507174913631315,288.0,Chirimachaya,0.2263279594480991,8.0,True,True,True,0.42173801277412304
2016-08-31,0.6453506944444445,0.0008626590872036166,288.0,Chirimachaya,0.22564401663839814,8.0,True,True,True,0.4197066778060463
2016-09-01,0.644,0.0,288.0,Chirimachaya,0.22699002921581263,8.0,True,True,True,0.4170099707841874
2016-09-02,0.644,0.0,288.0,Chirimachaya,0.2253087908029556,8.0,True,True,True,0.4186912091970444
2016-09-03,0.644,0.0,288.0,Chirimachaya,0.22405892610549924,8.0,True,True,True,0.41994107389450075
2016-09-04,0.6433437500000001,0.0008114355799128634,288.0,Chirimachaya,0.22297904640436167,8.0,True,True,True,0.42036470359563843
2016-09-05,0.6493472222222222,0.010301259653325009,288.0,Chirimachaya,0.22281074896454808,8.0,True,True,True,0.4265364732576741
2016-09-06,0.6734270833333333,0.0006895657119379865,288.0,Chirimachaya,0.2245301324874162,8.0,True,True,True,0.44889695084591713
2016-09-07,0.6693680555555557,0.0017138360005042675,288.0,Chirimachaya,0.22289412468671793,8.0,True,True,True,0.44647393086883774
2016-09-08,0.6645659722222222,0.0014683021646148564,288.0,Chirimachaya,0.22122445143759248,8.0,True,True,True,0.44334152078462974
2016-09-09,0.6605173611111111,0.0012295904454611274,288.0,Chirimachaya,0.2198673132807016,8.0,True,True,True,0.4406500478304095
2016-09-10,0.6572604166666667,0.0004627924256817586,288.0,Chirimachaya,0.21867485716938967,8.0,True,True,True,0.438585559497277
2016-09-11,0.6835243055555555,0.012335302425446216,288.0,Chirimachaya,0.21794049441814417,8.0,True,True,True,0.4655838111374114
2016-09-12,0.6866736111111111,0.005220343295893258,288.0,Chirimachaya,0.21758884564042089,8.0,True,True,True,0.4690847654706902
2016-09-13,0.6717118055555555,0.003885593807556234,288.0,Chirimachaya,0.21580729633569712,8.0,True,True,True,0.4559045092198584
2016-09-14,0.6924097222222223,0.041566857810222305,288.0,Chirimachaya,0.21808516792953012,8.0,True,True,True,0.47432455429269216
2016-09-15,0.7577395833333334,0.0009434696695823443,288.0,Chirimachaya,0.22424528934061522,8.0,True,True,True,0.5334942939927181
2016-09-16,0.7343020833333332,0.024827819534190033,288.0,Chirimachaya,0.2270071133971214,8.0,True,True,True,0.5072949699362118
2016-09-17,0.6851145833333334,0.006403727885867392,288.0,Chirimachaya,0.22447706200182432,8.0,True,True,True,0.4606375213315091
2016-09-18,0.6837395833333333,0.001637399091233381,288.0,Chirimachaya,0.2229663338512182,8.0,True,True,True,0.46077324948211507
2016-09-19,0.6885034722222223,0.011416718062398669,288.0,Chirimachaya,0.22248559258878228,8.0,True,True,True,0.46601787963344
2016-09-20,0.6997013888888888,0.006642781690445532,288.0,Chirimachaya,0.2222864851355552,8.0,True,True,True,0.47741490375333356
2016-09-21,0.6798368055555556,0.0038406091003525696,288.0,Chirimachaya,0.2209471724927425,8.0,True,True,True,0.45888963306281305
2016-09-22,0.6713819444444444,0.0017005698072635829,288.0,Chirimachaya,0.22002395801246163,8.0,True,True,True,0.45135798643198277
2016-09-23,0.6670381944444445,0.0010568836267003511,288.0,Chirimachaya,0.2190745025873184,8.0,True,True,True,0.44796369185712603
2016-09-24,0.6678472222222223,0.0003792426791364467,288.0,Chirimachaya,0.2187233623117208,8.0,True,True,True,0.44912385991050147
2016-09-25,0.6674375,0.0004969418673368277,288.0,Chirimachaya,0.2174358498305082,8.0,True,True,True,0.4500016501694918
2016-09-26,0.6667604166666667,0.0006844941416589376,288.0,Chirimachaya,0.2153110448271036,8.0,True,True,True,0.45144937183956313
2016-09-27,0.6645069444444445,0.0009332908153582113,288.0,Chirimachaya,0.21434841305017469,8.0,True,True,True,0.45015853139426976
2016-09-28,0.6618020833333333,0.0006404450488740564,288.0,Chirimachaya,0.21363115869462487,8.0,True,True,True,0.44817092463870845
2016-09-29,0.6598368055555556,0.0007017396529032659,288.0,Chirimachaya,0.2136145252734422,8.0,True,True,True,0.44622228028211336
2016-09-30,0.68078125,0.04122341689106089,288.0,Chirimachaya,0.21336675621569154,8.0,True,True,True,0.46741449378430844
2016-10-01,0.7584861111111111,0.0005781878588788078,288.0,Chirimachaya,0.21515898779034612,8.0,True,True,True,0.5433271233207649
2016-10-02,0.7049375,0.018135079199192165,288.0,Chirimachaya,0.21483125351369378,8.0,True,True,True,0.4901062464863062
2016-10-03,0.6762534722222223,0.003986255361125875,288.0,Chirimachaya,0.21510281972587106,8.0,True,True,True,0.46115065249635123
2016-10-04,0.6678159722222223,0.0013681882623297747,288.0,Chirimachaya,0.21403649821877477,8.0,True,True,True,0.45377947400344754
2016-10-05,0.6637916666666667,0.0012402933226186548,288.0,Chirimachaya,0.21302356570959088,8.0,True,True,True,0.45076810095707576
2016-10-06,0.6602743055555557,0.0009723169302913175,288.0,Chirimachaya,0.21353848651051519,8.0,True,True,True,0.44673581904504045
2016-10-07,0.6568333333333334,0.001110607706326821,288.0,Chirimachaya,0.2128608990460634,8.0,True,True,True,0.44397243428726996
2016-10-08,0.6531041666666666,0.0013210636090793023,288.0,Chirimachaya,0.21261623501777646,8.0,True,True,True,0.4404879316488901
2016-10-09,0.6490486111111111,0.0013190106159664474,288.0,Chirimachaya,0.2132663372904062,8.0,True,True,True,0.4357822738207049
2016-10-10,0.6500902777777777,0.0015879037282206315,288.0,Chirimachaya,0.21202985569834704,8.0,True,True,True,0.4380604220794307
2016-10-11,0.6591458333333333,0.0032287229004583024,288.0,Chirimachaya,0.21075442060828203,8.0,True,True,True,0.4483914127250513
2016-10-12,0.6623368055555556,0.0007237385062811531,288.0,Chirimachaya,0.20999062247574327,8.0,True,True,True,0.45234618307981234
2016-10-13,0.6621944444444445,0.0003964613118776241,288.0,Chirimachaya,0.21021428890526292,8.0,True,True,True,0.4519801555391816
2016-10-14,0.6614444444444445,0.0009050980486882529,288.0,Chirimachaya,0.2110425271093845,8.0,True,True,True,0.45040191733505996
2016-10-15,0.6588055555555556,0.001149323556713963,288.0,Chirimachaya,0.20929356850683686,8.0,True,True,True,0.44951198704871875
2016-10-16,0.6550729166666667,0.001319207805256239,288.0,Chirimachaya,0.20915094204246995,8.0,True,True,True,0.4459219746241967
2016-10-17,0.6506180555555556,0.0015794698875961017,288.0,Chirimachaya,0.20940558612346646,8.0,True,True,True,0.44121246943208914
2016-10-18,0.6463472222222222,0.0010547350969134488,288.0,Chirimachaya,0.20784413442015645,8.0,True,True,True,0.4385030878020657
2016-10-19,0.6424375,0.001731925073417121,288.0,Chirimachaya,0.20645060762763018,8.0,True,True,True,0.4359868923723698
2016-10-20,0.6375381944444444,0.001134783991649728,288.0,Chirimachaya,0.20566716045141217,8.0,True,True,True,0.43187103399303217
2016-10-21,0.6339791666666668,0.0010946098536497402,288.0,Chirimachaya,0.204221261665225,8.0,True,True,True,0.42975790500144173
2016-10-22,0.6301215277777777,0.0014322645111458881,288.0,Chirimachaya,0.2044351566582918,8.0,True,True,True,0.42568637111948593
2016-10-23,0.6414965277777778,0.041683726908074786,288.0,Chirimachaya,0.20392437465488908,8.0,True,True,True,0.43757215312288866
2016-10-24,0.7414756944444444,0.020160836726067593,288.0,Chirimachaya,0.20734205096960065,8.0,True,True,True,0.5341336434748437
2016-10-25,0.6869652777777778,0.010272193238522107,288.0,Chirimachaya,0.2116884067654609,8.0,True,True,True,0.4752768710123169
2016-10-26,0.6660659722222222,0.004579056446093209,288.0,Chirimachaya,0.21059492416679856,8.0,True,True,True,0.4554710480554236
2016-10-27,0.6561284722222223,0.0027448060090106046,288.0,Chirimachaya,0.20875120721757406,8.0,True,True,True,0.4473772650046482
2016-10-28,0.6488854166666668,0.002045832638479897,288.0,Chirimachaya,0.20795265585184095,8.0,True,True,True,0.4409327608148258
2016-10-29,0.6430104166666667,0.0017279912710289175,288.0,Chirimachaya,0.2076855320483446,8.0,True,True,True,0.4353248846183221
2016-10-30,0.6366909722222222,0.0024970341486042157,288.0,Chirimachaya,0.20699852705001828,8.0,True,True,True,0.42969244517220384
2016-10-31,0.6290451388888889,0.0027104220035057366,288.0,Chirimachaya,0.2057381849735975,8.0,True,True,True,0.4233069539152914
2016-11-01,0.6208611111111111,0.003170225398093789,288.0,Chirimachaya,0.20616328530013558,8.0,True,True,True,0.4146978258109755
2016-11-02,0.6117013888888888,0.003065100531767475,288.0,Chirimachaya,0.20572115853428838,8.0,True,True,True,0.4059802303546004
2016-11-03,0.6038055555555555,0.0021406234325141893,288.0,Chirimachaya,0.20478415861725804,8.0,True,True,True,0.3990213969382974
2016-11-04,0.5981458333333333,0.001325013970079412,288.0,Chirimachaya,0.20499525032937524,8.0,True,True,True,0.393150583003958
2016-11-05,0.5949270833333333,0.000812508375727388,288.0,Chirimachaya,0.20340181700885293,8.0,True,True,True,0.39152526632448037
2016-11-06,0.5935833333333334,0.0004938647983247735,288.0,Chirimachaya,0.20331171341240403,8.0,True,True,True,0.3902716199209293
2016-11-07,0.5930069444444445,8.318802662587454e-05,288.0,Chirimachaya,0.2020123172551393,8.0,True,True,True,0.39099462718930517
2016-11-08,0.5917152777777778,0.0008235488298719641,288.0,Chirimachaya,0.2017688490450382,8.0,True,True,True,0.38994642873273955
2016-11-09,0.5890590277777777,0.0010086671921162615,288.0,Chirimachaya,0.20196061953902242,8.0,True,True,True,0.3870984082387553
2016-11-10,0.5858571428571429,0.002009716656387433,287.0,Chirimachaya,0.20060160756111142,8.0,True,True,True,0.3852555352960314
2016-11-11,0.59503125,0.0006800254914261307,288.0,Chirimachaya,0.20535374060273168,8.0,True,True,True,0.3896775093972683
2016-11-12,0.5962881944444445,0.0004537104523848343,288.0,Chirimachaya,0.21170675009489054,8.0,True,True,True,0.38458144434955394
2016-11-13,0.59509375,0.0009379136717997708,288.0,Chirimachaya,0.21008119173347947,8.0,True,True,True,0.3850125582665205
2016-11-14,0.5920138888888888,0.0009911532796940863,288.0,Chirimachaya,0.21029131114482877,8.0,True,True,True,0.38172257774406004
2016-11-15,0.5879652777777777,0.0019305473739303397,288.0,Chirimachaya,0.20993614755570886,8.0,True,True,True,0.37802913022206885
2016-11-16,0.5816770833333333,0.0024798622741906778,288.0,Chirimachaya,0.20817833207547662,8.0,True,True,True,0.3734987512578567
2016-11-17,0.5737881944444444,0.002876118089577374,288.0,Chirimachaya,0.20714718289673323,8.0,True,True,True,0.36664101154771117
2016-11-18,0.565375,0.0028440903948739747,288.0,Chirimachaya,0.20688192360103125,8.0,True,True,True,0.3584930763989687
2016-11-19,0.5570486111111111,0.0029081882744892403,288.0,Chirimachaya,0.20970999822020528,8.0,True,True,True,0.34733861289090584
2016-11-20,0.5475590277777778,0.0034926485900303623,288.0,Chirimachaya,0.20933882705867288,8.0,True,True,True,0.33822020071910486
2016-11-21,0.53753125,0.0035405656893631775,288.0,Chirimachaya,0.2073829229921102,8.0,True,True,True,0.3301483270078898
2016-11-22,0.5274166666666668,0.0035534740325979235,288.0,Chirimachaya,0.20525972545146937,8.0,True,True,True,0.3221569412151974
2016-11-23,0.5180694444444445,0.0026150270057508063,288.0,Chirimachaya,0.2044823560863733,8.0,True,True,True,0.31358708835807114
2016-11-24,0.5099826388888888,0.002756628498275982,288.0,Chirimachaya,0.20324508287012574,8.0,True,True,True,0.30673755601876307
2016-11-25,0.5025138888888888,0.0017766825410642597,288.0,Chirimachaya,0.2024054285138845,8.0,True,True,True,0.3001084603750043
2016-11-26,0.4971527777777778,0.0016625384413336706,288.0,Chirimachaya,0.20254462771117684,8.0,True,True,True,0.2946081500666009
2016-11-27,0.5093680555555555,0.023514617450356823,288.0,Chirimachaya,0.20347535610198972,8.0,True,True,True,0.3058926994535658
2016-11-28,0.5437361111111111,0.0009105354025618195,288.0,Chirimachaya,0.20355058088898653,8.0,True,True,True,0.34018553022212455
2016-11-29,0.575125,0.06816575156492558,288.0,Chirimachaya,0.20235952548682687,8.0,True,True,True,0.3727654745131731
2016-11-30,0.668375,0.008847035370292543,288.0,Chirimachaya,0.20217788964509958,8.0,True,True,True,0.46619711035490047
2016-12-01,0.6537465277777778,0.003886228937943589,288.0,Chirimachaya,0.20097680389881128,8.0,True,True,True,0.45276972387896647
2016-12-02,0.6429722222222223,0.002621126827514548,288.0,Chirimachaya,0.19964084960520265,8.0,True,True,True,0.4433313726170196
2016-12-03,0.6655694444444444,0.0026664851854622963,288.0,Chirimachaya,0.1999660916626453,8.0,True,True,True,0.4656033527817991
2016-12-04,0.6635520833333334,0.004420107188855904,288.0,Chirimachaya,0.2020996734499931,8.0,True,True,True,0.46145240988334024
2016-12-05,0.6522569444444444,0.0031284833470315177,288.0,Chirimachaya,0.20145271904766557,8.0,True,True,True,0.4508042253967788
2016-12-06,0.6438923611111111,0.002434982556473254,288.0,Chirimachaya,0.20078765600919718,8.0,True,True,True,0.44310470510191396
2016-12-07,0.637625,0.001594306070580543,288.0,Chirimachaya,0.20088487491011617,8.0,True,True,True,0.4367401250898838
2016-12-08,0.6365798611111111,0.0004944401488371617,288.0,Chirimachaya,0.2022349443286657,8.0,True,True,True,0.43434491678244536
2016-12-09,0.637,0.0,288.0,Chirimachaya,0.20487193204462525,8.0,True,True,True,0.43212806795537473
2016-12-10,0.6357951388888889,0.0012589930084306723,288.0,Chirimachaya,0.20453830063343043,8.0,True,True,True,0.4312568382554585
2016-12-11,0.6311666666666667,0.0018251056004959156,288.0,Chirimachaya,0.2040940187871456,8.0,True,True,True,0.42707264787952104
2016-12-12,0.6256215277777778,0.0018663968975051865,288.0,Chirimachaya,0.20516425557434553,8.0,True,True,True,0.42045727220343226
2016-12-13,0.6201944444444444,0.0019228237720153505,288.0,Chirimachaya,0.20617339015007013,8.0,True,True,True,0.41402105429437425
2016-12-14,0.6309791666666666,0.03259667342639281,288.0,Chirimachaya,0.2084243670105934,8.0,True,True,True,0.42255479965607323
2016-12-15,0.7391805555555555,0.012545472844372418,288.0,Chirimachaya,0.21113112382590765,8.0,True,True,True,0.5280494317296478
2016-12-16,0.7407083333333333,0.015436675184979197,288.0,Chirimachaya,0.22036419995129106,8.0,True,True,True,0.5203441333820422
2016-12-17,0.7427048611111111,0.014394142390996416,288.0,Chirimachaya,0.2221143208444118,8.0,True,True,True,0.5205905402666993
2016-12-18,0.6915277777777777,0.008775912904611627,288.0,Chirimachaya,0.2217448055744171,8.0,True,True,True,0.4697829722033606
2016-12-19,0.6781979166666667,0.0031143809123002795,288.0,Chirimachaya,0.22140059061348433,8.0,True,True,True,0.4567973260531824
2016-12-20,0.6937152777777778,0.018157331456930784,288.0,Chirimachaya,0.2248105853796005,8.0,True,True,True,0.4689046923981772
2016-12-21,0.69440625,0.00942630849335216,288.0,Chirimachaya,0.2236920185387134,8.0,True,True,True,0.4707142314612866
2016-12-22,0.6791493055555556,0.001713422986713544,288.0,Chirimachaya,0.2224884778261184,8.0,True,True,True,0.4566608277294372
2016-12-23,0.6703333333333333,0.0048121507068137875,288.0,Chirimachaya,0.22138206288218493,8.0,True,True,True,0.4489512704511484
2016-12-24,0.6695902777777778,0.022699034713530332,288.0,Chirimachaya,0.22068032808601853,8.0,True,True,True,0.44890994969175924
2016-12-25,0.73453125,0.022146465157888158,288.0,Chirimachaya,0.22095158882439134,8.0,True,True,True,0.5135796611756086
2016-12-26,0.6892430555555555,0.008593609592172927,288.0,Chirimachaya,0.22067254595458505,8.0,True,True,True,0.46857050960097046
2016-12-27,0.6941701388888889,0.00862389985801841,288.0,Chirimachaya,0.2216224111616611,8.0,True,True,True,0.4725477277272278
2016-12-28,0.6754027777777778,0.0036802882867772377,288.0,Chirimachaya,0.22173467092216012,8.0,True,True,True,0.45366810685561765
2016-12-29,0.6764375,0.0035734576117727795,288.0,Chirimachaya,0.22272311896085736,8.0,True,True,True,0.45371438103914263
2016-12-30,0.6716354166666667,0.0014515625966954654,288.0,Chirimachaya,0.22142321243882174,8.0,True,True,True,0.45021220422784497
2016-12-31,0.6654375,0.0033280954782269646,288.0,Chirimachaya,0.22211733832955355,8.0,True,True,True,0.44332016167044647
2017-01-01,0.6799652777777778,0.03881976815905218,288.0,Chirimachaya,0.2274594400078058,8.0,True,True,True,0.452505837769972
2017-01-02,0.7558298611111112,0.0012419261123141922,288.0,Chirimachaya,0.2295900303870439,8.0,True,True,True,0.5262398307240672
2017-01-03,0.7004062499999999,0.015074665359943864,288.0,Chirimachaya,0.23116710782051084,8.0,True,True,True,0.46923914217948903
2017-01-04,0.6726354166666667,0.004780447528362694,288.0,Chirimachaya,0.22983977943658826,8.0,True,True,True,0.4427956372300784
2017-01-05,0.664451388888889,0.005074812931258041,288.0,Chirimachaya,0.2323724832385778,8.0,True,True,True,0.4320789056503112
2017-01-06,0.7157604166666667,0.028890063683154433,288.0,Chirimachaya,0.24279633723199365,8.0,True,True,True,0.472964079434673
2017-01-07,0.7040972222222223,0.020798291086473727,288.0,Chirimachaya,0.24297470599412913,8.0,True,True,True,0.46112251622809314
2017-01-08,0.6753611111111112,0.0036494686952548735,288.0,Chirimachaya,0.2429270092397928,8.0,True,True,True,0.43243410187131837
2017-01-09,0.6825972222222222,0.012821377751579885,288.0,Chirimachaya,0.24633973650634283,8.0,True,True,True,0.43625748571587936
2017-01-10,0.7200555555555556,0.03011124039784066,288.0,Chirimachaya,0.2513258643448353,8.0,True,True,True,0.4687296912107203
2017-01-11,0.7239097222222222,0.028575448928331228,288.0,Chirimachaya,0.25200803577899933,8.0,True,True,True,0.47190168644322283
2017-01-12,0.6987986111111112,0.03174903326161064,288.0,Chirimachaya,0.25193466246128077,8.0,True,True,True,0.4468639486498304
2017-01-13,0.7484930555555556,0.014109327494192107,288.0,Chirimachaya,0.2537399604916572,8.0,True,True,True,0.49475309506389836
2017-01-14,0.6950138888888888,0.006766371150925044,288.0,Chirimachaya,0.2569205090403556,8.0,True,True,True,0.4380933798485332
2017-01-15,0.71771875,0.02352078321466695,288.0,Chirimachaya,0.2817147560417652,8.0,True,True,True,0.43600399395823475
2017-01-16,0.6826666666666666,0.006614312429864724,288.0,Chirimachaya,0.2857760339975357,8.0,True,True,True,0.39689063266913094
2017-01-17,0.6670381944444445,0.00418416621357566,288.0,Chirimachaya,0.28192595392465586,8.0,True,True,True,0.3851122405197886
2017-01-18,0.6572326388888889,0.002794602310031715,288.0,Chirimachaya,0.28005209937691683,8.0,True,True,True,0.3771805395119721
2017-01-19,0.6496006944444445,0.002360446320749403,288.0,Chirimachaya,0.27792662382125854,8.0,True,True,True,0.3716740706231859
2017-01-20,0.6440069444444445,0.0012039223224840781,288.0,Chirimachaya,0.28202690929174423,8.0,True,True,True,0.3619800351527003
2017-01-21,0.6431076388888889,0.00031046326205960885,288.0,Chirimachaya,0.2854876108467579,8.0,True,True,True,0.357620028042131
2017-01-22,0.6421076388888889,0.0007221319443856935,288.0,Chirimachaya,0.2864254601299762,8.0,True,True,True,0.35568217875891267
2017-01-23,0.6401076388888889,0.0017626231584663863,288.0,Chirimachaya,0.28853514045476913,8.0,True,True,True,0.35157249843411975
2017-01-24,0.6347118055555555,0.0018088823248611796,288.0,Chirimachaya,0.2854150831699371,8.0,True,True,True,0.34929672238561843
2017-01-25,0.6298368055555555,0.0013084153528518923,288.0,Chirimachaya,0.2848363630473614,8.0,True,True,True,0.34500044250819417
2017-01-26,0.6259097222222222,0.0011006060696178543,288.0,Chirimachaya,0.28490741550922394,8.0,True,True,True,0.34100230671299825
2017-01-27,0.6227847222222223,0.0008361450822248069,288.0,Chirimachaya,0.2853140383958816,8.0,True,True,True,0.33747068382634066
2017-01-28,0.7019722222222222,0.05873218546062989,288.0,Chirimachaya,0.2847326882183552,8.0,True,True,True,0.41723953400386704
2017-01-29,0.751829861111111,0.0007340954623824332,288.0,Chirimachaya,0.2835614047944545,8.0,True,True,True,0.46826845631665653
2017-01-30,0.7538680555555556,0.000840992675253317,288.0,Chirimachaya,0.28408482670783997,8.0,True,True,True,0.4697832288477156
2017-01-31,0.7505520833333333,0.009337500495594541,288.0,Chirimachaya,0.28743820637464523,8.0,True,True,True,0.4631138769586881
2017-02-01,0.7100972222222222,0.016523373559602334,288.0,Chirimachaya,0.2894376926124096,8.0,True,True,True,0.42065952960981257
2017-02-02,0.7566909722222221,0.0009286319182777087,288.0,Chirimachaya,0.2907354198396206,8.0,True,True,True,0.46595555238260156
2017-02-03,0.7494618055555555,0.016251248128010404,288.0,Chirimachaya,0.28857044130563736,8.0,True,True,True,0.46089136424991817
2017-02-04,0.6982777777777778,0.007176174715422282,288.0,Chirimachaya,0.288129061460495,8.0,True,True,True,0.4101487163172828
2017-02-05,0.6817048611111112,0.002168762387683967,288.0,Chirimachaya,0.2888877801597118,8.0,True,True,True,0.3928170809513994
2017-02-06,0.6749305555555556,0.0018894638281475222,288.0,Chirimachaya,0.289656862616539,8.0,True,True,True,0.3852736929390166
2017-02-07,0.6692118055555556,0.0018460616909891023,288.0,Chirimachaya,0.28963950648903847,8.0,True,True,True,0.3795722990665171
2017-02-08,0.6628611111111111,0.0019652419099477248,288.0,Chirimachaya,0.2888726033270359,8.0,True,True,True,0.3739885077840752
2017-02-09,0.6577534722222222,0.0015432177431295312,288.0,Chirimachaya,0.2883874177932739,8.0,True,True,True,0.3693660544289483
2017-02-10,0.6530034722222222,0.0014374247779473188,288.0,Chirimachaya,0.2929111123085022,8.0,True,True,True,0.36009235991372
2017-02-11,0.6500729166666667,0.0002604522333435992,288.0,Chirimachaya,0.2976965121924877,8.0,True,True,True,0.35237640447417895
2017-02-12,0.6495104166666666,0.0005007616150642676,288.0,Chirimachaya,0.3020761273801327,8.0,True,True,True,0.34743428928653397
2017-02-13,0.6474131944444445,0.0010490245362902869,288.0,Chirimachaya,0.3018432781100273,8.0,True,True,True,0.34556991633441714
2017-02-14,0.6441076388888889,0.0009138180318189408,288.0,Chirimachaya,0.3018795885145664,8.0,True,True,True,0.34222805037432247
2017-02-15,0.6410972222222222,0.0008859683923580616,288.0,Chirimachaya,0.30267155542969704,8.0,True,True,True,0.33842566679252517
2017-02-16,0.6391423611111111,0.0011763689400360862,288.0,Chirimachaya,0.3054120987653732,8.0,True,True,True,0.33373026234573794
2017-02-17,0.6473194444444444,0.001773410964741112,288.0,Chirimachaya,0.3076578453183174,8.0,True,True,True,0.33966159912612703
2017-02-18,0.6492465277777778,0.0004317395644257785,288.0,Chirimachaya,0.30787361413240427,8.0,True,True,True,0.34137291364537353
2017-02-19,0.6478680555555556,0.0008695108783873376,288.0,Chirimachaya,0.30831044539809227,8.0,True,True,True,0.33955761015746333
2017-02-20,0.647888888888889,0.0005915916181483707,288.0,Chirimachaya,0.3097536079585552,8.0,True,True,True,0.33813528093033374
2017-02-21,0.6498715277777778,0.0008311163890740668,288.0,Chirimachaya,0.3092145398259163,8.0,True,True,True,0.3406569879518615
2017-02-22,0.75553125,0.017991453521763685,288.0,Chirimachaya,0.3203419931232929,8.0,True,True,True,0.43518925687670706
2017-02-23,0.7623819444444444,0.0027937125219749705,288.0,Chirimachaya,0.33004794269800186,8.0,True,True,True,0.43233400174644254
2017-02-24,0.7644861111111111,0.0007874106208764689,288.0,Chirimachaya,0.33021372556686396,8.0,True,True,True,0.43427238554424713
2017-02-25,0.7669375,0.0010204784694545174,288.0,Chirimachaya,0.33199772983789444,8.0,True,True,True,0.4349397701621056
2017-02-26,0.7687673611111111,0.0008166669629523412,288.0,Chirimachaya,0.3348246105015278,8.0,True,True,True,0.4339427506095833
2017-02-27,0.7702569444444445,0.0004377090784080526,288.0,Chirimachaya,0.3353495225310325,8.0,True,True,True,0.434907421913412
2017-02-28,0.72290625,0.022104792293403,288.0,Chirimachaya,0.3341265805065632,8.0,True,True,True,0.3887796694934368
2017-03-01,0.6913229166666667,0.0031694143437282717,288.0,Chirimachaya,0.3335874751210212,8.0,True,True,True,0.35773544154564546
2017-03-02,0.6870104166666667,0.0043994649460871085,288.0,Chirimachaya,0.33296512067317957,8.0,True,True,True,0.35404529599348716
2017-03-03,0.6982916666666666,0.01672919166183865,288.0,Chirimachaya,0.33386221528053284,8.0,True,True,True,0.3644294513861338
2017-03-04,0.6901111111111111,0.006237026798944076,288.0,Chirimachaya,0.33229076862335205,8.0,True,True,True,0.35782034248775907
2017-03-05,0.6788888888888889,0.004377820422666314,288.0,Chirimachaya,0.33237049728631973,8.0,True,True,True,0.34651839160256914
2017-03-06,0.6710590277777778,0.0007132311708403393,288.0,Chirimachaya,0.3325917944312095,8.0,True,True,True,0.3384672333465683
2017-03-07,0.6662222222222223,0.0018153217218798826,288.0,Chirimachaya,0.3314933329820633,8.0,True,True,True,0.334728889240159
2017-03-08,0.6643402777777778,0.0008235488298722741,288.0,Chirimachaya,0.33268919214606285,8.0,True,True,True,0.33165108563171497
2017-03-09,0.6938333333333333,0.004690415759823394,288.0,Chirimachaya,0.33537335693836207,8.0,True,True,True,0.35845997639497124
2017-03-10,0.7505798611111111,0.01865346584777086,288.0,Chirimachaya,0.33682266250252724,8.0,True,True,True,0.41375719860858384
2017-03-11,0.7260868055555556,0.02938669434274827,288.0,Chirimachaya,0.3454627469182014,8.0,True,True,True,0.3806240586373542
2017-03-12,0.7024409722222222,0.011770896094618412,288.0,Chirimachaya,0.34144311025738716,8.0,True,True,True,0.3609978619648351
2017-03-13,0.7079131944444444,0.0280870244113296,288.0,Chirimachaya,0.33869175612926483,8.0,True,True,True,0.3692214383151796
2017-03-14,0.7626875,0.0013276410139871017,288.0,Chirimachaya,0.34216836094856257,8.0,True,True,True,0.4205191390514374
2017-03-15,0.7628402777777779,0.007925316199141054,288.0,Chirimachaya,0.347984004765749,8.0,True,True,True,0.4148562730120289
2017-03-16,0.6943263888888889,0.0121200900751651,288.0,Chirimachaya,0.3459443561732769,8.0,True,True,True,0.34838203271561197
2017-03-17,0.6739097222222222,0.0036538618669540316,288.0,Chirimachaya,0.3439987972378731,8.0,True,True,True,0.32991092498434915
2017-03-18,0.6644618055555556,0.0019358886903157668,288.0,Chirimachaya,0.34303639084100723,8.0,True,True,True,0.32142541471454833
2017-03-19,0.6593819444444445,0.001212573660409934,288.0,Chirimachaya,0.3435906730592251,8.0,True,True,True,0.31579127138521945
2017-03-20,0.6569340277777778,0.0007319167899281581,288.0,Chirimachaya,0.34198772534728045,8.0,True,True,True,0.3149463024304973
2017-03-21,0.6590312500000001,0.0005805162606851627,288.0,Chirimachaya,0.3422819599509239,8.0,True,True,True,0.31674929004907615
2017-03-22,0.6639965277777777,0.013151886303386295,288.0,Chirimachaya,0.3436206467449665,8.0,True,True,True,0.3203758810328112
2017-03-23,0.7078333333333333,0.013587245505183181,288.0,Chirimachaya,0.342594750225544,8.0,True,True,True,0.36523858310778934
2017-03-24,0.7568819444444445,0.001254936053608082,288.0,Chirimachaya,0.3427499979734421,8.0,True,True,True,0.4141319464710024
2017-03-25,0.7264930555555555,0.028290182862261128,288.0,Chirimachaya,0.3421418257057667,8.0,True,True,True,0.38435122984978887
2017-03-26,0.6857083333333334,0.004070587968727543,288.0,Chirimachaya,0.34434964880347246,8.0,True,True,True,0.3413586845298609
2017-03-27,0.6795659722222223,0.004006417555608496,288.0,Chirimachaya,0.3435432650148868,8.0,True,True,True,0.33602270720733546
2017-03-28,0.6695451388888889,0.00230392272243597,288.0,Chirimachaya,0.34251624345779413,8.0,True,True,True,0.32702889543109476
2017-03-29,0.6919236111111111,0.03846779364468491,288.0,Chirimachaya,0.3448327966034412,8.0,True,True,True,0.34709081450766993
2017-03-30,0.7544930555555556,0.013393792585733791,288.0,Chirimachaya,0.3498261347413063,8.0,True,True,True,0.40466692081424926
2017-03-31,0.7617951388888888,0.007792812107200735,288.0,Chirimachaya,0.35232166573405266,8.0,True,True,True,0.4094734731548362
2017-04-01,0.7313680555555555,0.031111073692665733,288.0,Chirimachaya,0.3516156040132046,8.0,True,True,True,0.37975245154235093
2017-04-02,0.6789305555555556,0.004356344690575103,288.0,Chirimachaya,0.34788108244538307,8.0,True,True,True,0.3310494731101725
2017-04-03,0.6673506944444445,0.002814583636911068,288.0,Chirimachaya,0.3447926715016365,8.0,True,True,True,0.322558022942808
2017-04-04,0.6610659722222222,0.0014188213783824838,288.0,Chirimachaya,0.3433266840875149,8.0,True,True,True,0.3177392881347073
2017-04-05,0.6566041666666667,0.0011789013369950805,288.0,Chirimachaya,0.34097814559936523,8.0,True,True,True,0.3156260210673014
2017-04-06,0.6532604166666667,0.0009134472554568223,288.0,Chirimachaya,0.33797207847237587,8.0,True,True,True,0.3152883381942908
2017-04-07,0.652,0.0,288.0,Chirimachaya,0.33550847694277763,8.0,True,True,True,0.3164915230572224
2017-04-08,0.6903958333333333,0.04809017643642416,288.0,Chirimachaya,0.33432155847549433,8.0,True,True,True,0.356074274857839
2017-04-09,0.7080590277777777,0.022228461879275106,288.0,Chirimachaya,0.3368002809584141,8.0,True,True,True,0.37125874681936366
2017-04-10,0.6758194444444445,0.003917534561710835,288.0,Chirimachaya,0.338757049292326,8.0,True,True,True,0.33706239515211855
2017-04-11,0.6696562500000001,0.0026045850418863776,288.0,Chirimachaya,0.33952610194683075,8.0,True,True,True,0.3301301480531693
2017-04-12,0.7034548611111111,0.006559142140954226,288.0,Chirimachaya,0.34072773903608317,8.0,True,True,True,0.36272712207502794
2017-04-13,0.7190104166666667,0.03189830141677225,288.0,Chirimachaya,0.339917179197073,8.0,True,True,True,0.37909323746959367
2017-04-14,0.7578159722222222,0.001217249037271362,288.0,Chirimachaya,0.33739152923226357,8.0,True,True,True,0.4204244429899586
2017-04-15,0.7495520833333333,0.018367447605290667,288.0,Chirimachaya,0.33486471325159073,8.0,True,True,True,0.4146873700817426
2017-04-16,0.6979513888888889,0.011062905252632383,288.0,Chirimachaya,0.3321581147611141,8.0,True,True,True,0.36579327412777474
2017-04-17,0.6870034722222222,0.008221031185643352,288.0,Chirimachaya,0.32982961833477015,8.0,True,True,True,0.3571738538874521
2017-04-18,0.6721354166666668,0.0027772838798239955,288.0,Chirimachaya,0.3280309662222862,8.0,True,True,True,0.34410445044438054
2017-04-19,0.6643888888888889,0.0021138702754943243,288.0,Chirimachaya,0.32756446674466133,8.0,True,True,True,0.3368244221442276
2017-04-20,0.7412951388888889,0.03078926422664683,288.0,Chirimachaya,0.3350795693695545,8.0,True,True,True,0.40621556951933435
2017-04-21,0.7605729166666667,0.0013019266746641626,288.0,Chirimachaya,0.3396271131932735,8.0,True,True,True,0.4209458034733932
2017-04-22,0.7328854166666666,0.02943777579451648,288.0,Chirimachaya,0.3439277112483978,8.0,True,True,True,0.3889577054182688
2017-04-23,0.6875694444444445,0.011611692279753767,288.0,Chirimachaya,0.34133531898260117,8.0,True,True,True,0.3462341254618433
2017-04-24,0.6853680555555556,0.0083099759768351,288.0,Chirimachaya,0.3382780738174915,8.0,True,True,True,0.3470899817380641
2017-04-25,0.6698194444444445,0.003037862759119531,288.0,Chirimachaya,0.336533822119236,8.0,True,True,True,0.33328562232520853
2017-04-26,0.6668958333333334,0.005923694522375829,288.0,Chirimachaya,0.3433970361948013,8.0,True,True,True,0.3234987971385321
2017-04-27,0.6967743055555555,0.005410768029207345,288.0,Chirimachaya,0.3493439592421055,8.0,True,True,True,0.34743034631345004
2017-04-28,0.68103125,0.0024782810933588603,288.0,Chirimachaya,0.3468229584395885,8.0,True,True,True,0.3342082915604115
2017-04-29,0.6753784722222222,0.002051383936510882,288.0,Chirimachaya,0.3428378142416477,8.0,True,True,True,0.3325406579805745
2017-04-30,0.7549583333333333,0.01680504113846513,288.0,Chirimachaya,0.3399341516196727,8.0,True,True,True,0.41502418171366057
2017-05-01,0.7235347222222221,0.030514385296562953,288.0,Chirimachaya,0.3378896750509739,8.0,True,True,True,0.38564504717124826
2017-05-02,0.6835,0.0023058779609362832,288.0,Chirimachaya,0.3356962315738201,8.0,True,True,True,0.3478037684261799
2017-05-03,0.6741076388888889,0.0027163610588883573,288.0,Chirimachaya,0.3327906914055347,8.0,True,True,True,0.3413169474833542
2017-05-04,0.670045138888889,0.0013873660834951046,288.0,Chirimachaya,0.3311189189553261,8.0,True,True,True,0.33892621993356287
2017-05-05,0.6796562500000001,0.014481631853828583,288.0,Chirimachaya,0.3300774358212948,8.0,True,True,True,0.3495788141787053
2017-05-06,0.7062465277777777,0.03050455478229654,288.0,Chirimachaya,0.3294307254254818,8.0,True,True,True,0.37681580235229595
2017-05-07,0.7615277777777778,0.001132013989180381,288.0,Chirimachaya,0.32830996066331863,8.0,True,True,True,0.43321781711445917
2017-05-08,0.7256458333333333,0.030305521799961516,288.0,Chirimachaya,0.32881644368171686,8.0,True,True,True,0.39682938965161646
2017-05-09,0.7483125,0.019650418247004933,288.0,Chirimachaya,0.3326280154287815,8.0,True,True,True,0.41568448457121854
2017-05-10,0.6885347222222222,0.004659729163885038,288.0,Chirimachaya,0.3330550119280815,8.0,True,True,True,0.3554797102941407
2017-05-11,0.6815694444444444,0.009817251953943942,288.0,Chirimachaya,0.33336877077817917,8.0,True,True,True,0.3482006736662653
2017-05-12,0.7374479166666666,0.030550536115895716,288.0,Chirimachaya,0.3330354876816273,8.0,True,True,True,0.4044124289850394
2017-05-13,0.6784756944444444,0.0038643505393506036,288.0,Chirimachaya,0.3341080211102962,8.0,True,True,True,0.34436767333414825
2017-05-14,0.7225763888888889,0.042344131863703886,288.0,Chirimachaya,0.3397648483514785,8.0,True,True,True,0.38281154053741034
2017-05-15,0.7453819444444444,0.022462976593949278,288.0,Chirimachaya,0.3445657007396221,8.0,True,True,True,0.4008162437048223
2017-05-16,0.7371458333333334,0.028024371859480916,288.0,Chirimachaya,0.3473451137542724,8.0,True,True,True,0.389800719579061
2017-05-17,0.6859791666666667,0.00568017366128028,288.0,Chirimachaya,0.34499357268214226,8.0,True,True,True,0.34098559398452444
2017-05-18,0.6751076388888889,0.002559169613285343,288.0,Chirimachaya,0.3423566073179245,8.0,True,True,True,0.3327510315709644
2017-05-19,0.6673368055555556,0.0016719971378440666,288.0,Chirimachaya,0.34156224876642227,8.0,True,True,True,0.32577455678913336
2017-05-20,0.663,0.0012796994420648563,288.0,Chirimachaya,0.33988919109106064,8.0,True,True,True,0.3231108089089394
2017-05-21,0.6603541666666667,0.00047909249287029804,288.0,Chirimachaya,0.33770552277565,8.0,True,True,True,0.32264864389101666
2017-05-22,0.6602152777777778,0.0005100139295010068,288.0,Chirimachaya,0.3358363471925258,8.0,True,True,True,0.32437893058525197
2017-05-23,0.6636909722222222,0.000512888003130539,288.0,Chirimachaya,0.333203811198473,8.0,True,True,True,0.3304871610237492
2017-05-24,0.6625868055555556,0.0005002781843248027,288.0,Chirimachaya,0.33048369735479355,8.0,True,True,True,0.33210310820076205
2017-05-25,0.6629618055555556,0.0001919990301142804,288.0,Chirimachaya,0.32748252898454666,8.0,True,True,True,0.33547927657100896
2017-05-26,0.6766770833333333,0.008073048194013097,288.0,Chirimachaya,0.32523750141263,8.0,True,True,True,0.3514395819207033
2017-05-27,0.6748125,0.002933570561096668,288.0,Chirimachaya,0.32309605553746223,8.0,True,True,True,0.3517164444625378
2017-05-28,0.6675798611111111,0.0016360094162048654,288.0,Chirimachaya,0.32121726870536804,8.0,True,True,True,0.3463625924057431
2017-05-29,0.6631597222222223,0.0013181297829354254,288.0,Chirimachaya,0.3189037926495075,8.0,True,True,True,0.3442559295727148
2017-05-30,0.6594791666666667,0.0009804269140520191,288.0,Chirimachaya,0.3166084997355938,8.0,True,True,True,0.34287066693107293
2017-05-31,0.6570833333333334,0.000830599464473223,288.0,Chirimachaya,0.3147628381848335,8.0,True,True,True,0.3423204951484998
2017-06-01,0.6592916666666667,0.0009508844223509748,288.0,Chirimachaya,0.3123602457344532,8.0,True,True,True,0.3469314209322135
2017-06-02,0.6599548611111111,0.00020797006656467546,288.0,Chirimachaya,0.3105525821447372,8.0,True,True,True,0.34940227896637394
2017-06-03,0.6584062500000001,0.0004919871885814042,288.0,Chirimachaya,0.309867113828659,8.0,True,True,True,0.3485391361713411
2017-06-04,0.6581215277777779,0.0003273083543198303,288.0,Chirimachaya,0.3084147050976753,8.0,True,True,True,0.34970682268010256
2017-06-05,0.6604236111111111,0.0013176891456164093,288.0,Chirimachaya,0.30692293122410774,8.0,True,True,True,0.3535006798870034
2017-06-06,0.6624861111111112,0.0005343413818432799,288.0,Chirimachaya,0.3045673705637455,8.0,True,True,True,0.3579187405473657
2017-06-07,0.6601458333333334,0.0008792517407964573,288.0,Chirimachaya,0.302398469299078,8.0,True,True,True,0.35774736403425544
2017-06-08,0.6572430555555555,0.0008614591606135382,288.0,Chirimachaya,0.30246127769351006,8.0,True,True,True,0.35478177786204546
2017-06-09,0.7278611111111111,0.031058136137957743,288.0,Chirimachaya,0.30672435835003853,8.0,True,True,True,0.42113675276107254
2017-06-10,0.6822812500000001,0.005381675823476357,288.0,Chirimachaya,0.3083576187491417,8.0,True,True,True,0.37392363125085837
2017-06-11,0.6699097222222222,0.0025262750103260626,288.0,Chirimachaya,0.30640205740928644,8.0,True,True,True,0.3635076648129358
2017-06-12,0.6629340277777778,0.0016334339192522992,288.0,Chirimachaya,0.3053952753543853,8.0,True,True,True,0.35753875242339245
2017-06-13,0.7332395833333334,0.04013758866099421,288.0,Chirimachaya,0.3140057474374771,8.0,True,True,True,0.4192338358958563
2017-06-14,0.7609548611111111,0.0014655310182016034,288.0,Chirimachaya,0.31787258014082903,8.0,True,True,True,0.44308228097028207
2017-06-15,0.7275173611111111,0.026312906253789514,288.0,Chirimachaya,0.3147934824228286,8.0,True,True,True,0.4127238786882825
2017-06-16,0.7606597222222222,0.005945352993912277,288.0,Chirimachaya,0.3121285140514374,8.0,True,True,True,0.44853120817078485
2017-06-17,0.7073819444444445,0.026312381401562404,288.0,Chirimachaya,0.3094138391315937,8.0,True,True,True,0.39796810531285076
2017-06-18,0.6736354166666667,0.004066827967993695,288.0,Chirimachaya,0.30719178915023804,8.0,True,True,True,0.36644362751642867
2017-06-19,0.6647847222222222,0.001863506845249666,288.0,Chirimachaya,0.3061811663210392,8.0,True,True,True,0.358603555901183
2017-06-20,0.6981145833333334,0.04642829016934374,288.0,Chirimachaya,0.3071543164551258,8.0,True,True,True,0.3909602668782076
2017-06-21,0.7602465277777778,0.0008903206324093675,288.0,Chirimachaya,0.3102205581963062,8.0,True,True,True,0.4500259695814716
2017-06-22,0.7247743055555556,0.026143421758794617,288.0,Chirimachaya,0.3097239322960377,8.0,True,True,True,0.4150503732595179
2017-06-23,0.67909375,0.005230062107811758,288.0,Chirimachaya,0.3068828284740448,8.0,True,True,True,0.37221092152595525
2017-06-24,0.6674618055555556,0.002332604726959131,288.0,Chirimachaya,0.30479238182306284,8.0,True,True,True,0.3626694237324927
2017-06-25,0.6614027777777778,0.0015429707734070843,288.0,Chirimachaya,0.30306338146328926,8.0,True,True,True,0.3583393963144885
2017-06-26,0.6570034722222222,0.001077156742219613,288.0,Chirimachaya,0.30129338800907135,8.0,True,True,True,0.35571008421315087
2017-06-27,0.6536284722222222,0.0010413849793346217,288.0,Chirimachaya,0.30070918425917625,8.0,True,True,True,0.35291928796304595
2017-06-28,0.6507743055555556,0.0008880347897709672,288.0,Chirimachaya,0.3002750165760517,8.0,True,True,True,0.3504992889795039
2017-06-29,0.648451388888889,0.0004984975490678943,288.0,Chirimachaya,0.30001895874738693,8.0,True,True,True,0.34843243014150205
2017-06-30,0.6487777777777778,0.0004164633650360639,288.0,Chirimachaya,0.2974683456122875,8.0,True,True,True,0.35130943216549027
2017-07-01,0.6481423611111111,0.0003500283435235193,288.0,Chirimachaya,0.2956299223005771,8.0,True,True,True,0.352512438810534
2017-07-02,0.6472569444444445,0.0004377090784081366,288.0,Chirimachaya,0.2939494401216507,8.0,True,True,True,0.3533075043227938
2017-07-03,0.6665,0.014248418214061323,288.0,Chirimachaya,0.29489510133862495,8.0,True,True,True,0.371604898661375
2017-07-04,0.6810347222222223,0.002058087453045425,288.0,Chirimachaya,0.2959621883928776,8.0,True,True,True,0.3850725338293447
2017-07-05,0.6750034722222222,0.0011642115780771004,288.0,Chirimachaya,0.2943006306886673,8.0,True,True,True,0.38070284153355494
2017-07-06,0.6820555555555556,0.014236321892059128,288.0,Chirimachaya,0.29262102022767067,8.0,True,True,True,0.38943453532788497
2017-07-07,0.7492152777777777,0.020720527348045616,288.0,Chirimachaya,0.2913545072078705,8.0,True,True,True,0.45786077056990726
2017-07-08,0.7268055555555555,0.023928836940414387,288.0,Chirimachaya,0.2891828343272209,8.0,True,True,True,0.43762272122833457
2017-07-09,0.6852395833333333,0.0026663921715574432,288.0,Chirimachaya,0.2874275334179401,8.0,True,True,True,0.39781204991539326
2017-07-10,0.6759444444444446,0.0031595831281899366,288.0,Chirimachaya,0.2857743203639984,8.0,True,True,True,0.39017012408044616
2017-07-11,0.6679513888888889,0.0019011453034851573,288.0,Chirimachaya,0.2842352092266083,8.0,True,True,True,0.38371617966228067
2017-07-12,0.6625069444444445,0.0017370587812297125,288.0,Chirimachaya,0.28312343731522555,8.0,True,True,True,0.3793835071292189
2017-07-13,0.6577361111111111,0.0015838299239596299,288.0,Chirimachaya,0.2816326655447483,8.0,True,True,True,0.37610344556636277
2017-07-14,0.6531631944444445,0.0014618610890206846,288.0,Chirimachaya,0.2798454202711582,8.0,True,True,True,0.37331777417328627
2017-07-15,0.6487569444444445,0.0014967864661085593,288.0,Chirimachaya,0.2784937359392643,8.0,True,True,True,0.37026320850518024
2017-07-16,0.6439097222222222,0.001499887077953874,288.0,Chirimachaya,0.27678569033741945,8.0,True,True,True,0.36712403188480275
2017-07-17,0.6396354166666667,0.0009925133513525885,288.0,Chirimachaya,0.27539145946502686,8.0,True,True,True,0.3642439572016398
2017-07-18,0.6372708333333333,0.0004451637133766412,288.0,Chirimachaya,0.27696777507662773,8.0,True,True,True,0.3603030582567056
2017-07-19,0.6422395833333333,0.004463740384811716,288.0,Chirimachaya,0.2789220102131366,8.0,True,True,True,0.3633175731201967
2017-07-20,0.6547118055555556,0.0013526073171455186,288.0,Chirimachaya,0.27809121832251543,8.0,True,True,True,0.3766205872330402
2017-07-21,0.6554201388888888,0.0005604975217891442,288.0,Chirimachaya,0.2757332623004913,8.0,True,True,True,0.37968687658839756
2017-07-22,0.6539513888888888,0.00021542797889819205,288.0,Chirimachaya,0.27407480776309967,8.0,True,True,True,0.37987658112578915
2017-07-23,0.6573055555555556,0.0016391455995592226,288.0,Chirimachaya,0.27265664190053934,8.0,True,True,True,0.38464891365501624
2017-07-24,0.6603784722222223,0.003200471724691587,288.0,Chirimachaya,0.2707401141524315,8.0,True,True,True,0.38963835806979086
2017-07-25,0.6978263888888888,0.023104618860704456,288.0,Chirimachaya,0.2693713419139385,8.0,True,True,True,0.4284550469749503
2017-07-26,0.7638229166666667,0.0009734609938875672,288.0,Chirimachaya,0.2679879628121853,8.0,True,True,True,0.4958349538544814
2017-07-27,0.7655694444444445,0.0017012099722624483,288.0,Chirimachaya,0.26599398627877235,8.0,True,True,True,0.49957545816567217
2017-07-28,0.710736111111111,0.013812828512428247,288.0,Chirimachaya,0.26496513187885284,8.0,True,True,True,0.44577097923225817
2017-07-29,0.6851145833333334,0.0034606895196216516,288.0,Chirimachaya,0.26446931064128876,8.0,True,True,True,0.42064527269204466
2017-07-30,0.6759618055555556,0.0018370745008409373,288.0,Chirimachaya,0.2634204737842083,8.0,True,True,True,0.41254133177134733
2017-07-31,0.67009375,0.0018595911562201146,288.0,Chirimachaya,0.2627008073031902,8.0,True,True,True,0.40739294269680987
2017-08-01,0.6653506944444445,0.0013377132981259115,288.0,Chirimachaya,0.2609509564936161,8.0,True,True,True,0.4043997379508284
2017-08-02,0.6612048611111112,0.0014029749308526879,288.0,Chirimachaya,0.2590075805783272,8.0,True,True,True,0.40219728053278403
2017-08-03,0.657170138888889,0.0010437522675303254,288.0,Chirimachaya,0.2576141841709614,8.0,True,True,True,0.3995559547179276
2017-08-04,0.6541111111111112,0.0009814382613196272,288.0,Chirimachaya,0.25618071109056473,8.0,True,True,True,0.39793040002054647
2017-08-05,0.6514166666666666,0.0008553989227683805,288.0,Chirimachaya,0.2573556490242481,8.0,True,True,True,0.3940610176424185
2017-08-06,0.6489479166666667,0.0009072275605877178,288.0,Chirimachaya,0.25739961117506027,8.0,True,True,True,0.39154830549160646
2017-08-07,0.6466666666666667,0.000472225068880717,288.0,Chirimachaya,0.2554535791277885,8.0,True,True,True,0.39121308753887823
2017-08-08,0.6464583333333334,0.0012402933226188665,288.0,Chirimachaya,0.2542105205357075,8.0,True,True,True,0.3922478127976259
2017-08-09,0.650451388888889,0.000803562287555122,288.0,Chirimachaya,0.2524350546300411,8.0,True,True,True,0.39801633425884786
2017-08-10,0.652,0.0,288.0,Chirimachaya,0.25101287476718426,8.0,True,True,True,0.40098712523281577
2017-08-11,0.6515173611111111,0.0005005682987940965,288.0,Chirimachaya,0.24990273453295228,8.0,True,True,True,0.40161462657815883
2017-08-12,0.65015625,0.0008512518962920954,288.0,Chirimachaya,0.248830072581768,8.0,True,True,True,0.40132617741823196
2017-08-13,0.6479305555555556,0.0007976688839807195,288.0,Chirimachaya,0.24789199419319627,8.0,True,True,True,0.40003856136235927
2017-08-14,0.6454062500000001,0.001197367539392029,288.0,Chirimachaya,0.24636575393378732,8.0,True,True,True,0.3990404960662127
2017-08-15,0.6418055555555555,0.00126754050181127,288.0,Chirimachaya,0.2439778726547956,8.0,True,True,True,0.3978276829007599
2017-08-16,0.6381458333333333,0.001186267240193885,288.0,Chirimachaya,0.24278106726706022,8.0,True,True,True,0.3953647660662731
2017-08-17,0.6344548611111112,0.0014902858440645188,288.0,Chirimachaya,0.24158483184874055,8.0,True,True,True,0.3928700292623706
2017-08-18,0.6307881944444444,0.0011895009071256847,288.0,Chirimachaya,0.2405795585364103,8.0,True,True,True,0.3902086359080341
2017-08-19,0.63465625,0.0027478016236740558,288.0,Chirimachaya,0.2427109684795141,8.0,True,True,True,0.3919452815204859
2017-08-20,0.6444583333333334,0.001416060196755656,288.0,Chirimachaya,0.25278097763657564,8.0,True,True,True,0.3916773556967577
2017-08-21,0.6468819444444445,0.0003232355540216808,288.0,Chirimachaya,0.2512335106730461,8.0,True,True,True,0.39564843377139836
2017-08-22,0.6480972222222223,0.0006659403709213823,288.0,Chirimachaya,0.24984873831272122,8.0,True,True,True,0.39824848390950107
2017-08-23,0.64884375,0.0003637242034388536,288.0,Chirimachaya,0.24864740483462808,8.0,True,True,True,0.40019634516537195
2017-08-24,0.6476666666666667,0.00047222506888075033,288.0,Chirimachaya,0.24712136201560492,8.0,True,True,True,0.4005453046510618
2017-08-25,0.6468715277777778,0.00033519731449374216,288.0,Chirimachaya,0.2446467019617557,8.0,True,True,True,0.4022248258160221
2017-08-26,0.6455381944444444,0.0004994068297208634,288.0,Chirimachaya,0.24357084557414052,8.0,True,True,True,0.40196734887030383
2017-08-27,0.6445520833333334,0.0004981455155912896,288.0,Chirimachaya,0.24219093285500998,8.0,True,True,True,0.4023611504783234
2017-08-28,0.6432222222222221,0.0004164633650360628,288.0,Chirimachaya,0.24034058861434457,8.0,True,True,True,0.40288163360787754
2017-08-29,0.6442673611111112,0.00044335274118534383,288.0,Chirimachaya,0.24150559306144712,8.0,True,True,True,0.402761768049664
2017-08-30,0.645,0.0,288.0,Chirimachaya,0.24071909859776494,8.0,True,True,True,0.40428090140223505
2017-08-31,0.645,0.0,288.0,Chirimachaya,0.2390979249030351,8.0,True,True,True,0.4059020750969649
2017-09-01,0.645,0.0,288.0,Chirimachaya,0.2376707941293716,8.0,True,True,True,0.40732920587062843
2017-09-02,0.6443888888888889,0.0004883465826888425,288.0,Chirimachaya,0.23625335283577437,8.0,True,True,True,0.40813553605311453
2017-09-03,0.6435729166666667,0.0004955156044826833,288.0,Chirimachaya,0.2350569404661655,8.0,True,True,True,0.40851597620050123
2017-09-04,0.6424722222222222,0.0005272298845303933,288.0,Chirimachaya,0.23387818038463587,8.0,True,True,True,0.40859404183758635
2017-09-05,0.640375,0.0007071067811866647,288.0,Chirimachaya,0.23255315795540804,8.0,True,True,True,0.407821842044592
2017-09-06,0.6383819444444445,0.00048670874716641167,288.0,Chirimachaya,0.2313039246946573,8.0,True,True,True,0.4070780197497872
2017-09-07,0.6375659722222222,0.0004964912699204962,288.0,Chirimachaya,0.22938394173979754,8.0,True,True,True,0.4081820304824247
2017-09-08,0.6364166666666667,0.0006302480016263897,288.0,Chirimachaya,0.22848642431199548,8.0,True,True,True,0.40793024235467124
2017-09-09,0.6342569444444445,0.0006858096542920038,288.0,Chirimachaya,0.22848140075802797,8.0,True,True,True,0.4057755436864165
2017-09-10,0.6325520833333333,0.0004981455155912168,288.0,Chirimachaya,0.22870258614420888,8.0,True,True,True,0.40384949718912444
2017-09-11,0.6315000000000001,0.0005008703226778691,288.0,Chirimachaya,0.2280781455338001,8.0,True,True,True,0.40342185446619994
2017-09-12,0.6299236111111112,0.0007473983784054032,288.0,Chirimachaya,0.2280027456581592,8.0,True,True,True,0.40192086545295197
2017-09-13,0.6285590277777778,0.0004973677324140934,288.0,Chirimachaya,0.22697566635906694,8.0,True,True,True,0.40158336141871087
2017-09-14,0.628,0.0,288.0,Chirimachaya,0.2270429879426956,8.0,True,True,True,0.4009570120573044
2017-09-15,0.628,0.0,288.0,Chirimachaya,0.226129375398159,8.0,True,True,True,0.401870624601841
2017-09-16,0.6273611111111111,0.00048115875104703747,288.0,Chirimachaya,0.22516507655382154,8.0,True,True,True,0.4021960345572896
2017-09-17,0.6318784722222222,0.0032624708618869207,288.0,Chirimachaya,0.2248090393841266,8.0,True,True,True,0.40706943283809555
2017-09-18,0.6589583333333333,0.013172865680780953,288.0,Chirimachaya,0.22620952688157556,8.0,True,True,True,0.43274880645175773
2017-09-19,0.671,0.0018777998839550412,288.0,Chirimachaya,0.22566165402531618,8.0,True,True,True,0.44533834597468386
2017-09-20,0.664795138888889,0.0022898908228654487,288.0,Chirimachaya,0.22337245754897592,8.0,True,True,True,0.441422681339913
2017-09-21,0.6586284722222222,0.0020184225805100937,288.0,Chirimachaya,0.22135002724826333,8.0,True,True,True,0.43727844497395885
2017-09-22,0.653795138888889,0.0013779159065239522,288.0,Chirimachaya,0.22023035399615762,8.0,True,True,True,0.4335647848927313
2017-09-23,0.6499722222222223,0.0011563757177579215,288.0,Chirimachaya,0.22117913328111166,8.0,True,True,True,0.4287930889411106
2017-09-24,0.6468958333333333,0.00072983936946877,288.0,Chirimachaya,0.22116990014910695,8.0,True,True,True,0.42572593318422636
2017-09-25,0.6445416666666667,0.00049912815975528,288.0,Chirimachaya,0.22046572528779504,8.0,True,True,True,0.4240759413788716
2017-09-26,0.643875,0.0003312945782245829,288.0,Chirimachaya,0.21930291131138796,8.0,True,True,True,0.424572088688612
2017-09-27,0.6425937500000001,0.0004919871885815535,288.0,Chirimachaya,0.21897006593644616,8.0,True,True,True,0.4236236840635539
2017-09-28,0.6403298611111111,0.0008172001031068133,288.0,Chirimachaya,0.21720522083342073,8.0,True,True,True,0.42312464027769037
2017-09-29,0.6374895833333334,0.0010851688640088639,288.0,Chirimachaya,0.2156513556838035,8.0,True,True,True,0.4218382276495299
2017-09-30,0.6419375,0.008367615315172886,288.0,Chirimachaya,0.22005780972540376,8.0,True,True,True,0.42187969027459626
2017-10-01,0.6607673611111111,0.0005518836746985178,288.0,Chirimachaya,0.2202117703855037,8.0,True,True,True,0.4405555907256074
2017-10-02,0.6590451388888889,0.0018312171029685482,288.0,Chirimachaya,0.21863708831369874,8.0,True,True,True,0.44040805057519017
2017-10-03,0.67090625,0.03648208327146046,288.0,Chirimachaya,0.21750971488654608,8.0,True,True,True,0.45339653511345396
2017-10-04,0.7654965277777778,0.0010657750247620554,288.0,Chirimachaya,0.21842232532799238,8.0,True,True,True,0.5470742024497854
2017-10-05,0.7686736111111112,0.0008249579113843107,288.0,Chirimachaya,0.22267095558345315,8.0,True,True,True,0.546002655527658
2017-10-06,0.76096875,0.012527700144317198,288.0,Chirimachaya,0.2212633695453405,8.0,True,True,True,0.5397053804546594
2017-10-07,0.7150833333333333,0.010759000769633395,288.0,Chirimachaya,0.2199004273861646,8.0,True,True,True,0.4951829059471687
2017-10-08,0.6899826388888889,0.003712167203467111,288.0,Chirimachaya,0.21952932514250276,8.0,True,True,True,0.4704533137463861
2017-10-09,0.6818298611111112,0.004053932230707222,288.0,Chirimachaya,0.22036376781761643,8.0,True,True,True,0.46146609329349475
2017-10-10,0.6684895833333333,0.0028796829759216956,288.0,Chirimachaya,0.22027190215885636,8.0,True,True,True,0.4482176811744769
2017-10-11,0.6616458333333334,0.001803862483846245,288.0,Chirimachaya,0.21902523934841153,8.0,True,True,True,0.4426205939849218
2017-10-12,0.6572291666666668,0.0010032612327036852,288.0,Chirimachaya,0.21811535768210885,8.0,True,True,True,0.4391138089845579
2017-10-13,0.654607638888889,0.0010028933655148755,288.0,Chirimachaya,0.21719605103135103,8.0,True,True,True,0.4374115878575379
2017-10-14,0.6516006944444445,0.0010642755483876122,288.0,Chirimachaya,0.21574304066598413,8.0,True,True,True,0.4358576537784603
2017-10-15,0.6489583333333333,0.0007996079178571873,288.0,Chirimachaya,0.21360737271606917,8.0,True,True,True,0.43535096061726414
2017-10-16,0.6676666666666667,0.028694595152062487,288.0,Chirimachaya,0.2127678673714399,8.0,True,True,True,0.4548987992952268
2017-10-17,0.7442395833333334,0.016166217275864307,288.0,Chirimachaya,0.21208466589450833,8.0,True,True,True,0.532154917438825
2017-10-18,0.7594583333333333,0.0005263112048213711,288.0,Chirimachaya,0.21064504981040952,8.0,True,True,True,0.5488132835229238
2017-10-19,0.7143229166666667,0.018611278356302035,288.0,Chirimachaya,0.21021053381264204,8.0,True,True,True,0.5041123828540246
2017-10-20,0.682451388888889,0.004186971431904221,288.0,Chirimachaya,0.21020305901765818,8.0,True,True,True,0.47224832987123083
2017-10-21,0.7134409722222222,0.035237620285314776,288.0,Chirimachaya,0.2095533218234777,8.0,True,True,True,0.5038876503987446
2017-10-22,0.7597534722222222,0.0008624907771615977,288.0,Chirimachaya,0.2088936492800712,8.0,True,True,True,0.5508598229421511
2017-10-23,0.7619930555555556,0.0006411719211282318,288.0,Chirimachaya,0.2082183845341205,8.0,True,True,True,0.5537746710214351
2017-10-24,0.7632604166666668,0.0006004317552251669,288.0,Chirimachaya,0.2074688989669084,8.0,True,True,True,0.5557915176997583
2017-10-25,0.7077465277777777,0.021752047164483493,288.0,Chirimachaya,0.20730848424136633,8.0,True,True,True,0.5004380435364113
2017-10-26,0.6788125,0.004197176336372668,288.0,Chirimachaya,0.20639846287667746,8.0,True,True,True,0.4724140371233226
2017-10-27,0.6673888888888889,0.0033901088161771035,288.0,Chirimachaya,0.20614901371300215,8.0,True,True,True,0.46123987517588677
2017-10-28,0.6638159722222222,0.0016200470245011389,288.0,Chirimachaya,0.2070818059146404,8.0,True,True,True,0.4567341663075818
2017-10-29,0.6675937500000001,0.001962602224417813,288.0,Chirimachaya,0.2141224537044763,8.0,True,True,True,0.4534712962955238
2017-10-30,0.6613819444444444,0.001930848156426227,288.0,Chirimachaya,0.21353500708937642,8.0,True,True,True,0.447846937355068
2017-10-31,0.6552951388888889,0.002141276113741115,288.0,Chirimachaya,0.21234466880559918,8.0,True,True,True,0.4429504700832897
2017-11-01,0.6491909722222222,0.002117207193185834,288.0,Chirimachaya,0.2114147003740072,8.0,True,True,True,0.437776271848215
2017-11-02,0.6444652777777777,0.0011100629008414262,288.0,Chirimachaya,0.21246776357293123,8.0,True,True,True,0.4319975142048465
2017-11-03,0.6409270833333334,0.0013192078052567545,288.0,Chirimachaya,0.21252940595149988,8.0,True,True,True,0.4283976773818335
2017-11-04,0.6368055555555556,0.001831880957811926,288.0,Chirimachaya,0.21176194772124288,8.0,True,True,True,0.4250436078343127
2017-11-05,0.6316701388888889,0.00196277482102898,288.0,Chirimachaya,0.21152880042791364,8.0,True,True,True,0.42014133846097523
2017-11-06,0.62646875,0.0015253019921467727,288.0,Chirimachaya,0.2108262367546558,8.0,True,True,True,0.4156425132453442
2017-11-07,0.6209652777777778,0.0021988695050568024,288.0,Chirimachaya,0.21017722971737382,8.0,True,True,True,0.4107880480604039
2017-11-08,0.6140104166666667,0.002539560683838424,288.0,Chirimachaya,0.2096666023135185,8.0,True,True,True,0.40434381435314815
2017-11-09,0.6065972222222222,0.0026916296747223636,288.0,Chirimachaya,0.20895318500697607,8.0,True,True,True,0.39764403721524616
2017-11-10,0.5983680555555555,0.0028364145983804526,288.0,Chirimachaya,0.20878105983138082,8.0,True,True,True,0.38958699572417466
2017-11-11,0.5911458333333334,0.0018646491295433397,288.0,Chirimachaya,0.20801407098770136,8.0,True,True,True,0.383131762345632
2017-11-12,0.5856423611111111,0.0016697380236880617,288.0,Chirimachaya,0.20753098092973227,8.0,True,True,True,0.37811138018137885
2017-11-13,0.5809618055555554,0.0012018856571202605,288.0,Chirimachaya,0.20710319280624387,8.0,True,True,True,0.37385861274931154
2017-11-14,0.5819340277777777,0.0006977977497630507,288.0,Chirimachaya,0.2076069228351116,8.0,True,True,True,0.3743271049426661
2017-11-15,0.5848645833333334,0.0010047253338680148,288.0,Chirimachaya,0.20813968405127525,8.0,True,True,True,0.3767248992820581
2017-11-16,0.5868333333333333,0.0003733266964733218,288.0,Chirimachaya,0.20724875293672082,8.0,True,True,True,0.37958458039661247
2017-11-17,0.5863958333333332,0.0004898801673851257,288.0,Chirimachaya,0.20878331735730166,8.0,True,True,True,0.37761251597603157
2017-11-18,0.5842951388888888,0.001153563173207131,288.0,Chirimachaya,0.208025436848402,8.0,True,True,True,0.3762697020404868
2017-11-19,0.5809270833333333,0.0014762566252835107,288.0,Chirimachaya,0.20673762075603005,8.0,True,True,True,0.37418946257730323
2017-11-20,0.5797604166666666,0.002108939616636711,288.0,Chirimachaya,0.20676935836672777,8.0,True,True,True,0.3729910582999388
2017-11-21,0.5852951388888888,0.0006300080040541412,288.0,Chirimachaya,0.21055152080953118,8.0,True,True,True,0.37474361807935763
2017-11-22,0.5847951388888889,0.001155072428524284,288.0,Chirimachaya,0.21019522100687021,8.0,True,True,True,0.3745999178820187
2017-11-23,0.5829930555555555,8.318802662586303e-05,288.0,Chirimachaya,0.21210366673767564,8.0,True,True,True,0.3708893888178798
2017-11-24,0.5831458333333334,0.0003819763387239381,288.0,Chirimachaya,0.21130952239036557,8.0,True,True,True,0.37183631094296776
2017-11-25,0.5836215277777778,0.00048585040849504396,288.0,Chirimachaya,0.2102136295288801,8.0,True,True,True,0.37340789824889764
2017-11-26,0.5829027777777777,0.00029677580891785744,288.0,Chirimachaya,0.20973813533782953,8.0,True,True,True,0.3731646424399481
2017-11-27,0.5815208333333333,0.0007463616744777557,288.0,Chirimachaya,0.20901443064212794,8.0,True,True,True,0.37250640269120533
2017-11-28,0.5805833333333333,0.0004938647983247649,288.0,Chirimachaya,0.20842720009386537,8.0,True,True,True,0.37215613323946795
2017-11-29,0.58,0.0,288.0,Chirimachaya,0.20736582949757573,8.0,True,True,True,0.3726341705024242
2017-11-30,0.5790659722222222,0.0008985984591928032,288.0,Chirimachaya,0.20736088044941423,8.0,True,True,True,0.37170509177280797
2017-12-01,0.5767326388888888,0.0011870573731389725,288.0,Chirimachaya,0.2073399033397436,8.0,True,True,True,0.3693927355491452
2017-12-02,0.5753055555555555,0.00046144414692966633,288.0,Chirimachaya,0.2086904235184192,8.0,True,True,True,0.3666151320371363
2017-12-03,0.5770972222222222,0.0007679961204572867,288.0,Chirimachaya,0.2081191763281822,8.0,True,True,True,0.36897804589403993
2017-12-04,0.5789477351916376,0.0003749873092238049,287.0,Chirimachaya,0.20777599513530726,8.0,True,True,True,0.3711717400563303
2017-12-05,0.5814965277777777,0.001240990567279167,288.0,Chirimachaya,0.20659908838570115,8.0,True,True,True,0.37489743939207654
2017-12-06,0.5875520833333333,0.0018752177573897123,288.0,Chirimachaya,0.2059101853519678,8.0,True,True,True,0.3816418979813655
2017-12-07,0.5922881944444444,0.000841186860859021,288.0,Chirimachaya,0.20521633513271803,8.0,True,True,True,0.38707185931172633
2017-12-08,0.5929444444444445,0.00022946013834864348,288.0,Chirimachaya,0.20405454188585279,8.0,True,True,True,0.3888899025585917
2017-12-09,0.6400104166666667,0.07147385596312066,288.0,Chirimachaya,0.20467677153646943,8.0,True,True,True,0.43533364513019723
2017-12-10,0.7509097222222222,0.0011006060696178497,288.0,Chirimachaya,0.20738947205245492,8.0,True,True,True,0.5435202501697672
2017-12-11,0.7528541666666667,0.0003535533905932116,288.0,Chirimachaya,0.2076742649078369,8.0,True,True,True,0.5451799017588298
2017-12-12,0.7499548611111111,0.007086920079807509,288.0,Chirimachaya,0.21206974051892755,8.0,True,True,True,0.5378851205921835
2017-12-13,0.6961284722222222,0.011478239756237093,288.0,Chirimachaya,0.2151141185313463,8.0,True,True,True,0.48101435369087586
2017-12-14,0.6736458333333334,0.004850329562422646,288.0,Chirimachaya,0.21429391391575334,8.0,True,True,True,0.45935191941758
2017-12-15,0.6599791666666667,0.004561570653763047,288.0,Chirimachaya,0.21266106888651842,8.0,True,True,True,0.44731809778014825
2017-12-16,0.6490451388888889,0.0029833528798530315,288.0,Chirimachaya,0.2111879307776689,8.0,True,True,True,0.43785720811122003
2017-12-17,0.6410034722222222,0.002593879507258991,288.0,Chirimachaya,0.20991397835314268,8.0,True,True,True,0.4310894938690795
2017-12-18,0.6338819444444445,0.0020819333275052905,288.0,Chirimachaya,0.20864469185471532,8.0,True,True,True,0.4252372525897291
2017-12-19,0.6277708333333334,0.0018067575438613622,288.0,Chirimachaya,0.2075606901198625,8.0,True,True,True,0.4202101432134709
2017-12-20,0.6226180555555555,0.0017107837019775282,288.0,Chirimachaya,0.20721183530986306,8.0,True,True,True,0.4154062202456924
2017-12-21,0.6177465277777778,0.001309967853128387,288.0,Chirimachaya,0.2061200030148029,8.0,True,True,True,0.4116265247629749
2017-12-22,0.6134270833333333,0.0013336554126093703,288.0,Chirimachaya,0.20574281364679334,8.0,True,True,True,0.4076842696865399
2017-12-23,0.60840625,0.002013429433484673,288.0,Chirimachaya,0.20513423904776568,8.0,True,True,True,0.40327201095223436
2017-12-24,0.6023229166666666,0.0017835570593541241,288.0,Chirimachaya,0.2042101230472326,8.0,True,True,True,0.39811279361943397
2017-12-25,0.5970173611111111,0.0016002103459779365,288.0,Chirimachaya,0.20412177965044973,8.0,True,True,True,0.3928955814606614
2017-12-26,0.6128020833333333,0.02413072114466675,288.0,Chirimachaya,0.20592293515801424,8.0,True,True,True,0.40687914817531906
2017-12-27,0.7041805555555556,0.029799130725992384,288.0,Chirimachaya,0.20968504250049588,8.0,True,True,True,0.4944955130550597
2017-12-28,0.7483784722222222,0.0011563286365051954,288.0,Chirimachaya,0.21855434402823445,8.0,True,True,True,0.5298241281939877
2017-12-29,0.7517048611111111,0.0009733615634777206,288.0,Chirimachaya,0.22914612293243405,8.0,True,True,True,0.522558738178677
2017-12-30,0.7525798611111111,0.004142144739968023,288.0,Chirimachaya,0.23601244576275343,8.0,True,True,True,0.5165674153483577
2017-12-31,0.7244618055555555,0.022590243327434985,288.0,Chirimachaya,0.24346810579299924,8.0,True,True,True,0.48099369976255624
2018-01-01,0.7481909722222223,0.010392388082724064,288.0,Chirimachaya,0.25329083576798433,8.0,True,True,True,0.49490013645423797
2018-01-02,0.7041458333333332,0.015390828867881729,288.0,Chirimachaya,0.2556783556938171,8.0,True,True,True,0.44846747763951617
2018-01-03,0.67653125,0.004881779659927716,288.0,Chirimachaya,0.25328467041254044,8.0,True,True,True,0.4232465795874596
2018-01-04,0.66896875,0.008064789636533268,288.0,Chirimachaya,0.25116922147572035,8.0,True,True,True,0.41779952852427965
2018-01-05,0.6806631944444445,0.004890554738316341,288.0,Chirimachaya,0.2570565864443779,8.0,True,True,True,0.42360660800006655
2018-01-06,0.6690069444444444,0.0033129384785652253,288.0,Chirimachaya,0.26053217425942415,8.0,True,True,True,0.40847477018502026
2018-01-07,0.65909375,0.0034763856185184875,288.0,Chirimachaya,0.2595450654625892,8.0,True,True,True,0.3995486845374108
2018-01-08,0.6497916666666668,0.003060083577005006,288.0,Chirimachaya,0.25868485122919077,8.0,True,True,True,0.391106815437476
2018-01-09,0.6409687500000001,0.0030482294798248404,288.0,Chirimachaya,0.25723289325833315,8.0,True,True,True,0.38373585674166694
2018-01-10,0.6732291666666668,0.05261400017046139,288.0,Chirimachaya,0.2583616599440574,8.0,True,True,True,0.41486750672260936
2018-01-11,0.7397743055555556,0.012640889609058598,288.0,Chirimachaya,0.26437119394540787,8.0,True,True,True,0.4754031116101477
2018-01-12,0.6959930555555556,0.004687438217427263,288.0,Chirimachaya,0.2692533954977989,8.0,True,True,True,0.42673966005775665
2018-01-13,0.6886041666666667,0.007142373677018051,288.0,Chirimachaya,0.26909892633557314,8.0,True,True,True,0.41950524033109354
2018-01-14,0.7000798611111112,0.031839819217224084,288.0,Chirimachaya,0.2724500373005867,8.0,True,True,True,0.4276298238105245
2018-01-15,0.7519131944444444,0.0014274924545174285,288.0,Chirimachaya,0.2787969782948494,8.0,True,True,True,0.473116216149595
2018-01-16,0.7545069444444444,0.0008951789401465553,288.0,Chirimachaya,0.28273237496614456,8.0,True,True,True,0.4717745694782999
2018-01-17,0.7554340277777778,0.0012193939886576233,288.0,Chirimachaya,0.28384043648838997,8.0,True,True,True,0.4715935912893878
2018-01-18,0.7033159722222222,0.013346135241363457,288.0,Chirimachaya,0.28339002281427383,8.0,True,True,True,0.41992594940794836
2018-01-19,0.6983298611111111,0.014726266939035738,288.0,Chirimachaya,0.28275835514068604,8.0,True,True,True,0.415571505970425
2018-01-20,0.7566354166666667,0.0005102392347273142,288.0,Chirimachaya,0.2820725068449974,8.0,True,True,True,0.47456290982166927
2018-01-21,0.7576736111111111,0.00046970761327313625,288.0,Chirimachaya,0.28108077868819237,8.0,True,True,True,0.4765928324229187
2018-01-22,0.7218784722222221,0.025435081436720675,288.0,Chirimachaya,0.27960299327969546,8.0,True,True,True,0.44227547894252667
2018-01-23,0.6813923611111111,0.00416667682925575,288.0,Chirimachaya,0.27799763903021807,8.0,True,True,True,0.40339472208089305
2018-01-24,0.670732638888889,0.002610894619158407,288.0,Chirimachaya,0.27635036408901215,8.0,True,True,True,0.39438227479987686
2018-01-25,0.6692187500000001,0.0020946412048375765,288.0,Chirimachaya,0.27475832402706146,8.0,True,True,True,0.3944604259729386
2018-01-26,0.6679027777777778,0.001837736239788214,288.0,Chirimachaya,0.27354078739881516,8.0,True,True,True,0.3943619903789627
2018-01-27,0.664232638888889,0.0004232493949541758,288.0,Chirimachaya,0.27181226760148997,8.0,True,True,True,0.392420371287399
2018-01-28,0.6614722222222222,0.00176273640792544,288.0,Chirimachaya,0.2700299508869648,8.0,True,True,True,0.39144227133525744
2018-01-29,0.6562256944444445,0.0016446829768876753,288.0,Chirimachaya,0.2692837193608284,8.0,True,True,True,0.38694197508361605
2018-01-30,0.6508055555555556,0.0020148500182904645,288.0,Chirimachaya,0.26716771349310875,8.0,True,True,True,0.3836378420624469
2018-01-31,0.6454236111111111,0.0016276353002247352,288.0,Chirimachaya,0.26604821160435677,8.0,True,True,True,0.37937539950675436
2018-02-01,0.6402118055555556,0.0020018109058614376,288.0,Chirimachaya,0.2660173587501049,8.0,True,True,True,0.37419444680545066
2018-02-02,0.6346701388888889,0.001692021855572955,288.0,Chirimachaya,0.2659887857735157,8.0,True,True,True,0.3686813531153732
2018-02-03,0.6298506944444444,0.0013950882742932407,288.0,Chirimachaya,0.2685217298567295,8.0,True,True,True,0.3613289645877149
2018-02-04,0.6261493055555555,0.001339015006838778,288.0,Chirimachaya,0.27043477818369865,8.0,True,True,True,0.3557145273718568
2018-02-05,0.6211979166666667,0.0021231417371990356,288.0,Chirimachaya,0.2693190351128578,8.0,True,True,True,0.35187888155380886
2018-02-06,0.6160555555555556,0.0010140324014491766,288.0,Chirimachaya,0.2693944424390793,8.0,True,True,True,0.3466611131164763
2018-02-07,0.6124375,0.001632504115281578,288.0,Chirimachaya,0.26979566365480423,8.0,True,True,True,0.34264183634519574
2018-02-08,0.6072951388888889,0.0019736179784584093,288.0,Chirimachaya,0.26949228718876833,8.0,True,True,True,0.33780285170012053
2018-02-09,0.60303125,0.0007979039396218942,288.0,Chirimachaya,0.26905062794685364,8.0,True,True,True,0.3339806220531464
2018-02-10,0.6034409722222223,0.0004973677324139674,288.0,Chirimachaya,0.27057479694485664,8.0,True,True,True,0.3328661752773656
2018-02-11,0.60259375,0.0005059532349519508,288.0,Chirimachaya,0.27522192522883415,8.0,True,True,True,0.3273718247711659
2018-02-12,0.6001041666666667,0.0010272845705304426,288.0,Chirimachaya,0.2735496386885643,8.0,True,True,True,0.32655452797810236
2018-02-13,0.5961805555555555,0.0014514334031337313,288.0,Chirimachaya,0.2725770138204097,8.0,True,True,True,0.32360354173514577
2018-02-14,0.5920590277777777,0.0009699249724526924,288.0,Chirimachaya,0.2760037221014499,8.0,True,True,True,0.31605530567632784
2018-02-15,0.5895833333333332,0.0006246950475543973,288.0,Chirimachaya,0.27924272790551186,8.0,True,True,True,0.3103406054278214
2018-02-16,0.5875138888888888,0.000584183054590019,288.0,Chirimachaya,0.28280205652117724,8.0,True,True,True,0.30471183236771154
2018-02-17,0.5856805555555555,0.0005920822263474437,288.0,Chirimachaya,0.28091952204704285,8.0,True,True,True,0.3047610335085127
2018-02-18,0.585,0.0,288.0,Chirimachaya,0.28465721756219864,8.0,True,True,True,0.3003427824378013
2018-02-19,0.5854583333333333,0.0005584323503303126,288.0,Chirimachaya,0.2958202175796032,8.0,True,True,True,0.2896381157537301
2018-02-20,0.6260798611111111,0.03854085859403398,288.0,Chirimachaya,0.3084537871181965,8.0,True,True,True,0.31762607399291465
2018-02-21,0.6666319444444445,0.004113793450623709,288.0,Chirimachaya,0.31532720103859896,8.0,True,True,True,0.35130474340584555
2018-02-22,0.65834375,0.0011937245172133403,288.0,Chirimachaya,0.31498297676444054,8.0,True,True,True,0.34336077323555947
2018-02-23,0.6577916666666668,0.001211875040993522,288.0,Chirimachaya,0.3188020475208759,8.0,True,True,True,0.3389896191457909
2018-02-24,0.6526284722222222,0.002776987644108648,288.0,Chirimachaya,0.32016002014279366,8.0,True,True,True,0.33246845207942854
2018-02-25,0.6458125,0.0021067958729250637,288.0,Chirimachaya,0.31921103596687317,8.0,True,True,True,0.32660146403312684
2018-02-26,0.6396041666666668,0.002225035723786503,288.0,Chirimachaya,0.31878093630075455,8.0,True,True,True,0.3208232303659122
2018-02-27,0.6330277777777779,0.002363911140622468,288.0,Chirimachaya,0.31887688860297203,8.0,True,True,True,0.3141508891748058
2018-02-28,0.626829861111111,0.0015955766321314772,288.0,Chirimachaya,0.31930710375308985,8.0,True,True,True,0.3075227573580212
2018-03-01,0.6222743055555555,0.0012315960313184012,288.0,Chirimachaya,0.3202621825039387,8.0,True,True,True,0.30201212305161684
2018-03-02,0.6200138888888889,0.0001172335654394744,288.0,Chirimachaya,0.31928567960858345,8.0,True,True,True,0.3007282092803054
2018-03-03,0.62,0.0,288.0,Chirimachaya,0.3169200308620929,8.0,True,True,True,0.3030799691379071
2018-03-04,0.6200277777777778,0.00016462159944164418,288.0,Chirimachaya,0.3152712285518646,8.0,True,True,True,0.3047565492259132
2018-03-05,0.6202847222222222,0.00045206756062005093,288.0,Chirimachaya,0.31423937156796455,8.0,True,True,True,0.30604535065425764
2018-03-06,0.6204826388888889,0.0005005682987941024,288.0,Chirimachaya,0.31331247836351395,8.0,True,True,True,0.30717016052537494
2018-03-07,0.6214409722222222,0.000824275688332274,288.0,Chirimachaya,0.3110182285308838,8.0,True,True,True,0.3104227436913384
2018-03-08,0.626826388888889,0.002407392393016176,288.0,Chirimachaya,0.30865626037120814,8.0,True,True,True,0.31817012851768084
2018-03-09,0.6557430555555556,0.012245312850160069,288.0,Chirimachaya,0.3073327951133251,8.0,True,True,True,0.34841026044223045
2018-03-10,0.6627118055555556,0.0016433583582915346,288.0,Chirimachaya,0.3066886067390442,8.0,True,True,True,0.35602319881651145
2018-03-11,0.6575763888888889,0.0018855025896257534,288.0,Chirimachaya,0.3039179928600788,8.0,True,True,True,0.3536583960288101
2018-03-12,0.6531875,0.0013197441944086481,288.0,Chirimachaya,0.302087165415287,8.0,True,True,True,0.351100334584713
2018-03-13,0.6491736111111112,0.0014807939348561157,288.0,Chirimachaya,0.302280779927969,8.0,True,True,True,0.3468928311831422
2018-03-14,0.6448159722222222,0.0016092573305782568,288.0,Chirimachaya,0.3011721260845661,8.0,True,True,True,0.3436438461376561
2018-03-15,0.6401041666666667,0.0015402554202410342,288.0,Chirimachaya,0.29977958276867867,8.0,True,True,True,0.34032458389798803
2018-03-16,0.6357048611111111,0.0011655824977408447,288.0,Chirimachaya,0.29899774864315987,8.0,True,True,True,0.33670711246795126
2018-03-17,0.6326597222222222,0.0009675083443766231,288.0,Chirimachaya,0.2997291013598442,8.0,True,True,True,0.332930620862378
2018-03-18,0.6297638888888889,0.001162636143830946,288.0,Chirimachaya,0.2989268228411674,8.0,True,True,True,0.3308370660477215
2018-03-19,0.6358611111111112,0.01089296106904442,288.0,Chirimachaya,0.29828439280390734,8.0,True,True,True,0.33757671830720387
2018-03-20,0.6772013888888889,0.006983883748359916,288.0,Chirimachaya,0.30008023604750633,8.0,True,True,True,0.3771211528413826
2018-03-21,0.6749618055555556,0.0012191558470849289,288.0,Chirimachaya,0.29811450093984604,8.0,True,True,True,0.3768473046157096
2018-03-22,0.6681805555555556,0.002515880648880616,288.0,Chirimachaya,0.29608701542019844,8.0,True,True,True,0.3720935401353571
2018-03-23,0.6739479166666666,0.018301217448698098,288.0,Chirimachaya,0.2991434223949909,8.0,True,True,True,0.3748044942716757
2018-03-24,0.6988923611111111,0.005694811867885356,288.0,Chirimachaya,0.3237929902970791,8.0,True,True,True,0.375099370814032
2018-03-25,0.68328125,0.006927252335009314,288.0,Chirimachaya,0.32606688886880875,8.0,True,True,True,0.3572143611311912
2018-03-26,0.7003402777777777,0.01181191932964756,288.0,Chirimachaya,0.3247906677424907,8.0,True,True,True,0.37554961003528703
2018-03-27,0.6970763888888889,0.013327334234028954,288.0,Chirimachaya,0.32211389020085335,8.0,True,True,True,0.37496249868803555
2018-03-28,0.672326388888889,0.004318874968217553,288.0,Chirimachaya,0.3206654377281666,8.0,True,True,True,0.3516609511607224
2018-03-29,0.6616909722222223,0.0020630282263318263,288.0,Chirimachaya,0.31893739104270935,8.0,True,True,True,0.34275358117951293
2018-03-30,0.6705347222222222,0.02979486502409589,288.0,Chirimachaya,0.3173341862857341,8.0,True,True,True,0.3532005359364881
2018-03-31,0.7500416666666667,0.0005196487690792176,288.0,Chirimachaya,0.31945220381021494,8.0,True,True,True,0.4305894628564518
2018-04-01,0.7105590277777778,0.018672026863862472,288.0,Chirimachaya,0.32262270525097847,8.0,True,True,True,0.3879363225267993
2018-04-02,0.7061493055555556,0.032424588459968054,288.0,Chirimachaya,0.3235337398946285,8.0,True,True,True,0.382615565660927
2018-04-03,0.7533263888888889,0.0012372266451963023,288.0,Chirimachaya,0.32354537025094027,8.0,True,True,True,0.42978101863794865
2018-04-04,0.7566006944444444,0.0008973050264496733,288.0,Chirimachaya,0.3232151232659817,8.0,True,True,True,0.43338557117846277
2018-04-05,0.7579444444444445,0.00031848460385997896,288.0,Chirimachaya,0.32656455412507057,8.0,True,True,True,0.43137989031937396
2018-04-06,0.7147256944444443,0.018376182306755712,288.0,Chirimachaya,0.32587287575006485,8.0,True,True,True,0.3888528186943795
2018-04-07,0.6879409722222223,0.004038144141895389,288.0,Chirimachaya,0.3249008059501648,8.0,True,True,True,0.3630401662720575
2018-04-08,0.68090625,0.0019829137308797645,288.0,Chirimachaya,0.3236879110336303,8.0,True,True,True,0.35721833896636973
2018-04-09,0.6738923611111112,0.003065864205340576,288.0,Chirimachaya,0.32486531883478165,8.0,True,True,True,0.3490270422763295
2018-04-10,0.6655972222222223,0.0023782388718610807,288.0,Chirimachaya,0.32290562614798546,8.0,True,True,True,0.3426915960742368
2018-04-11,0.6588680555555556,0.0019227105133526779,288.0,Chirimachaya,0.3226488530635834,8.0,True,True,True,0.33621920249197224
2018-04-12,0.6532256944444446,0.0020210821446027733,288.0,Chirimachaya,0.31913395598530764,8.0,True,True,True,0.3340917384591369
2018-04-13,0.6477847222222223,0.0015217960892331694,288.0,Chirimachaya,0.3170808516442776,8.0,True,True,True,0.3307038705779447
2018-04-14,0.6432430555555555,0.0014897864953678246,288.0,Chirimachaya,0.3172444775700569,8.0,True,True,True,0.3259985779854986
2018-04-15,0.6397569444444444,0.0017138360005041374,288.0,Chirimachaya,0.31558045372366905,8.0,True,True,True,0.32417649072077537
2018-04-16,0.71665625,0.039937187998050724,288.0,Chirimachaya,0.31260902807116503,8.0,True,True,True,0.40404722192883497
2018-04-17,0.7382326388888889,0.01738169700925075,288.0,Chirimachaya,0.3096987269818783,8.0,True,True,True,0.4285339119070106
2018-04-18,0.6893402777777777,0.008662597878994814,288.0,Chirimachaya,0.30791522935032845,8.0,True,True,True,0.3814250484274493
2018-04-19,0.6719965277777779,0.002250045704358066,288.0,Chirimachaya,0.30686772987246513,8.0,True,True,True,0.3651287979053127
2018-04-20,0.6683993055555556,0.001478156707273586,288.0,Chirimachaya,0.30460207909345627,8.0,True,True,True,0.36379722646209933
2018-04-21,0.66434375,0.0007395467818255441,288.0,Chirimachaya,0.30265462771058077,8.0,True,True,True,0.36168912228941924
2018-04-22,0.6657534722222223,0.0010112546589697866,288.0,Chirimachaya,0.3006825670599937,8.0,True,True,True,0.36507090516222857
2018-04-23,0.6649548611111111,0.001204540183561209,288.0,Chirimachaya,0.299055103212595,8.0,True,True,True,0.36589975789851614
2018-04-24,0.6650729166666667,0.0013479481761975542,288.0,Chirimachaya,0.29730604216456413,8.0,True,True,True,0.36776687450210255
2018-04-25,0.6692430555555556,0.017189351913393134,288.0,Chirimachaya,0.29618277028203005,8.0,True,True,True,0.3730602852735256
2018-04-26,0.7545694444444444,0.005415364356980509,288.0,Chirimachaya,0.295846551656723,8.0,True,True,True,0.4587228927877214
2018-04-27,0.7375937499999999,0.022932066676506862,288.0,Chirimachaya,0.29403272271156305,8.0,True,True,True,0.4435610272884369
2018-04-28,0.7053506944444444,0.015711641510630717,288.0,Chirimachaya,0.293546911329031,8.0,True,True,True,0.41180378311541344
2018-04-29,0.7106527777777778,0.025494228203645882,288.0,Chirimachaya,0.2997039295732975,8.0,True,True,True,0.4109488482044803
2018-04-30,0.7575937500000001,0.0008824039662093225,288.0,Chirimachaya,0.3000969998538494,8.0,True,True,True,0.45749675014615065
2018-05-01,0.7005555555555555,0.013368941997900983,288.0,Chirimachaya,0.3013299480080604,8.0,True,True,True,0.3992256075474951
2018-05-02,0.7050104166666666,0.012139859872963558,288.0,Chirimachaya,0.30049582570791245,8.0,True,True,True,0.4045145909587542
2018-05-03,0.6784652777777779,0.0042629809047602775,288.0,Chirimachaya,0.2993464469909668,8.0,True,True,True,0.3791188307868111
2018-05-04,0.68790625,0.03517544225457423,288.0,Chirimachaya,0.29852600768208504,8.0,True,True,True,0.389380242317915
2018-05-05,0.7554652777777778,0.001335201217760351,288.0,Chirimachaya,0.29798421263694763,8.0,True,True,True,0.4574810651408302
2018-05-06,0.7596527777777777,0.0010645994777407554,288.0,Chirimachaya,0.29903642833232874,8.0,True,True,True,0.460616349445449
2018-05-07,0.7508298611111112,0.01605333696946552,288.0,Chirimachaya,0.30183400213718414,8.0,True,True,True,0.448995858973927
2018-05-08,0.7264444444444444,0.027306564609456668,288.0,Chirimachaya,0.30325300246477127,8.0,True,True,True,0.4231914419796732
2018-05-09,0.7018020833333334,0.02524746640961285,288.0,Chirimachaya,0.30705713108181953,8.0,True,True,True,0.39474495225151385
2018-05-10,0.7510486111111111,0.01798967177986304,288.0,Chirimachaya,0.31499164924025536,8.0,True,True,True,0.43605696187085574
2018-05-11,0.6876770833333334,0.007855171791093837,288.0,Chirimachaya,0.31603867188096046,8.0,True,True,True,0.371638411452373
2018-05-12,0.6735520833333334,0.0027301508873310656,288.0,Chirimachaya,0.31354755163192743,8.0,True,True,True,0.36000453170140595
2018-05-13,0.6863506944444445,0.03534979904043274,288.0,Chirimachaya,0.3126777783036232,8.0,True,True,True,0.3736729161408213
2018-05-14,0.75059375,0.01362252039259582,288.0,Chirimachaya,0.3140547499060631,8.0,True,True,True,0.43653900009393687
2018-05-15,0.698142361111111,0.021517933788937637,288.0,Chirimachaya,0.3140253759920597,8.0,True,True,True,0.38411698511905135
2018-05-16,0.756736111111111,0.001171592389138638,288.0,Chirimachaya,0.31458817422389984,8.0,True,True,True,0.4421479368872112
2018-05-17,0.7391597222222221,0.024760078916201293,288.0,Chirimachaya,0.3129533641040325,8.0,True,True,True,0.42620635811818963
2018-05-18,0.6880486111111112,0.009210908440604524,288.0,Chirimachaya,0.3115234561264515,8.0,True,True,True,0.37652515498465966
2018-05-19,0.7568402777777777,0.0077806721980099355,288.0,Chirimachaya,0.3122150003910064,8.0,True,True,True,0.4446252773867713
2018-05-20,0.7562083333333334,0.008910218070435627,288.0,Chirimachaya,0.3118436001241207,8.0,True,True,True,0.44436473320921266
2018-05-21,0.7380138888888889,0.017464941931496284,288.0,Chirimachaya,0.3103100098669529,8.0,True,True,True,0.42770387902193596
2018-05-22,0.6940520833333333,0.00910875421284993,288.0,Chirimachaya,0.3092148676514625,8.0,True,True,True,0.38483721568187085
2018-05-23,0.7219861111111112,0.03763199508149112,288.0,Chirimachaya,0.30826660618185997,8.0,True,True,True,0.41371950492925125
2018-05-24,0.7640277777777778,0.0008088745090253763,288.0,Chirimachaya,0.30754353478550905,8.0,True,True,True,0.4564842429922687
2018-05-25,0.765875,0.0003312945782246551,288.0,Chirimachaya,0.30619626864790916,8.0,True,True,True,0.4596787313520908
2018-05-26,0.7666909722222223,0.0004703639623370998,288.0,Chirimachaya,0.3045276924967766,8.0,True,True,True,0.4621632797254457
2018-05-27,0.766625,0.003917040410171066,288.0,Chirimachaya,0.30334531143307686,8.0,True,True,True,0.46327968856692314
2018-05-28,0.7029513888888889,0.012417998548870176,288.0,Chirimachaya,0.30158774182200426,8.0,True,True,True,0.4013636470668846
2018-05-29,0.7486805555555556,0.028865216707635696,288.0,Chirimachaya,0.30078690499067307,8.0,True,True,True,0.4478936505648825
2018-05-30,0.7174375,0.02259913314300661,288.0,Chirimachaya,0.29999202489852905,8.0,True,True,True,0.4174454751014709
2018-05-31,0.6912465277777778,0.004949042256896599,288.0,Chirimachaya,0.3003542944788933,8.0,True,True,True,0.39089223329888456
2018-06-01,0.6789027777777777,0.002943887411791275,288.0,Chirimachaya,0.2987676151096821,8.0,True,True,True,0.38013516266809566
2018-06-02,0.6707743055555556,0.002283351242331651,288.0,Chirimachaya,0.2977914810180664,8.0,True,True,True,0.3729828245374892
2018-06-03,0.6643958333333333,0.001253392608626185,288.0,Chirimachaya,0.29780496656894684,8.0,True,True,True,0.36659086676438646
2018-06-04,0.6627395833333334,0.001090773388640193,288.0,Chirimachaya,0.29700616374611855,8.0,True,True,True,0.36573341958721484
2018-06-05,0.6717152777777778,0.001840932934387457,288.0,Chirimachaya,0.2960519343614578,8.0,True,True,True,0.37566334341632
2018-06-06,0.6697847222222223,0.001463436814259486,288.0,Chirimachaya,0.2951428219676018,8.0,True,True,True,0.3746419002546205
2018-06-07,0.6650243055555556,0.0015197077716418209,288.0,Chirimachaya,0.29336041212081904,8.0,True,True,True,0.37166389343473655
2018-06-08,0.6607500000000001,0.0014068027852739099,288.0,Chirimachaya,0.2920955531299114,8.0,True,True,True,0.36865444687008864
2018-06-09,0.6570798611111112,0.0009502671446218348,288.0,Chirimachaya,0.29101376235485077,8.0,True,True,True,0.3660660987562604
2018-06-10,0.6546736111111112,0.0006283639628760928,288.0,Chirimachaya,0.2893082946538925,8.0,True,True,True,0.3653653164572187
2018-06-11,0.6537777777777778,0.0004164633650362122,288.0,Chirimachaya,0.28772568330168724,8.0,True,True,True,0.36605209447609055
2018-06-12,0.6535798611111111,0.000494440148837242,288.0,Chirimachaya,0.28674445673823357,8.0,True,True,True,0.36683540437287754
2018-06-13,0.6515104166666668,0.0010291377771998846,288.0,Chirimachaya,0.28615422174334526,8.0,True,True,True,0.3653561949233215
2018-06-14,0.6494340277777778,0.0004964912699204288,288.0,Chirimachaya,0.2850477211177349,8.0,True,True,True,0.3643863066600429
2018-06-15,0.6508819444444445,0.0006465833848448704,288.0,Chirimachaya,0.2835337668657303,8.0,True,True,True,0.3673481775787142
2018-06-16,0.6671284722222223,0.01838081928311103,288.0,Chirimachaya,0.28261227905750275,8.0,True,True,True,0.3845161931647195
2018-06-17,0.7556319444444445,0.011807838020343539,288.0,Chirimachaya,0.28164463117718697,8.0,True,True,True,0.4739873132672575
2018-06-18,0.7626111111111111,0.0009153062442223685,288.0,Chirimachaya,0.2807502672076225,8.0,True,True,True,0.48186084390348866
2018-06-19,0.7588472222222222,0.011154798935677668,288.0,Chirimachaya,0.28008412942290306,8.0,True,True,True,0.47876309279931917
2018-06-20,0.7006180555555556,0.012593342927969146,288.0,Chirimachaya,0.2782072350382805,8.0,True,True,True,0.4224108205172751
2018-06-21,0.6776840277777778,0.003381774541789088,288.0,Chirimachaya,0.2763948105275631,8.0,True,True,True,0.4012892172502147
2018-06-22,0.6695069444444445,0.0019326518683637232,288.0,Chirimachaya,0.27625375986099243,8.0,True,True,True,0.39325318458345204
2018-06-23,0.6640138888888889,0.001443409200475055,288.0,Chirimachaya,0.2750872485339641,8.0,True,True,True,0.3889266403549248
2018-06-24,0.6603090277777778,0.0004991160401402484,288.0,Chirimachaya,0.2741920277476311,8.0,True,True,True,0.3861170000301467
2018-06-25,0.6602847222222222,0.0004672283826942692,288.0,Chirimachaya,0.2731069549918175,8.0,True,True,True,0.38717776723040476
2018-06-26,0.6845,0.01978490608294107,288.0,Chirimachaya,0.27284580469131464,8.0,True,True,True,0.41165419530868536
2018-06-27,0.6911875000000001,0.008496745636486383,288.0,Chirimachaya,0.27180034294724464,8.0,True,True,True,0.4193871570527554
2018-06-28,0.6742361111111111,0.00217360187306526,288.0,Chirimachaya,0.27196149155497545,8.0,True,True,True,0.4022746195561357
2018-06-29,0.6763923611111111,0.009026994590644622,288.0,Chirimachaya,0.2719818130135536,8.0,True,True,True,0.4044105480975575
2018-06-30,0.7229861111111111,0.025297528796723787,288.0,Chirimachaya,0.27114698290824885,8.0,True,True,True,0.45183912820286226
2018-07-01,0.7496493055555555,0.015841283764047608,288.0,Chirimachaya,0.27106690779328346,8.0,True,True,True,0.47858239776227207
2018-07-02,0.6849548611111111,0.0102519503021652,288.0,Chirimachaya,0.2701556086540222,8.0,True,True,True,0.41479925245708893
2018-07-03,0.6695729166666667,0.002539217656409503,288.0,Chirimachaya,0.2689574398100376,8.0,True,True,True,0.4006154768566291
2018-07-04,0.6637743055555556,0.001088952860043892,288.0,Chirimachaya,0.2673773057758808,8.0,True,True,True,0.3963969997796748
2018-07-05,0.6608784722222222,0.000819506369176848,288.0,Chirimachaya,0.2655082494020462,8.0,True,True,True,0.395370222820176
2018-07-06,0.6586875,0.0009142217420998761,288.0,Chirimachaya,0.26411959528923035,8.0,True,True,True,0.39456790471076963
2018-07-07,0.65590625,0.0007336338603927904,288.0,Chirimachaya,0.26265417039394373,8.0,True,True,True,0.3932520796060563
2018-07-08,0.6536840277777778,0.0006197856428863056,288.0,Chirimachaya,0.2619340755045414,8.0,True,True,True,0.3917499522732364
2018-07-09,0.6527604166666667,0.0007094895598526754,288.0,Chirimachaya,0.2609410062432289,8.0,True,True,True,0.3918194104234378
2018-07-10,0.6553194444444445,0.0006949572245405726,288.0,Chirimachaya,0.2604139298200607,8.0,True,True,True,0.3949055146243838
2018-07-11,0.6561597222222223,0.00036698592372902384,288.0,Chirimachaya,0.25914203003048897,8.0,True,True,True,0.39701769219173333
2018-07-12,0.6580347222222223,0.000634800245070685,288.0,Chirimachaya,0.25776069611310953,8.0,True,True,True,0.4002740261091127
2018-07-13,0.660357638888889,0.0007423552181005876,288.0,Chirimachaya,0.25686484575271606,8.0,True,True,True,0.4034927931361729
2018-07-14,0.6627604166666666,0.0006895657119378916,288.0,Chirimachaya,0.25605741888284683,8.0,True,True,True,0.4067029977838198
2018-07-15,0.72715625,0.03590327543946666,288.0,Chirimachaya,0.2557818479835987,8.0,True,True,True,0.47137440201640124
2018-07-16,0.6952256944444444,0.013258660947033858,288.0,Chirimachaya,0.25486402586102486,8.0,True,True,True,0.4403616685834195
2018-07-17,0.6801666666666667,0.004991281597552073,288.0,Chirimachaya,0.2528189867734909,8.0,True,True,True,0.4273476798931758
2018-07-18,0.7251666666666666,0.021860501666271088,288.0,Chirimachaya,0.2524924762547016,8.0,True,True,True,0.472674190411965
2018-07-19,0.6944097222222222,0.0036643364467588606,288.0,Chirimachaya,0.2511984296143055,8.0,True,True,True,0.4432112926079167
2018-07-20,0.6831597222222222,0.0035889167261887968,288.0,Chirimachaya,0.25004602782428265,8.0,True,True,True,0.43311369439793956
2018-07-21,0.6771284722222223,0.0016987867445346348,288.0,Chirimachaya,0.24919591471552846,8.0,True,True,True,0.4279325575066938
2018-07-22,0.7077222222222223,0.039050212372453416,288.0,Chirimachaya,0.24844896420836446,8.0,True,True,True,0.45927325801385777
2018-07-23,0.7581006944444444,0.008187285090109528,288.0,Chirimachaya,0.24799514561891553,8.0,True,True,True,0.5101055488255288
2018-07-24,0.6893472222222222,0.012451057884022634,288.0,Chirimachaya,0.2472786474972963,8.0,True,True,True,0.4420685747249259
2018-07-25,0.6733125000000001,0.0016121003677868873,288.0,Chirimachaya,0.24588228203356263,8.0,True,True,True,0.42743021796643743
2018-07-26,0.6752222222222222,0.0034880471747530265,288.0,Chirimachaya,0.244723891839385,8.0,True,True,True,0.43049833038283714
2018-07-27,0.6745416666666667,0.001502031145141561,288.0,Chirimachaya,0.2444736864417791,8.0,True,True,True,0.43006798022488757
2018-07-28,0.6691111111111111,0.0019811344060033133,288.0,Chirimachaya,0.24342902749776837,8.0,True,True,True,0.4256820836133427
2018-07-29,0.6637326388888889,0.0012471754770433778,288.0,Chirimachaya,0.24270703271031374,8.0,True,True,True,0.42102560617857515
2018-07-30,0.7198888888888889,0.04423080281800111,288.0,Chirimachaya,0.2440453097224235,8.0,True,True,True,0.4758435791664654
2018-07-31,0.71059375,0.026597625627570533,288.0,Chirimachaya,0.24511616863310332,8.0,True,True,True,0.4654775813668967
2018-08-01,0.7047500000000001,0.038080970034199885,288.0,Chirimachaya,0.24848812818527222,8.0,True,True,True,0.4562618718147279
2018-08-02,0.7555659722222222,0.0004964912699204799,288.0,Chirimachaya,0.25327515043318266,8.0,True,True,True,0.5022908217890396
2018-08-03,0.6972638888888889,0.022393996865795053,288.0,Chirimachaya,0.25268828868865967,8.0,True,True,True,0.44457560020022924
2018-08-04,0.6710486111111111,0.002885334444859125,288.0,Chirimachaya,0.25396057218313217,8.0,True,True,True,0.41708803892797897
2018-08-05,0.6635173611111111,0.001746986648483868,288.0,Chirimachaya,0.25328322127461433,8.0,True,True,True,0.4102341398364968
2018-08-06,0.6584861111111111,0.0016229457070704,288.0,Chirimachaya,0.25176553055644035,8.0,True,True,True,0.40672058055467075
2018-08-07,0.6542222222222223,0.0012322294711654186,288.0,Chirimachaya,0.24990868195891378,8.0,True,True,True,0.40431354026330846
2018-08-08,0.6523958333333334,0.0007982450262614097,288.0,Chirimachaya,0.24797194637358186,8.0,True,True,True,0.4044238869597515
2018-08-09,0.7048263888888889,0.0477498315097977,288.0,Chirimachaya,0.24582666903734204,8.0,True,True,True,0.45899971985154686
2018-08-10,0.7593263888888889,0.0005388057656674274,288.0,Chirimachaya,0.24397139064967627,8.0,True,True,True,0.5153549982392127
2018-08-11,0.7571666666666667,0.008143315593182982,288.0,Chirimachaya,0.24312241747975347,8.0,True,True,True,0.5140442491869132
2018-08-12,0.6996527777777778,0.012597117885319776,288.0,Chirimachaya,0.24197515100240705,8.0,True,True,True,0.4576776267753707
2018-08-13,0.6773229166666668,0.003077947158545967,288.0,Chirimachaya,0.24052124843001363,8.0,True,True,True,0.4368016682366531
2018-08-14,0.6697916666666667,0.0019908326484528198,288.0,Chirimachaya,0.2394103072583675,8.0,True,True,True,0.43038135940829914
2018-08-15,0.6644340277777778,0.0012279363268994212,288.0,Chirimachaya,0.23857853189110753,8.0,True,True,True,0.42585549588667027
2018-08-16,0.6738958333333334,0.01594927444746937,288.0,Chirimachaya,0.23743448033928866,8.0,True,True,True,0.4364613529940447
2018-08-17,0.7494409722222222,0.015558028561164958,288.0,Chirimachaya,0.23616683110594747,8.0,True,True,True,0.5132741411162747
2018-08-18,0.7393229166666667,0.021591791635431092,288.0,Chirimachaya,0.23503458872437472,8.0,True,True,True,0.5042883279422921
2018-08-19,0.6851666666666667,0.007687267177290708,288.0,Chirimachaya,0.2338754907250404,8.0,True,True,True,0.45129117594162627
2018-08-20,0.6724826388888889,0.001877719346920621,288.0,Chirimachaya,0.23255505971610543,8.0,True,True,True,0.43992757917278347
2018-08-21,0.6715972222222223,0.0007065590609020419,288.0,Chirimachaya,0.23110367543995378,8.0,True,True,True,0.4404935467822685
2018-08-22,0.675138888888889,0.0025364550727430173,288.0,Chirimachaya,0.22967172414064405,8.0,True,True,True,0.4454671647482449
2018-08-23,0.6742951388888889,0.0010818637848339975,288.0,Chirimachaya,0.22806276381015775,8.0,True,True,True,0.44623237507873115
2018-08-24,0.6694409722222222,0.0019903920155416393,288.0,Chirimachaya,0.22647674940526483,8.0,True,True,True,0.44296422281695735
2018-08-25,0.6643125,0.0011383021160117541,288.0,Chirimachaya,0.22592859156429765,8.0,True,True,True,0.4383839084357023
2018-08-26,0.6647326388888889,0.002550133694960979,288.0,Chirimachaya,0.224498251453042,8.0,True,True,True,0.44023438743584686
2018-08-27,0.6774687500000001,0.015314555344530778,288.0,Chirimachaya,0.22368947044014928,8.0,True,True,True,0.45377927955985076
2018-08-28,0.6946423611111111,0.008210251770011697,288.0,Chirimachaya,0.22309203445911405,8.0,True,True,True,0.47155032665199703
2018-08-29,0.6759930555555556,0.0031368252837884526,288.0,Chirimachaya,0.2219676300883293,8.0,True,True,True,0.45402542546722624
2018-08-30,0.6688368055555556,0.0016834197204175071,288.0,Chirimachaya,0.22102468088269228,8.0,True,True,True,0.4478121246728633
2018-08-31,0.6642430555555556,0.0011307949642874013,288.0,Chirimachaya,0.22009468823671338,8.0,True,True,True,0.4441483673188422
2018-09-01,0.6605902777777778,0.000987116975120286,288.0,Chirimachaya,0.21880559250712392,8.0,True,True,True,0.44178468527065384
2018-09-02,0.6609895833333334,0.0025965460507622693,288.0,Chirimachaya,0.21842430904507631,8.0,True,True,True,0.44256527428825704
2018-09-03,0.6706180555555555,0.01709880959557567,288.0,Chirimachaya,0.21659959293901918,8.0,True,True,True,0.45401846261653633
2018-09-04,0.7621458333333333,0.0008712900443957136,288.0,Chirimachaya,0.22010441496968264,8.0,True,True,True,0.5420414183636506
2018-09-05,0.7647256944444445,0.0006866823261974187,288.0,Chirimachaya,0.2197748068720102,8.0,True,True,True,0.5449508875724343
2018-09-06,0.7305694444444444,0.02940552764594225,288.0,Chirimachaya,0.21747622266411779,8.0,True,True,True,0.5130932217803266
2018-09-07,0.6802256944444445,0.00503033649275583,288.0,Chirimachaya,0.2162260841578245,8.0,True,True,True,0.46399961028661996
2018-09-08,0.6699791666666667,0.0021606836897077996,288.0,Chirimachaya,0.21646929346024987,8.0,True,True,True,0.4535098732064168
2018-09-09,0.6642881944444444,0.0014591772073119765,288.0,Chirimachaya,0.21505512855947015,8.0,True,True,True,0.44923306588497425
2018-09-10,0.6602222222222223,0.0009873375626604408,288.0,Chirimachaya,0.21415879763662812,8.0,True,True,True,0.4460634245855941
2018-09-11,0.6570694444444445,0.0010732917082414942,288.0,Chirimachaya,0.21243049763143057,8.0,True,True,True,0.4446389468130139
2018-09-12,0.653625,0.0011679518390147346,288.0,Chirimachaya,0.21198252961039538,8.0,True,True,True,0.44164247038960464
2018-09-13,0.6500659722222222,0.0012236726119539475,288.0,Chirimachaya,0.21213079802691934,8.0,True,True,True,0.4379351741953028
2018-09-14,0.6467430555555556,0.0010575530746084027,288.0,Chirimachaya,0.21223984099924562,8.0,True,True,True,0.4345032145563099
2018-09-15,0.6439270833333333,0.001007755207127049,288.0,Chirimachaya,0.21174760349094862,8.0,True,True,True,0.43217947984238464
2018-09-16,0.6500520833333333,0.004429949838870959,288.0,Chirimachaya,0.2147156540304422,8.0,True,True,True,0.43533642930289107
2018-09-17,0.6654756944444444,0.001049024536290467,288.0,Chirimachaya,0.21638885699212546,8.0,True,True,True,0.449086837452319
2018-09-18,0.6641770833333334,0.0012211389411483585,288.0,Chirimachaya,0.21576733887195582,8.0,True,True,True,0.44840974446137755
2018-09-19,0.6605243055555556,0.0010152665002791832,288.0,Chirimachaya,0.2134554591029882,8.0,True,True,True,0.44706884645256745
2018-09-20,0.6570347222222223,0.001433366420491532,288.0,Chirimachaya,0.21223118342459196,8.0,True,True,True,0.4448035387976303
2018-09-21,0.65328125,0.0009631154984811321,288.0,Chirimachaya,0.21144413575530047,8.0,True,True,True,0.44183711424469957
2018-09-22,0.6529375000000001,0.0011906649095478417,288.0,Chirimachaya,0.2100125048309564,8.0,True,True,True,0.44292499516904366
2018-09-23,0.6562534722222222,0.0005858271729594754,288.0,Chirimachaya,0.2087429594248533,8.0,True,True,True,0.44751051279736886
2018-09-24,0.6560868055555555,0.0008196835054868858,288.0,Chirimachaya,0.20734190009534353,8.0,True,True,True,0.448744905460212
2018-09-25,0.6536805555555556,0.0009492544499976405,288.0,Chirimachaya,0.20597706735134122,8.0,True,True,True,0.44770348820421435
2018-09-26,0.6507743055555556,0.0011079847372987364,288.0,Chirimachaya,0.20608034729957575,8.0,True,True,True,0.44469395825597985
2018-09-27,0.6476354166666667,0.0008108986497765377,288.0,Chirimachaya,0.20507349818944928,8.0,True,True,True,0.4425619184772174
2018-09-28,0.6446458333333334,0.0011862672401935104,288.0,Chirimachaya,0.20434034429490563,8.0,True,True,True,0.4403054890384277
2018-09-29,0.64053125,0.0015769669980349578,288.0,Chirimachaya,0.20372506417334077,8.0,True,True,True,0.4368061858266592
2018-09-30,0.6354791666666667,0.001698405688147823,288.0,Chirimachaya,0.20294421538710591,8.0,True,True,True,0.43253495127956076
2018-10-01,0.6305243055555556,0.0015792975339484552,288.0,Chirimachaya,0.20259204506874082,8.0,True,True,True,0.42793226048681476
2018-10-02,0.6281076388888889,0.0018959549775271734,288.0,Chirimachaya,0.20604425296187398,8.0,True,True,True,0.42206338592701487
2018-10-03,0.6478784722222222,0.04204323088397236,288.0,Chirimachaya,0.20579001121222967,8.0,True,True,True,0.4420884610099925
2018-10-04,0.7342638888888888,0.019227225945946027,288.0,Chirimachaya,0.20479051582515237,8.0,True,True,True,0.5294733730637364
2018-10-05,0.7460069444444444,0.013479366876734275,288.0,Chirimachaya,0.20402349717915053,8.0,True,True,True,0.5419834472652938
2018-10-06,0.73128125,0.026300343710078954,288.0,Chirimachaya,0.2044339496642351,8.0,True,True,True,0.5268473003357649
2018-10-07,0.7675381944444445,0.0005199164403218111,288.0,Chirimachaya,0.2054765056818723,8.0,True,True,True,0.5620616887625722
2018-10-08,0.7550625,0.01564845452176867,288.0,Chirimachaya,0.20568060502409932,8.0,True,True,True,0.5493818949759006
2018-10-09,0.7459131944444445,0.022653951041129765,288.0,Chirimachaya,0.20779350027441973,8.0,True,True,True,0.5381196941700248
2018-10-10,0.6965069444444444,0.007465597313295912,288.0,Chirimachaya,0.20763945952057836,8.0,True,True,True,0.488867484923866
2018-10-11,0.6789479166666667,0.004804258690780975,288.0,Chirimachaya,0.20700391381978986,8.0,True,True,True,0.47194400284687676
2018-10-12,0.6672222222222223,0.0034428018013134415,288.0,Chirimachaya,0.2062857616692781,8.0,True,True,True,0.4609364605529442
2018-10-13,0.6589375,0.002597824740006597,288.0,Chirimachaya,0.20419447682797906,8.0,True,True,True,0.45474302317202087
2018-10-14,0.6519548611111111,0.00199512750934688,288.0,Chirimachaya,0.20389552041888234,8.0,True,True,True,0.44805934069222875
2018-10-15,0.6459618055555556,0.0019777330678063913,288.0,Chirimachaya,0.2039417643100023,8.0,True,True,True,0.4420200412455533
2018-10-16,0.6404583333333334,0.001531890954170837,288.0,Chirimachaya,0.20283744856715197,8.0,True,True,True,0.4376208847661814
2018-10-17,0.6350451388888889,0.001931233465537567,288.0,Chirimachaya,0.2018005438148975,8.0,True,True,True,0.4332445950739914
2018-10-18,0.6293263888888889,0.0018659982003684052,288.0,Chirimachaya,0.20186817832291123,8.0,True,True,True,0.42745821056597766
2018-10-19,0.6249270833333334,0.0013479481761976913,288.0,Chirimachaya,0.20472718030214307,8.0,True,True,True,0.42019990303119026
2018-10-20,0.6216458333333333,0.0011009577711871073,288.0,Chirimachaya,0.2051271833479404,8.0,True,True,True,0.41651864998539295
2018-10-21,0.6173020833333333,0.0017377934164300747,288.0,Chirimachaya,0.20583487860858435,8.0,True,True,True,0.4114672047247489
2018-10-22,0.6113958333333334,0.002226601134743276,288.0,Chirimachaya,0.2052123490720987,8.0,True,True,True,0.40618348426123463
2018-10-23,0.6042326388888889,0.0027582080195119444,288.0,Chirimachaya,0.203878179192543,8.0,True,True,True,0.40035445969634587
2018-10-24,0.5963263888888889,0.0028415284229711384,288.0,Chirimachaya,0.20263895764946935,8.0,True,True,True,0.3936874312394195
2018-10-25,0.58775,0.0030762663464252438,288.0,Chirimachaya,0.20211590267717833,8.0,True,True,True,0.38563409732282167
2018-10-26,0.5794166666666666,0.002527893174649192,288.0,Chirimachaya,0.20260871388018126,8.0,True,True,True,0.3768079527864853
2018-10-27,0.5728194444444443,0.001331226558558747,288.0,Chirimachaya,0.20373727008700368,8.0,True,True,True,0.3690821743574406
2018-10-28,0.5686145833333334,0.0015597493209651375,288.0,Chirimachaya,0.20215571299195284,8.0,True,True,True,0.3664588703413805
2018-10-29,0.5631354166666667,0.0020967194801399746,288.0,Chirimachaya,0.20137229375541205,8.0,True,True,True,0.3617631229112546
2018-10-30,0.5596562500000001,0.0004757856147673426,288.0,Chirimachaya,0.20097631029784674,8.0,True,True,True,0.35867993970215334
2018-10-31,0.55775,0.0009770894701881278,288.0,Chirimachaya,0.20052234828472132,8.0,True,True,True,0.35722765171527865
2018-11-01,0.5550659722222222,0.0008425664456016273,288.0,Chirimachaya,0.20076574571430678,8.0,True,True,True,0.35430022650791543
2018-11-02,0.5523888888888889,0.0012500096786306897,288.0,Chirimachaya,0.20085345022380346,8.0,True,True,True,0.35153543866508546
2018-11-03,0.5479687500000001,0.0020385814822887665,288.0,Chirimachaya,0.1995868273079395,8.0,True,True,True,0.3483819226920606
2018-11-04,0.5420451388888889,0.001709181186730952,288.0,Chirimachaya,0.20009473152458665,8.0,True,True,True,0.34195040736430227
2018-11-05,0.54,0.0,288.0,Chirimachaya,0.20095868594944472,8.0,True,True,True,0.3390413140505553
2018-11-06,0.5385833333333334,0.001322546377205918,288.0,Chirimachaya,0.20081606507301325,8.0,True,True,True,0.33776726826032016
2018-11-07,0.5342708333333334,0.0020232748490955307,288.0,Chirimachaya,0.20146964117884633,8.0,True,True,True,0.332801192154487
2018-11-08,0.5283854166666667,0.001827222287845333,288.0,Chirimachaya,0.20125898160040379,8.0,True,True,True,0.32712643506626293
2018-11-09,0.5230833333333333,0.0016035674514743648,288.0,Chirimachaya,0.20263227261602876,8.0,True,True,True,0.32045106071730456
2018-11-10,0.5240416666666667,0.0018360501462030359,288.0,Chirimachaya,0.2046676781028509,8.0,True,True,True,0.3193739885638158
2018-11-11,0.5373680555555556,0.003658309290913338,288.0,Chirimachaya,0.2072895802557468,8.0,True,True,True,0.3300784752998087
2018-11-12,0.5532256944444445,0.004708332690943999,288.0,Chirimachaya,0.20628202892839906,8.0,True,True,True,0.3469436655160454
2018-11-13,0.5634166666666666,0.0014434762531403155,288.0,Chirimachaya,0.20575680956244463,8.0,True,True,True,0.35765985710422193
2018-11-14,0.6119618055555556,0.0696245426075746,288.0,Chirimachaya,0.20658712834119794,8.0,True,True,True,0.4053746772143576
2018-11-15,0.7485798611111112,0.0011202339141690252,288.0,Chirimachaya,0.20898699760437006,8.0,True,True,True,0.5395928635067411
2018-11-16,0.7514270833333333,0.0005093849197962877,288.0,Chirimachaya,0.21585890837013716,8.0,True,True,True,0.5355681749631962
2018-11-17,0.7328854166666666,0.021213796275985547,288.0,Chirimachaya,0.2223298475146293,8.0,True,True,True,0.5105555691520374
2018-11-18,0.7115451388888888,0.02915902650057907,288.0,Chirimachaya,0.22235468961298463,8.0,True,True,True,0.48919044927590416
2018-11-19,0.7506944444444444,0.00046144414692960274,288.0,Chirimachaya,0.22841750644147393,8.0,True,True,True,0.5222769380029705
2018-11-20,0.7501145833333333,0.003317790053068011,288.0,Chirimachaya,0.23745686002075667,8.0,True,True,True,0.5126577233125766
2018-11-21,0.747375,0.010169555576679746,288.0,Chirimachaya,0.23849463090300557,8.0,True,True,True,0.5088803690969944
2018-11-22,0.6948993055555556,0.009881189651237606,288.0,Chirimachaya,0.23829673044383523,8.0,True,True,True,0.4566025751117203
2018-11-23,0.6741111111111111,0.00465254208901457,288.0,Chirimachaya,0.23756176978349683,8.0,True,True,True,0.43654934132761425
2018-11-24,0.6612013888888889,0.004125352669728019,288.0,Chirimachaya,0.23617828823626036,8.0,True,True,True,0.42502310065262855
2018-11-25,0.6523645833333334,0.00208254630894966,288.0,Chirimachaya,0.2350600156933069,8.0,True,True,True,0.41730456764002644
2018-11-26,0.6902777777777778,0.04403141805835013,288.0,Chirimachaya,0.23449614271521563,8.0,True,True,True,0.45578163506256214
2018-11-27,0.7531284722222222,0.0006684699044555011,288.0,Chirimachaya,0.23465852811932558,8.0,True,True,True,0.5184699441028966
2018-11-28,0.7076145833333334,0.022955207007248943,288.0,Chirimachaya,0.23379052430391312,8.0,True,True,True,0.47382405902942026
2018-11-29,0.6747465277777779,0.0031856037929030713,288.0,Chirimachaya,0.23267655260860917,8.0,True,True,True,0.4420699751691687
2018-11-30,0.67078125,0.0015017048963825307,288.0,Chirimachaya,0.23246023803949353,8.0,True,True,True,0.43832101196050643
2018-12-01,0.6666562500000001,0.002923513202041287,288.0,Chirimachaya,0.23112959787249562,8.0,True,True,True,0.4355266521275044
2018-12-02,0.6580798611111112,0.002803160979840679,288.0,Chirimachaya,0.23007632978260512,8.0,True,True,True,0.42800353132850605
2018-12-03,0.6510347222222223,0.0019269343218590927,288.0,Chirimachaya,0.22907874733209607,8.0,True,True,True,0.42195597489012615
2018-12-04,0.6525381944444445,0.00049940682972088,288.0,Chirimachaya,0.23204618878662583,8.0,True,True,True,0.42049200565781863
2018-12-05,0.651,0.000879499382469022,288.0,Chirimachaya,0.23242516256868836,8.0,True,True,True,0.41857483743131163
2018-12-06,0.6516458333333334,0.0053477909080122754,288.0,Chirimachaya,0.23183912411332125,8.0,True,True,True,0.4198067092200121
2018-12-07,0.6876909722222222,0.0038714070800827034,288.0,Chirimachaya,0.23054338246583933,8.0,True,True,True,0.45714758975638287
2018-12-08,0.6910590277777777,0.0019127269766043861,288.0,Chirimachaya,0.2297075521200895,8.0,True,True,True,0.4613514756576882
2018-12-09,0.6803333333333333,0.005098336136318069,288.0,Chirimachaya,0.22904484905302522,8.0,True,True,True,0.4512884842803081
2018-12-10,0.6690729166666667,0.0020443418558776546,288.0,Chirimachaya,0.227924820035696,8.0,True,True,True,0.44114809663097065
2018-12-11,0.7053437499999999,0.029296095561640926,288.0,Chirimachaya,0.23251079022884366,8.0,True,True,True,0.47283295977115625
2018-12-12,0.754642361111111,0.0009109538486886091,288.0,Chirimachaya,0.23576297983527178,8.0,True,True,True,0.5188793812758392
2018-12-13,0.72628125,0.025853663415866267,288.0,Chirimachaya,0.23447016626596448,8.0,True,True,True,0.4918110837340355
2018-12-14,0.6784513888888889,0.005228346566588881,288.0,Chirimachaya,0.23424234241247172,8.0,True,True,True,0.4442090464764172
2018-12-15,0.6655277777777777,0.0029418154210199927,288.0,Chirimachaya,0.23259422183036801,8.0,True,True,True,0.4329335559474097
2018-12-16,0.6581805555555555,0.0020538152744516433,288.0,Chirimachaya,0.23070854321122167,8.0,True,True,True,0.42747201234433385
2018-12-17,0.6529201388888889,0.001231360249588516,288.0,Chirimachaya,0.2293940912932157,8.0,True,True,True,0.4235260475956732
2018-12-18,0.6492777777777778,0.0010117390723132847,288.0,Chirimachaya,0.22958741523325438,8.0,True,True,True,0.41969036254452347
2018-12-19,0.6466979166666667,0.0006901970379678406,288.0,Chirimachaya,0.2299912795424461,8.0,True,True,True,0.4167066371242205
2018-12-20,0.6455763888888889,0.0004949903896734636,288.0,Chirimachaya,0.2311228960752487,8.0,True,True,True,0.4144534928136402
2018-12-21,0.645982638888889,0.00013084014829450646,288.0,Chirimachaya,0.2305732481181621,8.0,True,True,True,0.41540939077072686
2018-12-22,0.6451006944444445,0.0006986294724390774,288.0,Chirimachaya,0.2322952579706907,8.0,True,True,True,0.4128054364737538
2018-12-23,0.6428159722222222,0.0009721676053461087,288.0,Chirimachaya,0.2330176420509815,8.0,True,True,True,0.4097983301712407
2018-12-24,0.6401284722222222,0.0008720326045149832,288.0,Chirimachaya,0.23144039697945112,8.0,True,True,True,0.4086880752427711
2018-12-25,0.6378715277777778,0.0008311163890742576,288.0,Chirimachaya,0.23017203994095323,8.0,True,True,True,0.4076994878368245
2018-12-26,0.6357743055555556,0.0007882629009940985,288.0,Chirimachaya,0.22894536890089506,8.0,True,True,True,0.4068289366546605
2018-12-27,0.6340729166666667,0.0002604522333435992,288.0,Chirimachaya,0.2278401535004377,8.0,True,True,True,0.4062327631662289
2018-12-28,0.6345381944444445,0.00049940682972079,288.0,Chirimachaya,0.22671924158930773,8.0,True,True,True,0.40781895285513675
2018-12-29,0.6338611111111111,0.0006584863977664554,288.0,Chirimachaya,0.225555932149291,8.0,True,True,True,0.40830517896182006
2018-12-30,0.6316145833333333,0.0011926294405969048,288.0,Chirimachaya,0.22399950027465815,8.0,True,True,True,0.40761508305867516
2018-12-31,0.6288020833333333,0.0009801492277764763,288.0,Chirimachaya,0.2246835324913263,8.0,True,True,True,0.404118550842007
2019-01-01,0.6255729166666666,0.0012776131246064598,288.0,Chirimachaya,0.22275765240192408,8.0,True,True,True,0.4028152642647425
2019-01-02,0.6217986111111111,0.0011571914884414376,288.0,Chirimachaya,0.22181244567036626,8.0,True,True,True,0.39998616544074483
2019-01-03,0.6182465277777778,0.0008745263083717387,288.0,Chirimachaya,0.22172762826085085,8.0,True,True,True,0.3965188995169269
2019-01-04,0.6157916666666666,0.0006820240424099697,288.0,Chirimachaya,0.22080629505217073,8.0,True,True,True,0.3949853716144959
2019-01-05,0.6145937499999999,0.0004919871885813675,288.0,Chirimachaya,0.21963635645806784,8.0,True,True,True,0.3949573935419321
2019-01-06,0.6118611111111112,0.001312555881597175,288.0,Chirimachaya,0.21909416094422335,8.0,True,True,True,0.39276695016688784
2019-01-07,0.6277673611111111,0.007698457512013095,288.0,Chirimachaya,0.23756743595004076,8.0,True,True,True,0.3901999251610703
2019-01-08,0.6619618055555556,0.02321979360044077,288.0,Chirimachaya,0.26154959574341774,8.0,True,True,True,0.4004122098121379
2019-01-09,0.6813958333333334,0.005177973652870959,288.0,Chirimachaya,0.2655397392809391,8.0,True,True,True,0.4158560940523943
2019-01-10,0.6683368055555556,0.003224649110431006,288.0,Chirimachaya,0.26295096427202225,8.0,True,True,True,0.4053858412835334
2019-01-11,0.6593229166666668,0.0028790779290000503,288.0,Chirimachaya,0.26214583590626717,8.0,True,True,True,0.3971770807603996
2019-01-12,0.6525173611111111,0.0014577836196391243,288.0,Chirimachaya,0.26291104033589363,8.0,True,True,True,0.3896063207752175
2019-01-13,0.64953125,0.001237788786562343,288.0,Chirimachaya,0.2629127353429794,8.0,True,True,True,0.38661851465702063
2019-01-14,0.6460312500000001,0.0011117346053587953,288.0,Chirimachaya,0.2620052769780159,8.0,True,True,True,0.38402597302198416
2019-01-15,0.6430208333333334,0.0008219018482056871,288.0,Chirimachaya,0.26036298274993896,8.0,True,True,True,0.3826578505833944
2019-01-16,0.6417673611111111,0.0007683032448932486,288.0,Chirimachaya,0.2590713649988174,8.0,True,True,True,0.3826959961122937
2019-01-17,0.648375,0.0028182456796386015,288.0,Chirimachaya,0.257601860910654,8.0,True,True,True,0.390773139089346
2019-01-18,0.6528506944444445,0.0003760229305369892,288.0,Chirimachaya,0.2568417973816395,8.0,True,True,True,0.39600889706280507
2019-01-19,0.7128402777777778,0.04739913746762888,288.0,Chirimachaya,0.2561926171183586,8.0,True,True,True,0.4566476606594192
2019-01-20,0.7563055555555556,0.0006602478446877978,288.0,Chirimachaya,0.2550724297761917,8.0,True,True,True,0.5012331257793639
2019-01-21,0.74578125,0.017574651006888823,288.0,Chirimachaya,0.25399020314216614,8.0,True,True,True,0.4917910468578338
2019-01-22,0.6896458333333333,0.009702881320687412,288.0,Chirimachaya,0.25272690504789347,8.0,True,True,True,0.4369189282854398
2019-01-23,0.6701527777777778,0.0037912781705479468,288.0,Chirimachaya,0.2510256767272949,8.0,True,True,True,0.4191271010504829
2019-01-24,0.6613055555555556,0.001971142959891901,288.0,Chirimachaya,0.2504152692854404,8.0,True,True,True,0.4108902862701152
2019-01-25,0.6550659722222223,0.0017388234716116042,288.0,Chirimachaya,0.24876121990382669,8.0,True,True,True,0.4063047523183956
2019-01-26,0.6511527777777778,0.0009614118860073165,288.0,Chirimachaya,0.24762969650328157,8.0,True,True,True,0.4035230812744962
2019-01-27,0.6474583333333334,0.001536433264967953,288.0,Chirimachaya,0.24663387052714822,8.0,True,True,True,0.4008244628061851
2019-01-28,0.6708611111111111,0.04617760156792473,288.0,Chirimachaya,0.24735962785780427,8.0,True,True,True,0.42350148325330683
2019-01-29,0.7506180555555555,0.0005077315510318499,288.0,Chirimachaya,0.2608604021370411,8.0,True,True,True,0.4897576534185144
2019-01-30,0.7488020833333333,0.005258382639091141,288.0,Chirimachaya,0.28390714153647423,8.0,True,True,True,0.4648949417968591
2019-01-31,0.7476215277777778,0.011977875441696177,288.0,Chirimachaya,0.28638647869229317,8.0,True,True,True,0.4612350490854846
2019-02-01,0.7565868055555556,0.0013249546190522963,288.0,Chirimachaya,0.2837807200849056,8.0,True,True,True,0.47280608547064995
2019-02-02,0.7284652777777778,0.026106699633929725,288.0,Chirimachaya,0.2818163186311721,8.0,True,True,True,0.4466489591466057
2019-02-03,0.682857638888889,0.00254106564550964,288.0,Chirimachaya,0.28233033418655396,8.0,True,True,True,0.400527304702335
2019-02-04,0.6829722222222222,0.007793899557079674,288.0,Chirimachaya,0.28479813411831856,8.0,True,True,True,0.39817408810390365
2019-02-05,0.75315625,0.012585037400671639,288.0,Chirimachaya,0.2863081656396389,8.0,True,True,True,0.46684808436036107
2019-02-06,0.7595416666666667,0.0006452722732461547,288.0,Chirimachaya,0.2848067879676819,8.0,True,True,True,0.4747348786989848
2019-02-07,0.760076388888889,0.0008228433842464733,288.0,Chirimachaya,0.2832754738628864,8.0,True,True,True,0.4768009150260026
2019-02-08,0.7477361111111112,0.018436059995801512,288.0,Chirimachaya,0.28272804990410805,8.0,True,True,True,0.4650080612070031
2019-02-09,0.7531979166666667,0.013531704769618683,288.0,Chirimachaya,0.2835377901792526,8.0,True,True,True,0.46966012648741406
2019-02-10,0.7483055555555556,0.02018409273884449,288.0,Chirimachaya,0.2852945663034916,8.0,True,True,True,0.46301098925206396
2019-02-11,0.6882430555555555,0.006455148422282588,288.0,Chirimachaya,0.2831132039427757,8.0,True,True,True,0.4051298516127798
2019-02-12,0.6802291666666667,0.002904325141856041,288.0,Chirimachaya,0.2816874198615551,8.0,True,True,True,0.39854174680511156
2019-02-13,0.6885625000000001,0.009057092433278291,288.0,Chirimachaya,0.28191894665360445,8.0,True,True,True,0.4066435533463956
2019-02-14,0.6902708333333334,0.00808079303211479,288.0,Chirimachaya,0.28115902468562126,8.0,True,True,True,0.4091118086477121
2019-02-15,0.6725868055555556,0.003167688492757032,288.0,Chirimachaya,0.27975915372371674,8.0,True,True,True,0.3928276518318389
2019-02-16,0.6634930555555556,0.003008690149387392,288.0,Chirimachaya,0.2815319709479809,8.0,True,True,True,0.3819610846075747
2019-02-17,0.65546875,0.002242850623617462,288.0,Chirimachaya,0.2816944867372513,8.0,True,True,True,0.37377426326274876
2019-02-18,0.6490208333333334,0.002071773970962703,288.0,Chirimachaya,0.28314097598195076,8.0,True,True,True,0.3658798573513826
2019-02-19,0.6468645833333333,0.0018923270245767632,288.0,Chirimachaya,0.28402306511998177,8.0,True,True,True,0.36284151821335153
2019-02-20,0.7437743055555556,0.014106900214519448,288.0,Chirimachaya,0.28515709936618805,8.0,True,True,True,0.4586172061893675
2019-02-21,0.6905694444444445,0.012670937295839181,288.0,Chirimachaya,0.2860577888786793,8.0,True,True,True,0.4045116555657652
2019-02-22,0.6684826388888889,0.0031278858142607634,288.0,Chirimachaya,0.28517512977123255,8.0,True,True,True,0.3833075091176564
2019-02-23,0.6614895833333334,0.0013066017710660761,288.0,Chirimachaya,0.2854160778224468,8.0,True,True,True,0.3760735055108866
2019-02-24,0.66278125,0.018928732906417868,288.0,Chirimachaya,0.29226407408714294,8.0,True,True,True,0.37051717591285704
2019-02-25,0.7539513888888889,0.0010548039176474081,288.0,Chirimachaya,0.3006829246878624,8.0,True,True,True,0.4532684642010265
2019-02-26,0.7567291666666667,0.0008772680907999508,288.0,Chirimachaya,0.30957823619246483,8.0,True,True,True,0.44715093047420185
2019-02-27,0.7250590277777778,0.028455723693102154,288.0,Chirimachaya,0.31125639006495476,8.0,True,True,True,0.413802637712823
2019-02-28,0.673545138888889,0.005427190928498253,288.0,Chirimachaya,0.31283378973603243,8.0,True,True,True,0.3607113491528566
2019-03-01,0.6693784722222222,0.0018495187506435667,288.0,Chirimachaya,0.3129277676343918,8.0,True,True,True,0.35645070458783046
2019-03-02,0.6917777777777778,0.03758724011462912,288.0,Chirimachaya,0.31448501348495483,8.0,True,True,True,0.377292764292823
2019-03-03,0.7488402777777777,0.011071615586696167,288.0,Chirimachaya,0.3165004067122936,8.0,True,True,True,0.4323398710654841
2019-03-04,0.7558020833333333,0.0016248492291355196,288.0,Chirimachaya,0.3166574575006962,8.0,True,True,True,0.43914462583263714
2019-03-05,0.7117083333333334,0.029193544940655587,288.0,Chirimachaya,0.31788746267557144,8.0,True,True,True,0.39382087065776195
2019-03-06,0.6710034722222223,0.003614236526805989,288.0,Chirimachaya,0.31555042043328285,8.0,True,True,True,0.3554530517889395
2019-03-07,0.6639340277777779,0.0014139012771497003,288.0,Chirimachaya,0.3150307275354862,8.0,True,True,True,0.34890330024229166
2019-03-08,0.6591597222222223,0.0013826359436002376,288.0,Chirimachaya,0.31394703313708305,8.0,True,True,True,0.34521268908513925
2019-03-09,0.6552465277777778,0.001149907628130344,288.0,Chirimachaya,0.31088268756866455,8.0,True,True,True,0.34436384020911326
2019-03-10,0.6709201388888889,0.03277891112613083,288.0,Chirimachaya,0.3083171285688877,8.0,True,True,True,0.3626030103200012
2019-03-11,0.7330277777777777,0.020203647666118346,288.0,Chirimachaya,0.3067752607166767,8.0,True,True,True,0.426252517061101
2019-03-12,0.6776111111111112,0.007903257486663312,288.0,Chirimachaya,0.30519111827015877,8.0,True,True,True,0.3724199928409524
2019-03-13,0.6633055555555556,0.0025574316868960476,288.0,Chirimachaya,0.3052792586386204,8.0,True,True,True,0.3580262969169352
2019-03-14,0.6631423611111111,0.0018319304895717172,288.0,Chirimachaya,0.30544640496373177,8.0,True,True,True,0.35769595614737937
2019-03-15,0.6611736111111112,0.001225909950658581,288.0,Chirimachaya,0.3040723279118538,8.0,True,True,True,0.3571012831992574
2019-03-16,0.657326388888889,0.0012896255087304555,288.0,Chirimachaya,0.30250946059823036,8.0,True,True,True,0.3548169282906586
2019-03-17,0.6541041666666667,0.0005627056341125029,288.0,Chirimachaya,0.30129318684339523,8.0,True,True,True,0.3528109798232715
2019-03-18,0.6558993055555555,0.004812179619132665,288.0,Chirimachaya,0.3001588322222233,8.0,True,True,True,0.35574047333333225
2019-03-19,0.6933402777777778,0.039912476229966,288.0,Chirimachaya,0.3028126619756222,8.0,True,True,True,0.39052761580215567
2019-03-20,0.7402395833333333,0.017119834733115957,288.0,Chirimachaya,0.3098384514451027,8.0,True,True,True,0.4304011318882306
2019-03-21,0.7029583333333334,0.028097112577481057,288.0,Chirimachaya,0.31722105666995043,8.0,True,True,True,0.3857372766633829
2019-03-22,0.7532083333333334,0.0011129582014559906,288.0,Chirimachaya,0.3229825533926487,8.0,True,True,True,0.43022577994068467
2019-03-23,0.74753125,0.0154229250096621,288.0,Chirimachaya,0.3269755393266678,8.0,True,True,True,0.4205557106733322
2019-03-24,0.69803125,0.010175587159560346,288.0,Chirimachaya,0.32606933638453484,8.0,True,True,True,0.37196191361546516
2019-03-25,0.6871631944444444,0.010369368226920533,288.0,Chirimachaya,0.3264228366315365,8.0,True,True,True,0.3607403578129079
2019-03-26,0.6688298611111112,0.002996317829959726,288.0,Chirimachaya,0.3248901516199112,8.0,True,True,True,0.3439397094912
2019-03-27,0.6601041666666667,0.00215503219536652,288.0,Chirimachaya,0.3218050897121429,8.0,True,True,True,0.3382990769545238
2019-03-28,0.6777638888888888,0.042049827107096836,288.0,Chirimachaya,0.3197603039443493,8.0,True,True,True,0.35800358494453954
2019-03-29,0.7587291666666667,0.0005987065035157317,288.0,Chirimachaya,0.3187534399330616,8.0,True,True,True,0.4399757267336051
2019-03-30,0.7616076388888888,0.001157708890919173,288.0,Chirimachaya,0.3173668272793293,8.0,True,True,True,0.4442408116095595
2019-03-31,0.7639513888888889,0.00038850846942747186,288.0,Chirimachaya,0.31485913693904877,8.0,True,True,True,0.44909225194984015
2019-04-01,0.7220034722222222,0.024898469547566082,288.0,Chirimachaya,0.3135553449392318,8.0,True,True,True,0.40844812728299035
2019-04-02,0.7602604166666667,0.0006716476957287506,288.0,Chirimachaya,0.31654326990246767,8.0,True,True,True,0.443717146764199
2019-04-03,0.7624097222222223,0.0008827672237635261,288.0,Chirimachaya,0.32681336998939514,8.0,True,True,True,0.4355963522328271
2019-04-04,0.7642013888888889,0.0005088740198704225,288.0,Chirimachaya,0.331644058227539,8.0,True,True,True,0.4325573306613499
2019-04-05,0.7176770833333334,0.029707339556398715,288.0,Chirimachaya,0.32787979766726494,8.0,True,True,True,0.3897972856660684
2019-04-06,0.6765381944444445,0.004402873571125304,288.0,Chirimachaya,0.3256593495607376,8.0,True,True,True,0.3508788448837069
2019-04-07,0.6662083333333334,0.0024942442453377536,288.0,Chirimachaya,0.32692909240722656,8.0,True,True,True,0.33927924092610684
2019-04-08,0.6606701388888889,0.0008256835294148813,288.0,Chirimachaya,0.32613313570618624,8.0,True,True,True,0.3345370031827027
2019-04-09,0.6576527777777778,0.0010872683826043499,288.0,Chirimachaya,0.32416463643312454,8.0,True,True,True,0.3334881413446532
2019-04-10,0.6543472222222222,0.0011031752994809796,288.0,Chirimachaya,0.321652315557003,8.0,True,True,True,0.33269490666521917
2019-04-11,0.6526076388888888,0.0004891263435409786,288.0,Chirimachaya,0.319545466452837,8.0,True,True,True,0.33306217243605185
2019-04-12,0.6506909722222223,0.0009398208142985931,288.0,Chirimachaya,0.31679319962859154,8.0,True,True,True,0.33389777259363074
2019-04-13,0.6511875,0.0041116283641494875,288.0,Chirimachaya,0.3144682087004185,8.0,True,True,True,0.33671929129958156
2019-04-14,0.6609513888888889,0.00021542797889801622,288.0,Chirimachaya,0.31305475533008575,8.0,True,True,True,0.3478966335588032
2019-04-15,0.6593784722222222,0.0007599434413618487,288.0,Chirimachaya,0.3123907335102558,8.0,True,True,True,0.3469877387119664
2019-04-16,0.6571458333333333,0.0007916704871844692,288.0,Chirimachaya,0.31033818423748016,8.0,True,True,True,0.34680764909585315
2019-04-17,0.6549305555555556,0.0007800006948782422,288.0,Chirimachaya,0.3085665926337242,8.0,True,True,True,0.34636396292183136
2019-04-18,0.6526111111111111,0.0007143244279094056,288.0,Chirimachaya,0.307637020945549,8.0,True,True,True,0.34497409016556213
2019-04-19,0.6519965277777778,0.0012756040145802867,288.0,Chirimachaya,0.30698124319314957,8.0,True,True,True,0.34501528458462827
2019-04-20,0.6570104166666666,0.0011491077435433008,288.0,Chirimachaya,0.3064427636563778,8.0,True,True,True,0.3505676530102888
2019-04-21,0.6577708333333334,0.0004898801673851019,288.0,Chirimachaya,0.30844607949256897,8.0,True,True,True,0.34932475384076445
2019-04-22,0.6594062500000001,0.0004919871885813154,288.0,Chirimachaya,0.3121015839278698,8.0,True,True,True,0.3473046660721303
2019-04-23,0.7298888888888889,0.03364160587944471,288.0,Chirimachaya,0.315846811980009,8.0,True,True,True,0.4140420769088799
2019-04-24,0.6938958333333333,0.0034504329880289,288.0,Chirimachaya,0.3239036314189434,8.0,True,True,True,0.36999220191438986
2019-04-25,0.6816597222222223,0.003920220420533449,288.0,Chirimachaya,0.32066957652568817,8.0,True,True,True,0.3609901456965341
2019-04-26,0.6701041666666667,0.002282240936750594,288.0,Chirimachaya,0.31962039694190025,8.0,True,True,True,0.35048376972476647
2019-04-27,0.6638263888888889,0.0015497773746433892,288.0,Chirimachaya,0.3164340928196907,8.0,True,True,True,0.3473922960691982
2019-04-28,0.66353125,0.0004998911031239492,288.0,Chirimachaya,0.3129688315093517,8.0,True,True,True,0.35056241849064834
2019-04-29,0.6607708333333334,0.0008851760194252944,288.0,Chirimachaya,0.3105523064732551,8.0,True,True,True,0.3502185268600783
2019-04-30,0.6582187500000001,0.0007541262798717262,288.0,Chirimachaya,0.30989108234643936,8.0,True,True,True,0.3483276676535607
2019-05-01,0.6555208333333334,0.0009515712295346594,288.0,Chirimachaya,0.3085475340485573,8.0,True,True,True,0.34697329928477616
2019-05-02,0.6528993055555555,0.0008138176501126354,288.0,Chirimachaya,0.30658793821930885,8.0,True,True,True,0.3463113673362467
2019-05-03,0.6504618055555556,0.0007686810757434889,288.0,Chirimachaya,0.3051314391195774,8.0,True,True,True,0.34533036643597814
2019-05-04,0.6479374999999999,0.0007850408897673131,288.0,Chirimachaya,0.30333156138658524,8.0,True,True,True,0.3446059386134147
2019-05-05,0.6459166666666667,0.0008136466714264897,288.0,Chirimachaya,0.3018820881843567,8.0,True,True,True,0.34403457848231
2019-05-06,0.647,0.002481990883473329,288.0,Chirimachaya,0.30028054863214493,8.0,True,True,True,0.3467194513678551
2019-05-07,0.6808784722222222,0.019681855182927768,288.0,Chirimachaya,0.29863959550857544,8.0,True,True,True,0.38223887671364676
2019-05-08,0.752875,0.0075045862864657345,288.0,Chirimachaya,0.2978419251739979,8.0,True,True,True,0.4550330748260021
2019-05-09,0.7251284722222222,0.011162132120548196,288.0,Chirimachaya,0.2962466701865196,8.0,True,True,True,0.4288818020357026
2019-05-10,0.7006180555555556,0.0065054215157779646,288.0,Chirimachaya,0.29694385454058647,8.0,True,True,True,0.4036742010149691
2019-05-11,0.68415625,0.007065144543574496,288.0,Chirimachaya,0.29622139409184456,8.0,True,True,True,0.38793485590815546
2019-05-12,0.7051666666666666,0.0393765879609002,288.0,Chirimachaya,0.29689501598477364,8.0,True,True,True,0.408271650681893
2019-05-13,0.7158090277777778,0.020843409584165844,288.0,Chirimachaya,0.30059353262186045,8.0,True,True,True,0.4152154951559173
2019-05-14,0.7550625,0.0016410192719379878,288.0,Chirimachaya,0.3038259297609329,8.0,True,True,True,0.45123657023906705
2019-05-15,0.7584479166666667,0.0010073229260532193,288.0,Chirimachaya,0.30502159148454666,8.0,True,True,True,0.45342632518212
2019-05-16,0.7584027777777779,0.005993398743117258,288.0,Chirimachaya,0.3032451570034027,8.0,True,True,True,0.45515762077437516
2019-05-17,0.6900416666666667,0.013124106075414846,288.0,Chirimachaya,0.30034894123673433,8.0,True,True,True,0.38969272542993233
2019-05-18,0.6725347222222223,0.00319388176969763,288.0,Chirimachaya,0.2986142188310623,8.0,True,True,True,0.37392050339116
2019-05-19,0.6783784722222223,0.030282165870082572,288.0,Chirimachaya,0.298441868275404,8.0,True,True,True,0.3799366039468183
2019-05-20,0.7103159722222222,0.02628563594230136,288.0,Chirimachaya,0.30655549094080925,8.0,True,True,True,0.40376048128141295
2019-05-21,0.6747986111111112,0.003504262931265474,288.0,Chirimachaya,0.30633770301938057,8.0,True,True,True,0.3684609080917306
2019-05-22,0.6656979166666667,0.0021239621363842377,288.0,Chirimachaya,0.3046220652759075,8.0,True,True,True,0.36107585139075915
2019-05-23,0.6598645833333333,0.001403974882390551,288.0,Chirimachaya,0.3029512204229831,8.0,True,True,True,0.3569133629103502
2019-05-24,0.6601423611111111,0.0009465933683649149,288.0,Chirimachaya,0.3020645342767238,8.0,True,True,True,0.3580778268343873
2019-05-25,0.6600555555555556,0.000837099503514576,288.0,Chirimachaya,0.3007552698254585,8.0,True,True,True,0.3593002857300971
2019-05-26,0.6590381944444444,0.0008148873099474852,288.0,Chirimachaya,0.30020351707935333,8.0,True,True,True,0.3588346773650911
2019-05-27,0.6587916666666667,0.0008543799838445397,288.0,Chirimachaya,0.29951512813568115,8.0,True,True,True,0.3592765385309855
2019-05-28,0.6555486111111111,0.0012144878108338285,288.0,Chirimachaya,0.30018748342990875,8.0,True,True,True,0.3553611276812023
2019-05-29,0.7382291666666667,0.040040435790059094,288.0,Chirimachaya,0.30704651027917856,8.0,True,True,True,0.43118265638748815
2019-05-30,0.7224583333333333,0.016624307378619252,288.0,Chirimachaya,0.3095332011580467,8.0,True,True,True,0.4129251321752866
2019-05-31,0.6918124999999999,0.01118328067029151,288.0,Chirimachaya,0.30901880189776415,8.0,True,True,True,0.3827936981022358
2019-06-01,0.6830590277777778,0.021743195221133285,288.0,Chirimachaya,0.31181371957063675,8.0,True,True,True,0.3712453082071411
2019-06-02,0.6942847222222223,0.016844715336442415,288.0,Chirimachaya,0.3147627934813499,8.0,True,True,True,0.37952192874087237
2019-06-03,0.6698888888888889,0.0021368220602636006,288.0,Chirimachaya,0.316674567759037,8.0,True,True,True,0.35321432112985185
2019-06-04,0.6653611111111112,0.0009814382613196175,288.0,Chirimachaya,0.31611704453825945,8.0,True,True,True,0.34924406657285173
2019-06-05,0.718,0.038202832957688296,288.0,Chirimachaya,0.3152051232755184,8.0,True,True,True,0.40279487672448155
2019-06-06,0.7541666666666667,0.005029529525451338,288.0,Chirimachaya,0.3134183995425701,8.0,True,True,True,0.44074826712409654
2019-06-07,0.689125,0.014166690578649823,288.0,Chirimachaya,0.310584370046854,8.0,True,True,True,0.37854062995314597
2019-06-08,0.6677048611111112,0.0025810305010868883,288.0,Chirimachaya,0.3089443370699882,8.0,True,True,True,0.35876052404112296
2019-06-09,0.6640104166666667,0.0036933732681060216,288.0,Chirimachaya,0.30850082635879517,8.0,True,True,True,0.35550959030787155
2019-06-10,0.7033923611111111,0.02331952444175712,288.0,Chirimachaya,0.30633945018053055,8.0,True,True,True,0.3970529109305806
2019-06-11,0.6999618055555555,0.003138265495056347,288.0,Chirimachaya,0.30469877272844315,8.0,True,True,True,0.3952630328271124
2019-06-12,0.683232638888889,0.006744571489719953,288.0,Chirimachaya,0.30354972556233406,8.0,True,True,True,0.3796829133265549
2019-06-13,0.6696041666666667,0.0025681478297133035,288.0,Chirimachaya,0.30328238010406494,8.0,True,True,True,0.3663217865626017
2019-06-14,0.6672187500000001,0.002754292658520942,288.0,Chirimachaya,0.3005790561437607,8.0,True,True,True,0.3666396938562394
2019-06-15,0.6695069444444445,0.0018116792132757751,288.0,Chirimachaya,0.2984343618154526,8.0,True,True,True,0.3710725826289919
2019-06-16,0.7357673611111112,0.027998221272176094,288.0,Chirimachaya,0.29784198477864265,8.0,True,True,True,0.43792537633246853
2019-06-17,0.7065868055555555,0.02032692982649171,288.0,Chirimachaya,0.29615560173988337,8.0,True,True,True,0.41043120381567216
2019-06-18,0.7079097222222221,0.018610031836082334,288.0,Chirimachaya,0.2940692417323589,8.0,True,True,True,0.41384048048986327
2019-06-19,0.6856666666666666,0.008587731302262687,288.0,Chirimachaya,0.2928240820765495,8.0,True,True,True,0.39284258459011717
2019-06-20,0.736875,0.03271870928508993,288.0,Chirimachaya,0.2915410064160823,8.0,True,True,True,0.4453339935839176
2019-06-21,0.7614479166666667,0.0011218742872424754,288.0,Chirimachaya,0.29027465358376503,8.0,True,True,True,0.47117326308290164
2019-06-22,0.7467615384615384,0.019998761142310553,130.0,Chirimachaya,0.2888600192964077,8.0,True,True,True,0.45790151916513067
2019-06-23,0.7394166666666667,0.016627821964311524,60.0,Chirimachaya,0.2876246050000191,8.0,True,True,True,0.45179206166664765
2019-06-24,0.7408609625668449,0.025528224420809823,187.0,Chirimachaya,0.2866644337773323,8.0,True,True,True,0.45419652878951255
2019-06-25,0.6809767441860465,0.005908525331512995,215.0,Chirimachaya,0.28522641584277153,8.0,True,True,True,0.39575032834327495
2019-06-26,0.6698402777777779,0.0026217083412163732,288.0,Chirimachaya,0.28384141251444817,8.0,True,True,True,0.3859988652633297
2019-06-27,0.6628784722222223,0.0017358151122040001,288.0,Chirimachaya,0.281667523086071,8.0,True,True,True,0.3812109491361513
2019-06-28,0.6585104166666667,0.000688301322678859,288.0,Chirimachaya,0.27968059480190277,8.0,True,True,True,0.3788298218647639
2019-06-29,0.658,0.0,288.0,Chirimachaya,0.2780808098614216,8.0,True,True,True,0.37991919013857844
2019-06-30,0.6647465277777778,0.003204143945629315,288.0,Chirimachaya,0.277610395103693,8.0,True,True,True,0.38713613267408475
2019-07-01,0.6650173611111111,0.0010205436729056245,288.0,Chirimachaya,0.27839310094714165,8.0,True,True,True,0.38662426016396945
2019-07-02,0.6620208333333334,0.0009218127119748441,288.0,Chirimachaya,0.2790422923862934,8.0,True,True,True,0.38297854094704
2019-07-03,0.6584930555555556,0.0013868296774995157,288.0,Chirimachaya,0.27768397331237793,8.0,True,True,True,0.38080908224317767
2019-07-04,0.6537326388888889,0.0015260949624128163,288.0,Chirimachaya,0.27566295117139816,8.0,True,True,True,0.3780696877174907
2019-07-05,0.6491041666666667,0.0010866228089451235,288.0,Chirimachaya,0.2737511098384857,8.0,True,True,True,0.375353056828181
2019-07-06,0.64709375,0.0002919879597536292,288.0,Chirimachaya,0.2730523161590099,8.0,True,True,True,0.37404143384099015
2019-07-07,0.6479201388888889,0.0008330356611204822,288.0,Chirimachaya,0.2726434618234634,8.0,True,True,True,0.3752766770654255
2019-07-08,0.7249652777777778,0.04096967744087068,288.0,Chirimachaya,0.2724821716547012,8.0,True,True,True,0.4524831061230766
2019-07-09,0.7551631944444445,0.000721327321620872,288.0,Chirimachaya,0.27331050112843513,8.0,True,True,True,0.48185269331600933
2019-07-10,0.7054236111111112,0.01757931943881387,288.0,Chirimachaya,0.2721806615591049,8.0,True,True,True,0.43324294955200626
2019-07-11,0.6768645833333333,0.003828973875696729,288.0,Chirimachaya,0.27048200741410255,8.0,True,True,True,0.40638257591923077
2019-07-12,0.6676909722222223,0.002052869605199091,288.0,Chirimachaya,0.2687492035329342,8.0,True,True,True,0.3989417686892881
2019-07-13,0.6626423611111112,0.0008010515615961268,288.0,Chirimachaya,0.2678478844463825,8.0,True,True,True,0.39479447666472867
2019-07-14,0.7207118055555556,0.04512009062394809,288.0,Chirimachaya,0.2673483155667782,8.0,True,True,True,0.4533634899887774
2019-07-15,0.7596805555555556,0.0004744742592458026,288.0,Chirimachaya,0.26659534126520157,8.0,True,True,True,0.493085214290354
2019-07-16,0.7081805555555555,0.02349442895719722,288.0,Chirimachaya,0.2643636614084244,8.0,True,True,True,0.4438168941471311
2019-07-17,0.675,0.0026726124191241594,288.0,Chirimachaya,0.2632164545357227,8.0,True,True,True,0.41178354546427737
2019-07-18,0.6683923611111111,0.0016492667512805958,288.0,Chirimachaya,0.261935718357563,8.0,True,True,True,0.4064566427535481
2019-07-19,0.6636354166666667,0.001288813772725497,288.0,Chirimachaya,0.2602667063474655,8.0,True,True,True,0.4033687103192012
2019-07-20,0.6774409722222222,0.01804301833257804,288.0,Chirimachaya,0.2585356682538986,8.0,True,True,True,0.4189053039683236
2019-07-21,0.6950763888888889,0.002138350209454408,288.0,Chirimachaya,0.2572125308215618,8.0,True,True,True,0.4378638580673271
2019-07-22,0.7059166666666666,0.02687265101962034,288.0,Chirimachaya,0.2561067380011081,8.0,True,True,True,0.4498099286655585
2019-07-23,0.7431840277777778,0.018753605602478286,288.0,Chirimachaya,0.2554847747087478,8.0,True,True,True,0.48769925306903
2019-07-24,0.7540625,0.008813371809250072,288.0,Chirimachaya,0.254817433655262,8.0,True,True,True,0.499245066344738
2019-07-25,0.6959548611111112,0.013081680303482203,288.0,Chirimachaya,0.25423870235681534,8.0,True,True,True,0.4417161587542958
2019-07-26,0.675,0.003087572030786667,288.0,Chirimachaya,0.2530288249254226,8.0,True,True,True,0.42197117507457743
2019-07-27,0.6673784722222222,0.0015880065822121352,288.0,Chirimachaya,0.2522200904786587,8.0,True,True,True,0.41515838174356356
2019-07-28,0.6671944444444445,0.002815531284681566,288.0,Chirimachaya,0.25217215344309807,8.0,True,True,True,0.41502229100134647
2019-07-29,0.6700312500000001,0.001427356844301909,288.0,Chirimachaya,0.25162237137556076,8.0,True,True,True,0.4184088786244393
2019-07-30,0.6648333333333334,0.001784564089503907,288.0,Chirimachaya,0.2500651869922876,8.0,True,True,True,0.4147681463410458
2019-07-31,0.6592395833333334,0.0017214254991514157,288.0,Chirimachaya,0.24796100147068495,8.0,True,True,True,0.4112785818626485
2019-08-01,0.6536944444444445,0.0017758652120184284,288.0,Chirimachaya,0.2468761447817087,8.0,True,True,True,0.40681829966273575
2019-08-02,0.6485694444444445,0.0014050817565349288,288.0,Chirimachaya,0.2460679523646831,8.0,True,True,True,0.40250149207976144
2019-08-03,0.6559583333333333,0.010653801402342851,288.0,Chirimachaya,0.24509566277265543,8.0,True,True,True,0.4108626705606779
2019-08-04,0.7187118055555556,0.03146033838823306,288.0,Chirimachaya,0.24902475625276563,8.0,True,True,True,0.4696870493027899
2019-08-05,0.706625,0.013827143431323026,288.0,Chirimachaya,0.2514543477445841,8.0,True,True,True,0.45517065225541586
2019-08-06,0.6793510204081633,0.004093083052239947,245.0,Chirimachaya,0.2492560371756553,8.0,True,True,True,0.430094983232508
2019-08-07,0.6705208333333333,0.002170337728018064,288.0,Chirimachaya,0.24809773638844485,8.0,True,True,True,0.4224230969448885
2019-08-08,0.6646145833333335,0.0015327081427561325,288.0,Chirimachaya,0.24676623567938802,8.0,True,True,True,0.4178483476539454
2019-08-09,0.6604826388888889,0.000672799534848223,288.0,Chirimachaya,0.24529127776622767,8.0,True,True,True,0.41519136112266125
2019-08-10,0.66,0.0,288.0,Chirimachaya,0.24437629058957097,8.0,True,True,True,0.41562370941042903
2019-08-11,0.663888888888889,0.003033150177620714,81.0,Chirimachaya,0.24308138526976106,8.0,True,True,True,0.4208075036191279
2019-08-12,0.6710113636363637,0.00010660035817779048,88.0,Chirimachaya,0.24192048795521254,8.0,True,True,True,0.4290908756811512
2019-08-13,0.6747882352941177,0.0004389955430693044,85.0,Chirimachaya,0.24035877175629133,8.0,True,True,True,0.43442946353782635
2019-08-14,0.7570967741935484,0.010596712819579707,31.0,Chirimachaya,0.24039043486118314,8.0,True,True,True,0.5167063393323652
2019-08-16,0.7649891304347827,0.004136983841556343,184.0,Chirimachaya,0.24309965595602984,8.0,True,True,True,0.5218894744787528
2019-08-17,0.6992013888888889,0.015915753754581076,288.0,Chirimachaya,0.2425548434257507,8.0,True,True,True,0.4566465454631382
2019-08-18,0.6744340277777778,0.003415860999596554,288.0,Chirimachaya,0.24195871502161023,8.0,True,True,True,0.4324753127561676
2019-08-19,0.6658611111111111,0.0018948347582650774,288.0,Chirimachaya,0.2401155829429626,8.0,True,True,True,0.42574552816814853
2019-08-20,0.6608194444444444,0.0013364510587532824,288.0,Chirimachaya,0.23938060551881785,8.0,True,True,True,0.42143883892562656
2019-08-21,0.6570277777777779,0.0010686827636862627,288.0,Chirimachaya,0.23824450373649594,8.0,True,True,True,0.4187832740412819
2019-08-22,0.6611875,0.005839871066783354,288.0,Chirimachaya,0.23809722997248167,8.0,True,True,True,0.42309027002751837
2019-08-23,0.6748100358422939,0.0017740453909272057,279.0,Chirimachaya,0.23730233311653134,8.0,True,True,True,0.43750770272576256
2019-08-24,0.751858695652174,0.01126072775129423,92.0,Chirimachaya,0.23629740439355368,8.0,True,True,True,0.5155612912586203
2019-08-25,0.6942849462365591,0.00807662554953251,186.0,Chirimachaya,0.23451426997780797,8.0,True,True,True,0.4597706762587511
2019-08-26,0.676951388888889,0.003021017806453998,288.0,Chirimachaya,0.23296812549233434,8.0,True,True,True,0.4439832633965546
2019-08-27,0.6693819444444444,0.001774761220736698,288.0,Chirimachaya,0.23125809803605077,8.0,True,True,True,0.43812384640839364
2019-08-28,0.6653125000000001,0.0004717636861922964,288.0,Chirimachaya,0.2311679050326347,8.0,True,True,True,0.43414459496736535
2019-08-29,0.6871241134751773,0.010705148265634618,282.0,Chirimachaya,0.23078525997698301,8.0,True,True,True,0.4563388534981943
2019-08-30,0.6773993055555556,0.004910729155645602,288.0,Chirimachaya,0.2304737754166126,8.0,True,True,True,0.446925530138943
2019-08-31,0.6669479166666668,0.002090478455812522,288.0,Chirimachaya,0.22991215065121648,8.0,True,True,True,0.43703576601545024
2019-09-01,0.6607638888888889,0.0017864613226423222,288.0,Chirimachaya,0.22834328748285765,8.0,True,True,True,0.4324206014060313
2019-09-02,0.654982638888889,0.0019153817083432955,288.0,Chirimachaya,0.22668437659740442,8.0,True,True,True,0.42829826229148454
2019-09-03,0.6495972222222223,0.0016414468184386747,288.0,Chirimachaya,0.22508615255355832,8.0,True,True,True,0.4245110696686639
2019-09-04,0.6453229166666667,0.0010803418448536504,288.0,Chirimachaya,0.22343064472079274,8.0,True,True,True,0.421892271945874
2019-09-05,0.6430625,0.0003279914590543635,288.0,Chirimachaya,0.2235841434448957,8.0,True,True,True,0.4194783565551043
2019-09-06,0.6420833333333333,0.00027686648815761786,288.0,Chirimachaya,0.2224562726914882,8.0,True,True,True,0.41962706064184513
2019-09-07,0.6416597222222222,0.0004746272249987537,288.0,Chirimachaya,0.22154707647860045,8.0,True,True,True,0.4201126457436218
2019-09-08,0.6403159722222223,0.0008435996535871389,288.0,Chirimachaya,0.22052909247577188,8.0,True,True,True,0.41978687974645035
2019-09-09,0.6377777777777778,0.0010048276808565094,288.0,Chirimachaya,0.21866178512573237,8.0,True,True,True,0.4191159926520454
2019-09-10,0.6347499999999999,0.0011864508018566008,288.0,Chirimachaya,0.21718571148812768,8.0,True,True,True,0.4175642885118722
2019-09-11,0.6310347222222222,0.0012846626447142438,288.0,Chirimachaya,0.21644710749387738,8.0,True,True,True,0.4145876147283448
2019-09-12,0.6286458333333333,0.0008047658563977786,288.0,Chirimachaya,0.21518407948315138,8.0,True,True,True,0.41346175385018197
2019-09-13,0.6342465277777778,0.0029968023189056196,288.0,Chirimachaya,0.21388441883027548,8.0,True,True,True,0.4203621089475023
2019-09-14,0.6429236111111112,0.002492021725485792,288.0,Chirimachaya,0.21219677105545992,8.0,True,True,True,0.43072684005565126
2019-09-15,0.6491006944444444,0.000951946220465304,288.0,Chirimachaya,0.2117984220385551,8.0,True,True,True,0.4373022724058893
2019-09-16,0.6495694444444444,0.000496015872761865,288.0,Chirimachaya,0.2112116310745477,8.0,True,True,True,0.4383578133698967
2019-09-17,0.6477708333333333,0.0007393259007067698,288.0,Chirimachaya,0.21038119867444033,8.0,True,True,True,0.43738963465889297
2019-09-18,0.6450868055555555,0.0014028714469095677,288.0,Chirimachaya,0.21126887574791905,8.0,True,True,True,0.43381792980763645
2019-09-19,0.6416736111111111,0.001408435814674377,288.0,Chirimachaya,0.21137597411870956,8.0,True,True,True,0.43029763699240153
2019-09-20,0.6415104166666666,0.0005007616150643421,288.0,Chirimachaya,0.2140298001468181,8.0,True,True,True,0.42748061651984853
2019-09-21,0.6396666666666666,0.0007325198740333355,288.0,Chirimachaya,0.2130240388214588,8.0,True,True,True,0.4266426278452078
2019-09-22,0.6370173611111112,0.0010441694671426307,288.0,Chirimachaya,0.21333040297031403,8.0,True,True,True,0.42368695814079715
2019-09-23,0.6335208333333333,0.0012903757927097117,288.0,Chirimachaya,0.215333079919219,8.0,True,True,True,0.4181877534141143
2019-09-24,0.6305069444444444,0.000547360187265417,288.0,Chirimachaya,0.21584902703762052,8.0,True,True,True,0.4146579174068239
2019-09-25,0.6332951388888889,0.0007739513405293643,288.0,Chirimachaya,0.21555520966649053,8.0,True,True,True,0.41773992922239833
2019-09-26,0.6344618055555555,0.0004994068297210193,288.0,Chirimachaya,0.2139358110725879,8.0,True,True,True,0.4205259944829676
2019-09-27,0.63271875,0.0012745413194214215,288.0,Chirimachaya,0.21200441010296342,8.0,True,True,True,0.42071433989703655
2019-09-28,0.6294201388888889,0.0008434275401516739,288.0,Chirimachaya,0.21045631356537337,8.0,True,True,True,0.41896382532351556
2019-09-29,0.6267673611111112,0.0012734397359630786,288.0,Chirimachaya,0.21001529134809968,8.0,True,True,True,0.4167520697630115
2019-09-30,0.6218854166666667,0.0020441287981810582,288.0,Chirimachaya,0.21065055951476092,8.0,True,True,True,0.41123485715190583
2019-10-01,0.6160590277777778,0.002236844255244996,288.0,Chirimachaya,0.21102248504757878,8.0,True,True,True,0.40503654273019896
2019-10-02,0.6109444444444444,0.0011092124699636694,288.0,Chirimachaya,0.21069948934018606,8.0,True,True,True,0.40024495510425834
2019-10-03,0.6103402777777778,0.00047462722499869105,288.0,Chirimachaya,0.21605073474347586,8.0,True,True,True,0.3942895430343019
2019-10-04,0.6115555555555555,0.0004977689286309286,288.0,Chirimachaya,0.2153847329318523,8.0,True,True,True,0.3961708226237032
2019-10-05,0.6088333333333333,0.002091962384989057,288.0,Chirimachaya,0.21291932836174962,8.0,True,True,True,0.3959140049715837
2019-10-06,0.6061631944444444,0.0005054747694470224,288.0,Chirimachaya,0.21289548650383944,8.0,True,True,True,0.393267707940605
2019-10-07,0.6213333333333333,0.018488719604484408,288.0,Chirimachaya,0.21361641585826868,8.0,True,True,True,0.4077169174750646
2019-10-08,0.7508090277777778,0.0034844085415235153,288.0,Chirimachaya,0.21793334186077112,8.0,True,True,True,0.5328756859170067
2019-10-09,0.75540625,0.0007454128010053338,288.0,Chirimachaya,0.2179357837885618,8.0,True,True,True,0.5374704662114381
2019-10-10,0.7161875,0.014196710984853455,288.0,Chirimachaya,0.21605282649397844,8.0,True,True,True,0.5001346735060215
2019-10-11,0.6930590277777777,0.005021208166932821,288.0,Chirimachaya,0.21451101824641222,8.0,True,True,True,0.4785480095313655
2019-10-12,0.6847986111111112,0.0015643228816979281,288.0,Chirimachaya,0.2131914217025041,8.0,True,True,True,0.4716071894086071
2019-10-13,0.6867152777777777,0.0008925802900236167,288.0,Chirimachaya,0.2119957711547613,8.0,True,True,True,0.47471950662301643
2019-10-14,0.6813958333333334,0.002607196553310636,288.0,Chirimachaya,0.2111622281372547,8.0,True,True,True,0.4702336051960787
2019-10-15,0.6724722222222224,0.003297014686942624,288.0,Chirimachaya,0.21115669235587117,8.0,True,True,True,0.46131552986635116
2019-10-16,0.6671493055555556,0.0007799308937293328,288.0,Chirimachaya,0.20979172550141809,8.0,True,True,True,0.4573575800541375
2019-10-17,0.6664305555555556,0.0008687591999081971,288.0,Chirimachaya,0.21014706604182717,8.0,True,True,True,0.45628348951372844
2019-10-18,0.7529444444444445,0.019629416089046118,288.0,Chirimachaya,0.21327466145157808,8.0,True,True,True,0.5396697829928665
2019-10-19,0.7611284722222222,0.0008839382256030088,288.0,Chirimachaya,0.22129955887794492,8.0,True,True,True,0.5398289133442773
2019-10-20,0.7637222222222222,0.00044868284887807124,288.0,Chirimachaya,0.22064884193241593,8.0,True,True,True,0.5430733802898062
2019-10-21,0.7401805555555555,0.022581529493255075,288.0,Chirimachaya,0.21916519850492475,8.0,True,True,True,0.5210153570506307
2019-10-22,0.6947638888888888,0.008453180018174664,288.0,Chirimachaya,0.21913395449519152,8.0,True,True,True,0.47562993439369733
2019-10-23,0.6894270833333334,0.0030708638367456767,288.0,Chirimachaya,0.21951644308865068,8.0,True,True,True,0.46991064024468265
2019-10-24,0.6955902777777778,0.027613664545094004,288.0,Chirimachaya,0.22075037658214566,8.0,True,True,True,0.47483990119563213
2019-10-25,0.757875,0.0009472130402154983,288.0,Chirimachaya,0.22431890852749345,8.0,True,True,True,0.5335560914725065
2019-10-26,0.7607638888888889,0.0009181568501886644,288.0,Chirimachaya,0.22462878376245496,8.0,True,True,True,0.5361351051264339
2019-10-27,0.7616493055555555,0.0004780180521977007,288.0,Chirimachaya,0.22272660583257672,8.0,True,True,True,0.5389226997229788
2019-10-28,0.7279965277777777,0.02311801238455564,288.0,Chirimachaya,0.22114936448633665,8.0,True,True,True,0.5068471632914411
2019-10-29,0.6975590277777778,0.02351432186667093,288.0,Chirimachaya,0.21980325318872926,8.0,True,True,True,0.4777557745890485
2019-10-30,0.7586111111111111,0.000495430142339628,288.0,Chirimachaya,0.21864452585577962,8.0,True,True,True,0.5399665852553315
2019-10-31,0.7118055555555556,0.02295527473191776,288.0,Chirimachaya,0.21865990757942194,8.0,True,True,True,0.49314564797613364
2019-11-01,0.6812291666666668,0.0032021742395796373,288.0,Chirimachaya,0.21842959523200983,8.0,True,True,True,0.46279957143465694
2019-11-02,0.6793819444444444,0.001486274147023194,288.0,Chirimachaya,0.21991263702511782,8.0,True,True,True,0.4594693074193266
2019-11-03,0.6765972222222223,0.0019748221617792447,288.0,Chirimachaya,0.21894389949738977,8.0,True,True,True,0.4576533227248325
2019-11-04,0.6754756944444444,0.0025742153915163757,288.0,Chirimachaya,0.2178269289433956,8.0,True,True,True,0.4576487655010488
2019-11-05,0.6672951388888889,0.002400575710888492,288.0,Chirimachaya,0.2168261688202619,8.0,True,True,True,0.450468970068627
2019-11-06,0.66096875,0.0015172857092009262,288.0,Chirimachaya,0.21585923619568342,8.0,True,True,True,0.44510951380431657
2019-11-07,0.6572430555555555,0.00042967498903922845,288.0,Chirimachaya,0.216002881526947,8.0,True,True,True,0.4412401740286085
2019-11-08,0.65759375,0.000491987188581335,288.0,Chirimachaya,0.21588287502527234,8.0,True,True,True,0.4417108749747276
2019-11-09,0.6566736111111111,0.0004697076132732335,288.0,Chirimachaya,0.21454824134707448,8.0,True,True,True,0.4421253697640366
2019-11-10,0.6635381944444445,0.002819531098184098,288.0,Chirimachaya,0.21456876583397383,8.0,True,True,True,0.4489694286104707
2019-11-11,0.6927842323651453,0.040357195769103855,241.0,Chirimachaya,0.21496312692761416,8.0,True,True,True,0.47782110543753115
2019-11-12,0.7524844444444444,0.01209120761492839,225.0,Chirimachaya,0.21480017900466913,8.0,True,True,True,0.5376842654397753
2019-11-13,0.7468709677419355,0.019518240393358192,279.0,Chirimachaya,0.2155304793268442,8.0,True,True,True,0.5313404884150913
2019-11-14,0.6932633744855967,0.012099645516445259,243.0,Chirimachaya,0.21491361036896703,8.0,True,True,True,0.47834976411662966
2019-11-15,0.6716383928571429,0.00415059011495607,224.0,Chirimachaya,0.2145261783152818,8.0,True,True,True,0.4571122145418611
2019-11-16,0.6574020100502513,0.002376058186356072,199.0,Chirimachaya,0.21633581444621083,8.0,True,True,True,0.4410661956040405
2019-11-17,0.6502688172043011,0.0026531091504700503,279.0,Chirimachaya,0.21638940274715418,8.0,True,True,True,0.4338794144571469
2019-11-18,0.6418401486988847,0.0029372329310491077,269.0,Chirimachaya,0.218615410849452,8.0,True,True,True,0.4232247378494327
2019-11-19,0.6355040650406504,0.001478410529491477,246.0,Chirimachaya,0.21823471784591672,8.0,True,True,True,0.41726934719473363
2019-11-20,0.6336042402826855,0.0004898795323789955,283.0,Chirimachaya,0.21800201758742327,8.0,True,True,True,0.4156022226952622
2019-11-21,0.6315347222222223,0.0010115238061337356,288.0,Chirimachaya,0.2171174213290214,8.0,True,True,True,0.4144173008932009
2019-11-22,0.627454861111111,0.002318996835294468,288.0,Chirimachaya,0.21721443347632882,8.0,True,True,True,0.4102404276347822
2019-11-23,0.6218680555555556,0.0014398341357136325,288.0,Chirimachaya,0.22100399062037465,8.0,True,True,True,0.4008640649351809
2019-11-24,0.6224861111111112,0.007429094430500777,288.0,Chirimachaya,0.22544962726533407,8.0,True,True,True,0.3970364838457771
2019-11-25,0.6631736111111111,0.013541177289469028,288.0,Chirimachaya,0.22515345178544516,8.0,True,True,True,0.4380201593256659
2019-11-26,0.6699201388888889,0.002179380081953846,288.0,Chirimachaya,0.22315936908125875,8.0,True,True,True,0.44676076980763013
2019-11-27,0.6668125,0.0021815467772805814,288.0,Chirimachaya,0.22186774015426633,8.0,True,True,True,0.4449447598457337
2019-11-28,0.6719583333333333,0.001140786451630075,288.0,Chirimachaya,0.22060952521860597,8.0,True,True,True,0.45134880811472733
2019-11-29,0.6667638888888889,0.0021331500356793843,288.0,Chirimachaya,0.21972972154617307,8.0,True,True,True,0.44703416734271584
2019-11-30,0.6606840277777778,0.004081165427498872,288.0,Chirimachaya,0.2192414831370115,8.0,True,True,True,0.44144254464076627
2019-12-01,0.7278327526132404,0.020506520549668367,287.0,Chirimachaya,0.22511894255876536,8.0,True,True,True,0.502713810054475
2019-12-02,0.7018368055555555,0.007761544141491139,288.0,Chirimachaya,0.2274094298481941,8.0,True,True,True,0.4744273757073614
2019-12-03,0.6786006944444445,0.00566334256366507,288.0,Chirimachaya,0.226299213245511,8.0,True,True,True,0.4523014811989335
2019-12-04,0.6659305555555556,0.002578800676807455,288.0,Chirimachaya,0.2271040808409452,8.0,True,True,True,0.4388264747146104
2019-12-05,0.6621388888888888,0.003753021753240243,288.0,Chirimachaya,0.22846379131078715,8.0,True,True,True,0.4336750975781017
2019-12-06,0.7513506944444445,0.0028343216661146984,288.0,Chirimachaya,0.23131506703793997,8.0,True,True,True,0.5200356274065046
2019-12-07,0.7564097222222222,0.0011947223924593938,288.0,Chirimachaya,0.23747744970023626,8.0,True,True,True,0.518932272521986
2019-12-08,0.7540104166666667,0.009353113243830445,288.0,Chirimachaya,0.24108802899718282,8.0,True,True,True,0.5129223876694838
2019-12-09,0.7059930555555556,0.006693901252333862,288.0,Chirimachaya,0.24365115351974959,8.0,True,True,True,0.462341902035806
2019-12-10,0.7056145833333333,0.02537442392198928,288.0,Chirimachaya,0.24186322093009946,8.0,True,True,True,0.4637513624032338
2019-12-11,0.7387395833333333,0.01568988097413664,288.0,Chirimachaya,0.24309367500245566,8.0,True,True,True,0.4956459083308777
2019-12-12,0.7497812500000001,0.01097783937380537,288.0,Chirimachaya,0.2437026537954807,8.0,True,True,True,0.5060785962045193
2019-12-13,0.71171875,0.026030417663345382,288.0,Chirimachaya,0.24376052804291246,8.0,True,True,True,0.4679582219570875
2019-12-14,0.6740486111111111,0.00452454376949832,288.0,Chirimachaya,0.24210335873067376,8.0,True,True,True,0.43194525238043735
2019-12-15,0.6624912891986063,0.0035349049813623756,287.0,Chirimachaya,0.24365390464663503,8.0,True,True,True,0.4188373845519713
2019-12-16,0.6529652777777778,0.002944109324313785,288.0,Chirimachaya,0.2430995739996433,8.0,True,True,True,0.40986570377813447
2019-12-17,0.6437013888888888,0.0033756245747773167,288.0,Chirimachaya,0.2420560717582702,8.0,True,True,True,0.40164531713061863
2019-12-18,0.6353645833333333,0.0021321487664724154,288.0,Chirimachaya,0.24116944707930082,8.0,True,True,True,0.3941951362540325
2019-12-19,0.6349652777777778,0.0008867054823705412,288.0,Chirimachaya,0.24117748253047464,8.0,True,True,True,0.3937877952473031
2019-12-20,0.63875,0.0011805626722019877,288.0,Chirimachaya,0.24053775332868096,8.0,True,True,True,0.39821224667131905
2019-12-21,0.6420625000000001,0.000729839369468437,288.0,Chirimachaya,0.2389034796506166,8.0,True,True,True,0.4031590203493835
2019-12-22,0.6444652777777777,0.001147110865262981,288.0,Chirimachaya,0.2379017081111669,8.0,True,True,True,0.40656356966661084
2019-12-23,0.646982638888889,0.0004606963160535894,288.0,Chirimachaya,0.23693072609603402,8.0,True,True,True,0.4100519127928549
2019-12-24,0.648,0.0,288.0,Chirimachaya,0.23534572310745713,8.0,True,True,True,0.41265427689254286
2019-12-25,0.6475798611111112,0.0004944401488372227,288.0,Chirimachaya,0.23418231867253778,8.0,True,True,True,0.4133975424385734
2019-12-26,0.6458298611111111,0.0007756377491615507,288.0,Chirimachaya,0.23343423940241334,8.0,True,True,True,0.4123956217086977
2019-12-27,0.64409375,0.0008843760965448127,288.0,Chirimachaya,0.23180397972464556,8.0,True,True,True,0.41228977027535446
2019-12-28,0.6421041666666667,0.000893013923517562,288.0,Chirimachaya,0.23152387887239453,8.0,True,True,True,0.41058028779427214
2019-12-29,0.6400868055555555,0.0009348645043544719,288.0,Chirimachaya,0.23119417577981946,8.0,True,True,True,0.40889262977573604
2019-12-30,0.6455347222222223,0.009809625646438554,288.0,Chirimachaya,0.23233436234295365,8.0,True,True,True,0.4132003598792686
2019-12-31,0.7452986111111111,0.014960612566932376,288.0,Chirimachaya,0.2352098803967237,8.0,True,True,True,0.5100887307143873
2020-01-01,0.7529444444444445,0.0013654664569243656,288.0,Chirimachaya,0.23934444971382615,8.0,True,True,True,0.5135999947306183
2020-01-02,0.7564858156028369,0.0010578351330538746,282.0,Chirimachaya,0.2399916779249906,8.0,True,True,True,0.5164941376778462
2020-01-03,0.7592465277777778,0.000763944759157709,288.0,Chirimachaya,0.2413267362862825,8.0,True,True,True,0.5179197914914953
2020-01-04,0.7302743055555555,0.02673533528546393,288.0,Chirimachaya,0.24061444401741025,8.0,True,True,True,0.4896598615381452
2020-01-05,0.6847951388888889,0.004643722372400164,288.0,Chirimachaya,0.23951989784836764,8.0,True,True,True,0.44527524104052124
2020-01-06,0.6808923611111112,0.0053058587020395455,288.0,Chirimachaya,0.23845863901078698,8.0,True,True,True,0.44243372210032417
2020-01-07,0.682513888888889,0.03235463036534653,288.0,Chirimachaya,0.23678958974778647,8.0,True,True,True,0.4457242991411025
2020-01-08,0.7417430555555555,0.021221659610503395,288.0,Chirimachaya,0.23569288849830625,8.0,True,True,True,0.5060501670572493
2020-01-09,0.6774687500000001,0.008308871617793617,288.0,Chirimachaya,0.23554329015314576,8.0,True,True,True,0.4419254598468543
2020-01-10,0.6642986111111111,0.002058651705547466,288.0,Chirimachaya,0.23370161280035967,8.0,True,True,True,0.43059699831075143
2020-01-11,0.6598402777777779,0.0007889762647025179,288.0,Chirimachaya,0.2330235186964273,8.0,True,True,True,0.4268167590813506
2020-01-12,0.6586979166666667,0.000459960420960491,288.0,Chirimachaya,0.2315337937325239,8.0,True,True,True,0.42716412293414274
2020-01-13,0.6583506944444445,0.0007776939490802778,288.0,Chirimachaya,0.23042440041899676,8.0,True,True,True,0.42792629402544774
2020-01-14,0.6553506944444445,0.001340315451338998,288.0,Chirimachaya,0.2301639281213283,8.0,True,True,True,0.4251867663231162
2020-01-15,0.6515294117647059,0.0012790397046232836,255.0,Chirimachaya,0.22911604121327397,8.0,True,True,True,0.4224133705514319
2020-01-16,0.6458260869565218,0.001072472670261883,23.0,Chirimachaya,0.22780013829469675,8.0,True,True,True,0.418025948661825
2020-01-17,0.645,,1.0,Chirimachaya,0.22710515744984144,8.0,True,True,True,0.4178948425501586
2020-01-21,0.664,,1.0,Chirimachaya,0.23130626417696473,8.0,True,True,True,0.4326937358230353
2020-01-25,0.691,,1.0,Chirimachaya,0.2436271775513887,8.0,True,True,True,0.4473728224486112
2020-01-27,0.7348297872340426,0.023278390005713415,47.0,Chirimachaya,0.26851681992411613,8.0,True,True,True,0.46631296730992644
2020-01-28,0.6805555555555556,0.009234596784796685,9.0,Chirimachaya,0.2655671760439873,8.0,True,True,True,0.4149883795115683
2020-03-03,0.7171700680272108,0.0049204272974875144,147.0,Chirimachaya,0.3041876442730427,8.0,True,True,True,0.41298242375416816
2020-03-04,0.6944479166666667,0.006811350117129331,288.0,Chirimachaya,0.3019610419869423,8.0,True,True,True,0.39248687467972443
2020-03-05,0.6827881944444445,0.0006414266033577382,288.0,Chirimachaya,0.2999618425965309,8.0,True,True,True,0.3828263518479136
2020-03-06,0.7011909722222222,0.010166642271633452,288.0,Chirimachaya,0.2982931174337864,8.0,True,True,True,0.40289785478843576
2020-03-07,0.7132465277777778,0.012047162912616649,288.0,Chirimachaya,0.2972946763038635,8.0,True,True,True,0.4159518514739142
2020-03-08,0.7566805555555556,0.0005299763689132649,288.0,Chirimachaya,0.30521806329488754,8.0,True,True,True,0.45146249226066804
2020-03-09,0.7272881944444445,0.023504694457426756,288.0,Chirimachaya,0.3114481121301651,8.0,True,True,True,0.4158400823142794
2020-03-10,0.6938506944444444,0.0026029866664571163,288.0,Chirimachaya,0.3085332550108433,8.0,True,True,True,0.3853174394336011
2020-03-11,0.7059583333333334,0.004918676630043998,288.0,Chirimachaya,0.3098764158785343,8.0,True,True,True,0.39608191745479904
2020-03-12,0.7196979166666666,0.01770477196544568,288.0,Chirimachaya,0.3138829171657562,8.0,True,True,True,0.4058149995009104
2020-03-13,0.7026493055555556,0.02498289169741655,288.0,Chirimachaya,0.3153339028358459,8.0,True,True,True,0.3873154027197097
2020-03-14,0.7565798611111112,0.0006524229684580115,288.0,Chirimachaya,0.31645108014345164,8.0,True,True,True,0.44012878096765956
2020-03-15,0.7323784722222222,0.02446968874636911,288.0,Chirimachaya,0.31771255284547806,8.0,True,True,True,0.41466591937674413
2020-03-16,0.6847083333333334,0.006070864905173325,288.0,Chirimachaya,0.3159015476703643,8.0,True,True,True,0.36880678566296904
2020-03-17,0.6690798611111112,0.0034717190885957556,288.0,Chirimachaya,0.31464289501309395,8.0,True,True,True,0.3544369660980172
2020-03-18,0.6606145833333333,0.0021284686795581494,288.0,Chirimachaya,0.3150404207408428,8.0,True,True,True,0.3455741625924905
2020-03-19,0.6533020833333334,0.0026084282784126964,288.0,Chirimachaya,0.31779341772198677,8.0,True,True,True,0.3355086656113466
2020-03-20,0.6457291666666667,0.002673182732875997,288.0,Chirimachaya,0.3174925930798053,8.0,True,True,True,0.32823657358686137
2020-03-21,0.6379131944444444,0.0028227731571197475,288.0,Chirimachaya,0.3157875873148441,8.0,True,True,True,0.3221256071296003
2020-03-22,0.6296006944444444,0.003048435859344996,288.0,Chirimachaya,0.3139953128993511,8.0,True,True,True,0.3156053815450933
2020-03-23,0.6210416666666666,0.0030095666281373516,288.0,Chirimachaya,0.3125707767903805,8.0,True,True,True,0.3084708898762861
2020-03-24,0.6123055555555555,0.0033324040516502056,288.0,Chirimachaya,0.3112059384584427,8.0,True,True,True,0.30109961709711286
2020-03-25,0.6037881944444444,0.002211846360945811,288.0,Chirimachaya,0.3099868111312389,8.0,True,True,True,0.29380138331320554
2020-03-26,0.5970416666666666,0.002480235461453267,288.0,Chirimachaya,0.3090821243822574,8.0,True,True,True,0.2879595422844092
2020-03-27,0.6001076388888889,0.017440357618129267,288.0,Chirimachaya,0.307910431176424,8.0,True,True,True,0.2921972077124648
2020-03-28,0.6207881944444444,0.0009107944633089245,288.0,Chirimachaya,0.3092059940099716,8.0,True,True,True,0.3115822004344728
2020-03-29,0.6209861111111111,0.0004171599867080017,288.0,Chirimachaya,0.3099762834608555,8.0,True,True,True,0.31100982765025564
2020-03-30,0.622,0.0,288.0,Chirimachaya,0.3087268285453319,8.0,True,True,True,0.3132731714546681
2020-03-31,0.6270069444444445,0.0066683469136933,288.0,Chirimachaya,0.3075531162321567,8.0,True,True,True,0.3194538282122878
2020-04-01,0.6710729166666667,0.036787338222332905,288.0,Chirimachaya,0.30789269506931305,8.0,True,True,True,0.36318022159735364
2020-04-02,0.7473229166666667,0.001044262155532513,288.0,Chirimachaya,0.30831706151366234,8.0,True,True,True,0.4390058551530044
2020-04-03,0.7506840277777778,0.0010056400665625067,288.0,Chirimachaya,0.30761701613664627,8.0,True,True,True,0.4430670116411315
2020-04-04,0.7533020833333333,0.0009995098973212633,288.0,Chirimachaya,0.3052808716893196,8.0,True,True,True,0.44802121164401365
2020-04-05,0.7558854166666666,0.0006761717149906567,288.0,Chirimachaya,0.3036769814789295,8.0,True,True,True,0.4522084351877371
2020-04-06,0.7572465277777778,0.00043173956442572387,288.0,Chirimachaya,0.30269092321395874,8.0,True,True,True,0.45455560456381905
2020-04-07,0.7583368055555556,0.0008437717319150953,288.0,Chirimachaya,0.3019016608595848,8.0,True,True,True,0.4564351446959708
2020-04-08,0.7587604166666666,0.0005228864874383052,288.0,Chirimachaya,0.3010761775076389,8.0,True,True,True,0.45768423915902773
2020-04-09,0.7257743055555556,0.013507815502716878,288.0,Chirimachaya,0.30282896384596825,8.0,True,True,True,0.4229453417095873
2020-04-10,0.694204861111111,0.006489582430327203,288.0,Chirimachaya,0.30679538846015925,8.0,True,True,True,0.38740947265095177
2020-04-11,0.7402013888888889,0.020130092529394135,288.0,Chirimachaya,0.3134991489350795,8.0,True,True,True,0.42670223995380935
2020-04-12,0.75390625,0.0009885560334944915,288.0,Chirimachaya,0.3235738016664982,8.0,True,True,True,0.4303324483335018
2020-04-13,0.7569270833333334,0.0007070297836601922,288.0,Chirimachaya,0.3309259116649627,8.0,True,True,True,0.42600117166837065
2020-04-14,0.7578020833333334,0.0003991225131307881,288.0,Chirimachaya,0.33281398937106127,8.0,True,True,True,0.42498809396227216
2020-04-15,0.7372604166666666,0.022996550926815525,288.0,Chirimachaya,0.33122751861810684,8.0,True,True,True,0.4060328980485598
2020-04-16,0.6881875000000001,0.005041940821488269,288.0,Chirimachaya,0.32913204282522196,8.0,True,True,True,0.3590554571747781
2020-04-17,0.6783784722222223,0.002320749103933712,288.0,Chirimachaya,0.33001624792814255,8.0,True,True,True,0.3483622242940797
2020-04-18,0.7156701388888889,0.036386890429144815,288.0,Chirimachaya,0.32831474766135216,8.0,True,True,True,0.3873553912275367
2020-04-19,0.7578611111111111,0.0008059976492571778,288.0,Chirimachaya,0.3256518505513668,8.0,True,True,True,0.4322092605597443
2020-04-20,0.72965625,0.024165296679098704,288.0,Chirimachaya,0.32288870215415955,8.0,True,True,True,0.40676754784584046
2020-04-21,0.6862430555555555,0.005045778623785114,288.0,Chirimachaya,0.3201269395649433,8.0,True,True,True,0.3661161159906122
2020-04-22,0.6746944444444445,0.0026759420569910618,288.0,Chirimachaya,0.3177780471742153,8.0,True,True,True,0.35691639727022917
2020-04-23,0.66825,0.0018365245164853536,288.0,Chirimachaya,0.3158205337822437,8.0,True,True,True,0.35242946621775634
2020-04-24,0.6633506944444445,0.0010585307368918627,288.0,Chirimachaya,0.3143439516425133,8.0,True,True,True,0.3490067428019312
2020-04-25,0.692875,0.023806676368641942,288.0,Chirimachaya,0.3134882003068924,8.0,True,True,True,0.3793867996931076
2020-04-26,0.747125,0.01256668622937068,288.0,Chirimachaya,0.3141318038105964,8.0,True,True,True,0.43299319618940363
2020-04-27,0.6966215277777777,0.00868812047447639,288.0,Chirimachaya,0.31398142501711845,8.0,True,True,True,0.3826401027606593
2020-04-28,0.6898263888888888,0.006765695249610828,288.0,Chirimachaya,0.31259204074740404,8.0,True,True,True,0.37723434814148477
2020-04-29,0.6894965277777777,0.006621682399295122,288.0,Chirimachaya,0.3108859620988369,8.0,True,True,True,0.3786105656789408
2020-04-30,0.68565625,0.010439300033605513,288.0,Chirimachaya,0.3093545138835907,8.0,True,True,True,0.37630173611640927
2020-05-01,0.7565451388888889,0.006874031625039009,288.0,Chirimachaya,0.3083386793732643,8.0,True,True,True,0.44820645951562454
2020-05-02,0.7611770833333333,0.0008049687811808366,288.0,Chirimachaya,0.30845694243907923,8.0,True,True,True,0.4527201408942541
2020-05-03,0.7626006944444444,0.0004906081737785271,288.0,Chirimachaya,0.3084852024912834,8.0,True,True,True,0.45411549195316103
2020-05-04,0.7625277777777778,0.0006776105224475767,288.0,Chirimachaya,0.30825291574001307,8.0,True,True,True,0.45427486203776474
2020-05-05,0.7637013888888888,0.00045844550417068554,288.0,Chirimachaya,0.3081512972712516,8.0,True,True,True,0.4555500916176372
2020-05-06,0.7219027777777778,0.025645212536748254,288.0,Chirimachaya,0.3061499483883381,8.0,True,True,True,0.4157528293894397
2020-05-07,0.6958298611111111,0.009553929668261026,288.0,Chirimachaya,0.3043774105608463,8.0,True,True,True,0.39145245055026484
2020-05-08,0.702954861111111,0.013298032810746745,288.0,Chirimachaya,0.3031337969005108,8.0,True,True,True,0.39982106421060026
2020-05-09,0.7113333333333333,0.009279628131441505,288.0,Chirimachaya,0.3016924262046814,8.0,True,True,True,0.40964090712865187
2020-05-10,0.6862430555555555,0.00438678174128634,288.0,Chirimachaya,0.30079371854662895,8.0,True,True,True,0.3854493370089266
2020-05-11,0.6965381944444444,0.03426264510644601,288.0,Chirimachaya,0.3004501275718212,8.0,True,True,True,0.3960880668726232
2020-05-12,0.758545138888889,0.001191452126103179,288.0,Chirimachaya,0.30589136853814125,8.0,True,True,True,0.4526537703507477
2020-05-13,0.7550625,0.01296751166897557,288.0,Chirimachaya,0.31596489995717997,8.0,True,True,True,0.43909760004282
2020-05-14,0.6931562499999999,0.010470128198583492,288.0,Chirimachaya,0.31601970642805094,8.0,True,True,True,0.377136543571949
2020-05-15,0.6750381944444445,0.003243100347583898,288.0,Chirimachaya,0.3130574338138103,8.0,True,True,True,0.36198076063063417
2020-05-16,0.6910763888888889,0.02110636077023268,288.0,Chirimachaya,0.31188224256038666,8.0,True,True,True,0.37919414632850224
2020-05-17,0.7384895833333334,0.02187101631222496,288.0,Chirimachaya,0.31340086832642555,8.0,True,True,True,0.4250887150069078
2020-05-18,0.6889027777777778,0.0029093611843440006,288.0,Chirimachaya,0.31236984580755234,8.0,True,True,True,0.3765329319702254
2020-05-19,0.6854583333333334,0.0024788302287843318,288.0,Chirimachaya,0.31150051206350327,8.0,True,True,True,0.3739578212698301
2020-05-20,0.6878611111111111,0.001451233338797891,288.0,Chirimachaya,0.309586837887764,8.0,True,True,True,0.37827427322334717
2020-05-21,0.7141597222222222,0.02263147054780171,288.0,Chirimachaya,0.3078179992735386,8.0,True,True,True,0.40634172294868365
2020-05-22,0.6956493055555555,0.004658206149741453,288.0,Chirimachaya,0.3059612922370433,8.0,True,True,True,0.38968801331851216
2020-05-23,0.6896770833333332,0.002893564136948146,288.0,Chirimachaya,0.30408269912004465,8.0,True,True,True,0.38559438421328857
2020-05-24,0.7314201388888889,0.03157746755399346,288.0,Chirimachaya,0.3024663142859936,8.0,True,True,True,0.42895382460289533
2020-05-25,0.7361631944444444,0.018153941976115324,288.0,Chirimachaya,0.30132378637790674,8.0,True,True,True,0.4348394080665377
2020-05-26,0.701267361111111,0.006268224494078746,288.0,Chirimachaya,0.3001791201531887,8.0,True,True,True,0.4010882409579223
2020-05-27,0.6844479166666667,0.0039496918020280065,288.0,Chirimachaya,0.2987704128026962,8.0,True,True,True,0.38567750386397054
2020-05-28,0.67309375,0.0035083120562915166,288.0,Chirimachaya,0.29764560237526894,8.0,True,True,True,0.3754481476247311
2020-05-29,0.6644791666666667,0.0020155104142535554,288.0,Chirimachaya,0.2972285710275173,8.0,True,True,True,0.3672505956391494
2020-05-30,0.6853854166666667,0.039792152446700556,288.0,Chirimachaya,0.29862776771187777,8.0,True,True,True,0.386757648954789
2020-05-31,0.7571423611111111,0.0008118529467357349,288.0,Chirimachaya,0.29944348707795143,8.0,True,True,True,0.4576988740331597
2020-06-01,0.7267152777777777,0.02244518314945232,288.0,Chirimachaya,0.29992108047008514,8.0,True,True,True,0.4267941973076925
2020-06-02,0.7094895833333333,0.0262496702318759,288.0,Chirimachaya,0.29994235187768936,8.0,True,True,True,0.409547231455644
2020-06-03,0.7546354166666667,0.0036294952903561896,288.0,Chirimachaya,0.30051242932677263,8.0,True,True,True,0.45412298733989404
2020-06-04,0.6916840277777778,0.012983002359662637,288.0,Chirimachaya,0.29970450326800346,8.0,True,True,True,0.39197952450977436
2020-06-05,0.6730868055555557,0.0022928687059719636,288.0,Chirimachaya,0.29867349937558174,8.0,True,True,True,0.3744133061799739
2020-06-06,0.6664444444444445,0.0018564428830661812,288.0,Chirimachaya,0.29921348392963404,8.0,True,True,True,0.36723096051481047
2020-06-07,0.6606145833333333,0.0018099788725738687,288.0,Chirimachaya,0.29813622683286667,8.0,True,True,True,0.36247835650046667
2020-06-08,0.6552951388888889,0.001756930720192503,288.0,Chirimachaya,0.29969156906008715,8.0,True,True,True,0.35560356982880176
2020-06-09,0.649888888888889,0.0019149553032368886,288.0,Chirimachaya,0.2991364188492298,8.0,True,True,True,0.35075247003965915
2020-06-10,0.6443263888888889,0.0019836609983189504,288.0,Chirimachaya,0.2964865490794182,8.0,True,True,True,0.34783983980947075
2020-06-11,0.6378854166666668,0.00243609525768772,288.0,Chirimachaya,0.2950799688696861,8.0,True,True,True,0.34280544779698063
2020-06-12,0.6306319444444445,0.002579054003100735,288.0,Chirimachaya,0.2927952073514461,8.0,True,True,True,0.3378367370929984
2020-06-13,0.6232500000000001,0.0024890001910845058,288.0,Chirimachaya,0.2910195365548134,8.0,True,True,True,0.3322304634451867
2020-06-14,0.6172083333333334,0.001077970735188831,288.0,Chirimachaya,0.2914856448769569,8.0,True,True,True,0.3257226884563765
2020-06-15,0.6154444444444445,0.0004977689286310789,288.0,Chirimachaya,0.2927836142480373,8.0,True,True,True,0.3226608301964072
2020-06-16,0.6706666666666666,0.0617861885945823,288.0,Chirimachaya,0.2912616245448589,8.0,True,True,True,0.37940504212180776
2020-06-17,0.75090625,0.0004109509241028013,288.0,Chirimachaya,0.28973156213760376,8.0,True,True,True,0.46117468786239624
2020-06-18,0.7447361111111112,0.012167235440860449,288.0,Chirimachaya,0.2874008119106293,8.0,True,True,True,0.4573352992004819
2020-06-19,0.725454861111111,0.020213788821426885,288.0,Chirimachaya,0.28658152744174,8.0,True,True,True,0.43887333366937104
2020-06-20,0.7509375,0.0014445319220662619,288.0,Chirimachaya,0.286161083728075,8.0,True,True,True,0.464776416271925
2020-06-21,0.7547881944444444,0.0009221998035889185,288.0,Chirimachaya,0.285427313297987,8.0,True,True,True,0.46936088114645746
2020-06-22,0.7566979166666666,0.00045996042096045197,288.0,Chirimachaya,0.28354652225971216,8.0,True,True,True,0.4731513944069545
2020-06-23,0.7355451388888888,0.020116335275799334,288.0,Chirimachaya,0.28160618990659714,8.0,True,True,True,0.4539389489822917
2020-06-24,0.6991979166666666,0.007573040103627263,288.0,Chirimachaya,0.28015951812267303,8.0,True,True,True,0.4190383985439936
2020-06-25,0.6818819444444445,0.003121235634392882,288.0,Chirimachaya,0.27866219356656075,8.0,True,True,True,0.40321975087788375
2020-06-26,0.6741805555555556,0.0018820730574072133,288.0,Chirimachaya,0.2774701192975044,8.0,True,True,True,0.39671043625805114
2020-06-27,0.7369791666666666,0.02454448247996001,288.0,Chirimachaya,0.2767825275659561,8.0,True,True,True,0.4601966391007105
2020-06-28,0.7198784722222222,0.02228065726701265,288.0,Chirimachaya,0.27543097734451294,8.0,True,True,True,0.4444474948777093
2020-06-29,0.6879097222222222,0.0017327072710156515,288.0,Chirimachaya,0.2743624858558178,8.0,True,True,True,0.41354723636640445
2020-06-30,0.6816562500000001,0.003074549200688814,288.0,Chirimachaya,0.2727026045322418,8.0,True,True,True,0.40895364546775825
2020-07-01,0.6756736111111112,0.000644784609917133,288.0,Chirimachaya,0.2711131200194359,8.0,True,True,True,0.40456049109167536
2020-07-02,0.6995520833333333,0.034145988013041785,288.0,Chirimachaya,0.271744467318058,8.0,True,True,True,0.4278076160152753
2020-07-03,0.7553125,0.0008592091818166438,288.0,Chirimachaya,0.2726240158081054,8.0,True,True,True,0.48268848419189464
2020-07-04,0.7273506944444444,0.023716353747069534,288.0,Chirimachaya,0.27273549512028694,8.0,True,True,True,0.4546151993241575
2020-07-05,0.6988333333333333,0.004122683068032695,288.0,Chirimachaya,0.27328552305698395,8.0,True,True,True,0.42554781027634936
2020-07-06,0.6921840277777778,0.00462354470098563,288.0,Chirimachaya,0.2754554860293865,8.0,True,True,True,0.41672854174839125
2020-07-07,0.6807916666666667,0.00280212711637159,288.0,Chirimachaya,0.2745754793286323,8.0,True,True,True,0.4062161873380344
2020-07-08,0.673138888888889,0.0019456414655196813,288.0,Chirimachaya,0.27261957898736,8.0,True,True,True,0.40051930990152895
2020-07-09,0.671,0.0,288.0,Chirimachaya,0.271125253289938,8.0,True,True,True,0.39987474671006207
2020-07-10,0.6695243055555555,0.0009624117880953597,288.0,Chirimachaya,0.2699463367462158,8.0,True,True,True,0.3995779688093397
2020-07-11,0.6676319444444445,0.000563049533691856,288.0,Chirimachaya,0.2697511203587055,8.0,True,True,True,0.397880824085739
2020-07-12,0.6641840277777777,0.0016157397932107522,288.0,Chirimachaya,0.26931020990014076,8.0,True,True,True,0.394873817877637
2020-07-13,0.7093576388888889,0.047146157324889845,288.0,Chirimachaya,0.26828428357839584,8.0,True,True,True,0.4410733553104931
2020-07-14,0.74078125,0.014640788181359202,288.0,Chirimachaya,0.26808326691389084,8.0,True,True,True,0.4726979830861091
2020-07-15,0.74896875,0.009632031121168741,288.0,Chirimachaya,0.26830704137682915,8.0,True,True,True,0.4806617086231708
2020-07-16,0.7364340277777778,0.02419410088261981,288.0,Chirimachaya,0.2670707106590271,8.0,True,True,True,0.4693633171187507
2020-07-17,0.6857222222222222,0.005064661257260418,288.0,Chirimachaya,0.2646915093064308,8.0,True,True,True,0.4210307129157914
2020-07-18,0.6761215277777778,0.0013418310436671005,288.0,Chirimachaya,0.2626150846481323,8.0,True,True,True,0.41350644312964546
2020-07-19,0.6879479166666667,0.01326179952551871,288.0,Chirimachaya,0.26110324263572693,8.0,True,True,True,0.42684467403093973
2020-07-20,0.7270763888888889,0.02682439470657946,288.0,Chirimachaya,0.260240625590086,8.0,True,True,True,0.46683576329880294
2020-07-21,0.760982638888889,0.002830220928353719,288.0,Chirimachaya,0.2597391419112682,8.0,True,True,True,0.5012434969776207
2020-07-22,0.723798611111111,0.012343560360966852,288.0,Chirimachaya,0.25856053456664085,8.0,True,True,True,0.46523807654447014
2020-07-23,0.6890937500000001,0.005370090335279118,288.0,Chirimachaya,0.25752897560596466,8.0,True,True,True,0.4315647743940354
2020-07-24,0.6784895833333333,0.001692336436185106,288.0,Chirimachaya,0.2568499781191349,8.0,True,True,True,0.4216396052141984
2020-07-25,0.6767569444444445,0.0011307949642876203,288.0,Chirimachaya,0.2573745474219322,8.0,True,True,True,0.41938239702251223
2020-07-26,0.6733229166666667,0.0007057966808533937,288.0,Chirimachaya,0.25669245049357414,8.0,True,True,True,0.4166304661730925
2020-07-27,0.6752604166666667,0.002096511745318193,288.0,Chirimachaya,0.255386509001255,8.0,True,True,True,0.4198739076654117
2020-07-28,0.6742604166666667,0.001329730723834738,288.0,Chirimachaya,0.253533523529768,8.0,True,True,True,0.4207268931368987
2020-07-29,0.6716180555555556,0.0022446111317534208,288.0,Chirimachaya,0.2528074644505977,8.0,True,True,True,0.41881059110495794
2020-07-30,0.6856736111111111,0.003705782017863362,288.0,Chirimachaya,0.2517146654427051,8.0,True,True,True,0.43395894566840604
2020-07-31,0.6926736111111111,0.01094988893782398,288.0,Chirimachaya,0.2507974412292242,8.0,True,True,True,0.44187616988188694
2020-08-01,0.6970138888888889,0.012720794855575878,288.0,Chirimachaya,0.24961193464696405,8.0,True,True,True,0.44740195424192486
2020-08-02,0.6755590277777778,0.0030081170837367153,288.0,Chirimachaya,0.24742767028510568,8.0,True,True,True,0.42813135749267206
2020-08-03,0.6674965277777778,0.00204479157144523,288.0,Chirimachaya,0.24588467739522454,8.0,True,True,True,0.4216118503825532
2020-08-04,0.6616354166666667,0.0019458870678528998,288.0,Chirimachaya,0.24513299390673635,8.0,True,True,True,0.4165024227599303
2020-08-05,0.6561111111111111,0.0013747910128723002,288.0,Chirimachaya,0.2431083638221025,8.0,True,True,True,0.4130027472890086
2020-08-06,0.6525277777777778,0.000629633425174289,288.0,Chirimachaya,0.24343122169375414,8.0,True,True,True,0.4090965560840237
2020-08-07,0.6531736111111112,0.0012623183202419108,288.0,Chirimachaya,0.24222684465348718,8.0,True,True,True,0.41094676645762396
2020-08-08,0.6581666666666668,0.0013066434376563384,288.0,Chirimachaya,0.2413007505238056,8.0,True,True,True,0.41686591614286117
2020-08-09,0.6607256944444445,0.00044694027971026824,288.0,Chirimachaya,0.23990116640925405,8.0,True,True,True,0.42082452803519044
2020-08-10,0.6598090277777778,0.0007336998213145519,288.0,Chirimachaya,0.23820348642766473,8.0,True,True,True,0.4216055413501131
2020-08-11,0.6567847222222222,0.0013572014372910167,288.0,Chirimachaya,0.2367998994886875,8.0,True,True,True,0.41998482273353466
2020-08-12,0.6523333333333334,0.0016165520152836112,288.0,Chirimachaya,0.23605324700474734,8.0,True,True,True,0.4162800863285861
2020-08-13,0.6479305555555556,0.0012362288263867136,288.0,Chirimachaya,0.23452907428145406,8.0,True,True,True,0.4134014812741015
2020-08-14,0.6455833333333333,0.0006077318315622455,288.0,Chirimachaya,0.2341919261962175,8.0,True,True,True,0.41139140713711575
2020-08-15,0.6476145833333333,0.0004875407603796073,288.0,Chirimachaya,0.23327978886663908,8.0,True,True,True,0.41433479446669425
2020-08-16,0.6472534722222222,0.0008523313545223257,288.0,Chirimachaya,0.23225831612944597,8.0,True,True,True,0.4149951560927762
2020-08-17,0.6442916666666667,0.0016095317127954075,288.0,Chirimachaya,0.2311114929616451,8.0,True,True,True,0.4131801737050216
2020-08-18,0.639375,0.0019501630415174446,288.0,Chirimachaya,0.23023129813373086,8.0,True,True,True,0.40914370186626914
2020-08-19,0.6335659722222222,0.002009339281370481,288.0,Chirimachaya,0.22998434677720067,8.0,True,True,True,0.4035816254450215
2020-08-20,0.6344930555555556,0.014260149647986348,288.0,Chirimachaya,0.230337843298912,8.0,True,True,True,0.4041552122566436
2020-08-21,0.75540625,0.0029130660536197785,288.0,Chirimachaya,0.2336283009499311,8.0,True,True,True,0.5217779490500689
2020-08-22,0.7578020833333334,0.0006670929966668962,288.0,Chirimachaya,0.23969972506165502,8.0,True,True,True,0.5181023582716784
2020-08-23,0.7417916666666666,0.021092256286640833,288.0,Chirimachaya,0.2385452706366777,8.0,True,True,True,0.5032463960299889
2020-08-24,0.690142361111111,0.00907828192821187,288.0,Chirimachaya,0.23634646274149418,8.0,True,True,True,0.45379589836961687
2020-08-25,0.6729236111111112,0.0038870460486244785,288.0,Chirimachaya,0.2353295926004648,8.0,True,True,True,0.4375940185106464
2020-08-26,0.6613090277777779,0.0032575276145422175,288.0,Chirimachaya,0.23358801193535325,8.0,True,True,True,0.4277210158424246
2020-08-27,0.6520729166666667,0.002958168723234423,288.0,Chirimachaya,0.23193916492164132,8.0,True,True,True,0.4201337517450253
2020-08-28,0.6441076388888889,0.0020816630935381547,288.0,Chirimachaya,0.2309938352555036,8.0,True,True,True,0.4131138036333853
2020-08-29,0.6388576388888889,0.0013578564713072042,288.0,Chirimachaya,0.2305246442556381,8.0,True,True,True,0.4083329946332508
2020-08-30,0.6347152777777778,0.0016215585673597798,288.0,Chirimachaya,0.23005224578082556,8.0,True,True,True,0.40466303199695225
2020-08-31,0.6303194444444444,0.0011696080392780226,288.0,Chirimachaya,0.22854200005531305,8.0,True,True,True,0.4017774443891314
2020-09-01,0.6270381944444444,0.0006948788807581892,288.0,Chirimachaya,0.2282245066016912,8.0,True,True,True,0.39881368784275323
2020-09-02,0.6268090277777777,0.00039375140186805415,288.0,Chirimachaya,0.2271701171994209,8.0,True,True,True,0.39963891057835677
2020-09-03,0.6267326388888889,0.0004433527411854683,288.0,Chirimachaya,0.22581029497087,8.0,True,True,True,0.40092234391801884
2020-09-04,0.6262083333333334,0.00040682333571321716,288.0,Chirimachaya,0.22467180714011187,8.0,True,True,True,0.4015365261932215
2020-09-05,0.6664618055555556,0.02933380990763454,288.0,Chirimachaya,0.2239138092845678,8.0,True,True,True,0.44254799627098773
2020-09-06,0.7444895833333334,0.010691422324650842,288.0,Chirimachaya,0.22406491078436372,8.0,True,True,True,0.5204246725489696
2020-09-07,0.7057916666666667,0.01436089104608861,288.0,Chirimachaya,0.22267808392643923,8.0,True,True,True,0.4831135827402275
2020-09-08,0.6891458333333333,0.004483758922673626,288.0,Chirimachaya,0.22191355004906652,8.0,True,True,True,0.4672322832842668
2020-09-09,0.6912673611111111,0.002859310359119996,288.0,Chirimachaya,0.22158404439687723,8.0,True,True,True,0.46968331671423386
2020-09-10,0.683076388888889,0.002073828492134639,288.0,Chirimachaya,0.2209643423557281,8.0,True,True,True,0.4621120465331609
2020-09-11,0.6771284722222223,0.0018386543782265663,288.0,Chirimachaya,0.21972688101232046,8.0,True,True,True,0.4574015912099018
2020-09-12,0.6711840277777779,0.0019570710959200617,288.0,Chirimachaya,0.21831195801496503,8.0,True,True,True,0.4528720697628128
2020-09-13,0.6655069444444445,0.0018722120840053275,288.0,Chirimachaya,0.21775608323514456,8.0,True,True,True,0.4477508612092999
2020-09-14,0.6605694444444444,0.0011115659154359208,288.0,Chirimachaya,0.21610517986118788,8.0,True,True,True,0.44446426458325655
2020-09-15,0.6583090277777779,0.0005887935097595233,288.0,Chirimachaya,0.21529816463589665,8.0,True,True,True,0.4430108631418812
2020-09-16,0.6560798611111112,0.0009392027059176399,288.0,Chirimachaya,0.21604820713400838,8.0,True,True,True,0.44003165397710275
2020-09-17,0.651795138888889,0.0017893541108322353,288.0,Chirimachaya,0.2190381549298763,8.0,True,True,True,0.43275698395901263
2020-09-18,0.6483368055555556,0.0007237385062813786,288.0,Chirimachaya,0.2186325844377279,8.0,True,True,True,0.4297042211178277
2020-09-19,0.6545833333333334,0.0018231954946868532,288.0,Chirimachaya,0.2191465552896261,8.0,True,True,True,0.4354367780437073
2020-09-20,0.65725,0.0004337664234407114,288.0,Chirimachaya,0.21913101896643636,8.0,True,True,True,0.4381189810335636
2020-09-21,0.6589340277777778,0.0002623037031289976,288.0,Chirimachaya,0.2171234935522079,8.0,True,True,True,0.4418105342255699
2020-09-22,0.658076388888889,0.0009882928730604143,288.0,Chirimachaya,0.21549457684159276,8.0,True,True,True,0.4425818120472962
2020-09-23,0.6688611111111111,0.030004438954082755,288.0,Chirimachaya,0.21542567200958726,8.0,True,True,True,0.45343543910152384
2020-09-24,0.7596493055555555,0.001165084168141694,288.0,Chirimachaya,0.21768140420317647,8.0,True,True,True,0.541967901352379
2020-09-25,0.7628298611111111,0.0008728646307242544,288.0,Chirimachaya,0.2180023994296789,8.0,True,True,True,0.5448274616814321
2020-09-26,0.7429826388888888,0.02314888286032382,288.0,Chirimachaya,0.21648472175002093,8.0,True,True,True,0.526497917138868
2020-09-27,0.6899513888888889,0.009106669349201764,288.0,Chirimachaya,0.21593943797051904,8.0,True,True,True,0.4740119509183698
2020-09-28,0.6729722222222222,0.0030385317480478794,288.0,Chirimachaya,0.2157785147428512,8.0,True,True,True,0.457193707479371
2020-09-29,0.6639409722222223,0.0029854446716909766,288.0,Chirimachaya,0.21543910354375834,8.0,True,True,True,0.4485018686784639
2020-09-30,0.6585486111111112,0.0007450637660538941,288.0,Chirimachaya,0.21654251031577584,8.0,True,True,True,0.4420061007953353
2020-10-01,0.6588159722222222,0.00038818135681155033,288.0,Chirimachaya,0.21607750281691548,8.0,True,True,True,0.4427384694053067
2020-10-02,0.65828125,0.0007330399450067554,288.0,Chirimachaya,0.21490736864507196,8.0,True,True,True,0.44337388135492806
2020-10-03,0.6577500000000001,0.0014554954135807766,288.0,Chirimachaya,0.2144393045455217,8.0,True,True,True,0.4433106954544783
2020-10-04,0.6725798611111111,0.010757731713436035,288.0,Chirimachaya,0.21410964801907534,8.0,True,True,True,0.4584702130920358
2020-10-05,0.6903541666666667,0.0028345030720580053,288.0,Chirimachaya,0.21387180872261521,8.0,True,True,True,0.47648235794405147
2020-10-06,0.6800972222222224,0.002763171042169773,288.0,Chirimachaya,0.21282980218529696,8.0,True,True,True,0.4672674200369254
2020-10-07,0.6727847222222222,0.002035103758860915,288.0,Chirimachaya,0.21142061986029145,8.0,True,True,True,0.4613641023619307
2020-10-08,0.6674548611111111,0.001176739122839248,288.0,Chirimachaya,0.2111812904477119,8.0,True,True,True,0.4562735706633992
2020-10-09,0.6638402777777778,0.0014272763196399873,288.0,Chirimachaya,0.21235135942697522,8.0,True,True,True,0.4514889183508025
2020-10-10,0.6583888888888889,0.0022940951655776335,288.0,Chirimachaya,0.21077695116400716,8.0,True,True,True,0.4476119377248817
2020-10-11,0.651201388888889,0.0024596531329944796,288.0,Chirimachaya,0.20918435417115686,8.0,True,True,True,0.4420170347177321
2020-10-12,0.6449444444444444,0.0014520334307484735,288.0,Chirimachaya,0.20868460834026334,8.0,True,True,True,0.43625983610418106
2020-10-13,0.6397881944444445,0.002007025865845023,288.0,Chirimachaya,0.20787640474736685,8.0,True,True,True,0.4319117896970776
2020-10-14,0.633732638888889,0.0018140116615307346,288.0,Chirimachaya,0.20685092359781262,8.0,True,True,True,0.4268817152910763
2020-10-15,0.6287291666666667,0.0017499377788837084,288.0,Chirimachaya,0.20637129619717595,8.0,True,True,True,0.4223578704694907
2020-10-16,0.6251527777777778,0.0006916066679825386,288.0,Chirimachaya,0.2055342476814985,8.0,True,True,True,0.41961853009627925
2020-10-17,0.6262777777777777,0.001177278764109876,288.0,Chirimachaya,0.20412052609026426,8.0,True,True,True,0.42215725168751345
2020-10-18,0.6311423611111111,0.0016413252001657593,288.0,Chirimachaya,0.20322343148291108,8.0,True,True,True,0.4279189296282
2020-10-19,0.6376423611111111,0.0015752475547326,288.0,Chirimachaya,0.2030997648835182,8.0,True,True,True,0.43454259622759284
2020-10-20,0.6465034722222223,0.013726293663165376,288.0,Chirimachaya,0.2038388457149267,8.0,True,True,True,0.44266462650729554
2020-10-21,0.7171701388888888,0.015633282551198,288.0,Chirimachaya,0.20345560088753697,8.0,True,True,True,0.5137145380013518
2020-10-22,0.7465034722222222,0.010476453859137824,288.0,Chirimachaya,0.2027107588946819,8.0,True,True,True,0.5437927133275403
2020-10-23,0.6994548611111111,0.007959701024458216,288.0,Chirimachaya,0.20206292346119875,8.0,True,True,True,0.49739193764991235
2020-10-24,0.682138888888889,0.003700665937079013,288.0,Chirimachaya,0.20161959342658517,8.0,True,True,True,0.48051929546230376
2020-10-25,0.6821458333333333,0.010599762504735355,288.0,Chirimachaya,0.2029894534498453,8.0,True,True,True,0.479156379883488
2020-10-26,0.7122604166666666,0.009903272388809893,288.0,Chirimachaya,0.20237492024898526,8.0,True,True,True,0.5098854964176813
2020-10-27,0.6839618055555555,0.005772269362453749,288.0,Chirimachaya,0.20261249318718907,8.0,True,True,True,0.4813493123683664
2020-10-28,0.6720277777777778,0.0026449463862211193,288.0,Chirimachaya,0.20385758019983766,8.0,True,True,True,0.4681701975779401
2020-10-29,0.664420138888889,0.002462374137248925,288.0,Chirimachaya,0.20320502109825608,8.0,True,True,True,0.46121511779063284
2020-10-30,0.6572847222222222,0.0022805439611653404,288.0,Chirimachaya,0.20227298513054845,8.0,True,True,True,0.45501173709167375
2020-10-31,0.6494895833333333,0.0030040441672661666,288.0,Chirimachaya,0.20179435983300206,8.0,True,True,True,0.4476952235003312
2020-11-01,0.6403020833333334,0.0033551244024770505,288.0,Chirimachaya,0.20030181109905237,8.0,True,True,True,0.440000272234281
2020-11-02,0.6304652777777778,0.0034397009724266856,288.0,Chirimachaya,0.20010137930512426,8.0,True,True,True,0.43036389847265355
2020-11-03,0.6206631944444445,0.003599424005949242,288.0,Chirimachaya,0.19845097139477727,8.0,True,True,True,0.4222122230496672
2020-11-04,0.6098194444444444,0.003987179415361379,288.0,Chirimachaya,0.1972881387919187,8.0,True,True,True,0.41253130565252566
2020-11-05,0.5980138888888888,0.004190558678313912,288.0,Chirimachaya,0.19722841866314408,8.0,True,True,True,0.40078547022574473
2020-11-06,0.5862673611111111,0.004087208393819634,288.0,Chirimachaya,0.1959898695349693,8.0,True,True,True,0.3902774915761418
2020-11-07,0.576673611111111,0.001983660998318976,288.0,Chirimachaya,0.19520308449864385,8.0,True,True,True,0.38147052661246716
2020-11-08,0.5713993055555555,0.001689359878266458,288.0,Chirimachaya,0.19484811462461946,8.0,True,True,True,0.37655119093093603
2020-11-09,0.5674722222222222,0.001011739072313669,288.0,Chirimachaya,0.1940425932407379,8.0,True,True,True,0.37342962898148424
2020-11-10,0.5625972222222222,0.0029533408577782274,288.0,Chirimachaya,0.19420640543103215,8.0,True,True,True,0.36839081679119
2020-11-11,0.5531388888888888,0.003859214252880038,288.0,Chirimachaya,0.19346632994711394,8.0,True,True,True,0.3596725589417749
2020-11-12,0.5414444444444445,0.004275002745118455,288.0,Chirimachaya,0.19320598058402536,8.0,True,True,True,0.3482384638604191
2020-11-13,0.5291527777777778,0.004715338518513241,288.0,Chirimachaya,0.19291809014976022,8.0,True,True,True,0.33623468762801756
2020-11-14,0.5179166666666667,0.0035070859082641367,288.0,Chirimachaya,0.1917006038129329,8.0,True,True,True,0.3262160628537338
2020-11-15,0.5075590277777777,0.004147538847798928,288.0,Chirimachaya,0.19085609726607797,8.0,True,True,True,0.31670293051169973
2020-11-16,0.49686111111111114,0.0035379694783056327,288.0,Chirimachaya,0.19068310409784311,8.0,True,True,True,0.306178007013268
2020-11-17,0.48645138888888884,0.0038514757769049844,288.0,Chirimachaya,0.1906854286789894,8.0,True,True,True,0.2957659602098994
2020-11-18,0.47499305555555554,0.005172961771383129,288.0,Chirimachaya,0.1921356245875358,8.0,True,True,True,0.28285743096801974
2020-11-19,0.4697916666666667,0.00734882483672296,288.0,Chirimachaya,0.19370026327669615,8.0,True,True,True,0.27609140338997057
2020-11-20,0.49744444444444447,0.008243487792159419,288.0,Chirimachaya,0.1965938359498977,8.0,True,True,True,0.30085060849454676
2020-11-21,0.5123576388888889,0.0005014376351023138,288.0,Chirimachaya,0.1954634319990873,8.0,True,True,True,0.3168942068898015
2020-11-22,0.5109305555555556,0.001219200502172871,288.0,Chirimachaya,0.19553316384553907,8.0,True,True,True,0.31539739171001646
2020-11-23,0.5196666666666667,0.010120872282028409,288.0,Chirimachaya,0.1949966344982385,8.0,True,True,True,0.3246700321684282
2020-11-24,0.54228125,0.0037417592379953638,288.0,Chirimachaya,0.19377723708748815,8.0,True,True,True,0.3485040129125119
2020-11-25,0.5534652777777779,0.002356437381963323,288.0,Chirimachaya,0.19314781390130517,8.0,True,True,True,0.3603174638764727
2020-11-26,0.5578437500000001,0.0007695619596602909,288.0,Chirimachaya,0.19363178499042982,8.0,True,True,True,0.36421196500957026
2020-11-27,0.5582743055555556,0.000454669390593312,288.0,Chirimachaya,0.19358203746378416,8.0,True,True,True,0.3646922680917714
2020-11-28,0.5627708333333333,0.0031956389054361256,288.0,Chirimachaya,0.193649623543024,8.0,True,True,True,0.3691212097903093
2020-11-29,0.5785624999999999,0.003889087296525878,288.0,Chirimachaya,0.19312269054353234,8.0,True,True,True,0.3854398094564675
2020-11-30,0.5975486111111111,0.02349462978483139,288.0,Chirimachaya,0.19237097539007658,8.0,True,True,True,0.40517763572103455
2020-12-01,0.6675659722222222,0.022277842191514585,288.0,Chirimachaya,0.19257791340351102,8.0,True,True,True,0.4749880588187112
2020-12-02,0.7392256944444444,0.011441767404029721,288.0,Chirimachaya,0.1930184382945299,8.0,True,True,True,0.5462072561499145
2020-12-03,0.6858159722222222,0.009061010113556185,288.0,Chirimachaya,0.19370095245540142,8.0,True,True,True,0.4921150197668208
2020-12-04,0.7024791666666667,0.03398625849590579,288.0,Chirimachaya,0.1951261200010776,8.0,True,True,True,0.5073530466655891
2020-12-05,0.7504895833333333,0.0011415020821200883,288.0,Chirimachaya,0.19899757020175454,8.0,True,True,True,0.5514920131315787
2020-12-06,0.7445659722222222,0.013498838061724043,288.0,Chirimachaya,0.2009891830384731,8.0,True,True,True,0.5435767891837491
2020-12-07,0.7353645833333333,0.016669854152224915,288.0,Chirimachaya,0.2010931838303804,8.0,True,True,True,0.5342713995029529
2020-12-08,0.7536666666666667,0.0005474043916010793,288.0,Chirimachaya,0.20084972679615018,8.0,True,True,True,0.5528169398705165
2020-12-09,0.7296701388888889,0.020573287304252008,288.0,Chirimachaya,0.20174006372690198,8.0,True,True,True,0.5279300751619869
2020-12-10,0.6938923611111112,0.011526618669832577,288.0,Chirimachaya,0.20404982566833493,8.0,True,True,True,0.48984253544277623
2020-12-11,0.7105347222222221,0.015530082393729239,288.0,Chirimachaya,0.20581805147230622,8.0,True,True,True,0.5047166707499159
2020-12-12,0.7262361111111111,0.025464325284125858,288.0,Chirimachaya,0.20795416645705697,8.0,True,True,True,0.5182819446540541
2020-12-13,0.7330763888888889,0.02295050874649185,288.0,Chirimachaya,0.2106453627347946,8.0,True,True,True,0.5224310261540943
2020-12-14,0.6885277777777777,0.006127500635174884,288.0,Chirimachaya,0.21047116629779336,8.0,True,True,True,0.47805661147998435
2020-12-15,0.69015625,0.030321963885976126,288.0,Chirimachaya,0.2107689697295427,8.0,True,True,True,0.4793872802704573
2020-12-16,0.7383090277777778,0.020694685857603014,288.0,Chirimachaya,0.2115314714610576,8.0,True,True,True,0.5267775563167203
2020-12-17,0.7144618055555555,0.02112230683912061,288.0,Chirimachaya,0.2102900575846433,8.0,True,True,True,0.5041717479709122
2020-12-18,0.7110173611111111,0.004406565103174694,288.0,Chirimachaya,0.20994260907173154,8.0,True,True,True,0.5010747520393796
2020-12-19,0.690673611111111,0.006433611501270898,288.0,Chirimachaya,0.21103448420763013,8.0,True,True,True,0.4796391269034809
2020-12-20,0.6760243055555556,0.003899803381585127,288.0,Chirimachaya,0.21130364760756487,8.0,True,True,True,0.4647206579479907
2020-12-21,0.6888888888888889,0.005764375891902814,288.0,Chirimachaya,0.21044890023767945,8.0,True,True,True,0.4784399886512094
2020-12-22,0.6912048611111111,0.007287742846688446,288.0,Chirimachaya,0.209855455905199,8.0,True,True,True,0.48134940520591213
2020-12-23,0.68109375,0.003315294905975813,288.0,Chirimachaya,0.2097732666879892,8.0,True,True,True,0.4713204833120108
2020-12-24,0.7030868055555555,0.02507722079897179,288.0,Chirimachaya,0.2097110096365213,8.0,True,True,True,0.49337579591903413
2020-12-25,0.7593298611111111,0.0005892864475178541,288.0,Chirimachaya,0.2140733860433101,8.0,True,True,True,0.5452564750678011
2020-12-26,0.7363090277777777,0.022881264228840816,288.0,Chirimachaya,0.21744509227573866,8.0,True,True,True,0.518863935502039
2020-12-27,0.7099305555555555,0.024599411561410118,288.0,Chirimachaya,0.21672160737216467,8.0,True,True,True,0.49320894818339084
2020-12-28,0.6771805555555557,0.0053753246757498345,288.0,Chirimachaya,0.21672130003571505,8.0,True,True,True,0.4604592555198406
2020-12-29,0.6647986111111112,0.003031954926694479,288.0,Chirimachaya,0.21593223139643664,8.0,True,True,True,0.4488663797146745
2020-12-30,0.6727326388888889,0.002768924868677223,288.0,Chirimachaya,0.21692561358213422,8.0,True,True,True,0.45580702530675465
2020-12-31,0.6628645833333333,0.003903772297830838,288.0,Chirimachaya,0.217356976121664,8.0,True,True,True,0.4455076072116693
2021-01-01,0.6536458333333334,0.0020951869516511756,288.0,Chirimachaya,0.21928677894175047,8.0,True,True,True,0.4343590543915829
2021-01-02,0.6494201388888889,0.0009809388847551279,288.0,Chirimachaya,0.22079193778336043,8.0,True,True,True,0.4286282011055285
2021-01-03,0.6463472222222222,0.0012650181827588308,288.0,Chirimachaya,0.22121303156018252,8.0,True,True,True,0.42513419066203967
2021-01-04,0.64428125,0.00048754076037951826,288.0,Chirimachaya,0.22348295152187345,8.0,True,True,True,0.42079829847812655
2021-01-05,0.6477083333333333,0.002057958123390955,288.0,Chirimachaya,0.22501569055020804,8.0,True,True,True,0.4226926427831253
2021-01-06,0.6560486111111111,0.0027694950070157355,288.0,Chirimachaya,0.2244988456368446,8.0,True,True,True,0.4315497654742665
2021-01-07,0.6619583333333333,0.0010517945507576734,288.0,Chirimachaya,0.22894592396914953,8.0,True,True,True,0.4330124093641838
2021-01-08,0.65853125,0.0010150758197597402,288.0,Chirimachaya,0.228647094219923,8.0,True,True,True,0.429884155780077
2021-01-09,0.6567638888888889,0.0006932839703681662,288.0,Chirimachaya,0.2280360925942659,8.0,True,True,True,0.428727796294623
2021-01-10,0.6612534722222222,0.010557045392242007,288.0,Chirimachaya,0.22743303701281545,8.0,True,True,True,0.4338204352094067
2021-01-11,0.7017430555555556,0.010379050548225317,288.0,Chirimachaya,0.2265446130186319,8.0,True,True,True,0.47519844253692367
2021-01-12,0.6745416666666667,0.005207037585625797,288.0,Chirimachaya,0.2259591110050678,8.0,True,True,True,0.4485825556615989
2021-01-13,0.6718472222222223,0.01330050400891671,288.0,Chirimachaya,0.22679526545107362,8.0,True,True,True,0.4450519567711486
2021-01-14,0.6815833333333333,0.007335180846358014,288.0,Chirimachaya,0.2275457996875047,8.0,True,True,True,0.4540375336458286
2021-01-15,0.6822361111111112,0.02888858475375223,288.0,Chirimachaya,0.2291016168892383,8.0,True,True,True,0.45313449422187285
2021-01-16,0.749642361111111,0.0013693549874624297,288.0,Chirimachaya,0.2379007656127214,8.0,True,True,True,0.5117415954983897
2021-01-17,0.7199930555555556,0.02844396570550846,288.0,Chirimachaya,0.2487220969051122,8.0,True,True,True,0.4712709586504434
2021-01-18,0.6729444444444446,0.005343631173216179,288.0,Chirimachaya,0.24788653664290902,8.0,True,True,True,0.4250579078015355
2021-01-19,0.6607638888888889,0.002650320107183171,288.0,Chirimachaya,0.24777085520327088,8.0,True,True,True,0.412993033685618
2021-01-20,0.6587222222222223,0.0005654937646269201,288.0,Chirimachaya,0.24978044256567955,8.0,True,True,True,0.40894177965654277
2021-01-21,0.6566979166666668,0.0012222084740367424,288.0,Chirimachaya,0.25095576047897333,8.0,True,True,True,0.40574215618769344
2021-01-22,0.7117708333333334,0.03932527070951071,288.0,Chirimachaya,0.2516496367752552,8.0,True,True,True,0.46012119655807815
2021-01-23,0.7543611111111111,0.0012911443813126196,288.0,Chirimachaya,0.25590023398399353,8.0,True,True,True,0.4984608771271176
2021-01-24,0.7158020833333333,0.024503126356028724,288.0,Chirimachaya,0.25680656358599663,8.0,True,True,True,0.45899551974733666
2021-01-25,0.6797256944444445,0.0030634008231336103,288.0,Chirimachaya,0.25793590024113655,8.0,True,True,True,0.421789794203308
2021-01-26,0.6719965277777779,0.00232768261766134,288.0,Chirimachaya,0.2583970762789249,8.0,True,True,True,0.41359945149885297
2021-01-27,0.6693229166666668,0.0013159021361999585,288.0,Chirimachaya,0.2582462280988693,8.0,True,True,True,0.41107668856779744
2021-01-28,0.6636875,0.0017844420555112202,288.0,Chirimachaya,0.25688198208808893,8.0,True,True,True,0.40680551791191105
2021-01-29,0.6620243055555556,0.0001754025843288222,288.0,Chirimachaya,0.25629743561148643,8.0,True,True,True,0.40572686994406915
2021-01-30,0.6695937500000001,0.0037011481173765746,288.0,Chirimachaya,0.2551787346601486,8.0,True,True,True,0.4144150153398515
2021-01-31,0.6656284722222223,0.0030013043202780205,288.0,Chirimachaya,0.2535849027335644,8.0,True,True,True,0.41204356948865795
2021-02-01,0.6581180555555556,0.001912717488816523,288.0,Chirimachaya,0.25290896743535995,8.0,True,True,True,0.4052090881201956
2021-02-02,0.6573958333333334,0.0004898801673850604,288.0,Chirimachaya,0.25207294896245,8.0,True,True,True,0.4053228843708834
2021-02-03,0.65534375,0.0009048239861946849,288.0,Chirimachaya,0.25170644000172615,8.0,True,True,True,0.40363730999827385
2021-02-04,0.6532118055555556,0.0008265622124072397,288.0,Chirimachaya,0.2506085000932216,8.0,True,True,True,0.40260330546233397
2021-02-05,0.6599375000000001,0.0016045177942036579,288.0,Chirimachaya,0.25121035799384117,8.0,True,True,True,0.4087271420061589
2021-02-06,0.6588333333333334,0.0014956382577046687,288.0,Chirimachaya,0.2519189566373825,8.0,True,True,True,0.4069143766959509
2021-02-07,0.653513888888889,0.002244578791838128,288.0,Chirimachaya,0.25094002485275263,8.0,True,True,True,0.4025738640361363
2021-02-08,0.6475972222222223,0.0018771297106074494,288.0,Chirimachaya,0.25238072499632835,8.0,True,True,True,0.3952164972258939
2021-02-09,0.6468229166666667,0.0008347186510920852,288.0,Chirimachaya,0.25536487624049187,8.0,True,True,True,0.3914580404261748
2021-02-10,0.7265208333333333,0.034650966219289245,288.0,Chirimachaya,0.26801840215921396,8.0,True,True,True,0.4585024311741193
2021-02-11,0.7301284722222222,0.021477339693403714,288.0,Chirimachaya,0.2786957733333111,8.0,True,True,True,0.45143269888891113
2021-02-12,0.682329861111111,0.005725930745955212,288.0,Chirimachaya,0.2783857956528663,8.0,True,True,True,0.40394406545824474
2021-02-13,0.6670243055555556,0.004385130823403587,288.0,Chirimachaya,0.2758702114224434,8.0,True,True,True,0.3911540941331122
2021-02-14,0.6554097222222223,0.0034889835474458857,288.0,Chirimachaya,0.27418937534093857,8.0,True,True,True,0.3812203468812837
2021-02-15,0.6466388888888889,0.0024125430396006054,288.0,Chirimachaya,0.2739488035440445,8.0,True,True,True,0.3726900853448444
2021-02-16,0.6418368055555557,0.001785861879304979,288.0,Chirimachaya,0.2753504030406475,8.0,True,True,True,0.36648640251490816
2021-02-17,0.6368506944444445,0.0016576082231013675,288.0,Chirimachaya,0.275118175894022,8.0,True,True,True,0.36173251855042254
2021-02-18,0.6346736111111111,0.001679264237055933,288.0,Chirimachaya,0.27476185560226435,8.0,True,True,True,0.35991175550884674
2021-02-19,0.6451597222222223,0.002780377219649756,288.0,Chirimachaya,0.274876456707716,8.0,True,True,True,0.3702832655145063
2021-02-20,0.6510243055555556,0.0007152637999529791,288.0,Chirimachaya,0.2739816680550575,8.0,True,True,True,0.37704263750049805
2021-02-21,0.6491215277777778,0.001139635200171247,288.0,Chirimachaya,0.2729005739092827,8.0,True,True,True,0.3762209538684951
2021-02-22,0.6486458333333334,0.0018249862774531638,288.0,Chirimachaya,0.27527589350938797,8.0,True,True,True,0.3733699398239454
2021-02-23,0.6640902777777778,0.003241527567037941,288.0,Chirimachaya,0.2789067029953003,8.0,True,True,True,0.38518357478247756
2021-02-24,0.6631736111111111,0.0015452742891558287,288.0,Chirimachaya,0.2790729440748691,8.0,True,True,True,0.38410066703624196
2021-02-25,0.6981180555555555,0.0450115736611522,288.0,Chirimachaya,0.27746255695819855,8.0,True,True,True,0.42065549859735696
2021-02-26,0.7575729166666667,0.0014172515360288112,288.0,Chirimachaya,0.2766472101211548,8.0,True,True,True,0.4809257065455119
2021-02-27,0.7497951388888889,0.015727748309265144,288.0,Chirimachaya,0.27556248381733894,8.0,True,True,True,0.47423265507155
2021-02-28,0.75165625,0.012761408607656408,288.0,Chirimachaya,0.276656661182642,8.0,True,True,True,0.47499958881735804
2021-03-01,0.7620347222222222,0.0013889217959709927,288.0,Chirimachaya,0.28292034938931465,8.0,True,True,True,0.4791143728329076
2021-03-02,0.7649513888888889,0.0006115025318802548,288.0,Chirimachaya,0.29221979901194567,8.0,True,True,True,0.47273158987694325
2021-03-03,0.7650381944444445,0.0027028052668459797,288.0,Chirimachaya,0.29418185353279114,8.0,True,True,True,0.4708563409116534
2021-03-04,0.7438819444444444,0.024728348930029013,288.0,Chirimachaya,0.2966924421489239,8.0,True,True,True,0.44718950229552057
2021-03-05,0.7326805555555556,0.030643425900342604,288.0,Chirimachaya,0.2964370921254158,8.0,True,True,True,0.43624346343013976
2021-03-06,0.7138854166666666,0.027495531391767532,288.0,Chirimachaya,0.2966282218694687,8.0,True,True,True,0.4172571947971979
2021-03-07,0.67771875,0.003973000669589196,288.0,Chirimachaya,0.29493074491620064,8.0,True,True,True,0.3827880050837994
2021-03-08,0.6698333333333334,0.002983111580855273,288.0,Chirimachaya,0.2940656393766403,8.0,True,True,True,0.37576769395669307
2021-03-09,0.6996388888888889,0.034331873044957294,288.0,Chirimachaya,0.29823532700538635,8.0,True,True,True,0.40140356188350257
2021-03-10,0.723923611111111,0.026417600473718373,288.0,Chirimachaya,0.3028270713984966,8.0,True,True,True,0.42109653971261446
2021-03-11,0.759263888888889,0.001690251248713805,288.0,Chirimachaya,0.31122610345482826,8.0,True,True,True,0.4480377854340607
2021-03-12,0.73496875,0.027418979079518305,288.0,Chirimachaya,0.31675685942173004,8.0,True,True,True,0.4182118905782699
2021-03-13,0.6865208333333332,0.005417700696442546,288.0,Chirimachaya,0.31537071242928505,8.0,True,True,True,0.3711501209040482
2021-03-14,0.6784027777777779,0.0033987483747557876,288.0,Chirimachaya,0.31876225769519806,8.0,True,True,True,0.35964052008257985
2021-03-15,0.6693125,0.006982275968504001,288.0,Chirimachaya,0.32036604359745974,8.0,True,True,True,0.34894645640254024
2021-03-16,0.7518020833333333,0.0016291323763439134,288.0,Chirimachaya,0.3226549178361892,8.0,True,True,True,0.4291471654971441
2021-03-17,0.7566701388888889,0.001097452219629823,288.0,Chirimachaya,0.3261497989296913,8.0,True,True,True,0.4305203399591976
2021-03-18,0.7380590277777778,0.02474173191201824,288.0,Chirimachaya,0.33173738792538643,8.0,True,True,True,0.40632163985239134
2021-03-19,0.683125,0.005929757238363317,288.0,Chirimachaya,0.33173593133687973,8.0,True,True,True,0.35138906866312025
2021-03-20,0.6690868055555556,0.0031671384665954185,288.0,Chirimachaya,0.3291412703692913,8.0,True,True,True,0.33994553518626425
2021-03-21,0.6606006944444445,0.0026365693190028077,288.0,Chirimachaya,0.3262904249131679,8.0,True,True,True,0.33431026953127657
2021-03-22,0.6540763888888889,0.0018023595108708364,288.0,Chirimachaya,0.324370913207531,8.0,True,True,True,0.3297054756813579
2021-03-23,0.6495868055555556,0.00120079802313854,288.0,Chirimachaya,0.3239218555390835,8.0,True,True,True,0.3256649500164721
2021-03-24,0.6493993055555556,0.0006164975283629349,288.0,Chirimachaya,0.3228437379002571,8.0,True,True,True,0.3265555676552985
2021-03-25,0.6463923611111111,0.0019865954930773986,288.0,Chirimachaya,0.32106439396739,8.0,True,True,True,0.3253279671437211
2021-03-26,0.6400381944444445,0.002613673413927781,288.0,Chirimachaya,0.3202487230300903,8.0,True,True,True,0.31978947141435426
2021-03-27,0.6368159722222222,0.0003881813568115302,288.0,Chirimachaya,0.3190470449626445,8.0,True,True,True,0.31776892725957767
2021-03-28,0.6381597222222222,0.0007620181753566056,288.0,Chirimachaya,0.31799488887190813,8.0,True,True,True,0.32016483335031404
2021-03-29,0.6401388888888889,0.0004811587510467943,288.0,Chirimachaya,0.3156902976334095,8.0,True,True,True,0.3244485912554794
2021-03-30,0.6421458333333334,0.0015638278330074517,288.0,Chirimachaya,0.31397411972284317,8.0,True,True,True,0.32817171361049025
2021-03-31,0.6512361111111111,0.0020034329808770704,288.0,Chirimachaya,0.31240470334887505,8.0,True,True,True,0.3388314077622361
2021-04-01,0.6750104166666667,0.005864013190372734,288.0,Chirimachaya,0.31034744158387184,8.0,True,True,True,0.3646629750827949
2021-04-02,0.6721909722222222,0.0021433769049601127,288.0,Chirimachaya,0.30849722772836685,8.0,True,True,True,0.3636937444938554
2021-04-03,0.68215625,0.012801073663322487,288.0,Chirimachaya,0.3080301918089389,8.0,True,True,True,0.3741260581910611
2021-04-04,0.6960729166666666,0.004077416664390747,288.0,Chirimachaya,0.3078338988125324,8.0,True,True,True,0.38823901785413417
2021-04-05,0.6798506944444446,0.004124617968207835,288.0,Chirimachaya,0.3070352338254451,8.0,True,True,True,0.37281546061899945
2021-04-06,0.6754166666666667,0.00191818729760994,288.0,Chirimachaya,0.3070999756455421,8.0,True,True,True,0.3683166910211246
2021-04-07,0.6745833333333333,0.014333995068861481,288.0,Chirimachaya,0.307684063911438,8.0,True,True,True,0.3668992694218953
2021-04-08,0.7193090277777778,0.024917948733520195,288.0,Chirimachaya,0.30684706196188927,8.0,True,True,True,0.41246196581588856
2021-04-09,0.6764618055555557,0.004018935954448884,288.0,Chirimachaya,0.30517068132758135,8.0,True,True,True,0.37129112422797433
2021-04-10,0.6668333333333334,0.0027101564041936157,288.0,Chirimachaya,0.3042764030396938,8.0,True,True,True,0.3625569302936396
2021-04-11,0.6596145833333334,0.0022556307785315585,288.0,Chirimachaya,0.3031512573361396,8.0,True,True,True,0.3564633259971938
2021-04-12,0.6541423611111111,0.0013081934166958684,288.0,Chirimachaya,0.3016491122543812,8.0,True,True,True,0.35249324885672995
2021-04-13,0.6504444444444445,0.001077342049849179,288.0,Chirimachaya,0.30120403319597244,8.0,True,True,True,0.34924041124847205
2021-04-14,0.6472847222222222,0.001033671406987345,288.0,Chirimachaya,0.3003620915114879,8.0,True,True,True,0.3469226307107343
2021-04-15,0.6457291666666667,0.001060660171779754,288.0,Chirimachaya,0.299332208931446,8.0,True,True,True,0.34639695773522067
2021-04-16,0.6823715277777778,0.04815072323631725,288.0,Chirimachaya,0.298799853771925,8.0,True,True,True,0.3835716740058528
2021-04-17,0.7575659722222222,0.000960448733280734,288.0,Chirimachaya,0.30040087178349495,8.0,True,True,True,0.45716510043872727
2021-04-18,0.7349201388888889,0.02114749622287041,288.0,Chirimachaya,0.2999896965920925,8.0,True,True,True,0.43493044229679634
2021-04-19,0.75834375,0.0017796456112781267,288.0,Chirimachaya,0.2995578870177269,8.0,True,True,True,0.4587858629822731
2021-04-20,0.7328229166666667,0.026031070201850564,288.0,Chirimachaya,0.3005974814295768,8.0,True,True,True,0.43222543523708984
2021-04-21,0.6855833333333333,0.004363293197360282,288.0,Chirimachaya,0.2999388128519058,8.0,True,True,True,0.3856445204814275
2021-04-22,0.6729965277777779,0.003771799138064343,288.0,Chirimachaya,0.29978371039032936,8.0,True,True,True,0.3732128173874485
2021-04-23,0.66396875,0.001995394304907214,288.0,Chirimachaya,0.29803966358304024,8.0,True,True,True,0.36592908641695976
2021-04-24,0.6696736111111111,0.001214487810833675,288.0,Chirimachaya,0.2978587411344051,8.0,True,True,True,0.37181486997670604
2021-04-25,0.6660416666666668,0.00194658639835781,288.0,Chirimachaya,0.29636868834495544,8.0,True,True,True,0.3696729783217113
2021-04-26,0.6841875000000001,0.03452867691668375,288.0,Chirimachaya,0.2955353669822216,8.0,True,True,True,0.38865213301777846
2021-04-27,0.7598958333333333,0.0014493480451904122,288.0,Chirimachaya,0.29661597684025764,8.0,True,True,True,0.4632798564930757
2021-04-28,0.76434375,0.0011399748606555952,288.0,Chirimachaya,0.30434830859303474,8.0,True,True,True,0.45999544140696524
2021-04-29,0.7337222222222222,0.027833738443503998,288.0,Chirimachaya,0.3065025098621845,8.0,True,True,True,0.42721971236003764
2021-04-30,0.7604513888888889,0.0014971743937537867,288.0,Chirimachaya,0.3087383359670639,8.0,True,True,True,0.45171305292182495
2021-05-01,0.7525416666666667,0.01700517445332907,288.0,Chirimachaya,0.3162057623267173,8.0,True,True,True,0.43633590433994934
2021-05-02,0.7280451388888889,0.02747646526638137,288.0,Chirimachaya,0.3146079406142235,8.0,True,True,True,0.4134371982746654
2021-05-03,0.6823541666666667,0.003717308137744568,288.0,Chirimachaya,0.3148408234119415,8.0,True,True,True,0.36751334325472523
2021-05-04,0.6721111111111111,0.0028799707487654324,288.0,Chirimachaya,0.31555289775133133,8.0,True,True,True,0.3565582133597798
2021-05-05,0.6659965277777778,0.0024330738847889895,288.0,Chirimachaya,0.31399014592170715,8.0,True,True,True,0.3520063818560707
2021-05-06,0.6864722222222223,0.022427255830880274,288.0,Chirimachaya,0.31225527450442314,8.0,True,True,True,0.3742169477177991
2021-05-07,0.7549375,0.001202313391462492,288.0,Chirimachaya,0.31562602147459984,8.0,True,True,True,0.4393114785254002
2021-05-08,0.7583854166666666,0.0013333287964499,288.0,Chirimachaya,0.3189464397728443,8.0,True,True,True,0.4394389768938223
2021-05-09,0.7624652777777778,0.0026996275248162057,288.0,Chirimachaya,0.3184897527098655,8.0,True,True,True,0.4439755250679123
2021-05-10,0.7043368055555556,0.013536160097239186,288.0,Chirimachaya,0.31561384350061417,8.0,True,True,True,0.3887229620549414
2021-05-11,0.6863333333333334,0.001229713430824705,288.0,Chirimachaya,0.3127830624580383,8.0,True,True,True,0.3735502708752951
2021-05-12,0.6884756944444445,0.002025817562935408,288.0,Chirimachaya,0.3110450655221939,8.0,True,True,True,0.37743062892225054
2021-05-13,0.6895972222222222,0.0022080607615624966,288.0,Chirimachaya,0.3098871260881424,8.0,True,True,True,0.3797100961340798
2021-05-14,0.6877152777777779,0.0020724279031752993,288.0,Chirimachaya,0.3084737099707126,8.0,True,True,True,0.37924156780706525
2021-05-15,0.7295902777777777,0.035179859060920984,288.0,Chirimachaya,0.3082483597099781,8.0,True,True,True,0.42134191806779964
2021-05-16,0.7680902777777778,0.0010814443461363125,288.0,Chirimachaya,0.3093587234616279,8.0,True,True,True,0.4587315543161499
2021-05-17,0.7706770833333334,0.0004684050705367238,288.0,Chirimachaya,0.30916963145136833,8.0,True,True,True,0.46150745188196507
2021-05-18,0.7720625000000001,0.0007393259007072798,288.0,Chirimachaya,0.31149932742118835,8.0,True,True,True,0.46056317257881174
2021-05-19,0.7160833333333333,0.0239481146465009,288.0,Chirimachaya,0.3129319101572037,8.0,True,True,True,0.4031514231761296
2021-05-20,0.6848472222222223,0.00403438089313133,288.0,Chirimachaya,0.31033338978886604,8.0,True,True,True,0.37451383243335623
2021-05-21,0.6744930555555556,0.002469314192700109,288.0,Chirimachaya,0.30799196660518646,8.0,True,True,True,0.36650108895036915
2021-05-22,0.6683229166666667,0.0009752490077809481,288.0,Chirimachaya,0.3058943450450897,8.0,True,True,True,0.36242857162157693
2021-05-23,0.6924166666666667,0.014857042347555988,288.0,Chirimachaya,0.3049074709415436,8.0,True,True,True,0.3875091957251231
2021-05-24,0.7592465277777778,0.008092991015756137,288.0,Chirimachaya,0.3037393353879452,8.0,True,True,True,0.4555071923898326
2021-05-25,0.7651701388888889,0.0011903549589840085,288.0,Chirimachaya,0.30216264724731445,8.0,True,True,True,0.4630074916415744
2021-05-26,0.7571944444444445,0.018046698146087673,288.0,Chirimachaya,0.30099876970052714,8.0,True,True,True,0.45619567474391737
2021-05-27,0.6913194444444444,0.008884197126093904,288.0,Chirimachaya,0.2995033599436283,8.0,True,True,True,0.39181608450081606
2021-05-28,0.6755,0.0036654522326292674,288.0,Chirimachaya,0.29744503274559975,8.0,True,True,True,0.37805496725440024
2021-05-29,0.6661493055555555,0.00271181430011298,288.0,Chirimachaya,0.29694823175668716,8.0,True,True,True,0.36920107379886835
2021-05-30,0.6588368055555556,0.0021827083048223893,288.0,Chirimachaya,0.3030011542141437,8.0,True,True,True,0.3558356513414119
2021-05-31,0.6561736111111112,0.00037943403867057694,288.0,Chirimachaya,0.3061451241374016,8.0,True,True,True,0.3500284869737096
2021-06-01,0.6539375000000001,0.0014896565560734618,288.0,Chirimachaya,0.3065820597112179,8.0,True,True,True,0.3473554402887822
2021-06-02,0.6494895833333333,0.0014650025864812008,288.0,Chirimachaya,0.30409542843699455,8.0,True,True,True,0.34539415489633873
2021-06-03,0.6452083333333333,0.0013376092875995655,288.0,Chirimachaya,0.3015864379703998,8.0,True,True,True,0.34362189536293347
2021-06-04,0.6408888888888888,0.0014512333387979737,288.0,Chirimachaya,0.2994512803852558,8.0,True,True,True,0.341437608503633
2021-06-05,0.6361458333333334,0.0018571596086084244,288.0,Chirimachaya,0.29781951010227203,8.0,True,True,True,0.3383263232310614
2021-06-06,0.6327951388888889,0.0020659114754861293,288.0,Chirimachaya,0.2975981645286083,8.0,True,True,True,0.3351969743602806
2021-06-07,0.6949340277777778,0.04535011866757345,288.0,Chirimachaya,0.29955995827913284,8.0,True,True,True,0.39537406949864495
2021-06-08,0.757451388888889,0.0009687080451870082,288.0,Chirimachaya,0.30514540523290634,8.0,True,True,True,0.4523059836559826
2021-06-09,0.7473333333333333,0.015984748828866854,288.0,Chirimachaya,0.3055913858115673,8.0,True,True,True,0.441741947521766
2021-06-10,0.6970694444444444,0.010249604583366441,288.0,Chirimachaya,0.30419432371854777,8.0,True,True,True,0.39287512072589664
2021-06-11,0.67865625,0.0034996111033322027,288.0,Chirimachaya,0.3024356365203857,8.0,True,True,True,0.3762206134796143
2021-06-12,0.6703645833333334,0.002212349524401467,288.0,Chirimachaya,0.30069293454289436,8.0,True,True,True,0.369671648790439
2021-06-13,0.7222673611111111,0.03316395829205807,288.0,Chirimachaya,0.3039393872022628,8.0,True,True,True,0.4183279739088483
2021-06-14,0.7552013888888889,0.0009523845818748242,288.0,Chirimachaya,0.3118310570716858,8.0,True,True,True,0.4433703318172031
2021-06-15,0.73559375,0.02199821569815279,288.0,Chirimachaya,0.31032543256878853,8.0,True,True,True,0.4252683174312115
2021-06-16,0.6902048611111111,0.00553572911591178,288.0,Chirimachaya,0.3095092736184597,8.0,True,True,True,0.3806955874926514
2021-06-17,0.6794687500000001,0.0021814219941076927,288.0,Chirimachaya,0.30788855999708176,8.0,True,True,True,0.3715801900029183
2021-06-18,0.6738298611111112,0.0013469066307401295,288.0,Chirimachaya,0.30613136664032936,8.0,True,True,True,0.36769849447078184
2021-06-19,0.7292743055555556,0.03582377161545761,288.0,Chirimachaya,0.30957959964871407,8.0,True,True,True,0.41969470590684155
2021-06-20,0.7567048611111111,0.001183382611723625,288.0,Chirimachaya,0.3141569755971432,8.0,True,True,True,0.44254788551396795
2021-06-21,0.75934375,0.0007535485159255656,288.0,Chirimachaya,0.31337136775255203,8.0,True,True,True,0.44597238224744795
2021-06-22,0.707986111111111,0.017672785082126392,288.0,Chirimachaya,0.3115525543689727,8.0,True,True,True,0.39643355674213826
2021-06-23,0.6832048611111111,0.0031539550937284724,288.0,Chirimachaya,0.3092639520764351,8.0,True,True,True,0.37394090903467603
2021-06-24,0.6738541666666668,0.0031256358238182197,288.0,Chirimachaya,0.30768752098083496,8.0,True,True,True,0.3661666456858318
2021-06-25,0.6661805555555556,0.001993553295637368,288.0,Chirimachaya,0.3069790080189705,8.0,True,True,True,0.35920154753658506
2021-06-26,0.6605868055555555,0.001516264735960469,288.0,Chirimachaya,0.30551859736442566,8.0,True,True,True,0.35506820819112983
2021-06-27,0.6560868055555555,0.001510508903227342,288.0,Chirimachaya,0.3037398047745228,8.0,True,True,True,0.35234700078103276
2021-06-28,0.6515173611111111,0.001448191464284887,288.0,Chirimachaya,0.3020775727927684,8.0,True,True,True,0.3494397883183427
2021-06-29,0.6476111111111111,0.001117557759803242,288.0,Chirimachaya,0.30092334002256393,8.0,True,True,True,0.3466877710885472
2021-06-30,0.6451215277777779,0.0003273083543199155,288.0,Chirimachaya,0.29940640926361084,8.0,True,True,True,0.34571511851416703
2021-07-01,0.6444548611111112,0.0006919476990881572,288.0,Chirimachaya,0.2981198094785213,8.0,True,True,True,0.3463350516325899
2021-07-02,0.6415208333333333,0.0013432953914573316,288.0,Chirimachaya,0.29669156298041344,8.0,True,True,True,0.3448292703529199
2021-07-03,0.6375451388888889,0.0014832551950605577,288.0,Chirimachaya,0.2949880324304104,8.0,True,True,True,0.3425571064584785
2021-07-04,0.6329131944444444,0.0018163311233136102,288.0,Chirimachaya,0.2929566539824009,8.0,True,True,True,0.3399565404620435
2021-07-05,0.6273993055555556,0.002069422196379451,288.0,Chirimachaya,0.29082838445901865,8.0,True,True,True,0.3365709210965369
2021-07-06,0.6221180555555555,0.0015948371746444326,288.0,Chirimachaya,0.2889229319989681,8.0,True,True,True,0.3331951235565874
2021-07-07,0.61725,0.0016548945459417127,288.0,Chirimachaya,0.28719268739223475,8.0,True,True,True,0.3300573126077652
2021-07-08,0.6121666666666666,0.0018193692669760952,288.0,Chirimachaya,0.28640112280845637,8.0,True,True,True,0.32576554385821027
2021-07-09,0.6078784722222221,0.0008321638134804723,288.0,Chirimachaya,0.2848947495222091,8.0,True,True,True,0.322983722700013
2021-07-10,0.6193229166666667,0.010620302814964084,288.0,Chirimachaya,0.28435513749718666,8.0,True,True,True,0.33496777916948006
2021-07-11,0.6715069444444445,0.028795444986231673,288.0,Chirimachaya,0.2831615023314953,8.0,True,True,True,0.3883454421129492
2021-07-12,0.6967638888888888,0.002352213313441463,288.0,Chirimachaya,0.28413350880146027,8.0,True,True,True,0.4126303800874286
2021-07-13,0.6883888888888889,0.00309233313158037,288.0,Chirimachaya,0.284288726747036,8.0,True,True,True,0.40410016214185296
2021-07-14,0.6806319444444445,0.0022670078140489104,288.0,Chirimachaya,0.28198156505823135,8.0,True,True,True,0.39865037938621317
2021-07-15,0.6743402777777778,0.002158084046518797,288.0,Chirimachaya,0.28010251745581627,8.0,True,True,True,0.39423776032196156
2021-07-16,0.6691666666666667,0.001509551471331511,288.0,Chirimachaya,0.2786743976175785,8.0,True,True,True,0.3904922690490882
2021-07-17,0.667625,0.003017659983663302,288.0,Chirimachaya,0.28016901016235346,8.0,True,True,True,0.38745598983764656
2021-07-18,0.7490277777777777,0.018553977923525904,288.0,Chirimachaya,0.2832428514957428,8.0,True,True,True,0.46578492628203494
2021-07-19,0.7582534722222223,0.0009779743834557506,288.0,Chirimachaya,0.28131984174251556,8.0,True,True,True,0.4769336304797067
2021-07-20,0.7609236111111112,0.0007882398785130351,288.0,Chirimachaya,0.27993056178092957,8.0,True,True,True,0.4809930493301816
2021-07-21,0.7627118055555555,0.0005633395356646222,288.0,Chirimachaya,0.2781725488603115,8.0,True,True,True,0.484539256695244
2021-07-22,0.7352291666666667,0.014046075871458142,288.0,Chirimachaya,0.27643657475709915,8.0,True,True,True,0.45879259190956756
2021-07-23,0.7000208333333333,0.007504673340740245,288.0,Chirimachaya,0.2754409909248352,8.0,True,True,True,0.4245798424084981
2021-07-24,0.6843055555555556,0.0034180863031815947,288.0,Chirimachaya,0.2746265307068825,8.0,True,True,True,0.40967902484867313
2021-07-25,0.6758194444444445,0.0019350166887532674,288.0,Chirimachaya,0.2723618671298027,8.0,True,True,True,0.4034575773146418
2021-07-26,0.6708402777777778,0.0011394918755379523,288.0,Chirimachaya,0.27129171416163445,8.0,True,True,True,0.3995485636161433
2021-07-27,0.6674409722222223,0.0013026327238188226,288.0,Chirimachaya,0.269887775182724,8.0,True,True,True,0.3975531970394983
2021-07-28,0.663170138888889,0.001458679650268148,288.0,Chirimachaya,0.26857776939868927,8.0,True,True,True,0.3945923694901997
2021-07-29,0.6593576388888889,0.0009630149999093087,288.0,Chirimachaya,0.26693619415163994,8.0,True,True,True,0.39242144473724894
2021-07-30,0.6573368055555556,0.00047344044771244014,288.0,Chirimachaya,0.2654578685760498,8.0,True,True,True,0.3918789369795058
2021-07-31,0.6565798611111111,0.0005014376351023206,288.0,Chirimachaya,0.26427590474486345,8.0,True,True,True,0.39230395636624765
2021-08-01,0.6543125000000001,0.000867281788318148,288.0,Chirimachaya,0.2638565674424171,8.0,True,True,True,0.390455932557583
2021-08-02,0.6593645833333334,0.0103133347513489,288.0,Chirimachaya,0.26233118027448654,8.0,True,True,True,0.3970334030588468
2021-08-03,0.6928333333333332,0.0018666334823663725,288.0,Chirimachaya,0.26072707399725914,8.0,True,True,True,0.43210625933607405
2021-08-04,0.6832013888888889,0.0038265164352740376,288.0,Chirimachaya,0.2585011273622513,8.0,True,True,True,0.42470026152663765
2021-08-05,0.6739097222222222,0.002903591898941997,288.0,Chirimachaya,0.25622450187802315,8.0,True,True,True,0.4176852203441991
2021-08-06,0.6660486111111111,0.0022206815700803744,288.0,Chirimachaya,0.2545091286301613,8.0,True,True,True,0.41153948248094985
2021-08-07,0.6594062500000001,0.0020848455603361894,288.0,Chirimachaya,0.2534617707133293,8.0,True,True,True,0.40594447928667077
2021-08-08,0.6530625,0.002161489839792295,288.0,Chirimachaya,0.2516513615846634,8.0,True,True,True,0.4014111384153366
2021-08-09,0.6477256944444445,0.0013242970143699454,288.0,Chirimachaya,0.25075144693255424,8.0,True,True,True,0.39697424751189025
2021-08-10,0.6444618055555557,0.0006667301799016731,288.0,Chirimachaya,0.24945257790386674,8.0,True,True,True,0.3950092276516889
2021-08-11,0.6449513888888889,0.0008458124857971155,288.0,Chirimachaya,0.24886461347341535,8.0,True,True,True,0.39608677541547355
2021-08-12,0.6468993055555556,0.00030144750157525197,288.0,Chirimachaya,0.24694271571934218,8.0,True,True,True,0.39995658983621346
2021-08-13,0.6615625,0.011752511037197138,288.0,Chirimachaya,0.24732810817658896,8.0,True,True,True,0.4142343918234111
2021-08-14,0.6737534722222223,0.0012147418070367643,288.0,Chirimachaya,0.2478314228355884,8.0,True,True,True,0.42592204938663386
2021-08-15,0.6704479166666667,0.0011853030750786282,288.0,Chirimachaya,0.2456935495138168,8.0,True,True,True,0.42475436715284987
2021-08-16,0.7410694444444444,0.029959008645037404,288.0,Chirimachaya,0.24457682110369203,8.0,True,True,True,0.4964926233407524
2021-08-17,0.7612465277777778,0.0007864189726980377,288.0,Chirimachaya,0.24325750768184656,8.0,True,True,True,0.5179890200959312
2021-08-18,0.7627708333333333,0.0010737199655682836,288.0,Chirimachaya,0.2419096231460571,8.0,True,True,True,0.5208612101872762
2021-08-19,0.7655625,0.0004969418673369584,288.0,Chirimachaya,0.24071665853261945,8.0,True,True,True,0.5248458414673806
2021-08-20,0.7161180555555555,0.02139572282235362,288.0,Chirimachaya,0.23915416002273554,8.0,True,True,True,0.47696389553282
2021-08-21,0.6848402777777778,0.0036922806648383016,288.0,Chirimachaya,0.2372003067284822,8.0,True,True,True,0.4476399710492956
2021-08-22,0.6770381944444446,0.001325940414560668,288.0,Chirimachaya,0.23552120290696615,8.0,True,True,True,0.4415169915374784
2021-08-23,0.6764652777777778,0.0006563885401207918,288.0,Chirimachaya,0.2338063810020685,8.0,True,True,True,0.44265889677570924
2021-08-24,0.6735694444444444,0.0019529403464783129,288.0,Chirimachaya,0.23267361149191854,8.0,True,True,True,0.4408958329525259
2021-08-25,0.6734618055555557,0.0004994068297209836,288.0,Chirimachaya,0.23227684944868082,8.0,True,True,True,0.44118495610687486
2021-08-26,0.6704513888888889,0.0016265645852473758,288.0,Chirimachaya,0.23133026808500284,8.0,True,True,True,0.43912112080388604
2021-08-27,0.6657673611111111,0.0013581771890330083,288.0,Chirimachaya,0.2309066075831651,8.0,True,True,True,0.434860753527946
2021-08-28,0.6617847222222223,0.001277864041256852,288.0,Chirimachaya,0.23140177875757215,8.0,True,True,True,0.4303829434646501
2021-08-29,0.6577465277777779,0.0014703770970700672,288.0,Chirimachaya,0.23308943212032313,8.0,True,True,True,0.42465709565745474
2021-08-30,0.6601284722222223,0.003888805755153639,288.0,Chirimachaya,0.23577659763395784,8.0,True,True,True,0.4243518745882644
2021-08-31,0.6666215277777778,0.00048585040849506163,288.0,Chirimachaya,0.23590569570660586,8.0,True,True,True,0.430715832071172
2021-09-01,0.6655520833333334,0.0007989949043284505,288.0,Chirimachaya,0.23378520831465718,8.0,True,True,True,0.43176687501867617
2021-09-02,0.6632708333333334,0.0007938680500159044,288.0,Chirimachaya,0.23236297070980066,8.0,True,True,True,0.4309078626235327
2021-09-03,0.6606666666666667,0.0012632572245312797,288.0,Chirimachaya,0.23066340014338488,8.0,True,True,True,0.43000326652328186
2021-09-04,0.6565486111111112,0.0014642302379414892,288.0,Chirimachaya,0.22945349849760527,8.0,True,True,True,0.4270951126135059
2021-09-05,0.6522326388888889,0.0012951439649902606,288.0,Chirimachaya,0.22788409516215322,8.0,True,True,True,0.4243485437267357
2021-09-06,0.7228159722222222,0.03926153025464639,288.0,Chirimachaya,0.22853058762848372,8.0,True,True,True,0.49428538459373844
2021-09-07,0.7529722222222222,0.000275464623513805,288.0,Chirimachaya,0.2294706348329782,8.0,True,True,True,0.5235015873892439
2021-09-08,0.7133055555555555,0.017881833491794535,288.0,Chirimachaya,0.22781505249440667,8.0,True,True,True,0.4854905030611488
2021-09-09,0.6895208333333334,0.004074170786284954,288.0,Chirimachaya,0.22914543934166426,8.0,True,True,True,0.4603753939916691
2021-09-10,0.67934375,0.0024643583032282505,288.0,Chirimachaya,0.22742729820311067,8.0,True,True,True,0.45191645179688933
2021-09-11,0.7297847222222222,0.03350732681735764,288.0,Chirimachaya,0.22914978675544256,8.0,True,True,True,0.5006349354667796
2021-09-12,0.7329965277777778,0.018194554123373254,288.0,Chirimachaya,0.2308046258985996,8.0,True,True,True,0.5021919018791782
2021-09-13,0.7538194444444444,0.0011052789250363783,288.0,Chirimachaya,0.2300281468778848,8.0,True,True,True,0.5237912975665595
2021-09-14,0.7165104166666666,0.026139798960995286,288.0,Chirimachaya,0.22787480987608427,8.0,True,True,True,0.4886356067905823
2021-09-15,0.6812013888888889,0.0029657272521178314,288.0,Chirimachaya,0.22637165710330007,8.0,True,True,True,0.45482973178558883
2021-09-16,0.6733402777777778,0.0020974954184893972,288.0,Chirimachaya,0.22537729330360887,8.0,True,True,True,0.44796298447416893
2021-09-17,0.6669479166666668,0.0017211724692748759,288.0,Chirimachaya,0.22426874376833436,8.0,True,True,True,0.44267917289833236
2021-09-18,0.6618993055555555,0.0015142526831875922,288.0,Chirimachaya,0.22444687224924564,8.0,True,True,True,0.4374524333063099
2021-09-19,0.6629236111111111,0.0005223887923080882,288.0,Chirimachaya,0.22298833355307573,8.0,True,True,True,0.43993527755803535
2021-09-20,0.6616840277777778,0.0008956856089203501,288.0,Chirimachaya,0.22205002792179582,8.0,True,True,True,0.43963399985598195
2021-09-21,0.7032743055555556,0.04696871706563143,288.0,Chirimachaya,0.2201977632939815,8.0,True,True,True,0.4830765422615741
2021-09-22,0.7575138888888889,0.0006882398001092719,288.0,Chirimachaya,0.21934730000793928,8.0,True,True,True,0.5381665888809497
2021-09-23,0.7598680555555556,0.0007058395330244672,288.0,Chirimachaya,0.2195290736854076,8.0,True,True,True,0.540338981870148
2021-09-24,0.7378541666666667,0.02186511349509326,288.0,Chirimachaya,0.21854125335812563,8.0,True,True,True,0.519312913308541
2021-09-25,0.7417465277777777,0.022270783389448164,288.0,Chirimachaya,0.21819539740681645,8.0,True,True,True,0.5235511303709612
2021-09-26,0.7109375,0.01769533836918664,288.0,Chirimachaya,0.21737810410559172,8.0,True,True,True,0.4935593958944083
2021-09-27,0.6846180555555557,0.0041580223920666855,288.0,Chirimachaya,0.2158739455044269,8.0,True,True,True,0.46874411005112876
2021-09-28,0.6741875,0.0029013243401641935,288.0,Chirimachaya,0.21522909030318257,8.0,True,True,True,0.45895840969681745
2021-09-29,0.6671736111111112,0.0015542674136667276,288.0,Chirimachaya,0.21449296921491617,8.0,True,True,True,0.452680641896195
2021-09-30,0.6623194444444445,0.0015823626219317493,288.0,Chirimachaya,0.2136839926242828,8.0,True,True,True,0.4486354518201616
2021-10-01,0.6575000000000001,0.0019398624183405964,288.0,Chirimachaya,0.2132731899619102,8.0,True,True,True,0.4442268100380899
2021-10-02,0.6524791666666667,0.0016984056881475943,288.0,Chirimachaya,0.21235839091241354,8.0,True,True,True,0.4401207757542532
2021-10-03,0.6474409722222222,0.001845039047373727,288.0,Chirimachaya,0.21139479801058764,8.0,True,True,True,0.43604617421163455
2021-10-04,0.6474861111111111,0.0006932839703682457,288.0,Chirimachaya,0.2104790490120649,8.0,True,True,True,0.43700706209904616
2021-10-05,0.6476423611111112,0.0004801393324358897,288.0,Chirimachaya,0.2095585465431213,8.0,True,True,True,0.43808381456798984
2021-10-06,0.6464687499999999,0.0004998911031238427,288.0,Chirimachaya,0.2092874217778444,8.0,True,True,True,0.4371813282221555
2021-10-07,0.6448368055555556,0.0006000286320436195,288.0,Chirimachaya,0.20814486965537068,8.0,True,True,True,0.43669193590018485
2021-10-08,0.6434062500000001,0.0010146466575713606,288.0,Chirimachaya,0.20681803487241263,8.0,True,True,True,0.43658821512758744
2021-10-09,0.6403333333333333,0.0015794852070101844,288.0,Chirimachaya,0.20627164654433722,8.0,True,True,True,0.4340616867889961
2021-10-10,0.6554548611111112,0.018863844922942217,288.0,Chirimachaya,0.20636628940701482,8.0,True,True,True,0.44908857170409633
2021-10-11,0.6902534722222221,0.003236602795797228,288.0,Chirimachaya,0.20786771364510057,8.0,True,True,True,0.4823857585771215
2021-10-12,0.6918402777777778,0.002900590338675227,288.0,Chirimachaya,0.20687683857977388,8.0,True,True,True,0.4849634391980039
2021-10-13,0.6820590277777778,0.0037555981572032866,288.0,Chirimachaya,0.20638496242463586,8.0,True,True,True,0.47567406535314194
2021-10-14,0.6991909722222223,0.037463594245947515,288.0,Chirimachaya,0.2055973224341869,8.0,True,True,True,0.4935936497880353
2021-10-15,0.7578194444444445,0.0008566426466621159,288.0,Chirimachaya,0.20524279586970803,8.0,True,True,True,0.5525766485747364
2021-10-16,0.74409375,0.017749953992186544,288.0,Chirimachaya,0.20561331138014788,8.0,True,True,True,0.5384804386198521
2021-10-17,0.7609791666666667,0.0007916704871843211,288.0,Chirimachaya,0.20660960115492338,8.0,True,True,True,0.5543695655117433
2021-10-18,0.7641006944444445,0.0007832743324211688,288.0,Chirimachaya,0.2087795455008745,8.0,True,True,True,0.55532114894357
2021-10-19,0.76575,0.0004337664234406718,288.0,Chirimachaya,0.21111622452735898,8.0,True,True,True,0.554633775472641
2021-10-20,0.7667361111111111,0.0004415069397587376,288.0,Chirimachaya,0.21239151246845717,8.0,True,True,True,0.5543445986426538
2021-10-21,0.7674791666666666,0.0005004353505394857,288.0,Chirimachaya,0.21480115130543706,8.0,True,True,True,0.5526780153612295
2021-10-22,0.7475555555555555,0.022526879887377223,288.0,Chirimachaya,0.21701432205736634,8.0,True,True,True,0.5305412334981892
2021-10-23,0.7656388888888889,0.0010730211418637735,288.0,Chirimachaya,0.21668322943150994,8.0,True,True,True,0.5489556594573789
2021-10-24,0.7581319444444445,0.015765152117663512,288.0,Chirimachaya,0.2184718810021877,8.0,True,True,True,0.5396600634422568
2021-10-25,0.7666493055555557,0.0011439583170068117,288.0,Chirimachaya,0.21966794133186335,8.0,True,True,True,0.5469813642236923
2021-10-26,0.7688506944444444,0.0003570097506505425,288.0,Chirimachaya,0.22521609812974927,8.0,True,True,True,0.5436345963146951
2021-10-27,0.75990625,0.012040360226764161,288.0,Chirimachaya,0.2253867387771606,8.0,True,True,True,0.5345195112228394
2021-10-28,0.7095555555555555,0.009386607538616256,288.0,Chirimachaya,0.2251489423215389,8.0,True,True,True,0.48440661323401657
2021-10-29,0.7514583333333333,0.02122334360059367,288.0,Chirimachaya,0.2240001372992992,8.0,True,True,True,0.5274581960340341
2021-10-30,0.7582951388888889,0.008747705163369568,288.0,Chirimachaya,0.2239461839199066,8.0,True,True,True,0.5343489549689823
2021-10-31,0.7456701388888889,0.019788926547893687,288.0,Chirimachaya,0.22317676246166224,8.0,True,True,True,0.5224933764272266
2021-11-01,0.7073020833333333,0.009898917469762417,288.0,Chirimachaya,0.22233168967068193,8.0,True,True,True,0.4849703936626514
2021-11-02,0.7065902777777777,0.006091535447139478,288.0,Chirimachaya,0.22378344833850855,8.0,True,True,True,0.48280682943926917
2021-11-03,0.7265555555555555,0.025382997348503016,288.0,Chirimachaya,0.2248907722532749,8.0,True,True,True,0.5016647833022806
2021-11-04,0.7312569444444444,0.02529470796941988,288.0,Chirimachaya,0.22731013968586916,8.0,True,True,True,0.5039468047585753
2021-11-05,0.69115625,0.004250832568583514,288.0,Chirimachaya,0.22611771337687966,8.0,True,True,True,0.46503853662312034
2021-11-06,0.6821840277777779,0.0021293097536761634,288.0,Chirimachaya,0.22495529614388937,8.0,True,True,True,0.4572287316338885
2021-11-07,0.6804305555555555,0.015839197520313122,288.0,Chirimachaya,0.22477990388870236,8.0,True,True,True,0.45565065166685315
2021-11-08,0.7609791666666667,0.0010187698395925091,288.0,Chirimachaya,0.22480890713632104,8.0,True,True,True,0.5361702595303456
2021-11-09,0.7458993055555555,0.019733245428105093,288.0,Chirimachaya,0.2266106810420751,8.0,True,True,True,0.5192886245134805
2021-11-10,0.6956111111111111,0.008808145668642027,288.0,Chirimachaya,0.22587098181247706,8.0,True,True,True,0.469740129298634
2021-11-11,0.6815243055555557,0.0025660812604497065,288.0,Chirimachaya,0.22404678910970685,8.0,True,True,True,0.4574775164458488
2021-11-12,0.6741250000000001,0.0022979312010756314,288.0,Chirimachaya,0.2238702420145273,8.0,True,True,True,0.45025475798547276
2021-11-13,0.7374965277777777,0.032767898613418736,288.0,Chirimachaya,0.2236948944628238,8.0,True,True,True,0.513801633314954
2021-11-14,0.7171249999999999,0.025440885911425955,288.0,Chirimachaya,0.22336040064692494,8.0,True,True,True,0.49376459935307493
2021-11-15,0.6809097222222222,0.002758359342803822,288.0,Chirimachaya,0.2229573857039213,8.0,True,True,True,0.4579523365183009
2021-11-16,0.6947118055555556,0.034820349283928145,288.0,Chirimachaya,0.2239857595413923,8.0,True,True,True,0.47072604601416324
2021-11-17,0.7582048611111111,0.0010171237619842853,288.0,Chirimachaya,0.22394301742315287,8.0,True,True,True,0.5342618436879583
2021-11-18,0.7071041666666666,0.01725569895256227,288.0,Chirimachaya,0.22352504916489122,8.0,True,True,True,0.4835791175017754
2021-11-19,0.6880486111111112,0.005132841394591694,288.0,Chirimachaya,0.22285605967044828,8.0,True,True,True,0.46519255144066285
2021-11-20,0.6887222222222222,0.004350408598607109,288.0,Chirimachaya,0.22263224795460695,8.0,True,True,True,0.4660899742676153
2021-11-21,0.6804375,0.0013979514629212076,288.0,Chirimachaya,0.2230714317411184,8.0,True,True,True,0.4573660682588816
2021-11-22,0.6787604166666666,0.004680178661082474,288.0,Chirimachaya,0.2226218972355127,8.0,True,True,True,0.4561385194311539
2021-11-23,0.6927777777777777,0.0037434159518778144,288.0,Chirimachaya,0.2227586470544338,8.0,True,True,True,0.4700191307233439
2021-11-24,0.7433298611111111,0.01758916193007045,288.0,Chirimachaya,0.22370784170925614,8.0,True,True,True,0.5196220194018549
2021-11-25,0.7631284722222222,0.0010296079017185116,288.0,Chirimachaya,0.22959899902343747,8.0,True,True,True,0.5335294731987847
2021-11-26,0.7653797909407666,0.0004861824582549258,287.0,Chirimachaya,0.2419902011752128,8.0,True,True,True,0.5233895897655538
2021-11-27,0.7665208333333333,0.001391706395004229,288.0,Chirimachaya,0.2421170491725206,8.0,True,True,True,0.5244037841608127
2021-11-28,0.7071493055555556,0.01629204075156211,288.0,Chirimachaya,0.2391379158943891,8.0,True,True,True,0.46801138966116645
2021-11-29,0.6852395833333333,0.002257367920901095,288.0,Chirimachaya,0.23888014443218702,8.0,True,True,True,0.4463594389011463
2021-11-30,0.6789861111111111,0.0022070085106331346,288.0,Chirimachaya,0.2399642821401357,8.0,True,True,True,0.43902182897097536
2021-12-01,0.6741006944444445,0.0014459843001244038,288.0,Chirimachaya,0.24050457403063769,8.0,True,True,True,0.43359612041380685
2021-12-02,0.6925277777777779,0.028684622850507754,288.0,Chirimachaya,0.2429777346551418,8.0,True,True,True,0.449550043122636
2021-12-03,0.7387465277777777,0.019764863108193684,288.0,Chirimachaya,0.24196582846343515,8.0,True,True,True,0.49678069931434254
2021-12-04,0.7523680555555555,0.0013212101293743575,288.0,Chirimachaya,0.24181274138391012,8.0,True,True,True,0.5105553141716455
2021-12-05,0.7390486111111111,0.018825747755456444,288.0,Chirimachaya,0.2442633733153343,8.0,True,True,True,0.49478523779577677
2021-12-06,0.7057777777777777,0.006487129519280739,288.0,Chirimachaya,0.2488641999661922,8.0,True,True,True,0.45691357781158554
2021-12-07,0.6892569444444444,0.002485488272974172,288.0,Chirimachaya,0.25003506615757937,8.0,True,True,True,0.43922187828686504
2021-12-08,0.6834027777777778,0.0010678673555835287,288.0,Chirimachaya,0.2478158008307218,8.0,True,True,True,0.435586976947056
2021-12-09,0.6820625000000001,0.0010993742280862486,288.0,Chirimachaya,0.2469730880111456,8.0,True,True,True,0.43508941198885454
2021-12-10,0.6771597222222223,0.002005786731029818,288.0,Chirimachaya,0.24525638483464715,8.0,True,True,True,0.43190333738757514
2021-12-11,0.6919652777777778,0.00796500463761768,288.0,Chirimachaya,0.24517839029431338,8.0,True,True,True,0.44678688748346446
2021-12-12,0.7197430555555555,0.02683249019386546,288.0,Chirimachaya,0.24785238131880757,8.0,True,True,True,0.4718906742367479
2021-12-13,0.7533680555555555,0.006295008284903862,288.0,Chirimachaya,0.2482946645468473,8.0,True,True,True,0.5050733910087082
2021-12-14,0.7422569444444445,0.018631675298506106,288.0,Chirimachaya,0.2471893653273582,8.0,True,True,True,0.49506757911708626
2021-12-15,0.6933229166666667,0.004548219680798946,288.0,Chirimachaya,0.2463936377316713,8.0,True,True,True,0.44692927893499534
2021-12-16,0.6887916666666667,0.004554547446127279,288.0,Chirimachaya,0.2456688173115253,8.0,True,True,True,0.4431228493551414
2021-12-17,0.7282083333333333,0.02812537262625802,288.0,Chirimachaya,0.24498266167938706,8.0,True,True,True,0.48322567165394625
2021-12-18,0.7595902777777778,0.0006292874621562147,288.0,Chirimachaya,0.24421061761677262,8.0,True,True,True,0.5153796601610051
2021-12-19,0.7608229166666667,0.0003824036851250269,288.0,Chirimachaya,0.2439751103520393,8.0,True,True,True,0.5168478063146273
2021-12-20,0.74846875,0.017959082291686964,288.0,Chirimachaya,0.2433429732918739,8.0,True,True,True,0.5051257767081261
2021-12-21,0.7588020833333333,0.000692716588351196,288.0,Chirimachaya,0.2440332137048244,8.0,True,True,True,0.5147688696285089
2021-12-22,0.75915625,0.0028893464954435634,288.0,Chirimachaya,0.2449837680906057,8.0,True,True,True,0.5141724819093942
2021-12-23,0.70465625,0.010074456046563547,288.0,Chirimachaya,0.24536103568971152,8.0,True,True,True,0.45929521431028847
2021-12-24,0.6904756944444445,0.0035356964436798507,288.0,Chirimachaya,0.24391958303749559,8.0,True,True,True,0.44655611140694884
2021-12-25,0.6810590277777778,0.0028247268856156802,288.0,Chirimachaya,0.2426154557615518,8.0,True,True,True,0.438443572016226
2021-12-26,0.6721631944444444,0.0028985938325265153,288.0,Chirimachaya,0.24271555989980695,8.0,True,True,True,0.4294476345446374
2021-12-27,0.6637083333333333,0.0028550950849755836,288.0,Chirimachaya,0.24260720983147618,8.0,True,True,True,0.42110112350185713
2021-12-28,0.6555868055555556,0.0024832749683293726,288.0,Chirimachaya,0.2432909701019525,8.0,True,True,True,0.4122958354536031
2021-12-29,0.6742951388888889,0.037281578210266564,288.0,Chirimachaya,0.24477023445069784,8.0,True,True,True,0.4295249044381911
2021-12-30,0.7509027777777777,0.0005881459019777608,288.0,Chirimachaya,0.24595271609723562,8.0,True,True,True,0.504950061680542
2021-12-31,0.7452187499999999,0.012304388434159387,288.0,Chirimachaya,0.24439110979437825,8.0,True,True,True,0.5008276402056216
2022-01-01,0.695670138888889,0.009840834925776452,288.0,Chirimachaya,0.24287603236734862,8.0,True,True,True,0.45279410652154034
2022-01-02,0.6799340277777779,0.0023222499961290948,288.0,Chirimachaya,0.2417156398296356,8.0,True,True,True,0.4382183879481423
2022-01-03,0.6721354166666668,0.003048800958119472,288.0,Chirimachaya,0.24130987189710135,8.0,True,True,True,0.4308255447695654
2022-01-04,0.66315625,0.0030466573617881714,288.0,Chirimachaya,0.24068214558064932,8.0,True,True,True,0.4224741044193507
2022-01-05,0.6542465277777778,0.0029369071217410082,288.0,Chirimachaya,0.24106987193226811,8.0,True,True,True,0.41317665584550967
2022-01-06,0.6459201388888889,0.002739034644183332,288.0,Chirimachaya,0.24110535532236096,8.0,True,True,True,0.4048147835665279
2022-01-07,0.6367534722222222,0.0035048480747530953,288.0,Chirimachaya,0.24045610614120955,8.0,True,True,True,0.3962973660810127
2022-01-08,0.62634375,0.0037327856922663286,288.0,Chirimachaya,0.2409861627966165,8.0,True,True,True,0.3853575872033835
2022-01-09,0.6163958333333333,0.00297660740401411,288.0,Chirimachaya,0.2406315244734287,8.0,True,True,True,0.37576430885990453
2022-01-10,0.6087465277777777,0.0018670968425431118,288.0,Chirimachaya,0.24135138466954228,8.0,True,True,True,0.3673951431082354
2022-01-11,0.602829861111111,0.0021885536840638357,288.0,Chirimachaya,0.2406171634793281,8.0,True,True,True,0.36221269763178293
2022-01-12,0.5958749999999999,0.002490049885455235,288.0,Chirimachaya,0.2401890307664871,8.0,True,True,True,0.3556859692335128
2022-01-13,0.5875520833333333,0.003398718117644803,288.0,Chirimachaya,0.23971898294985292,8.0,True,True,True,0.34783310038348036
2022-01-14,0.7281979166666667,0.032249339930581385,288.0,Chirimachaya,0.23943416401743886,8.0,True,True,True,0.4887637526492278
2022-01-15,0.7230798611111111,0.016595323130521526,288.0,Chirimachaya,0.23863525129854676,8.0,True,True,True,0.4844446098125643
2022-01-16,0.6933819444444445,0.003997379852267643,288.0,Chirimachaya,0.23845378868281836,8.0,True,True,True,0.4549281557616261
2022-01-17,0.6820868055555556,0.0033007389422440637,288.0,Chirimachaya,0.23780808411538598,8.0,True,True,True,0.44427872144016956
2022-01-18,0.6739756944444445,0.002666628102944559,288.0,Chirimachaya,0.2372648902237415,8.0,True,True,True,0.43671080422070296
2022-01-19,0.6676736111111112,0.0016583853492798178,288.0,Chirimachaya,0.23694999143481252,8.0,True,True,True,0.4307236196762987
2022-01-20,0.6640590277777778,0.000521310756793914,288.0,Chirimachaya,0.23607180826365945,8.0,True,True,True,0.42798721951411833
2022-01-21,0.663,0.0,288.0,Chirimachaya,0.23482576757669446,8.0,True,True,True,0.42817423242330555
2022-01-22,0.6723090277777778,0.02478067532241124,288.0,Chirimachaya,0.23357398994266984,8.0,True,True,True,0.4387350378351079
2022-01-23,0.7494826388888889,0.0005780936906225143,288.0,Chirimachaya,0.23362410068511957,8.0,True,True,True,0.5158585382037693
2022-01-24,0.7154548611111111,0.01805213251896796,288.0,Chirimachaya,0.2333551291376352,8.0,True,True,True,0.4820997319734759
2022-01-25,0.6834618055555556,0.005221097599475156,288.0,Chirimachaya,0.23728947900235647,8.0,True,True,True,0.4461723265531991
2022-01-26,0.6752881944444444,0.001517700283393617,288.0,Chirimachaya,0.25109713710844517,8.0,True,True,True,0.42419105733599927
2022-01-27,0.683607638888889,0.025864472774387248,288.0,Chirimachaya,0.26015275344252586,8.0,True,True,True,0.4234548854463631
2022-01-28,0.7514305555555556,0.0010569351377473074,288.0,Chirimachaya,0.27596892789006233,8.0,True,True,True,0.47546162766549327
2022-01-29,0.74321875,0.015454013917660794,288.0,Chirimachaya,0.27498443052172655,8.0,True,True,True,0.4682343194782735
2022-01-30,0.7055451388888889,0.004113127278424172,288.0,Chirimachaya,0.2714906893670559,8.0,True,True,True,0.43405444952183303
2022-01-31,0.7046111111111111,0.005516666052612076,288.0,Chirimachaya,0.2712279409170151,8.0,True,True,True,0.433383170194096
2022-02-01,0.7039097222222223,0.007939591783750847,288.0,Chirimachaya,0.2715986557304859,8.0,True,True,True,0.43231106649173634
2022-02-02,0.6855868055555556,0.003214638697441894,288.0,Chirimachaya,0.2718725614249706,8.0,True,True,True,0.413714244130585
2022-02-03,0.676625,0.0030634975798264734,288.0,Chirimachaya,0.2698354609310627,8.0,True,True,True,0.40678953906893733
2022-02-04,0.6676215277777778,0.0029394271217545458,288.0,Chirimachaya,0.2692981734871864,8.0,True,True,True,0.39832335429059146
2022-02-05,0.6592361111111111,0.002562082425869525,288.0,Chirimachaya,0.27247183397412295,8.0,True,True,True,0.3867642771369882
2022-02-06,0.6560416666666666,0.00020017414021582738,288.0,Chirimachaya,0.2770097777247429,8.0,True,True,True,0.37903188894192374
2022-02-07,0.6585104166666667,0.001045929141975966,288.0,Chirimachaya,0.2790414877235889,8.0,True,True,True,0.37946892894307777
2022-02-08,0.6622847222222222,0.0008319675218506794,288.0,Chirimachaya,0.2812322787940502,8.0,True,True,True,0.381052443428172
2022-02-09,0.6628506944444444,0.00035700975065059093,288.0,Chirimachaya,0.28137574344873423,8.0,True,True,True,0.3814749509957102
2022-02-10,0.6631215277777778,0.004338767197447945,288.0,Chirimachaya,0.2801384292542934,8.0,True,True,True,0.3829830985234844
2022-02-11,0.7010868055555555,0.004992967130917394,288.0,Chirimachaya,0.2796595841646194,8.0,True,True,True,0.4214272213909361
2022-02-12,0.7503506944444445,0.007347895444296736,288.0,Chirimachaya,0.27971144393086433,8.0,True,True,True,0.47063925051358013
2022-02-13,0.7542604166666667,0.0007216626901313574,288.0,Chirimachaya,0.2810927629470825,8.0,True,True,True,0.47316765371958414
2022-02-14,0.7554548611111112,0.001164834923395283,288.0,Chirimachaya,0.28712112456560135,8.0,True,True,True,0.4683337365455098
2022-02-15,0.7418229166666667,0.01759018263865742,288.0,Chirimachaya,0.29066628590226173,8.0,True,True,True,0.45115663076440493
2022-02-16,0.7113333333333333,0.006258095801935351,288.0,Chirimachaya,0.2906536534428596,8.0,True,True,True,0.42067967989047367
2022-02-17,0.6910729166666667,0.0037497822236414935,288.0,Chirimachaya,0.2904533296823501,8.0,True,True,True,0.4006195869843166
2022-02-18,0.6814513888888889,0.0022191119833349696,288.0,Chirimachaya,0.29071157425642014,8.0,True,True,True,0.39073981463246876
2022-02-19,0.6740173611111112,0.0023765060835842337,288.0,Chirimachaya,0.29133494198322296,8.0,True,True,True,0.38268241912788825
2022-02-20,0.6668125,0.002298215487087044,288.0,Chirimachaya,0.28939053043723106,8.0,True,True,True,0.37742196956276897
2022-02-21,0.6595347222222222,0.002202036417160423,288.0,Chirimachaya,0.2864125706255436,8.0,True,True,True,0.3731221515966786
2022-02-22,0.6532743055555555,0.002004637359882533,288.0,Chirimachaya,0.2849261835217476,8.0,True,True,True,0.36834812203380796
2022-02-23,0.6519930555555555,0.0014530828828729226,288.0,Chirimachaya,0.28421690315008163,8.0,True,True,True,0.3677761524054739
2022-02-24,0.6575625,0.003912311934008916,288.0,Chirimachaya,0.28517012298107147,8.0,True,True,True,0.3723923770189286
2022-02-25,0.7305972222222222,0.027981905413759743,288.0,Chirimachaya,0.287138395011425,8.0,True,True,True,0.4434588272107972
2022-02-26,0.7469131944444444,0.0013262688502353702,288.0,Chirimachaya,0.2879507727921009,8.0,True,True,True,0.45896242165234347
2022-02-27,0.7508402777777777,0.001020099021253388,288.0,Chirimachaya,0.29489578679203987,8.0,True,True,True,0.45594449098573786
2022-02-28,0.7529201388888889,0.000676028560631116,288.0,Chirimachaya,0.2978283576667309,8.0,True,True,True,0.455091781222158
2022-03-01,0.75575,0.0008513158497049204,288.0,Chirimachaya,0.29863219335675234,8.0,True,True,True,0.4571178066432477
2022-03-02,0.7576909722222223,0.000532878998554302,288.0,Chirimachaya,0.3020339570939541,8.0,True,True,True,0.4556570151282682
2022-03-03,0.7592534722222222,0.000474053348920689,288.0,Chirimachaya,0.3101309612393379,8.0,True,True,True,0.44912251098288425
2022-03-04,0.7604791666666667,0.0005004353505397305,288.0,Chirimachaya,0.31138297170400614,8.0,True,True,True,0.44909619496266057
2022-03-05,0.7587534722222222,0.0023130417457738993,288.0,Chirimachaya,0.31364861503243446,8.0,True,True,True,0.44510485718978776
2022-03-06,0.7482777777777777,0.011468450554051584,288.0,Chirimachaya,0.31602327525615687,8.0,True,True,True,0.43225450252162084
2022-03-07,0.7311388888888888,0.022359623612644118,288.0,Chirimachaya,0.31776637583971024,8.0,True,True,True,0.41337251304917855
2022-03-08,0.6919409722222222,0.004135339550488425,288.0,Chirimachaya,0.31509633734822273,8.0,True,True,True,0.37684463487399944
2022-03-09,0.6821284722222223,0.0023833383080283403,288.0,Chirimachaya,0.31262074783444405,8.0,True,True,True,0.36950772438777824
2022-03-10,0.6743472222222223,0.0024418518261122716,288.0,Chirimachaya,0.311629232019186,8.0,True,True,True,0.3627179902030363
2022-03-11,0.6747152777777778,0.009329181816861078,288.0,Chirimachaya,0.3106917142868042,8.0,True,True,True,0.36402356349097365
2022-03-12,0.6735000000000001,0.002350772724910249,288.0,Chirimachaya,0.3097270615398883,8.0,True,True,True,0.36377293846011177
2022-03-13,0.6688020833333334,0.0016162488833597842,288.0,Chirimachaya,0.31019455194473267,8.0,True,True,True,0.3586075313886007
2022-03-14,0.744267361111111,0.017122678198560306,288.0,Chirimachaya,0.31568579748272896,8.0,True,True,True,0.42858156362838207
2022-03-15,0.7481284722222222,0.004786830994287066,288.0,Chirimachaya,0.3178360164165497,8.0,True,True,True,0.43029245580567255
2022-03-16,0.7505243055555556,0.0013941513736507075,288.0,Chirimachaya,0.3192811906337738,8.0,True,True,True,0.4312431149217818
2022-03-17,0.7542708333333333,0.000734597948773069,288.0,Chirimachaya,0.32051585614681244,8.0,True,True,True,0.4337549771865209
2022-03-18,0.7499895833333334,0.011195284091460159,288.0,Chirimachaya,0.32149310782551765,8.0,True,True,True,0.4284964755078158
2022-03-19,0.7563576388888889,0.0024552888193077518,288.0,Chirimachaya,0.3230370245873928,8.0,True,True,True,0.43332061430149604
2022-03-20,0.7539236111111111,0.0068213436925273424,288.0,Chirimachaya,0.3283242806792259,8.0,True,True,True,0.42559933043188514
2022-03-21,0.7565173611111111,0.0006300080040540059,288.0,Chirimachaya,0.32890018448233604,8.0,True,True,True,0.4276171766287751
2022-03-22,0.7247222222222223,0.018458709716079897,288.0,Chirimachaya,0.3266376778483391,8.0,True,True,True,0.3980845443738832
2022-03-23,0.6936006944444444,0.004152611311059036,288.0,Chirimachaya,0.3238906040787697,8.0,True,True,True,0.3697100903656747
2022-03-24,0.6980416666666666,0.0018015672619425677,288.0,Chirimachaya,0.321761891245842,8.0,True,True,True,0.3762797754208246
2022-03-25,0.6926145833333333,0.0025960427872648,288.0,Chirimachaya,0.3210834600031376,8.0,True,True,True,0.37153112333019567
2022-03-26,0.7080798611111111,0.03132092860407792,288.0,Chirimachaya,0.3206251785159111,8.0,True,True,True,0.3874546825952
2022-03-27,0.7507083333333333,0.008083083380356655,288.0,Chirimachaya,0.32160595804452896,8.0,True,True,True,0.42910237528880435
2022-03-28,0.7534826388888889,0.0007873414766490047,288.0,Chirimachaya,0.32291409000754356,8.0,True,True,True,0.4305685488813453
2022-03-29,0.7279097222222223,0.014819665433007008,288.0,Chirimachaya,0.32271304354071617,8.0,True,True,True,0.4051966786815061
2022-03-30,0.7074131944444444,0.007281744119747232,288.0,Chirimachaya,0.32235624268651003,8.0,True,True,True,0.38505695175793436
2022-03-31,0.7067951388888889,0.0096009060973458,288.0,Chirimachaya,0.322749063372612,8.0,True,True,True,0.3840460755162769
2022-04-01,0.7550659722222223,0.0006671655363432197,288.0,Chirimachaya,0.32330381125211716,8.0,True,True,True,0.4317621609701051
2022-04-02,0.7565763888888889,0.0004949903896735264,288.0,Chirimachaya,0.32530829310417175,8.0,True,True,True,0.43126809578471714
2022-04-03,0.7262673611111111,0.021957705083277837,288.0,Chirimachaya,0.32402580231428146,8.0,True,True,True,0.40224155879682966
2022-04-04,0.6916145833333333,0.003186545511937812,288.0,Chirimachaya,0.32119010388851166,8.0,True,True,True,0.3704244794448216
2022-04-05,0.6833784722222223,0.0020767054850648597,288.0,Chirimachaya,0.3183356486260891,8.0,True,True,True,0.36504282359613316
2022-04-06,0.6767395833333334,0.00188656422219385,288.0,Chirimachaya,0.3160807751119137,8.0,True,True,True,0.3606588082214197
2022-04-07,0.6713645833333334,0.0012642480653461627,288.0,Chirimachaya,0.3144123889505863,8.0,True,True,True,0.35695219438274706
2022-04-08,0.6674618055555556,0.0011439583170071246,288.0,Chirimachaya,0.31290293484926224,8.0,True,True,True,0.3545588707062933
2022-04-09,0.7360763888888889,0.0324556153339508,288.0,Chirimachaya,0.31541806086897844,8.0,True,True,True,0.4206583280199105
2022-04-10,0.7373645833333333,0.018532833539141896,288.0,Chirimachaya,0.31964327022433275,8.0,True,True,True,0.41772131310900057
2022-04-11,0.6913333333333332,0.006260322486155339,288.0,Chirimachaya,0.3182169459760189,8.0,True,True,True,0.37311638735731434
2022-04-12,0.6813784722222223,0.0018457470917632843,288.0,Chirimachaya,0.31605711951851845,8.0,True,True,True,0.3653213527037038
2022-04-13,0.67596875,0.0013902582293410628,288.0,Chirimachaya,0.3141644708812236,8.0,True,True,True,0.3618042791187764
2022-04-14,0.6729548611111111,0.00046633418967685105,288.0,Chirimachaya,0.31313716992735857,8.0,True,True,True,0.35981769118375256
2022-04-15,0.6774305555555556,0.003325862708603792,288.0,Chirimachaya,0.3125963360071182,8.0,True,True,True,0.3648342195484374
2022-04-16,0.6820972222222222,0.000726016715374243,288.0,Chirimachaya,0.3113308511674404,8.0,True,True,True,0.37076637105478183
2022-04-17,0.70821875,0.03603826937792781,288.0,Chirimachaya,0.3102196790277958,8.0,True,True,True,0.3979990709722042
2022-04-18,0.73503125,0.020642528978137533,288.0,Chirimachaya,0.31231455132365227,8.0,True,True,True,0.42271669867634776
2022-04-19,0.759263888888889,0.0012182475052824886,288.0,Chirimachaya,0.3146268352866173,8.0,True,True,True,0.4446370536022717
2022-04-20,0.7619583333333334,0.0007168941917956568,288.0,Chirimachaya,0.317276943475008,8.0,True,True,True,0.4446813898583254
2022-04-21,0.7644513888888889,0.0009282996415731636,288.0,Chirimachaya,0.3261140547692775,8.0,True,True,True,0.43833733411961134
2022-04-22,0.7643090277777778,0.006797595528923012,288.0,Chirimachaya,0.3266349881887436,8.0,True,True,True,0.43767403958903417
2022-04-23,0.7234097222222222,0.021221385963744774,288.0,Chirimachaya,0.32446854934096336,8.0,True,True,True,0.39894117288125885
2022-04-24,0.7187847222222222,0.020997150360644888,288.0,Chirimachaya,0.32404379919171333,8.0,True,True,True,0.3947409230305089
2022-04-25,0.6922395833333332,0.002351120090391492,288.0,Chirimachaya,0.3224058970808983,8.0,True,True,True,0.36983368625243496
2022-04-26,0.6853923611111111,0.0014894088278914353,288.0,Chirimachaya,0.319780346006155,8.0,True,True,True,0.3656120151049561
2022-04-27,0.6834618055555556,0.000499406829720993,288.0,Chirimachaya,0.31742049008607864,8.0,True,True,True,0.36604131546947694
2022-04-28,0.7115868055555556,0.03529516306948363,288.0,Chirimachaya,0.3164385594427585,8.0,True,True,True,0.39514824611279714
2022-04-29,0.7568645833333334,0.0022752407308404467,288.0,Chirimachaya,0.3164263479411602,8.0,True,True,True,0.4404382353921732
2022-04-30,0.761125,0.0008785083969344328,288.0,Chirimachaya,0.3157744519412517,8.0,True,True,True,0.44535054805874835
2022-05-01,0.7455173611111111,0.020750039939044077,288.0,Chirimachaya,0.31458181142807007,8.0,True,True,True,0.43093554968304104
2022-05-02,0.6951666666666667,0.004903955596027073,288.0,Chirimachaya,0.31263159215450287,8.0,True,True,True,0.38253507451216384
2022-05-03,0.6854027777777778,0.0022886462515493877,288.0,Chirimachaya,0.31075439602136606,8.0,True,True,True,0.37464838175641174
2022-05-04,0.6783680555555556,0.0017816193854282738,288.0,Chirimachaya,0.3091277629137039,8.0,True,True,True,0.36924029264185165
2022-05-05,0.6756805555555556,0.0017714451187519902,288.0,Chirimachaya,0.30973953753709793,8.0,True,True,True,0.3659410180184577
2022-05-06,0.7009444444444445,0.032268749032929804,288.0,Chirimachaya,0.3086184822022915,8.0,True,True,True,0.392325962242153
2022-05-07,0.7555104166666666,0.0007180324209192502,288.0,Chirimachaya,0.30817602574825287,8.0,True,True,True,0.44733439091841376
2022-05-08,0.7190590277777777,0.021311526753629025,288.0,Chirimachaya,0.30658720433712006,8.0,True,True,True,0.4124718234406577
2022-05-09,0.6887951388888889,0.0023156137155399925,288.0,Chirimachaya,0.3055848516523838,8.0,True,True,True,0.3832102872365051
2022-05-10,0.7106006944444445,0.03318331934033881,288.0,Chirimachaya,0.30450878292322153,8.0,True,True,True,0.406091911521223
2022-05-11,0.7556840277777778,0.0005221455594835735,288.0,Chirimachaya,0.30350009724497795,8.0,True,True,True,0.4521839305327998
2022-05-12,0.7577673611111111,0.0006969650345518688,288.0,Chirimachaya,0.3019964061677456,8.0,True,True,True,0.4557709549433655
2022-05-13,0.7595416666666667,0.0005128997973196463,288.0,Chirimachaya,0.30078865587711334,8.0,True,True,True,0.45875301078955333
2022-05-14,0.7401701388888889,0.0204410142457579,288.0,Chirimachaya,0.29987863823771477,8.0,True,True,True,0.4402915006511742
2022-05-15,0.7596354166666667,0.0004821509226322087,288.0,Chirimachaya,0.3003434129059315,8.0,True,True,True,0.4592920037607352
2022-05-16,0.7596875,0.00173293069119559,288.0,Chirimachaya,0.3002089075744152,8.0,True,True,True,0.45947859242558475
2022-05-17,0.7335381944444443,0.020115483649241594,288.0,Chirimachaya,0.3069416582584381,8.0,True,True,True,0.42659653618600624
2022-05-18,0.7616701388888889,0.0004709808670830996,288.0,Chirimachaya,0.31385301798582077,8.0,True,True,True,0.44781712090306813
2022-05-19,0.7538645833333333,0.010862093847533128,288.0,Chirimachaya,0.3186767064034939,8.0,True,True,True,0.4351878769298394
2022-05-20,0.7088715277777777,0.01024920265918552,288.0,Chirimachaya,0.31582915037870407,8.0,True,True,True,0.39304237739907366
2022-05-21,0.6900729166666666,0.002434843433068072,288.0,Chirimachaya,0.31287105754017824,8.0,True,True,True,0.37720185912648835
2022-05-22,0.6827881944444445,0.001984328725709443,288.0,Chirimachaya,0.31080715730786324,8.0,True,True,True,0.37198103713658126
2022-05-23,0.6776875,0.0018057930395654993,288.0,Chirimachaya,0.30893246829509735,8.0,True,True,True,0.36875503170490265
2022-05-24,0.6720798611111112,0.0014568870379231666,288.0,Chirimachaya,0.30836192518472666,8.0,True,True,True,0.3637179359263845
2022-05-25,0.6707361111111112,0.0020583343325480514,288.0,Chirimachaya,0.30676652491092676,8.0,True,True,True,0.36396958620018444
2022-05-26,0.6813298611111112,0.0035296964140088594,288.0,Chirimachaya,0.30568603798747057,8.0,True,True,True,0.3756438231236406
2022-05-27,0.6926527777777777,0.0008332752593004676,288.0,Chirimachaya,0.30438943952322006,8.0,True,True,True,0.3882633382545576
2022-05-28,0.6904131944444445,0.0004932642502718305,288.0,Chirimachaya,0.3025025837123394,8.0,True,True,True,0.3879106107321051
2022-05-29,0.690767361111111,0.0004232493949541706,288.0,Chirimachaya,0.3012401796877384,8.0,True,True,True,0.3895271814233726
2022-05-30,0.68821875,0.0011249758030691434,288.0,Chirimachaya,0.3002355434000492,8.0,True,True,True,0.3879832065999508
2022-05-31,0.6856215277777777,0.0011007544574209718,288.0,Chirimachaya,0.2989763841032982,8.0,True,True,True,0.38664514367447955
2022-06-01,0.6817048611111112,0.0012210596792230116,288.0,Chirimachaya,0.2987980507314205,8.0,True,True,True,0.38290681037969065
2022-06-02,0.6777916666666667,0.0011377280374092926,288.0,Chirimachaya,0.30250972881913185,8.0,True,True,True,0.37528193784753483
2022-06-03,0.6746597222222223,0.0006590373556632585,288.0,Chirimachaya,0.3019866459071636,8.0,True,True,True,0.37267307631505864
2022-06-04,0.7035590277777778,0.0345951697766292,288.0,Chirimachaya,0.3046026825904846,8.0,True,True,True,0.39895634518729317
2022-06-05,0.7351944444444444,0.017280944683888973,288.0,Chirimachaya,0.30457278713583946,8.0,True,True,True,0.4306216573086049
2022-06-06,0.6960555555555555,0.004225817081213115,288.0,Chirimachaya,0.3036131709814071,8.0,True,True,True,0.39244238457414843
2022-06-07,0.6874236111111112,0.0020872263278593254,288.0,Chirimachaya,0.30361270904541016,8.0,True,True,True,0.383810902065701
2022-06-08,0.6842083333333334,0.0004068233357133535,288.0,Chirimachaya,0.3043748661875725,8.0,True,True,True,0.37983346714576094
2022-06-09,0.7488506944444445,0.01187369356262845,288.0,Chirimachaya,0.3052351512014866,8.0,True,True,True,0.44361554324295793
2022-06-10,0.7514409722222222,0.003838642929382139,288.0,Chirimachaya,0.3053258806467056,8.0,True,True,True,0.44611509157551654
2022-06-11,0.7413194444444444,0.010199851592674742,288.0,Chirimachaya,0.30688074976205826,8.0,True,True,True,0.43443869468238616
2022-06-12,0.7074374999999999,0.006345146846349696,288.0,Chirimachaya,0.3049513325095176,8.0,True,True,True,0.4024861674904823
2022-06-13,0.6952395833333332,0.002097342561151212,288.0,Chirimachaya,0.3026661314070225,8.0,True,True,True,0.39257345192631077
2022-06-14,0.6888020833333334,0.0017842895012835083,288.0,Chirimachaya,0.3008681833744049,8.0,True,True,True,0.38793389995892846
2022-06-15,0.6832048611111111,0.0016994702950562754,288.0,Chirimachaya,0.29919606819748873,8.0,True,True,True,0.3840087929136224
2022-06-16,0.6778402777777779,0.0016237058934717064,288.0,Chirimachaya,0.29709769412875175,8.0,True,True,True,0.38074258364902613
2022-06-17,0.6726423611111111,0.0017631172845388341,288.0,Chirimachaya,0.2963624708354473,8.0,True,True,True,0.3762798902756638
2022-06-18,0.6674722222222222,0.0012848321488793289,288.0,Chirimachaya,0.29572553932666773,8.0,True,True,True,0.3717466828955545
2022-06-19,0.6672847222222222,0.0008361450822250677,288.0,Chirimachaya,0.29789307713508606,8.0,True,True,True,0.3693916450871362
2022-06-20,0.6673506944444445,0.0007997818977763384,288.0,Chirimachaya,0.2970137633383274,8.0,True,True,True,0.3703369311061171
2022-06-21,0.6651840277777779,0.0008538629739714446,288.0,Chirimachaya,0.29460419714450836,8.0,True,True,True,0.3705798306332695
2022-06-22,0.6632916666666667,0.0005584323503304637,288.0,Chirimachaya,0.2934158965945244,8.0,True,True,True,0.36987577007214234
2022-06-23,0.6681979166666667,0.001961048171339438,288.0,Chirimachaya,0.2925550937652588,8.0,True,True,True,0.37564282290140794
2022-06-24,0.72840625,0.0350141568556717,288.0,Chirimachaya,0.2919644676148891,8.0,True,True,True,0.43644178238511094
2022-06-25,0.7547534722222222,0.0008543729036313375,288.0,Chirimachaya,0.2944224290549755,8.0,True,True,True,0.4603310431672467
2022-06-26,0.7571423611111111,0.0007400046954469106,288.0,Chirimachaya,0.294823482632637,8.0,True,True,True,0.4623188784784741
2022-06-27,0.759076388888889,0.000614344908869406,288.0,Chirimachaya,0.2929992005228996,8.0,True,True,True,0.4660771883659893
2022-06-28,0.7264652777777777,0.015573771032522561,288.0,Chirimachaya,0.2911669500172138,8.0,True,True,True,0.4352983277605639
2022-06-29,0.6988090277777776,0.0029575960950148244,288.0,Chirimachaya,0.2889600098133087,8.0,True,True,True,0.40984901796446893
2022-06-30,0.6970659722222222,0.002456412023073312,288.0,Chirimachaya,0.28725116699934,8.0,True,True,True,0.4098148052228822
2022-07-01,0.6957291666666666,0.0016217972995525405,288.0,Chirimachaya,0.28583183512091637,8.0,True,True,True,0.40989733154575025
2022-07-02,0.6907569444444444,0.0013343310726868277,288.0,Chirimachaya,0.2839676663279533,8.0,True,True,True,0.40678927811649107
2022-07-03,0.7344930555555556,0.028462212011406772,288.0,Chirimachaya,0.28400416672229767,8.0,True,True,True,0.4504888888332579
2022-07-04,0.75646875,0.0009365195221301884,288.0,Chirimachaya,0.2846519649028778,8.0,True,True,True,0.4718167850971222
2022-07-05,0.7592048611111112,0.0007716970629394719,288.0,Chirimachaya,0.28417010977864265,8.0,True,True,True,0.47503475133246853
2022-07-06,0.761548611111111,0.000655503223040222,288.0,Chirimachaya,0.2837585657835006,8.0,True,True,True,0.47779004532761044
2022-07-07,0.7626701388888889,0.0004709808670829716,288.0,Chirimachaya,0.2827307619154453,8.0,True,True,True,0.47993937697344363
2022-07-08,0.7332534722222221,0.015504579128902452,288.0,Chirimachaya,0.28106262162327766,8.0,True,True,True,0.4521908505989445
2022-07-09,0.7585902777777778,0.005608496782517063,288.0,Chirimachaya,0.2810987196862697,8.0,True,True,True,0.47749155809150806
2022-07-10,0.7564201388888888,0.009360038713558682,288.0,Chirimachaya,0.2826637998223305,8.0,True,True,True,0.47375633906655834
2022-07-11,0.71465625,0.007515134265690575,288.0,Chirimachaya,0.2847981639206409,8.0,True,True,True,0.4298580860793591
2022-07-12,0.7017326388888888,0.0016595339533479816,288.0,Chirimachaya,0.28442204371094704,8.0,True,True,True,0.4173105951779418
2022-07-13,0.6967118055555556,0.0011523039504034414,288.0,Chirimachaya,0.2828156165778637,8.0,True,True,True,0.41389618897769187
2022-07-14,0.6930694444444444,0.0012163392714961935,288.0,Chirimachaya,0.28153205290436745,8.0,True,True,True,0.41153739154007696
2022-07-15,0.6875868055555556,0.0019946180732727872,288.0,Chirimachaya,0.28045304492115974,8.0,True,True,True,0.4071337606343959
2022-07-16,0.6816666666666668,0.0015838910320455975,288.0,Chirimachaya,0.2803495563566685,8.0,True,True,True,0.4013171103099983
2022-07-17,0.676888888888889,0.0013125558815972088,288.0,Chirimachaya,0.27887063473463053,8.0,True,True,True,0.39801825415425846
2022-07-18,0.6761458333333334,0.0009218127119746142,288.0,Chirimachaya,0.27808575332164764,8.0,True,True,True,0.3980600800116858
2022-07-19,0.6779895833333334,0.00010170583392829707,288.0,Chirimachaya,0.27711720764636993,8.0,True,True,True,0.40087237568696343
2022-07-20,0.677982638888889,0.00013084014829451113,288.0,Chirimachaya,0.27631859481334686,8.0,True,True,True,0.4016640440755421
2022-07-21,0.6780555555555555,0.0007110651359510936,288.0,Chirimachaya,0.27525681257247925,8.0,True,True,True,0.4027987429830763
2022-07-22,0.6797361111111111,0.0004415069397587056,288.0,Chirimachaya,0.2737155258655548,8.0,True,True,True,0.4060205852455563
2022-07-23,0.6790277777777778,0.0007175689158898076,288.0,Chirimachaya,0.27289406582713127,8.0,True,True,True,0.4061337119506465
2022-07-24,0.6802604166666667,0.0016138217781735632,288.0,Chirimachaya,0.2721516899764538,8.0,True,True,True,0.4081087266902129
2022-07-25,0.6864131944444445,0.0036338659984186906,288.0,Chirimachaya,0.2720138430595398,8.0,True,True,True,0.4143993513849047
2022-07-26,0.7199166666666666,0.029081047386110073,288.0,Chirimachaya,0.2765548303723335,8.0,True,True,True,0.4433618362943331
2022-07-27,0.75990625,0.0007841388227729393,288.0,Chirimachaya,0.28304674103856087,8.0,True,True,True,0.47685950896143914
2022-07-28,0.7617743055555555,0.0004187664859142578,288.0,Chirimachaya,0.28296399489045143,8.0,True,True,True,0.47881031066510404
2022-07-29,0.72675,0.01653146087332497,288.0,Chirimachaya,0.2804088816046715,8.0,True,True,True,0.44634111839532853
2022-07-30,0.7000034722222223,0.003209847938791711,288.0,Chirimachaya,0.2777644954621792,8.0,True,True,True,0.42223897676004307
2022-07-31,0.6913090277777777,0.002341488052259808,288.0,Chirimachaya,0.27568000927567476,8.0,True,True,True,0.41562901850210293
2022-08-01,0.6841597222222222,0.002010991380817055,288.0,Chirimachaya,0.27426160499453545,8.0,True,True,True,0.40989811722768676
2022-08-02,0.6855833333333333,0.0018116925691622533,288.0,Chirimachaya,0.27327998727560043,8.0,True,True,True,0.4123033460577329
2022-08-03,0.6864583333333334,0.000650649635161177,288.0,Chirimachaya,0.2735969349741935,8.0,True,True,True,0.4128613983591399
2022-08-04,0.7022222222222223,0.0220010910228187,288.0,Chirimachaya,0.27196213230490685,8.0,True,True,True,0.43026008991731546
2022-08-05,0.7322361111111111,0.010298327803850406,288.0,Chirimachaya,0.27061836048960686,8.0,True,True,True,0.46161775062150423
2022-08-06,0.7136875,0.004482981757217263,288.0,Chirimachaya,0.27104969695210457,8.0,True,True,True,0.44263780304789546
2022-08-07,0.6992847222222222,0.0028152476684592137,288.0,Chirimachaya,0.27180875837802887,8.0,True,True,True,0.4274759638441933
2022-08-08,0.6910729166666667,0.0020831736291865048,288.0,Chirimachaya,0.26958053931593895,8.0,True,True,True,0.42149237735072775
2022-08-09,0.6865694444444445,0.0006428678968431093,288.0,Chirimachaya,0.26784946024417877,8.0,True,True,True,0.4187199842002657
2022-08-10,0.7305625,0.027558671969034946,288.0,Chirimachaya,0.26714253798127174,8.0,True,True,True,0.46341996201872826
2022-08-11,0.753361111111111,0.0009378685235161041,288.0,Chirimachaya,0.2686910219490528,8.0,True,True,True,0.4846700891620582
2022-08-12,0.7526909722222223,0.0063255183995952055,288.0,Chirimachaya,0.2691161334514618,8.0,True,True,True,0.48357483877076046
2022-08-13,0.7079548611111111,0.009391673455472553,288.0,Chirimachaya,0.2659775391221046,8.0,True,True,True,0.44197732198900647
2022-08-14,0.6926145833333333,0.002812502419665938,288.0,Chirimachaya,0.2633287236094475,8.0,True,True,True,0.4292858597238858
2022-08-15,0.6839479166666667,0.0024553282386642317,288.0,Chirimachaya,0.26162296906113625,8.0,True,True,True,0.4223249476055304
2022-08-16,0.676857638888889,0.0020711753252753394,288.0,Chirimachaya,0.26035647466778755,8.0,True,True,True,0.4165011642211014
2022-08-17,0.6886145833333334,0.03139931748464844,288.0,Chirimachaya,0.25914397090673447,8.0,True,True,True,0.4294706124265989
2022-08-18,0.7498368055555555,0.004126623790256559,288.0,Chirimachaya,0.2584551535546779,8.0,True,True,True,0.49138165200087763
2022-08-19,0.7089444444444444,0.009728207327598827,288.0,Chirimachaya,0.2566210366785526,8.0,True,True,True,0.45232340776589175
2022-08-20,0.7455104166666666,0.005077781330504306,288.0,Chirimachaya,0.2564324401319027,8.0,True,True,True,0.4890779765347639
2022-08-21,0.7504548611111111,0.0013785479337804379,288.0,Chirimachaya,0.25677812844514847,8.0,True,True,True,0.4936767326659627
2022-08-22,0.7507569444444444,0.0045741990068637935,288.0,Chirimachaya,0.2553965114057064,8.0,True,True,True,0.495360433038738
2022-08-23,0.7122986111111111,0.008580489871017649,288.0,Chirimachaya,0.25347714126110077,8.0,True,True,True,0.4588214698500104
2022-08-24,0.6970451388888889,0.002610894619158484,288.0,Chirimachaya,0.251541718840599,8.0,True,True,True,0.44550342004828986
2022-08-25,0.6887256944444444,0.002314422182471137,288.0,Chirimachaya,0.2496777959167957,8.0,True,True,True,0.4390478985276487
2022-08-26,0.68178125,0.001999319352820879,288.0,Chirimachaya,0.24816480651497838,8.0,True,True,True,0.4336164434850216
2022-08-27,0.6755486111111112,0.0017503801920951787,288.0,Chirimachaya,0.24683578126132483,8.0,True,True,True,0.42871282984978637
2022-08-28,0.6707847222222223,0.001120995043578538,288.0,Chirimachaya,0.24547944962978357,8.0,True,True,True,0.4253052725924387
2022-08-29,0.6779305555555556,0.010908969411798817,288.0,Chirimachaya,0.24509040266275403,8.0,True,True,True,0.43284015289280153
2022-08-30,0.7396215277777778,0.01935346501561751,288.0,Chirimachaya,0.245624640956521,8.0,True,True,True,0.49399688682125675
2022-08-31,0.7532743055555556,0.0007497499260462957,288.0,Chirimachaya,0.24489541351795194,8.0,True,True,True,0.5083788920376037
2022-09-01,0.7505833333333334,0.008170227245335109,288.0,Chirimachaya,0.2435720860958099,8.0,True,True,True,0.5070112472375234
2022-09-02,0.7142708333333333,0.007068819248991638,288.0,Chirimachaya,0.24184342287480828,8.0,True,True,True,0.472427410458525
2022-09-03,0.7025902777777777,0.0011531698137893604,288.0,Chirimachaya,0.24007519148290152,8.0,True,True,True,0.4625150862948762
2022-09-04,0.7066631944444444,0.0012692144970064877,288.0,Chirimachaya,0.2387615125626325,8.0,True,True,True,0.46790168188181186
2022-09-05,0.730829861111111,0.01588884113000388,288.0,Chirimachaya,0.23776738718152043,8.0,True,True,True,0.4930624739295906
2022-09-06,0.7162673611111111,0.008166049628257706,288.0,Chirimachaya,0.23697850853204722,8.0,True,True,True,0.4792888525790639
2022-09-07,0.7011562499999999,0.0022815490413037407,288.0,Chirimachaya,0.23527804948389525,8.0,True,True,True,0.4658782005161047
2022-09-08,0.6933124999999999,0.00251259891548668,288.0,Chirimachaya,0.2334148660302162,8.0,True,True,True,0.45989763396978367
2022-09-09,0.6848506944444446,0.002321374593612998,288.0,Chirimachaya,0.23166654258966443,8.0,True,True,True,0.4531841518547801
2022-09-10,0.6792777777777778,0.0009731191592917327,288.0,Chirimachaya,0.23055381514132017,8.0,True,True,True,0.4487239626364576
2022-09-11,0.6818125,0.00039099177032271906,288.0,Chirimachaya,0.23061000928282732,8.0,True,True,True,0.4512024907171727
2022-09-12,0.6805902777777778,0.0011651931959526956,288.0,Chirimachaya,0.22964981943368906,8.0,True,True,True,0.45094045834408875
2022-09-13,0.6754305555555555,0.002212264760313421,288.0,Chirimachaya,0.22828994505107397,8.0,True,True,True,0.44714061050448156
2022-09-14,0.6674479166666667,0.0026180948668272875,288.0,Chirimachaya,0.22635068185627458,8.0,True,True,True,0.4410972348103921
2022-09-15,0.6593784722222222,0.0022100077473003682,288.0,Chirimachaya,0.22480159811675543,8.0,True,True,True,0.4345768741054668
2022-09-16,0.6561006944444445,0.00099489964319939,288.0,Chirimachaya,0.22440927848219866,8.0,True,True,True,0.43169141596224586
2022-09-17,0.6603125000000001,0.0016715231218974377,288.0,Chirimachaya,0.22565548494458193,8.0,True,True,True,0.43465701505541815
2022-09-18,0.6649791666666667,0.0007129342615725675,288.0,Chirimachaya,0.22503025457262987,8.0,True,True,True,0.4399489120940368
2022-09-19,0.6630104166666667,0.0013132516099139057,288.0,Chirimachaya,0.22330418415367598,8.0,True,True,True,0.43970623251299074
2022-09-20,0.6577256944444445,0.0019356636952617095,288.0,Chirimachaya,0.22186608053743836,8.0,True,True,True,0.4358596139070061
2022-09-21,0.6509895833333333,0.0024344856506610863,288.0,Chirimachaya,0.2214382421225309,8.0,True,True,True,0.4295513412108024
2022-09-22,0.6436493055555556,0.001957367802604796,288.0,Chirimachaya,0.22127385623753068,8.0,True,True,True,0.42237544931802484
2022-09-23,0.6414722222222222,0.0005000967773163612,288.0,Chirimachaya,0.22180199995636937,8.0,True,True,True,0.4196702222658528
2022-09-24,0.6414201388888889,0.0004944401488371775,288.0,Chirimachaya,0.2218108661472797,8.0,True,True,True,0.4196092727416092
2022-09-25,0.6408541666666667,0.0007030917287908087,288.0,Chirimachaya,0.22236818075180048,8.0,True,True,True,0.41848598591486624
2022-09-26,0.6436631944444444,0.002624150674685643,288.0,Chirimachaya,0.22157680056989187,8.0,True,True,True,0.42208639387455255
2022-09-27,0.6493680555555555,0.0005505338274446295,288.0,Chirimachaya,0.22013067640364165,8.0,True,True,True,0.4292373791519139
2022-09-28,0.6476527777777777,0.0012115555379448421,288.0,Chirimachaya,0.2182429544627666,8.0,True,True,True,0.42940982331501115
2022-09-29,0.6438090277777778,0.001489213865268608,288.0,Chirimachaya,0.21690067276358602,8.0,True,True,True,0.4269083550141918
2022-09-30,0.6704965277777778,0.045662067168992536,288.0,Chirimachaya,0.21668562851846215,8.0,True,True,True,0.4538108992593156
2022-10-01,0.7420104166666666,0.010474619857055646,288.0,Chirimachaya,0.21705760620534417,8.0,True,True,True,0.5249528104613224
2022-10-02,0.7151597222222221,0.004480174203999168,288.0,Chirimachaya,0.2165379170328378,8.0,True,True,True,0.4986218051893843
2022-10-03,0.6986770833333333,0.0033780232297550565,288.0,Chirimachaya,0.21498367562890047,8.0,True,True,True,0.48369340770443287
2022-10-04,0.6912222222222222,0.0021297443678518968,288.0,Chirimachaya,0.21403473801910874,8.0,True,True,True,0.4771874842031134
2022-10-05,0.684,0.002583787566374842,288.0,Chirimachaya,0.2130085118114948,8.0,True,True,True,0.4709914881885052
2022-10-06,0.675982638888889,0.002478417778437557,288.0,Chirimachaya,0.21305451169610018,8.0,True,True,True,0.4629281271927888
2022-10-07,0.6682916666666667,0.0020047852161927883,288.0,Chirimachaya,0.21432365849614138,8.0,True,True,True,0.45396800817052535
2022-10-08,0.6644062500000001,0.0005327881759368379,288.0,Chirimachaya,0.2135821375995874,8.0,True,True,True,0.45082411240041265
2022-10-09,0.6658923611111112,0.000310463262059622,288.0,Chirimachaya,0.21264864504337308,8.0,True,True,True,0.45324371606773806
2022-10-10,0.6656562500000001,0.0004757856147673492,288.0,Chirimachaya,0.2112989574670791,8.0,True,True,True,0.45435729253292095
2022-10-11,0.6637951388888889,0.0008813064313499028,288.0,Chirimachaya,0.20962365902960295,8.0,True,True,True,0.4541714798592859
2022-10-12,0.6598020833333333,0.0021099719683722613,288.0,Chirimachaya,0.20842669159173963,8.0,True,True,True,0.4513753917415937
2022-10-13,0.6518437499999999,0.002972562539086711,288.0,Chirimachaya,0.2075154315680265,8.0,True,True,True,0.44432831843197346
2022-10-14,0.64959375,0.004739730784486424,288.0,Chirimachaya,0.20761912316083903,8.0,True,True,True,0.44197462683916094
2022-10-15,0.6980520833333334,0.03285732109669876,288.0,Chirimachaya,0.2128116469830274,8.0,True,True,True,0.48524043635030595
2022-10-16,0.7426493055555556,0.006817067089097128,288.0,Chirimachaya,0.21213530935347075,8.0,True,True,True,0.5305139962020848
2022-10-17,0.7166597222222222,0.0037054685916287056,288.0,Chirimachaya,0.21139731444418428,8.0,True,True,True,0.5052624077780379
2022-10-18,0.7255555555555555,0.014293722107147164,288.0,Chirimachaya,0.2100806403905153,8.0,True,True,True,0.5154749151650402
2022-10-19,0.7530104166666667,0.0007489103582796166,288.0,Chirimachaya,0.2099453620612621,8.0,True,True,True,0.5430650546054046
2022-10-20,0.7547986111111111,0.0005484201079364132,288.0,Chirimachaya,0.2107632495462894,8.0,True,True,True,0.5440353615648217
2022-10-21,0.7559791666666666,0.00014307474716127,288.0,Chirimachaya,0.211289620026946,8.0,True,True,True,0.5446895466397206
2022-10-22,0.7559548611111111,0.0002079700665646777,288.0,Chirimachaya,0.21112525835633275,8.0,True,True,True,0.5448296027547783
2022-10-23,0.7364826388888889,0.011612787796164967,288.0,Chirimachaya,0.2106751538813114,8.0,True,True,True,0.5258074850075775
2022-10-24,0.7548298611111111,0.00037640882606008796,288.0,Chirimachaya,0.21118910051882261,8.0,True,True,True,0.5436407605922884
2022-10-25,0.7553888888888889,0.0004883465826888327,288.0,Chirimachaya,0.21361093223094937,8.0,True,True,True,0.5417779566579395
2022-10-26,0.7360902777777778,0.013875460601047586,288.0,Chirimachaya,0.21367139182984823,8.0,True,True,True,0.5224188859479295
2022-10-27,0.7060590277777777,0.005928140099940631,288.0,Chirimachaya,0.21344412863254542,8.0,True,True,True,0.4926148991452323
2022-10-28,0.6941631944444444,0.0025315637157843594,288.0,Chirimachaya,0.21228601597249502,8.0,True,True,True,0.4818771784719494
2022-10-29,0.68559375,0.002770846705145173,288.0,Chirimachaya,0.21152856759726998,8.0,True,True,True,0.47406518240273
2022-10-30,0.6764479166666667,0.002850037440918077,288.0,Chirimachaya,0.21025577187538144,8.0,True,True,True,0.46619214479128523
2022-10-31,0.6668541666666666,0.003141203635351452,288.0,Chirimachaya,0.2092138268053531,8.0,True,True,True,0.4576403398613135
2022-11-01,0.6565486111111112,0.00330310773550442,288.0,Chirimachaya,0.20950251817703244,8.0,True,True,True,0.4470460929340787
2022-11-02,0.6476319444444445,0.001691324565055363,288.0,Chirimachaya,0.20890359207987783,8.0,True,True,True,0.43872835236456664
2022-11-03,0.6435763888888889,0.0010663027471532018,288.0,Chirimachaya,0.20916989073157308,8.0,True,True,True,0.4344064981573158
2022-11-04,0.64034375,0.0011551562182242367,288.0,Chirimachaya,0.20844568684697148,8.0,True,True,True,0.4318980631530285
2022-11-05,0.6351701388888888,0.002283605556142057,288.0,Chirimachaya,0.20763406716287133,8.0,True,True,True,0.4275360717260175
2022-11-06,0.62646875,0.003330630074009172,288.0,Chirimachaya,0.20744039863348002,8.0,True,True,True,0.41902835136652
2022-11-07,0.6189027777777778,0.003298863587338368,288.0,Chirimachaya,0.2063005175441503,8.0,True,True,True,0.4126022602336275
2022-11-08,0.6215034722222222,0.0011415444757724336,288.0,Chirimachaya,0.20551308058202264,8.0,True,True,True,0.4159903916401996
2022-11-09,0.6225381944444445,0.0004994068297208646,288.0,Chirimachaya,0.20538324676454064,8.0,True,True,True,0.4171549476799038
2022-11-10,0.6198993055555556,0.0015707250607329265,288.0,Chirimachaya,0.2049064766615629,8.0,True,True,True,0.4149928288939927
2022-11-11,0.6143611111111111,0.0021804040513932876,288.0,Chirimachaya,0.2057223357260227,8.0,True,True,True,0.4086387753850884
2022-11-12,0.6064791666666667,0.0032168301968990135,288.0,Chirimachaya,0.20571134798228738,8.0,True,True,True,0.4007678186843793
2022-11-13,0.5952951388888889,0.004252448851543778,288.0,Chirimachaya,0.20562451332807538,8.0,True,True,True,0.38967062556081344
2022-11-14,0.58209375,0.004280442823651651,288.0,Chirimachaya,0.2046120800077915,8.0,True,True,True,0.37748166999220845
2022-11-15,0.5720868055555556,0.001604468782357428,288.0,Chirimachaya,0.2036713398993015,8.0,True,True,True,0.36841546565625405
2022-11-16,0.5744548611111111,0.002845262089324705,288.0,Chirimachaya,0.20357432775199408,8.0,True,True,True,0.370880533359117
2022-11-17,0.5891284722222222,0.006711124086763401,288.0,Chirimachaya,0.20456015132367608,8.0,True,True,True,0.3845683208985461
2022-11-18,0.6057638888888889,0.0023625596203559482,288.0,Chirimachaya,0.20498486235737795,8.0,True,True,True,0.40077902653151093
2022-11-19,0.6099930555555555,0.0007132057263180237,288.0,Chirimachaya,0.20396351814270017,8.0,True,True,True,0.4060295374128553
2022-11-20,0.6105347222222223,0.0005462982101539061,288.0,Chirimachaya,0.2031675092875957,8.0,True,True,True,0.4073672129346266
2022-11-21,0.6369409722222222,0.0355902933037747,288.0,Chirimachaya,0.2035680767148733,8.0,True,True,True,0.4333728955073489
2022-11-22,0.6692083333333333,0.00512882813601515,288.0,Chirimachaya,0.20491039380431172,8.0,True,True,True,0.46429793952902154
2022-11-23,0.65909375,0.002272750831363428,288.0,Chirimachaya,0.20414772070944304,8.0,True,True,True,0.454946029290557
2022-11-24,0.6520868055555556,0.0026443219434206786,288.0,Chirimachaya,0.20317685045301911,8.0,True,True,True,0.4489099551025365
2022-11-25,0.64471875,0.0018253143970515164,288.0,Chirimachaya,0.20233290828764436,8.0,True,True,True,0.4423858417123556
2022-11-26,0.6400625,0.0009750815207587663,288.0,Chirimachaya,0.20171971619129178,8.0,True,True,True,0.43834278380870817
2022-11-27,0.6368958333333334,0.0012450249427275212,288.0,Chirimachaya,0.20203060843050477,8.0,True,True,True,0.43486522490282864
2022-11-28,0.63171875,0.002514223475829219,288.0,Chirimachaya,0.20213036797940728,8.0,True,True,True,0.4295883820205927
2022-11-29,0.6233854166666667,0.0033527869472406834,288.0,Chirimachaya,0.20241125673055646,8.0,True,True,True,0.4209741599361102
2022-11-30,0.6129965277777778,0.0035184909893916593,288.0,Chirimachaya,0.20325079187750816,8.0,True,True,True,0.40974573590026964
2022-12-01,0.6014965277777777,0.004228654750947271,288.0,Chirimachaya,0.20277539640665052,8.0,True,True,True,0.3987211313711272
2022-12-02,0.5887638888888889,0.003986888111034878,288.0,Chirimachaya,0.20135342143476007,8.0,True,True,True,0.38741046745412877
2022-12-03,0.5768159722222221,0.003882977470198476,288.0,Chirimachaya,0.2009720411151647,8.0,True,True,True,0.37584393110705744
2022-12-04,0.5643958333333333,0.004631687179895105,288.0,Chirimachaya,0.20033567212522027,8.0,True,True,True,0.364060161208113
2022-12-05,0.5487708333333334,0.005908971210502906,288.0,Chirimachaya,0.199970006942749,8.0,True,True,True,0.3488008263905844
2022-12-06,0.5325104166666667,0.005139167339245253,288.0,Chirimachaya,0.19870779663324353,8.0,True,True,True,0.3338026200334231
2022-12-07,0.52571875,0.0009299858565484578,288.0,Chirimachaya,0.1982305776327848,8.0,True,True,True,0.3274881723672152
2022-12-08,0.5214965277777778,0.002257003446323743,288.0,Chirimachaya,0.19785381294786925,8.0,True,True,True,0.32364271482990853
2022-12-09,0.5152916666666667,0.002101517619869087,288.0,Chirimachaya,0.19764057919383043,8.0,True,True,True,0.31765108747283627
2022-12-10,0.5100555555555556,0.0017501728248270406,288.0,Chirimachaya,0.19697603955864904,8.0,True,True,True,0.31307951599690653
2022-12-11,0.5158020833333334,0.000540095326467822,288.0,Chirimachaya,0.19680540263652796,8.0,True,True,True,0.3189966806968055
2022-12-12,0.5152048611111111,0.0011025993906143192,288.0,Chirimachaya,0.19985533319413656,8.0,True,True,True,0.3153495279169745
2022-12-13,0.5113402777777778,0.0016129406755731196,288.0,Chirimachaya,0.20015211962163446,8.0,True,True,True,0.3111881581561433
2022-12-14,0.5077638888888889,0.0012009642531886947,288.0,Chirimachaya,0.20113832131028173,8.0,True,True,True,0.30662556757860715
2022-12-15,0.5039409722222222,0.0016358319259073704,288.0,Chirimachaya,0.20132493972778315,8.0,True,True,True,0.3026160324944391
2022-12-16,0.4995729166666667,0.0015147000370010163,288.0,Chirimachaya,0.20005750656127927,8.0,True,True,True,0.2995154101053874
2022-12-17,0.50246875,0.002835636062955434,288.0,Chirimachaya,0.1999165806919336,8.0,True,True,True,0.3025521693080664
2022-12-18,0.5173159722222223,0.003943082209304182,288.0,Chirimachaya,0.20105274766683573,8.0,True,True,True,0.3162632245553865
2022-12-19,0.5390312500000001,0.004671329541619618,288.0,Chirimachaya,0.2008429262787103,8.0,True,True,True,0.33818832372128976
2022-12-20,0.5454340277777778,0.0004964912699205435,288.0,Chirimachaya,0.19980159588158128,8.0,True,True,True,0.3456324318961965
2022-12-21,0.5437604166666667,0.0012721470095619246,288.0,Chirimachaya,0.2005042731761932,8.0,True,True,True,0.3432561434904735
2022-12-22,0.5484409722222223,0.001050960283925733,288.0,Chirimachaya,0.19983030110597608,8.0,True,True,True,0.3486106711162462
2022-12-23,0.5496527777777778,0.00047691582387098127,288.0,Chirimachaya,0.19900129362940783,8.0,True,True,True,0.35065148414836994
2022-12-24,0.5472951388888889,0.0014529954574800173,288.0,Chirimachaya,0.1989926807582378,8.0,True,True,True,0.3483024581306511
2022-12-25,0.5455034722222223,0.004090439489680495,288.0,Chirimachaya,0.19922236725687975,8.0,True,True,True,0.34628110496534253
2022-12-26,0.5628506944444445,0.002930424248406405,288.0,Chirimachaya,0.20044144243001935,8.0,True,True,True,0.3624092520144251
2022-12-27,0.5671180555555555,0.0015594894535673205,288.0,Chirimachaya,0.20025287009775636,8.0,True,True,True,0.3668651854577991
2022-12-28,0.5736874999999999,0.0009515712295347419,288.0,Chirimachaya,0.20044717006385324,8.0,True,True,True,0.37324032993614664
2022-12-29,0.5725277777777777,0.0006351432052785495,288.0,Chirimachaya,0.20014759711921212,8.0,True,True,True,0.3723801806585656
2022-12-30,0.5933506944444444,0.03292074634004723,288.0,Chirimachaya,0.20035723224282262,8.0,True,True,True,0.3929934622016218
2022-12-31,0.6431041666666667,0.00141035864171406,288.0,Chirimachaya,0.20528150908648965,8.0,True,True,True,0.437822657580177
2023-01-01,0.6576458333333334,0.024321014772864212,288.0,Chirimachaya,0.21014125831425187,8.0,True,True,True,0.4475045750190815
2023-01-02,0.7082951388888888,0.0010357935476366146,288.0,Chirimachaya,0.2159354425966739,8.0,True,True,True,0.49235969629221493
2023-01-03,0.6968993055555556,0.009093030577919553,288.0,Chirimachaya,0.21548514813184735,8.0,True,True,True,0.4814141574237082
2023-01-04,0.6747291666666667,0.005275964498906883,288.0,Chirimachaya,0.2145197000354528,8.0,True,True,True,0.4602094666312139
2023-01-05,0.6615763888888889,0.0031281120779600904,288.0,Chirimachaya,0.2133897580206394,8.0,True,True,True,0.4481866308682495
2023-01-06,0.6522118055555556,0.002943178412471027,288.0,Chirimachaya,0.21507680788636205,8.0,True,True,True,0.4371349976691935
2023-01-07,0.6448298611111112,0.0015846203278484226,288.0,Chirimachaya,0.21502569690346715,8.0,True,True,True,0.429804164207644
2023-01-08,0.6439375,0.00761734564686621,288.0,Chirimachaya,0.21469603478908536,8.0,True,True,True,0.42924146521091466
2023-01-09,0.6703263888888888,0.0014207514383706551,288.0,Chirimachaya,0.2149374410510063,8.0,True,True,True,0.45538894783788253
2023-01-10,0.6916875,0.03537365872661903,288.0,Chirimachaya,0.2167716454714536,8.0,True,True,True,0.4749158545285464
2023-01-11,0.7446875,0.0014625106092708174,288.0,Chirimachaya,0.21943710744380948,8.0,True,True,True,0.5252503925561904
2023-01-12,0.7451944444444444,0.00491144972144081,288.0,Chirimachaya,0.2216965705156326,8.0,True,True,True,0.5234978739288118
2023-01-13,0.7418541666666667,0.009474682015938353,288.0,Chirimachaya,0.2289400082081556,8.0,True,True,True,0.5129141584585111
2023-01-14,0.7147013888888889,0.0026819304013167024,288.0,Chirimachaya,0.2303797081112861,8.0,True,True,True,0.4843216807776028
2023-01-15,0.7189166666666666,0.01578712923483396,288.0,Chirimachaya,0.23375657014548773,8.0,True,True,True,0.4851600965211789
2023-01-16,0.7232013888888889,0.013938181016557522,288.0,Chirimachaya,0.23704247921705243,8.0,True,True,True,0.4861589096718364
2023-01-17,0.6986770833333333,0.0069047700398446096,288.0,Chirimachaya,0.23670730553567407,8.0,True,True,True,0.46196977779765924
2023-01-18,0.7010798611111111,0.006085672668434565,288.0,Chirimachaya,0.23756176233291623,8.0,True,True,True,0.46351809877819483
2023-01-19,0.7190659722222221,0.017404567717949734,288.0,Chirimachaya,0.23961015790700907,8.0,True,True,True,0.47945581431521306
2023-01-20,0.7167951388888888,0.006099898095465695,288.0,Chirimachaya,0.24144500307738778,8.0,True,True,True,0.475350135811501
2023-01-21,0.7071979166666666,0.00521179269551679,288.0,Chirimachaya,0.24192219413816926,8.0,True,True,True,0.46527572252849736
2023-01-22,0.6929895833333333,0.002573632548514528,288.0,Chirimachaya,0.24081291817128653,8.0,True,True,True,0.45217666516204674
2023-01-23,0.6837673611111111,0.0030827231244752976,288.0,Chirimachaya,0.23913364857435224,8.0,True,True,True,0.4446337125367589
2023-01-24,0.6776006944444445,0.002467262911740258,288.0,Chirimachaya,0.23783657513558862,8.0,True,True,True,0.43976411930885584
2023-01-25,0.6853750000000001,0.0015877361000319378,288.0,Chirimachaya,0.23698534816503522,8.0,True,True,True,0.4483896518349648
2023-01-26,0.6782430555555555,0.0027325538533326285,288.0,Chirimachaya,0.23615064844489095,8.0,True,True,True,0.44209240711066455
2023-01-27,0.6689513888888889,0.0034038917286693298,288.0,Chirimachaya,0.23516747914254663,8.0,True,True,True,0.4337839097463423
2023-01-28,0.65865625,0.0032433092479824026,288.0,Chirimachaya,0.2344378530979156,8.0,True,True,True,0.42421839690208446
2023-01-29,0.6479305555555556,0.0037753146077046866,288.0,Chirimachaya,0.2326381057500839,8.0,True,True,True,0.41529244980547164
2023-01-30,0.6580520833333333,0.03721620693142119,288.0,Chirimachaya,0.23221622407436368,8.0,True,True,True,0.4258358592589696
2023-01-31,0.7188020833333333,0.015389452783274681,288.0,Chirimachaya,0.23233626596629614,8.0,True,True,True,0.48646581736703715
2023-02-01,0.7188854166666666,0.01331672846342666,288.0,Chirimachaya,0.23372676223516461,8.0,True,True,True,0.48515865443150197
2023-02-02,0.6938472222222223,0.005304418570264371,288.0,Chirimachaya,0.2348091714084148,8.0,True,True,True,0.45903805081380744
2023-02-03,0.6788958333333334,0.00439942782152337,288.0,Chirimachaya,0.23338387534022328,8.0,True,True,True,0.44551195799311005
2023-02-04,0.6675208333333333,0.0027898990278085907,288.0,Chirimachaya,0.23147181235253805,8.0,True,True,True,0.4360490209807953
2023-02-05,0.6623229166666668,0.0008573696709198931,288.0,Chirimachaya,0.23051862046122548,8.0,True,True,True,0.43180429620544125
2023-02-06,0.6630902777777777,0.0025055011097727996,288.0,Chirimachaya,0.22929017245769498,8.0,True,True,True,0.43380010532008273
2023-02-07,0.6678229166666667,0.00038240368512514034,288.0,Chirimachaya,0.22869393229484555,8.0,True,True,True,0.43912898437182113
2023-02-08,0.6669722222222223,0.0017024043028538805,288.0,Chirimachaya,0.22769528441131112,8.0,True,True,True,0.43927693781091115
2023-02-09,0.6803402777777778,0.0016215585673600783,288.0,Chirimachaya,0.22690678201615808,8.0,True,True,True,0.45343349576161973
2023-02-10,0.6760173611111111,0.0018712134303429367,288.0,Chirimachaya,0.2268469668924808,8.0,True,True,True,0.4491703942186303
2023-02-11,0.6710347222222223,0.0012927737752871525,288.0,Chirimachaya,0.2265360094606876,8.0,True,True,True,0.44449871276153463
2023-02-12,0.6682291666666668,0.0005501821047907755,288.0,Chirimachaya,0.22630490921437738,8.0,True,True,True,0.44192425745228936
2023-02-13,0.6671006944444444,0.0003014475015753099,288.0,Chirimachaya,0.22643995843827722,8.0,True,True,True,0.4406607360061672
2023-02-14,0.6675069444444445,0.0005008220110960726,288.0,Chirimachaya,0.22638005204498762,8.0,True,True,True,0.44112689239945685
2023-02-15,0.6674479166666667,0.0004981455155913811,288.0,Chirimachaya,0.22666621580719942,8.0,True,True,True,0.4407817008594673
2023-02-16,0.6675034722222223,0.0005008582452193732,288.0,Chirimachaya,0.22851413860917089,8.0,True,True,True,0.43898933361305137
2023-02-17,0.6810416666666668,0.022806831606872927,288.0,Chirimachaya,0.23853733576834202,8.0,True,True,True,0.44250433089832475
2023-02-18,0.7092256944444444,0.005267853287792962,288.0,Chirimachaya,0.25457054004073143,8.0,True,True,True,0.45465515440371296
2023-02-19,0.7050798611111111,0.006636705868803143,288.0,Chirimachaya,0.2638588212430477,8.0,True,True,True,0.4412210398680634
2023-02-20,0.6855868055555556,0.004590487764200834,288.0,Chirimachaya,0.26465715095400805,8.0,True,True,True,0.4209296546015476
2023-02-21,0.6833159722222223,0.002452508157791395,288.0,Chirimachaya,0.27234868705272675,8.0,True,True,True,0.41096728516949554
2023-02-22,0.7027777777777778,0.02422310482964738,288.0,Chirimachaya,0.281541433185339,8.0,True,True,True,0.42123634459243886
2023-02-23,0.7474826388888889,0.0006727995348484389,288.0,Chirimachaya,0.2811945900321007,8.0,True,True,True,0.4662880488567882
2023-02-24,0.7117951388888888,0.013495245413149403,288.0,Chirimachaya,0.27993256598711014,8.0,True,True,True,0.43186257290177865
2023-02-25,0.6881770833333333,0.0038788126124150593,288.0,Chirimachaya,0.2802639082074165,8.0,True,True,True,0.4079131751259168
2023-02-26,0.6772604166666667,0.0030002722001947206,288.0,Chirimachaya,0.28012625128030777,8.0,True,True,True,0.39713416538635893
2023-02-27,0.6689236111111111,0.0021962269232509678,288.0,Chirimachaya,0.2785410992801189,8.0,True,True,True,0.3903825118309922
2023-02-28,0.663875,0.0007021619178544287,288.0,Chirimachaya,0.2776200771331787,8.0,True,True,True,0.3862549228668213
2023-03-01,0.6647395833333334,0.00043962587039808024,288.0,Chirimachaya,0.2767393849790096,8.0,True,True,True,0.3880001983543238
2023-03-02,0.6636041666666668,0.0007761133399034541,288.0,Chirimachaya,0.27524352446198463,8.0,True,True,True,0.38836064220468214
2023-03-03,0.6650208333333334,0.0004490601877975323,288.0,Chirimachaya,0.2740640193223953,8.0,True,True,True,0.39095681401093807
2023-03-04,0.67209375,0.007197674021796291,288.0,Chirimachaya,0.2729744277894497,8.0,True,True,True,0.39911932221055035
2023-03-05,0.7002048611111111,0.01104487413146679,288.0,Chirimachaya,0.27378910407423973,8.0,True,True,True,0.4264157570368714
2023-03-06,0.7039166666666666,0.00797032824946249,288.0,Chirimachaya,0.27790985628962517,8.0,True,True,True,0.42600681037704147
2023-03-07,0.7117916666666666,0.003118730645028099,288.0,Chirimachaya,0.28027071431279177,8.0,True,True,True,0.43152095235387483
2023-03-08,0.7092499999999999,0.0027140106224066,288.0,Chirimachaya,0.28584599867463106,8.0,True,True,True,0.4234040013253689
2023-03-09,0.7145034722222222,0.020779076561408233,288.0,Chirimachaya,0.28973969072103495,8.0,True,True,True,0.42476378150118727
2023-03-10,0.7396620209059233,0.012359732727873083,287.0,Chirimachaya,0.2962324880063533,8.0,True,True,True,0.44342953289956993
2023-03-11,0.6996840277777777,0.005781216288053812,288.0,Chirimachaya,0.2995108775794506,8.0,True,True,True,0.4001731501983271
2023-03-12,0.6863194444444445,0.002869162676426846,288.0,Chirimachaya,0.3007642775774002,8.0,True,True,True,0.3855551668670443
2023-03-13,0.6776770833333334,0.00233364182049035,288.0,Chirimachaya,0.3019687719643116,8.0,True,True,True,0.37570831136902183
2023-03-14,0.6755416666666667,0.004871698828678767,288.0,Chirimachaya,0.31059007719159126,8.0,True,True,True,0.36495158947507544
2023-03-15,0.6869166666666666,0.0019362667481162446,288.0,Chirimachaya,0.31407554820179934,8.0,True,True,True,0.3728411184648673
2023-03-16,0.6859756944444445,0.0023019684510251865,288.0,Chirimachaya,0.3161795027554035,8.0,True,True,True,0.369796191689041
2023-03-17,0.6782916666666667,0.002432002086006819,288.0,Chirimachaya,0.3138321675360202,8.0,True,True,True,0.3644594991306465
2023-03-18,0.6704965277777778,0.002428056483062263,288.0,Chirimachaya,0.3136858455836773,8.0,True,True,True,0.3568106821941005
2023-03-19,0.6631875,0.002273828526350824,288.0,Chirimachaya,0.3128389790654182,8.0,True,True,True,0.35034852093458185
2023-03-20,0.6561527777777778,0.002317392035438994,288.0,Chirimachaya,0.31090395525097847,8.0,True,True,True,0.34524882252679934
2023-03-21,0.6485798611111111,0.0026635775334706525,288.0,Chirimachaya,0.3085230216383934,8.0,True,True,True,0.3400568394727177
2023-03-22,0.63990625,0.0031293088760639735,288.0,Chirimachaya,0.306931659579277,8.0,True,True,True,0.332974590420723
2023-03-23,0.6299930555555555,0.0034821526598829166,288.0,Chirimachaya,0.3052840679883957,8.0,True,True,True,0.3247089875671598
2023-03-24,0.6433055555555556,0.010540631706090993,288.0,Chirimachaya,0.3061154745519161,8.0,True,True,True,0.33719008100363945
2023-03-25,0.7009618055555555,0.037672001815279695,288.0,Chirimachaya,0.31263527646660805,8.0,True,True,True,0.3883265290889475
2023-03-26,0.7415173611111111,0.0081317361665078,288.0,Chirimachaya,0.31199025735259056,8.0,True,True,True,0.42952710375852055
2023-03-27,0.7135451388888889,0.003257483046687943,288.0,Chirimachaya,0.3100062534213066,8.0,True,True,True,0.4035388854675823
2023-03-28,0.7257881944444444,0.018688355563355834,288.0,Chirimachaya,0.3087599202990532,8.0,True,True,True,0.41702827414539123
2023-03-29,0.7518229166666667,0.0009553968290953727,288.0,Chirimachaya,0.30943276360630984,8.0,True,True,True,0.44239015306035684
2023-03-30,0.7413020833333334,0.01299379626164736,288.0,Chirimachaya,0.30911028012633324,8.0,True,True,True,0.4321918032070001
2023-03-31,0.7259548611111111,0.014956197740459322,288.0,Chirimachaya,0.3100475072860718,8.0,True,True,True,0.4159073538250393
2023-04-01,0.7214409722222223,0.010168441397049201,288.0,Chirimachaya,0.3112640008330345,8.0,True,True,True,0.41017697138918774
2023-04-02,0.7261284722222222,0.011996841414703141,288.0,Chirimachaya,0.30983275920152664,8.0,True,True,True,0.41629571302069557
2023-04-03,0.7310381944444444,0.01530714345105098,288.0,Chirimachaya,0.3097026981413364,8.0,True,True,True,0.421335496303108
2023-04-04,0.7312777777777778,0.0162722672714205,288.0,Chirimachaya,0.31001611053943634,8.0,True,True,True,0.42126166723834146
2023-04-05,0.7283124999999999,0.0203072115200794,288.0,Chirimachaya,0.3168684355914592,8.0,True,True,True,0.4114440644085407
2023-04-06,0.7418194444444445,0.010611710563524208,288.0,Chirimachaya,0.32385879755020136,8.0,True,True,True,0.4179606468942431
2023-04-07,0.729298611111111,0.016025710988858168,288.0,Chirimachaya,0.32955776527523994,8.0,True,True,True,0.3997408458358711
2023-04-08,0.7501666666666666,0.006573094774373191,288.0,Chirimachaya,0.3269583396613598,8.0,True,True,True,0.42320832700530686
2023-04-09,0.7354340277777778,0.01529190381857151,288.0,Chirimachaya,0.3290104232728481,8.0,True,True,True,0.4064236045049297
2023-04-10,0.7256805555555554,0.019902778605158686,288.0,Chirimachaya,0.32632627338171005,8.0,True,True,True,0.3993542821738454
2023-04-11,0.7356840277777779,0.014939861620964933,288.0,Chirimachaya,0.32569899410009384,8.0,True,True,True,0.409985033677684
2023-04-12,0.7354270833333333,0.016361387871027623,288.0,Chirimachaya,0.3232792653143406,8.0,True,True,True,0.4121478180189927
2023-04-13,0.7089861111111111,0.002203848743398278,288.0,Chirimachaya,0.32097115367650986,8.0,True,True,True,0.38801495743460124
2023-04-14,0.6993888888888888,0.0028860136381033607,288.0,Chirimachaya,0.3222087100148201,8.0,True,True,True,0.37718017887406874
2023-04-15,0.6908402777777778,0.002442832634760988,288.0,Chirimachaya,0.3251626007258892,8.0,True,True,True,0.3656776770518886
2023-04-16,0.7214965277777777,0.018163408148449713,288.0,Chirimachaya,0.325337465852499,8.0,True,True,True,0.3961590619252787
2023-04-17,0.7374791666666667,0.011406318164800259,288.0,Chirimachaya,0.3314939364790916,8.0,True,True,True,0.4059852301875751
2023-04-18,0.70965625,0.006209178535331777,288.0,Chirimachaya,0.33269432187080383,8.0,True,True,True,0.37696192812919616
2023-04-19,0.6962881944444443,0.00240577112537815,288.0,Chirimachaya,0.3293791227042675,8.0,True,True,True,0.36690907174017684
2023-04-20,0.7259618055555556,0.02013513404994965,288.0,Chirimachaya,0.32812325283885,8.0,True,True,True,0.39783855271670554
2023-04-21,0.7285451388888888,0.01421284362900174,288.0,Chirimachaya,0.3294439986348152,8.0,True,True,True,0.3991011402540736
2023-04-22,0.71128125,0.0054556235571392555,288.0,Chirimachaya,0.33083178475499153,8.0,True,True,True,0.38044946524500844
2023-04-23,0.71053125,0.008199540811057398,288.0,Chirimachaya,0.3342177011072635,8.0,True,True,True,0.37631354889273644
2023-04-24,0.7227986111111111,0.018429101309281225,288.0,Chirimachaya,0.3337826728820801,8.0,True,True,True,0.389015938229031
2023-04-25,0.7458472222222222,0.01135509797829976,288.0,Chirimachaya,0.3367696106433868,8.0,True,True,True,0.40907761157883543
2023-04-26,0.7489652777777778,0.004077495293292353,288.0,Chirimachaya,0.3385530896484852,8.0,True,True,True,0.4104121881292926
2023-04-27,0.7535694444444444,0.0005098715801668152,288.0,Chirimachaya,0.33919021487236023,8.0,True,True,True,0.4143792295720842
2023-04-28,0.7542708333333333,0.0004451637133767253,288.0,Chirimachaya,0.3369841836392879,8.0,True,True,True,0.41728664969404544
2023-04-29,0.7350972222222222,0.010201331773715296,288.0,Chirimachaya,0.33376603201031685,8.0,True,True,True,0.40133119021190533
2023-04-30,0.7098090277777778,0.004708394359938892,288.0,Chirimachaya,0.3310247138142586,8.0,True,True,True,0.3787843139635192
2023-05-01,0.7070138888888888,0.0029748917026782918,288.0,Chirimachaya,0.3283517360687256,8.0,True,True,True,0.37866215282016324
2023-05-02,0.6978645833333332,0.0024192309876133818,288.0,Chirimachaya,0.32554714754223824,8.0,True,True,True,0.372317435791095
2023-05-03,0.6916979166666666,0.001302261166717874,288.0,Chirimachaya,0.3228750303387642,8.0,True,True,True,0.3688228863279024
2023-05-04,0.6887291666666666,0.0009460628114484103,288.0,Chirimachaya,0.32002004608511925,8.0,True,True,True,0.36870912058154737
2023-05-05,0.6849305555555556,0.0011932024532594248,288.0,Chirimachaya,0.31727077066898346,8.0,True,True,True,0.36765978488657214
2023-05-06,0.6808437500000001,0.0013330021002624746,288.0,Chirimachaya,0.3158634752035141,8.0,True,True,True,0.364980274796486
2023-05-07,0.6766215277777778,0.0015230477053640465,288.0,Chirimachaya,0.3139384388923645,8.0,True,True,True,0.36268308888541334
2023-05-08,0.6718680555555556,0.0015198868827239211,288.0,Chirimachaya,0.31192686781287193,8.0,True,True,True,0.3599411877426837
2023-05-09,0.6886875,0.0171419442991571,288.0,Chirimachaya,0.31104507297277445,8.0,True,True,True,0.37764242702722556
2023-05-10,0.7295868055555554,0.010949015493760813,288.0,Chirimachaya,0.310618344694376,8.0,True,True,True,0.41896846086117945
2023-05-11,0.747773519163763,0.000674922284167947,287.0,Chirimachaya,0.31014833226799965,8.0,True,True,True,0.43762518689576335
2023-05-12,0.7189340277777778,0.00798206756021332,288.0,Chirimachaya,0.3104348108172416,8.0,True,True,True,0.4084992169605362
2023-05-13,0.702017361111111,0.00175792203357073,288.0,Chirimachaya,0.3087170049548149,8.0,True,True,True,0.3933003561562961
2023-05-14,0.7084722222222222,0.004869652084166409,288.0,Chirimachaya,0.3065829649567604,8.0,True,True,True,0.40188925726546176
2023-05-15,0.7061979166666666,0.0026130993719195137,288.0,Chirimachaya,0.30465948209166527,8.0,True,True,True,0.4015384345750014
2023-05-16,0.6959618055555555,0.0027002257365379857,288.0,Chirimachaya,0.30322643741965294,8.0,True,True,True,0.3927353681359026
2023-05-17,0.6875208333333334,0.002745839424719094,288.0,Chirimachaya,0.3014054447412491,8.0,True,True,True,0.3861153885920843
2023-05-18,0.6796215277777778,0.001830582748151996,288.0,Chirimachaya,0.2992365397512913,8.0,True,True,True,0.38038498802648657
2023-05-19,0.6743402777777778,0.0016471417306225058,288.0,Chirimachaya,0.2977110259234905,8.0,True,True,True,0.3766292518542873
2023-05-20,0.7014583333333334,0.027195735215972277,288.0,Chirimachaya,0.29844895377755165,8.0,True,True,True,0.40300937955578175
2023-05-21,0.7425833333333334,0.01109948675713337,288.0,Chirimachaya,0.3021556437015533,8.0,True,True,True,0.4404276896317801
2023-05-22,0.7088541666666666,0.01611088265954696,288.0,Chirimachaya,0.30054036900401115,8.0,True,True,True,0.4083137976626554
2023-05-23,0.7476840277777778,0.0010497162845126233,288.0,Chirimachaya,0.30309250950813293,8.0,True,True,True,0.4445915182696448
2023-05-24,0.7329444444444444,0.015387799039244256,288.0,Chirimachaya,0.30973242223262787,8.0,True,True,True,0.42321202221181653
2023-05-25,0.7010902777777778,0.0038362169127041093,288.0,Chirimachaya,0.3085750453174114,8.0,True,True,True,0.39251523246036635
2023-05-26,0.696017361111111,0.0016023862806730986,288.0,Chirimachaya,0.30816565826535225,8.0,True,True,True,0.38785170284575876
2023-05-27,0.6897916666666667,0.001776246679042155,288.0,Chirimachaya,0.30833664536476135,8.0,True,True,True,0.38145502130190534
2023-05-28,0.6850312500000001,0.0012614890128799681,288.0,Chirimachaya,0.3082795664668083,8.0,True,True,True,0.3767516835331918
2023-05-29,0.6810173611111111,0.001370308841869483,288.0,Chirimachaya,0.30853523313999176,8.0,True,True,True,0.37248212797111935
2023-05-30,0.6764756944444446,0.0016983593857526492,288.0,Chirimachaya,0.306522611528635,8.0,True,True,True,0.36995308291580953
2023-05-31,0.6770416666666667,0.0050913262307040585,288.0,Chirimachaya,0.3047130815684795,8.0,True,True,True,0.37232858509818717
2023-06-01,0.6868159722222222,0.0009649728341533801,288.0,Chirimachaya,0.3041285611689091,8.0,True,True,True,0.38268741105331316
2023-06-02,0.6892326388888889,0.0005765849068943598,288.0,Chirimachaya,0.3027637414634228,8.0,True,True,True,0.3864688974254661
2023-06-03,0.6864618055555556,0.0010877523114108183,288.0,Chirimachaya,0.3025215081870556,8.0,True,True,True,0.3839402973685
2023-06-04,0.6826006944444445,0.0012757178222708098,288.0,Chirimachaya,0.30261441320180893,8.0,True,True,True,0.37998628124263556
2023-06-05,0.6803541666666667,0.001399197131658138,288.0,Chirimachaya,0.30252307280898094,8.0,True,True,True,0.37783109385768576
2023-06-06,0.6963784722222223,0.015749536415695847,288.0,Chirimachaya,0.30123650655150414,8.0,True,True,True,0.39514196567071813
2023-06-07,0.7100416666666667,0.002198748456172064,288.0,Chirimachaya,0.3018828444182873,8.0,True,True,True,0.4081588222483794
2023-06-08,0.7071041666666666,0.003354166892101331,288.0,Chirimachaya,0.30152676254510874,8.0,True,True,True,0.4055774041215579
2023-06-09,0.7039861111111111,0.002591828787068853,288.0,Chirimachaya,0.29997534677386284,8.0,True,True,True,0.40401076433724825
2023-06-10,0.7044930555555555,0.011902037144624634,288.0,Chirimachaya,0.29874891042709345,8.0,True,True,True,0.4057441451284621
2023-06-11,0.7049895833333333,0.007862708869502067,288.0,Chirimachaya,0.29942668601870537,8.0,True,True,True,0.4055628973146279
2023-06-12,0.6927430555555555,0.0021077144772146074,288.0,Chirimachaya,0.2986056245863437,8.0,True,True,True,0.3941374309692118
2023-06-13,0.6860034722222222,0.0020388188557966275,288.0,Chirimachaya,0.2966244556009769,8.0,True,True,True,0.38937901662124536
2023-06-14,0.6891666666666666,0.006624839752187382,288.0,Chirimachaya,0.2945563420653343,8.0,True,True,True,0.3946103246013323
2023-06-15,0.7049895833333333,0.011335087634088862,288.0,Chirimachaya,0.29381899163126945,8.0,True,True,True,0.4111705917020638
2023-06-16,0.7175243055555556,0.004075006620678546,288.0,Chirimachaya,0.2933614328503608,8.0,True,True,True,0.42416287270519476
2023-06-17,0.7048402777777778,0.004791344103671168,288.0,Chirimachaya,0.2924892306327819,8.0,True,True,True,0.4123510471449959
2023-06-18,0.6918715277777777,0.0027938749131958328,288.0,Chirimachaya,0.29087566956877703,8.0,True,True,True,0.4009958582090007
2023-06-19,0.6837534722222223,0.00231905943911586,288.0,Chirimachaya,0.28885164111852646,8.0,True,True,True,0.3949018311036958
2023-06-20,0.6763923611111111,0.002439985715989185,288.0,Chirimachaya,0.2868158109486103,8.0,True,True,True,0.3895765501625008
2023-06-21,0.6694270833333333,0.001894857105292323,288.0,Chirimachaya,0.28543731570243835,8.0,True,True,True,0.383989767630895
2023-06-22,0.6642604166666667,0.0015766907853959355,288.0,Chirimachaya,0.2851015329360962,8.0,True,True,True,0.3791588837305705
2023-06-23,0.6595937500000001,0.0014209345087122466,288.0,Chirimachaya,0.28433565795421595,8.0,True,True,True,0.37525809204578414
2023-06-24,0.6705173611111112,0.016384524992018708,288.0,Chirimachaya,0.28303108736872673,8.0,True,True,True,0.3874862737423844
2023-06-25,0.6948020833333333,0.001712547209349452,288.0,Chirimachaya,0.2817259766161442,8.0,True,True,True,0.4130761067171891
2023-06-26,0.7056840277777777,0.004520278169641073,288.0,Chirimachaya,0.28093018755316734,8.0,True,True,True,0.4247538402246104
2023-06-27,0.6990868055555555,0.003187972748906905,288.0,Chirimachaya,0.28091952204704285,8.0,True,True,True,0.4181672835085126
2023-06-28,0.6908368055555555,0.0020930695837975024,288.0,Chirimachaya,0.27947134152054787,8.0,True,True,True,0.4113654640350076
2023-06-29,0.7088402777777778,0.028636168546987913,288.0,Chirimachaya,0.2770568057894706,8.0,True,True,True,0.4317834719883072
2023-06-30,0.7457777777777778,0.003532713113667271,288.0,Chirimachaya,0.2769315876066685,8.0,True,True,True,0.4688461901711093
2023-07-01,0.7167013888888889,0.0064436229568393035,288.0,Chirimachaya,0.2760053798556328,8.0,True,True,True,0.4406960090332561
2023-07-02,0.6980590277777777,0.0037731845567867627,288.0,Chirimachaya,0.2738422341644764,8.0,True,True,True,0.42421679361330134
2023-07-03,0.6880833333333334,0.0028086476714172383,288.0,Chirimachaya,0.27268826588988304,8.0,True,True,True,0.41539506744345034
2023-07-04,0.6796840277777778,0.0024947656197493793,288.0,Chirimachaya,0.2711027227342129,8.0,True,True,True,0.40858130504356494
2023-07-05,0.6722187500000001,0.002109559088302087,288.0,Chirimachaya,0.2699851430952549,8.0,True,True,True,0.4022336069047452
2023-07-06,0.6669131944444444,0.0015759846887145787,288.0,Chirimachaya,0.26947339624166483,8.0,True,True,True,0.3974397982027796
2023-07-07,0.6660451388888888,0.004233767193603395,288.0,Chirimachaya,0.2684600241482258,8.0,True,True,True,0.39758511474066305
2023-07-08,0.7303958333333334,0.028676185350771002,288.0,Chirimachaya,0.27738309279084206,8.0,True,True,True,0.4530127405424913
2023-07-09,0.7468819444444444,0.0022708469855422784,288.0,Chirimachaya,0.2828500419855118,8.0,True,True,True,0.46403190245893267
2023-07-10,0.7154340277777778,0.008818484413105026,288.0,Chirimachaya,0.2815089821815491,8.0,True,True,True,0.4339250455962287
2023-07-11,0.7009201388888888,0.0005818485334124654,288.0,Chirimachaya,0.2790920361876488,8.0,True,True,True,0.42182810270124005
2023-07-12,0.7016770833333333,0.0018374432604009682,288.0,Chirimachaya,0.2765849456191063,8.0,True,True,True,0.42509213771422705
2023-07-13,0.6943611111111111,0.002349619618147188,288.0,Chirimachaya,0.2744414657354355,8.0,True,True,True,0.4199196453756756
2023-07-14,0.6876979166666666,0.0017497822164136581,288.0,Chirimachaya,0.27260174974799156,8.0,True,True,True,0.415096166918675
2023-07-15,0.6883298611111112,0.004727288706777518,288.0,Chirimachaya,0.27391165122389793,8.0,True,True,True,0.41441820988721323
2023-07-16,0.6936388888888888,0.0007796283498680737,288.0,Chirimachaya,0.2758946046233177,8.0,True,True,True,0.4177442842655711
2023-07-17,0.6917743055555555,0.000699252615225202,288.0,Chirimachaya,0.2742285393178463,8.0,True,True,True,0.4175457662377092
2023-07-18,0.7088784722222221,0.012570185749749125,288.0,Chirimachaya,0.27317934855818743,8.0,True,True,True,0.4356991236640347
2023-07-19,0.7029826388888888,0.006132370611649426,288.0,Chirimachaya,0.2712719887495041,8.0,True,True,True,0.4317106501393847
2023-07-20,0.7083368055555554,0.0070474573122745335,288.0,Chirimachaya,0.26914791762828827,8.0,True,True,True,0.4391888879272672
2023-07-21,0.7082048611111111,0.0021502071810432424,288.0,Chirimachaya,0.2678023390471935,8.0,True,True,True,0.4404025220639176
2023-07-22,0.7008159722222221,0.0010807896967327361,288.0,Chirimachaya,0.2664130739867687,8.0,True,True,True,0.4344028982354534
2023-07-23,0.6943437499999999,0.0023455560695200524,288.0,Chirimachaya,0.2649907357990742,8.0,True,True,True,0.42935301420092575
2023-07-24,0.6938923611111111,0.003818013053149992,288.0,Chirimachaya,0.2634124122560024,8.0,True,True,True,0.43047994885510865
2023-07-25,0.6933472222222222,0.0020662189017013983,288.0,Chirimachaya,0.26240982860326767,8.0,True,True,True,0.43093739361895456
2023-07-26,0.6865590277777778,0.00239555084685206,288.0,Chirimachaya,0.2605045214295387,8.0,True,True,True,0.42605450634823905
2023-07-27,0.679763888888889,0.0016632368891065451,288.0,Chirimachaya,0.25894710421562195,8.0,True,True,True,0.420816784673267
2023-07-28,0.6759930555555556,0.0006465833848453446,288.0,Chirimachaya,0.25733406469225883,8.0,True,True,True,0.4186589908632967
2023-07-29,0.6842916666666666,0.005484695208769409,288.0,Chirimachaya,0.25645818188786507,8.0,True,True,True,0.42783348477880156
2023-07-30,0.7074409722222222,0.006798492487073058,288.0,Chirimachaya,0.2552463747560978,8.0,True,True,True,0.45219459746612445
2023-07-31,0.7000972222222221,0.004133351129555717,288.0,Chirimachaya,0.25286420062184334,8.0,True,True,True,0.4472330216003788
2023-08-01,0.6909340277777777,0.0022036922831165907,288.0,Chirimachaya,0.2510632909834385,8.0,True,True,True,0.4398707367943392
2023-08-02,0.6872395833333333,0.0011082031002925784,288.0,Chirimachaya,0.25126063823699946,8.0,True,True,True,0.4359789450963339
2023-08-03,0.68821875,0.0008897769168011841,288.0,Chirimachaya,0.24974028952419755,8.0,True,True,True,0.4384784604758024
2023-08-04,0.6843055555555556,0.0015246078048388823,288.0,Chirimachaya,0.24868578091263768,8.0,True,True,True,0.4356197746429179
2023-08-05,0.6814618055555557,0.0004994068297208653,288.0,Chirimachaya,0.24748124554753304,8.0,True,True,True,0.43398056000802265
2023-08-06,0.6829895833333334,0.00010170583392827924,288.0,Chirimachaya,0.24580825865268702,8.0,True,True,True,0.43718132468064635
2023-08-07,0.6822152777777778,0.0008277688785517201,288.0,Chirimachaya,0.24466349370777604,8.0,True,True,True,0.4375517840700017
2023-08-08,0.6792291666666668,0.0010866228089449288,288.0,Chirimachaya,0.24383763410151002,8.0,True,True,True,0.4353915325651567
2023-08-09,0.6763055555555556,0.0008202810581286325,288.0,Chirimachaya,0.2430485878139734,8.0,True,True,True,0.4332569677415822
2023-08-10,0.6735000000000001,0.0014956382577040897,288.0,Chirimachaya,0.24172523804008958,8.0,True,True,True,0.4317747619599105
2023-08-11,0.6697916666666667,0.0008981203755952848,288.0,Chirimachaya,0.2399525251239538,8.0,True,True,True,0.42983914154271285
2023-08-12,0.6673645833333334,0.0009712213475430783,288.0,Chirimachaya,0.23861387372016904,8.0,True,True,True,0.4287507096131643
2023-08-13,0.6654166666666668,0.0004938647983248819,288.0,Chirimachaya,0.2376550734043121,8.0,True,True,True,0.42776159326235463
2023-08-14,0.6661736111111112,0.0006607973339314034,288.0,Chirimachaya,0.23752319440245626,8.0,True,True,True,0.4286504167086549
2023-08-15,0.7245034722222222,0.028566323373987727,288.0,Chirimachaya,0.23665036447346208,8.0,True,True,True,0.4878531077487601
2023-08-16,0.7465972222222222,0.002927270421005413,288.0,Chirimachaya,0.2340262401849031,8.0,True,True,True,0.5125709820373192
2023-08-17,0.7158784722222222,0.008999176603406411,288.0,Chirimachaya,0.23268376849591726,8.0,True,True,True,0.48319470372630496
2023-08-18,0.6968958333333333,0.0038240368512506523,288.0,Chirimachaya,0.23182087019085879,8.0,True,True,True,0.4650749631424745
2023-08-19,0.6858472222222223,0.003535424402606258,288.0,Chirimachaya,0.23002312704920766,8.0,True,True,True,0.4558240951730146
2023-08-20,0.6769930555555557,0.002149455899964566,288.0,Chirimachaya,0.2292014956474304,8.0,True,True,True,0.44779155990812525
2023-08-21,0.7386736111111111,0.006378131039384133,288.0,Chirimachaya,0.23202037438750264,8.0,True,True,True,0.5066532367236084
2023-08-22,0.7421944444444445,0.000971924903379265,288.0,Chirimachaya,0.23570838943123815,8.0,True,True,True,0.5064860550132063
2023-08-23,0.7447361111111112,0.0004415069397587056,288.0,Chirimachaya,0.23703158646821973,8.0,True,True,True,0.5077045246428914
2023-08-24,0.7243645833333333,0.013058794779004191,288.0,Chirimachaya,0.23426355794072148,8.0,True,True,True,0.4901010253926118
2023-08-25,0.6978298611111111,0.004039294447327457,288.0,Chirimachaya,0.23330568149685854,8.0,True,True,True,0.4645241796142526
2023-08-26,0.6875138888888889,0.003179827775914302,288.0,Chirimachaya,0.23301382921636102,8.0,True,True,True,0.4545000596725278
2023-08-27,0.6782013888888889,0.0027575170902990292,288.0,Chirimachaya,0.2311333213001489,8.0,True,True,True,0.44706806758874
2023-08-28,0.6744722222222223,0.0005776854507964292,288.0,Chirimachaya,0.23258749581873414,8.0,True,True,True,0.4418847264034881
2023-08-29,0.6737361111111111,0.001212513794518225,288.0,Chirimachaya,0.23280430398881433,8.0,True,True,True,0.44093180712229674
2023-08-30,0.6687673611111111,0.002410353100944902,288.0,Chirimachaya,0.23023820295929906,8.0,True,True,True,0.43852915815181204
2023-08-31,0.6613414634146342,0.002036842978597187,287.0,Chirimachaya,0.22821315005421636,8.0,True,True,True,0.4331283133604178
2023-09-01,0.6558923611111112,0.0018055886860774643,288.0,Chirimachaya,0.22716868482530111,8.0,True,True,True,0.42872367628581004
2023-09-02,0.6501215277777779,0.002202901577036787,288.0,Chirimachaya,0.2255712747573852,8.0,True,True,True,0.4245502530203927
2023-09-03,0.6433090277777778,0.0022674000273976962,288.0,Chirimachaya,0.22526392526924607,8.0,True,True,True,0.41804510250853166
2023-09-04,0.6370659722222222,0.0016440649543549098,288.0,Chirimachaya,0.22418552637100217,8.0,True,True,True,0.41288044585121997
2023-09-05,0.6332465277777778,0.0004317395644256788,288.0,Chirimachaya,0.22320756316184992,8.0,True,True,True,0.41003896461592787
2023-09-06,0.6344375,0.0004969418673368623,288.0,Chirimachaya,0.22116108611226076,8.0,True,True,True,0.4132764138877392
2023-09-07,0.6320277777777777,0.0019858188682817103,288.0,Chirimachaya,0.21944357268512246,8.0,True,True,True,0.41258420509265525
2023-09-08,0.6244375,0.0029412807421569454,288.0,Chirimachaya,0.21753252111375326,8.0,True,True,True,0.4069049788862467
2023-09-09,0.6152187499999999,0.002987324412054693,288.0,Chirimachaya,0.21640132926404473,8.0,True,True,True,0.39881742073595516
2023-09-10,0.6067361111111111,0.0022585065248529584,288.0,Chirimachaya,0.21507872268557546,8.0,True,True,True,0.39165738842553566
2023-09-11,0.6003888888888889,0.0016256271311384247,288.0,Chirimachaya,0.21516837738454336,8.0,True,True,True,0.3852205115043455
2023-09-12,0.5943402777777778,0.002593648619799431,288.0,Chirimachaya,0.21417150832712645,8.0,True,True,True,0.3801687694506513
2023-09-13,0.5863611111111111,0.002720706792549618,288.0,Chirimachaya,0.213169889524579,8.0,True,True,True,0.3731912215865321
2023-09-14,0.578954861111111,0.0018557878145677405,288.0,Chirimachaya,0.2121501117944717,8.0,True,True,True,0.3668047493166393
2023-09-15,0.5756979166666666,0.0006485544096678373,288.0,Chirimachaya,0.21150873973965642,8.0,True,True,True,0.36418917692701014
2023-09-16,0.5759965277777778,0.0011908427136125951,288.0,Chirimachaya,0.21088458225131032,8.0,True,True,True,0.3651119455264674
2023-09-17,0.5718888888888888,0.002068887196420837,288.0,Chirimachaya,0.20972140133380887,8.0,True,True,True,0.3621674875550799
2023-09-18,0.5657152777777777,0.0020196359917806837,288.0,Chirimachaya,0.20831519924104208,8.0,True,True,True,0.35740007853673567
2023-09-19,0.5601493055555555,0.001779264872972134,288.0,Chirimachaya,0.2074102815240621,8.0,True,True,True,0.35273902403149343
2023-09-20,0.5541284722222223,0.002108756034529014,288.0,Chirimachaya,0.20660245604813096,8.0,True,True,True,0.3475260161740913
2023-09-21,0.548,0.002073560119201955,288.0,Chirimachaya,0.20728159137070173,8.0,True,True,True,0.3407184086292983
2023-09-22,0.5415243055555555,0.0021574196268647036,288.0,Chirimachaya,0.2062453534454107,8.0,True,True,True,0.3352789521101448
2023-09-23,0.5360590277777778,0.001240990567279455,288.0,Chirimachaya,0.2046767324209213,8.0,True,True,True,0.3313822953568565
2023-09-24,0.5321597222222222,0.0015172099574464399,288.0,Chirimachaya,0.2033814191818237,8.0,True,True,True,0.32877830304039846
2023-09-25,0.5277083333333334,0.001471565569888067,288.0,Chirimachaya,0.20283109508454797,8.0,True,True,True,0.32487723824878545
2023-09-26,0.5298090277777778,0.01040679497395273,288.0,Chirimachaya,0.20374657586216924,8.0,True,True,True,0.32606245191560856
2023-09-27,0.5457118055555557,0.0009718688866259934,288.0,Chirimachaya,0.20373298600316045,8.0,True,True,True,0.3419788195523952
2023-09-28,0.5426319444444445,0.0014104958861998632,288.0,Chirimachaya,0.20308597385883326,8.0,True,True,True,0.33954597058561126
2023-09-29,0.5377083333333333,0.0021213203435593506,288.0,Chirimachaya,0.20270677842199797,8.0,True,True,True,0.3350015549113354
2023-09-30,0.5325277777777777,0.0011503336552452059,288.0,Chirimachaya,0.20085061155259604,8.0,True,True,True,0.3316771662251817
2023-10-01,0.5281111111111111,0.0016741990070289472,288.0,Chirimachaya,0.19981130398809907,8.0,True,True,True,0.328299807123012
2023-10-02,0.5227916666666667,0.0021619935309512375,288.0,Chirimachaya,0.19907793961465353,8.0,True,True,True,0.3237137270520131
2023-10-03,0.5160659722222223,0.00268285726293846,288.0,Chirimachaya,0.19842909649014467,8.0,True,True,True,0.3176368757320776
2023-10-04,0.5078159722222222,0.0031816364030663297,288.0,Chirimachaya,0.19753533229231832,8.0,True,True,True,0.31028063992990385
2023-10-05,0.49896527777777777,0.0031829537143443624,288.0,Chirimachaya,0.19731534644961354,8.0,True,True,True,0.3016499313281642
2023-10-06,0.4894548611111111,0.0037432462734330253,288.0,Chirimachaya,0.1969855539500713,8.0,True,True,True,0.2924693071610398
2023-10-07,0.4781736111111111,0.00440277052640374,288.0,Chirimachaya,0.19667736813426012,8.0,True,True,True,0.281496242976851
2023-10-08,0.4663541666666667,0.003417456213126932,288.0,Chirimachaya,0.19510190747678277,8.0,True,True,True,0.27125225918988394
2023-10-09,0.4558854166666667,0.00418942535954587,288.0,Chirimachaya,0.1948858145624399,8.0,True,True,True,0.2609996021042268
2023-10-10,0.4499930555555556,0.0034358157190743943,288.0,Chirimachaya,0.19507858902215955,8.0,True,True,True,0.254914466533396
2023-10-11,0.4506180555555555,0.001340843396644222,288.0,Chirimachaya,0.19537485204637048,8.0,True,True,True,0.25524320350918506
2023-10-12,0.44552083333333337,0.002850438562747774,288.0,Chirimachaya,0.19494666531682012,8.0,True,True,True,0.2505741680165132
2023-10-13,0.43851388888888887,0.003016761794176481,288.0,Chirimachaya,0.19454837217926974,8.0,True,True,True,0.24396551670961913
2023-10-14,0.43678125,0.001580828907517556,288.0,Chirimachaya,0.19453128427267072,8.0,True,True,True,0.2422499657273293
2023-10-15,0.44081250000000005,0.00039099177032254613,288.0,Chirimachaya,0.19545696116983888,8.0,True,True,True,0.24535553883016117
2023-10-16,0.44098611111111113,0.00011723356543951267,288.0,Chirimachaya,0.19371026940643785,8.0,True,True,True,0.2472758417046733
2023-10-17,0.4393680555555555,0.001501434982726787,288.0,Chirimachaya,0.1925845500081777,8.0,True,True,True,0.24678350554737782
2023-10-18,0.43629513888888893,0.0008511381894714028,288.0,Chirimachaya,0.19168584607541558,8.0,True,True,True,0.24460929281347335
2023-10-19,0.4341215277777778,0.000908240493289453,288.0,Chirimachaya,0.1901658475399017,8.0,True,True,True,0.2439556802378761
2023-10-20,0.43146875,0.0006239101996938918,288.0,Chirimachaya,0.18949585966765875,8.0,True,True,True,0.24197289033234126
2023-10-21,0.42956944444444445,0.000496015872761952,288.0,Chirimachaya,0.1892007831484079,8.0,True,True,True,0.24036866129603654
2023-10-22,0.42754166666666665,0.0012790185697408828,288.0,Chirimachaya,0.18901734426617617,8.0,True,True,True,0.23852432240049048
2023-10-23,0.42365277777777777,0.0017323301841224966,288.0,Chirimachaya,0.18912986107170576,8.0,True,True,True,0.234522916706072
2023-10-24,0.42400347222222223,0.008547672529507656,288.0,Chirimachaya,0.18877995945513243,8.0,True,True,True,0.2352235127670898
2023-10-25,0.4494930555555556,0.003822720500478267,288.0,Chirimachaya,0.18811650760471815,8.0,True,True,True,0.2613765479508374
2023-10-26,0.45642013888888894,0.0007834596606565477,288.0,Chirimachaya,0.1879415977746248,8.0,True,True,True,0.26847854111426417
2023-10-27,0.4555729166666667,0.0012161353508707805,288.0,Chirimachaya,0.18744618259370324,8.0,True,True,True,0.2681267340729635
2023-10-28,0.45097569444444446,0.0029388837751080517,288.0,Chirimachaya,0.18723475560545916,8.0,True,True,True,0.2637409388389853
2023-10-29,0.44487499999999996,0.001786027847034815,288.0,Chirimachaya,0.1877200715243816,8.0,True,True,True,0.2571549284756184
2023-10-30,0.43855208333333334,0.0028561436623897344,288.0,Chirimachaya,0.18853122927248472,8.0,True,True,True,0.2500208540608486
2023-10-31,0.43260763888888887,0.002235805550909672,288.0,Chirimachaya,0.189889146015048,8.0,True,True,True,0.24271849287384087
2023-11-01,0.42529513888888887,0.003046625593468143,288.0,Chirimachaya,0.18973227031528947,8.0,True,True,True,0.2355628685735994
2023-11-02,0.4160069444444444,0.0037070354578023607,288.0,Chirimachaya,0.18895270116627214,8.0,True,True,True,0.22705424327817228
2023-11-03,0.4053923611111111,0.00427482020505208,288.0,Chirimachaya,0.1880338545888662,8.0,True,True,True,0.2173585065222449
2023-11-04,0.394375,0.0035893279679243286,288.0,Chirimachaya,0.18693565763533113,8.0,True,True,True,0.20743934236466885
2023-11-05,0.3858680555555556,0.002223556268174719,288.0,Chirimachaya,0.1870389804244041,8.0,True,True,True,0.1988290751311515
2023-11-06,0.38538194444444446,0.0005145483155432378,288.0,Chirimachaya,0.18832192756235597,8.0,True,True,True,0.1970600168820885
2023-11-07,0.3827083333333333,0.0013218875744866335,288.0,Chirimachaya,0.18774302862584588,8.0,True,True,True,0.19496530470748744
2023-11-08,0.3780381944444444,0.0018578207055327696,288.0,Chirimachaya,0.1870802193880081,8.0,True,True,True,0.19095797505643633
2023-11-09,0.3806215277777778,0.003299111129247979,288.0,Chirimachaya,0.18637364916503424,8.0,True,True,True,0.19424787861274356
2023-11-10,0.38825347222222223,0.0014197419991580646,288.0,Chirimachaya,0.1853108257055282,8.0,True,True,True,0.20294264651669403
2023-11-11,0.3882569444444444,0.0004377090784082099,288.0,Chirimachaya,0.1848342232406139,8.0,True,True,True,0.2034227212038305
2023-11-12,0.38699652777777777,0.0009201509643179385,288.0,Chirimachaya,0.18420494534075257,8.0,True,True,True,0.2027915824370252
2023-11-13,0.3846111111111111,0.0012857357936860137,288.0,Chirimachaya,0.18350873887538904,8.0,True,True,True,0.20110237223572208
2023-11-14,0.3821805555555555,0.0009307205838839112,288.0,Chirimachaya,0.18346330709755418,8.0,True,True,True,0.19871724845800134
2023-11-15,0.3850520833333333,0.0041564436143370995,288.0,Chirimachaya,0.18381211534142491,8.0,True,True,True,0.20123996799190838
2023-11-16,0.3911736111111111,0.0008661650920612858,288.0,Chirimachaya,0.1884600035846233,8.0,True,True,True,0.2027136075264878
2023-11-17,0.3896041666666667,0.0013523434299811045,288.0,Chirimachaya,0.18763355351984495,8.0,True,True,True,0.20197061314682174
2023-11-18,0.3860104166666667,0.001771796810382673,288.0,Chirimachaya,0.1870315335690975,8.0,True,True,True,0.1989788830975692
2023-11-19,0.38040277777777776,0.002641980685674367,288.0,Chirimachaya,0.18660232238471505,8.0,True,True,True,0.1938004553930627
2023-11-20,0.37476736111111114,0.0020561907834960886,288.0,Chirimachaya,0.1881527993828058,8.0,True,True,True,0.18661456172830534
2023-11-21,0.3691041666666666,0.002055734733901147,288.0,Chirimachaya,0.1924269516021013,8.0,True,True,True,0.17667721506456532
2023-11-22,0.36381597222222223,0.0018584457630713511,288.0,Chirimachaya,0.19205364957451818,8.0,True,True,True,0.17176232264770405
2023-11-23,0.3633611111111111,0.004155699853194491,288.0,Chirimachaya,0.19129890389740464,8.0,True,True,True,0.17206220721370644
2023-11-24,0.37265625,0.0009388419547653871,288.0,Chirimachaya,0.1950669828802347,8.0,True,True,True,0.17758926711976533
2023-11-25,0.37441319444444443,0.000702979872212257,288.0,Chirimachaya,0.19512066803872583,8.0,True,True,True,0.1792925264057186
2023-11-26,0.37497569444444445,0.000861143112564718,288.0,Chirimachaya,0.19627436250448224,8.0,True,True,True,0.1787013319399622
2023-11-27,0.37377777777777776,0.0004164633650362869,288.0,Chirimachaya,0.19490855745971197,8.0,True,True,True,0.1788692203180658
2023-11-28,0.3734722222222222,0.0005000967773164113,288.0,Chirimachaya,0.1936536338180303,8.0,True,True,True,0.1798185884041919
2023-11-29,0.37255208333333334,0.0004981455155915087,288.0,Chirimachaya,0.19274725764989847,8.0,True,True,True,0.17980482568343487
2023-11-30,0.37075694444444446,0.00129187505343854,288.0,Chirimachaya,0.19221170060336584,8.0,True,True,True,0.17854524384107862
2023-12-01,0.369,0.0,288.0,Chirimachaya,0.19142383523285383,8.0,True,True,True,0.17757616476714616
2023-12-02,0.3682361111111111,0.000842975575188062,288.0,Chirimachaya,0.19104424491524694,8.0,True,True,True,0.17719186619586416
2023-12-03,0.36566666666666664,0.0013666000946931888,288.0,Chirimachaya,0.19066072441637513,8.0,True,True,True,0.1750059422502915
2023-12-04,0.3618368055555556,0.001388516694225432,288.0,Chirimachaya,0.18980814330279824,8.0,True,True,True,0.17202866225275734
2023-12-05,0.35897569444444444,0.0009122279291997802,288.0,Chirimachaya,0.1886288337409496,8.0,True,True,True,0.17034686070349483
2023-12-06,0.3575659722222222,0.0004964912699204607,288.0,Chirimachaya,0.1876954827457666,8.0,True,True,True,0.16987048947645558
2023-12-07,0.35598257839721253,0.0008828452334610859,287.0,Chirimachaya,0.18788732774555678,8.0,True,True,True,0.16809525065165576
2023-12-08,0.3539722222222222,0.0009291594076370757,288.0,Chirimachaya,0.18743410333991048,8.0,True,True,True,0.1665381188823117
2023-12-09,0.35099652777777773,0.0011090324875581612,288.0,Chirimachaya,0.1865469235926866,8.0,True,True,True,0.16444960418509114
2023-12-10,0.34787152777777774,0.0011540664776196587,288.0,Chirimachaya,0.18625330924987787,8.0,True,True,True,0.16161821852789987
2023-12-11,0.34462152777777777,0.0013063054369848606,288.0,Chirimachaya,0.18586450815200803,8.0,True,True,True,0.15875701962576974
2023-12-12,0.3409270833333334,0.0013911977518197866,288.0,Chirimachaya,0.18513577617704866,8.0,True,True,True,0.15579130715628473
2023-12-13,0.33666666666666667,0.0015992158357138976,288.0,Chirimachaya,0.18460533581674093,8.0,True,True,True,0.15206133084992574
2023-12-14,0.33406250000000004,0.004350847968934439,288.0,Chirimachaya,0.1846589911729097,8.0,True,True,True,0.14940350882709033
2023-12-15,0.4164097222222222,0.08470851132685406,288.0,Chirimachaya,0.18457837775349614,8.0,True,True,True,0.23183134446872608
2023-12-16,0.6416319444444444,0.008875245712083956,288.0,Chirimachaya,0.18702282197773454,8.0,True,True,True,0.4546091224667098
2023-12-17,0.6566979166666667,0.030002829062309482,288.0,Chirimachaya,0.19174254126846788,8.0,True,True,True,0.46495537539819876
2023-12-18,0.6522881944444445,0.011296923799023395,288.0,Chirimachaya,0.19642730057239527,8.0,True,True,True,0.45586089387204926
2023-12-19,0.6245243055555556,0.006833976875450182,288.0,Chirimachaya,0.2020065132528543,8.0,True,True,True,0.4225177923027013
2023-12-20,0.6457395833333333,0.046800989772954875,288.0,Chirimachaya,0.20078611746430391,8.0,True,True,True,0.44495346586902934
2023-12-21,0.66590625,0.01922600488758075,288.0,Chirimachaya,0.2030958868563175,8.0,True,True,True,0.4628103631436825
2023-12-22,0.6278645833333333,0.004715501440223611,288.0,Chirimachaya,0.20277475751936433,8.0,True,True,True,0.4250898258139689
2023-12-23,0.6255000000000001,0.0041930754265933606,288.0,Chirimachaya,0.20213788188993928,8.0,True,True,True,0.42336211811006075
2023-12-24,0.643013888888889,0.007616675371109669,288.0,Chirimachaya,0.2030408605933189,8.0,True,True,True,0.43997302829557006
2023-12-25,0.6224722222222222,0.004976522503635603,288.0,Chirimachaya,0.2029509041458368,8.0,True,True,True,0.4195213180763854
2023-12-26,0.6538055555555555,0.04780393723346736,288.0,Chirimachaya,0.203135659918189,8.0,True,True,True,0.45066989563736654
2023-12-27,0.72165625,0.012402507438681563,288.0,Chirimachaya,0.2090974655002355,8.0,True,True,True,0.5125587844997646
2023-12-28,0.7094930555555555,0.022394000107289175,288.0,Chirimachaya,0.22048854455351827,8.0,True,True,True,0.48900451100203723
2023-12-29,0.7069201388888888,0.012434240013741134,288.0,Chirimachaya,0.22789381444454188,8.0,True,True,True,0.47902632444434695
2023-12-30,0.6781875,0.014083359963963118,288.0,Chirimachaya,0.22965082526206965,8.0,True,True,True,0.4485366747379304
2023-12-31,0.6527986111111111,0.002979792245666235,288.0,Chirimachaya,0.232109285891056,8.0,True,True,True,0.42068932522005514
2024-01-01,0.6435069444444445,0.004376045862491991,288.0,Chirimachaya,0.24111708067357537,8.0,True,True,True,0.40238986377086905
2024-01-02,0.6367673611111111,0.004167826493628714,288.0,Chirimachaya,0.2526103481650352,8.0,True,True,True,0.3841570129460759
2024-01-03,0.62609375,0.003152604558968538,288.0,Chirimachaya,0.25803159922361374,8.0,True,True,True,0.36806215077638627
2024-01-04,0.6640486111111111,0.04936055639557739,288.0,Chirimachaya,0.25884300842881197,8.0,True,True,True,0.40520560268229916
2024-01-05,0.6787916666666667,0.02271835586876377,288.0,Chirimachaya,0.26024021208286285,8.0,True,True,True,0.41855145458380383
2024-01-06,0.6809375000000001,0.02249838360434705,288.0,Chirimachaya,0.2581756599247455,8.0,True,True,True,0.4227618400752546
2024-01-07,0.6403194444444444,0.007598049243293979,288.0,Chirimachaya,0.2563931941986084,8.0,True,True,True,0.38392625024583604
2024-01-08,0.6242708333333333,0.0035440852232538032,288.0,Chirimachaya,0.25414426997303957,8.0,True,True,True,0.37012656336029376
2024-01-09,0.6154479166666667,0.002620755237319659,288.0,Chirimachaya,0.2529725357890129,8.0,True,True,True,0.36247538087765374
2024-01-10,0.6077986111111111,0.002787677866979916,288.0,Chirimachaya,0.25181832909584045,8.0,True,True,True,0.35598028201527065
2024-01-11,0.6003090277777777,0.0024104133320412818,288.0,Chirimachaya,0.252169705927372,8.0,True,True,True,0.34813932185040575
2024-01-12,0.6021458333333334,0.0028735699367138075,288.0,Chirimachaya,0.2591518610715866,8.0,True,True,True,0.34299397226174677
2024-01-13,0.6253333333333333,0.033280980955792204,288.0,Chirimachaya,0.26801555231213564,8.0,True,True,True,0.35731778102119766
2024-01-14,0.6942291666666667,0.022726895071300008,288.0,Chirimachaya,0.2718341387808323,8.0,True,True,True,0.4223950278858344
2024-01-15,0.6458194444444445,0.007020778298257169,288.0,Chirimachaya,0.271717082709074,8.0,True,True,True,0.3741023617353705
2024-01-16,0.6341875,0.0028965165910745114,288.0,Chirimachaya,0.26979362592101097,8.0,True,True,True,0.36439387407898904
2024-01-17,0.6929479166666667,0.029003677452163167,288.0,Chirimachaya,0.26850521937012667,8.0,True,True,True,0.42444269729654
2024-01-18,0.6637465277777779,0.010146744990128617,288.0,Chirimachaya,0.2681628242135048,8.0,True,True,True,0.3955837035642731
2024-01-19,0.6408993055555556,0.005141238567780959,288.0,Chirimachaya,0.26692084223032,8.0,True,True,True,0.37397846332523565
2024-01-20,0.6429652777777778,0.009609021018812912,288.0,Chirimachaya,0.26537565886974335,8.0,True,True,True,0.37758961890803444
2024-01-21,0.6439548611111111,0.0019276216994478525,288.0,Chirimachaya,0.2643622122704983,8.0,True,True,True,0.37959264884061283
2024-01-22,0.6334340277777778,0.0038212438129452274,288.0,Chirimachaya,0.26275580748915667,8.0,True,True,True,0.37067822028862113
2024-01-23,0.6231909722222223,0.003267673216540473,288.0,Chirimachaya,0.260425191372633,8.0,True,True,True,0.3627657808495893
2024-01-24,0.6134375,0.0038476541565881455,288.0,Chirimachaya,0.25850371643900866,8.0,True,True,True,0.3549337835609913
2024-01-25,0.6019618055555555,0.004371502528795925,288.0,Chirimachaya,0.2574019469320774,8.0,True,True,True,0.34455985862347804
2024-01-26,0.5899409722222222,0.004630604346353347,288.0,Chirimachaya,0.2555325888097286,8.0,True,True,True,0.33440838341249357
2024-01-27,0.5764895833333333,0.005185737862416449,288.0,Chirimachaya,0.2544778101146221,8.0,True,True,True,0.3220117732187112
2024-01-28,0.5630868055555556,0.004480243064084618,288.0,Chirimachaya,0.25383834168314934,8.0,True,True,True,0.30924846387240623
2024-01-29,0.5503888888888889,0.004313678287021017,288.0,Chirimachaya,0.2518850527703762,8.0,True,True,True,0.2985038361185127
2024-01-30,0.5366944444444445,0.0056312688215407565,288.0,Chirimachaya,0.25041914731264114,8.0,True,True,True,0.28627529713180333
2024-01-31,0.5228993055555555,0.003718341328312444,288.0,Chirimachaya,0.25029187835752964,8.0,True,True,True,0.2726074271980259
2024-02-01,0.5141145833333334,0.0020896449109020186,288.0,Chirimachaya,0.2533855065703392,8.0,True,True,True,0.26072907676299417
2024-02-02,0.50575,0.004206349936814693,288.0,Chirimachaya,0.2546217516064644,8.0,True,True,True,0.25112824839353565
2024-02-03,0.5059791666666666,0.014187381521094241,288.0,Chirimachaya,0.26829078420996666,8.0,True,True,True,0.2376883824567
2024-02-04,0.5487777777777778,0.003286429587678296,288.0,Chirimachaya,0.27755821123719215,8.0,True,True,True,0.27121956654058565
2024-02-05,0.5640277777777778,0.011610066786786692,288.0,Chirimachaya,0.28734373673796654,8.0,True,True,True,0.27668404103981126
2024-02-06,0.5982777777777778,0.0014600102354873693,288.0,Chirimachaya,0.28884002938866615,8.0,True,True,True,0.30943774838911164
2024-02-07,0.5984513888888888,0.0010212369428954894,288.0,Chirimachaya,0.2872490249574184,8.0,True,True,True,0.31120236393147044
2024-02-08,0.6028888888888889,0.000848126536406929,288.0,Chirimachaya,0.2879023589193821,8.0,True,True,True,0.3149865299695068
2024-02-09,0.6002951388888889,0.0015705401925204389,288.0,Chirimachaya,0.294407244771719,8.0,True,True,True,0.3058878941171699
2024-02-10,0.5990868055555556,0.001208030419799472,288.0,Chirimachaya,0.2965613156557083,8.0,True,True,True,0.3025254898998473
2024-02-11,0.5996041666666667,0.001533453891134914,288.0,Chirimachaya,0.29325077682733536,8.0,True,True,True,0.30635338983933136
2024-02-12,0.6017152777777777,0.01033357451668638,288.0,Chirimachaya,0.2926861084997654,8.0,True,True,True,0.3090291692780123
2024-02-13,0.6254201388888889,0.0014484921806372914,288.0,Chirimachaya,0.2927537746727466,8.0,True,True,True,0.3326663642161423
2024-02-14,0.6198576388888889,0.001461662451970211,288.0,Chirimachaya,0.2915784418582916,8.0,True,True,True,0.32827919703059727
2024-02-15,0.6312048611111112,0.012060953382561336,288.0,Chirimachaya,0.2899916358292102,8.0,True,True,True,0.34121322528190096
2024-02-16,0.636170138888889,0.00366101183365271,288.0,Chirimachaya,0.2874638736248016,8.0,True,True,True,0.3487062652640874
2024-02-17,0.6388958333333333,0.006736678686211404,288.0,Chirimachaya,0.28625134751200676,8.0,True,True,True,0.35264448582132657
2024-02-18,0.6300034722222222,0.005858671326633023,288.0,Chirimachaya,0.2848346307873726,8.0,True,True,True,0.3451688414348496
2024-02-19,0.6261979166666667,0.013822130257062875,288.0,Chirimachaya,0.28401591256260866,8.0,True,True,True,0.342182004104058
2024-02-20,0.6540590277777778,0.008439990366049956,288.0,Chirimachaya,0.2927276156842708,8.0,True,True,True,0.361331412093507
2024-02-21,0.6320520833333334,0.003451111394989612,288.0,Chirimachaya,0.29890426993370056,8.0,True,True,True,0.33314781339963284
2024-02-22,0.6211180555555555,0.004702281346803451,288.0,Chirimachaya,0.3035136424005031,8.0,True,True,True,0.31760441315505245
2024-02-23,0.6098194444444444,0.0033016789684705097,288.0,Chirimachaya,0.2997709922492504,8.0,True,True,True,0.31004845219519395
2024-02-24,0.6008472222222222,0.003086035636612765,288.0,Chirimachaya,0.29823023825883865,8.0,True,True,True,0.30261698396338355
2024-02-25,0.5924131944444444,0.003340090059662855,288.0,Chirimachaya,0.2973667047917843,8.0,True,True,True,0.2950464896526601
2024-02-26,0.5828020833333333,0.0035218178856255577,288.0,Chirimachaya,0.2973194718360901,8.0,True,True,True,0.2854826114972432
2024-02-27,0.5728784722222221,0.0037901148373186257,288.0,Chirimachaya,0.29796645417809486,8.0,True,True,True,0.27491201804412724
2024-02-28,0.5629861111111111,0.002970203036528538,288.0,Chirimachaya,0.29656422883272165,8.0,True,True,True,0.2664218822783894
2024-02-29,0.5555400696864112,0.002013320326322734,287.0,Chirimachaya,0.29636605083942413,8.0,True,True,True,0.2591740188469871
2024-03-01,0.62446875,0.042290422748795,288.0,Chirimachaya,0.30360405519604683,8.0,True,True,True,0.3208646948039532
2024-03-02,0.6847083333333334,0.023588775160843685,288.0,Chirimachaya,0.3118370734155178,8.0,True,True,True,0.37287125991781556
2024-03-03,0.68134375,0.009222939275795844,288.0,Chirimachaya,0.3094056658446789,8.0,True,True,True,0.37193808415532115
2024-03-04,0.6738159722222223,0.009666070283777747,288.0,Chirimachaya,0.3086954019963741,8.0,True,True,True,0.36512057022584826
2024-03-05,0.648,0.006370664475049519,288.0,Chirimachaya,0.3065658323466778,8.0,True,True,True,0.34143416765332224
2024-03-06,0.6324027777777778,0.0034536643055043713,288.0,Chirimachaya,0.3042388744652271,8.0,True,True,True,0.32816390331255063
2024-03-07,0.6251597222222222,0.0009232814863618478,288.0,Chirimachaya,0.30218274518847466,8.0,True,True,True,0.3229769770337475
2024-03-08,0.6238333333333332,0.00109480878320241,288.0,Chirimachaya,0.30054596439003944,8.0,True,True,True,0.3232873689432938
2024-03-09,0.6263680555555555,0.0007301045486469943,288.0,Chirimachaya,0.29866845905780787,8.0,True,True,True,0.32769959649774766
2024-03-10,0.6354375,0.002587072525243612,288.0,Chirimachaya,0.2969632931053638,8.0,True,True,True,0.3384742068946362
2024-03-11,0.6319479166666667,0.0024453744645303015,288.0,Chirimachaya,0.2949966005980968,8.0,True,True,True,0.33695131606856993
2024-03-12,0.6249305555555555,0.002164499049728722,288.0,Chirimachaya,0.29353469610214233,8.0,True,True,True,0.3313958594534132
2024-03-13,0.62115625,0.00036372420343877446,288.0,Chirimachaya,0.2924609407782554,8.0,True,True,True,0.32869530922174456
2024-03-14,0.6316006944444444,0.01083694157278498,288.0,Chirimachaya,0.2914092577993869,8.0,True,True,True,0.3401914366450575
2024-03-15,0.6412222222222222,0.003902013139749758,288.0,Chirimachaya,0.2906293645501137,8.0,True,True,True,0.35059285767210857
2024-03-16,0.6295694444444444,0.0032613303494851537,288.0,Chirimachaya,0.289556935429573,8.0,True,True,True,0.3400125090148714
2024-03-17,0.6205069444444444,0.0032320186630056176,288.0,Chirimachaya,0.2879109345376491,8.0,True,True,True,0.33259600990679533
2024-03-18,0.6126180555555556,0.002397724030517313,288.0,Chirimachaya,0.2864194177091121,8.0,True,True,True,0.3261986378464435
2024-03-19,0.6067395833333333,0.0019031138522155532,288.0,Chirimachaya,0.2871659845113754,8.0,True,True,True,0.3195735988219579
2024-03-20,0.6004131944444444,0.0029335437543312353,288.0,Chirimachaya,0.2891037166118622,8.0,True,True,True,0.3113094778325822
2024-03-21,0.6395972222222222,0.05948042390983785,288.0,Chirimachaya,0.28878624737262726,8.0,True,True,True,0.3508109748495949
2024-03-22,0.6855277777777778,0.0028381287559698033,288.0,Chirimachaya,0.2987924627959728,8.0,True,True,True,0.386735314981805
2024-03-23,0.6690729166666667,0.006730622916432421,288.0,Chirimachaya,0.3031921200454235,8.0,True,True,True,0.3658807966212432
2024-03-24,0.6514236111111111,0.0089789376936292,288.0,Chirimachaya,0.30381705239415163,8.0,True,True,True,0.3476065587169595
2024-03-25,0.6305277777777778,0.005404791324422216,288.0,Chirimachaya,0.3032298982143402,8.0,True,True,True,0.3272978795634376
2024-03-26,0.6176909722222222,0.003591267247813742,288.0,Chirimachaya,0.3013487122952938,8.0,True,True,True,0.31634225992692844
2024-03-27,0.60746875,0.003640518566844604,288.0,Chirimachaya,0.298663355410099,8.0,True,True,True,0.308805394589901
2024-03-28,0.5973888888888889,0.003876330588432569,288.0,Chirimachaya,0.29587798938155174,8.0,True,True,True,0.3015108995073371
2024-03-29,0.5880451388888889,0.002029755305659327,288.0,Chirimachaya,0.2944001443684101,8.0,True,True,True,0.29364499452047876
2024-03-30,0.5853993055555555,0.0007720732329528549,288.0,Chirimachaya,0.2929898127913475,8.0,True,True,True,0.292409492764208
2024-03-31,0.582125,0.0019231760896437093,288.0,Chirimachaya,0.2915120795369148,8.0,True,True,True,0.2906129204630852
2024-04-01,0.5843576388888888,0.011837483016326786,288.0,Chirimachaya,0.2925868183374405,8.0,True,True,True,0.2917708205514483
2024-04-02,0.6422743055555555,0.018033971993366763,288.0,Chirimachaya,0.29691230133175844,8.0,True,True,True,0.3453620042237971
2024-04-03,0.6906041666666667,0.03023697778852865,288.0,Chirimachaya,0.303104929625988,8.0,True,True,True,0.3874992370406787
2024-04-04,0.7069583333333332,0.01951319574960433,288.0,Chirimachaya,0.302418977022171,8.0,True,True,True,0.4045393563111622
2024-04-05,0.6646701388888889,0.00901714649936989,288.0,Chirimachaya,0.30165887624025345,8.0,True,True,True,0.3630112626486355
2024-04-06,0.6484305555555556,0.003020609297231229,288.0,Chirimachaya,0.2999592684209347,8.0,True,True,True,0.34847128713462094
2024-04-07,0.6361666666666667,0.0038770296471680094,288.0,Chirimachaya,0.2985625527799129,8.0,True,True,True,0.33760411388675376
2024-04-08,0.6268680555555556,0.00258714734748526,288.0,Chirimachaya,0.29658420756459236,8.0,True,True,True,0.3302838479909632
2024-04-09,0.6203402777777778,0.001657684857364031,288.0,Chirimachaya,0.2934414781630039,8.0,True,True,True,0.32689879961477386
2024-04-10,0.6145138888888888,0.0026384614646615145,288.0,Chirimachaya,0.29180472716689104,8.0,True,True,True,0.32270916172199776
2024-04-11,0.6087777777777778,0.0013940862877250108,288.0,Chirimachaya,0.28976581245660776,8.0,True,True,True,0.31901196532117
2024-04-12,0.6044861111111111,0.0015969749762341787,288.0,Chirimachaya,0.2881276234984398,8.0,True,True,True,0.31635848761267127
2024-04-13,0.5999895833333333,0.0013855510608274306,288.0,Chirimachaya,0.28660188242793083,8.0,True,True,True,0.31338770090540247
2024-04-14,0.5952534722222222,0.002157957906621868,288.0,Chirimachaya,0.2854372262954712,8.0,True,True,True,0.30981624592675105
2024-04-15,0.5885555555555555,0.002662889310734348,288.0,Chirimachaya,0.2837901152670383,8.0,True,True,True,0.3047654402885172
2024-04-16,0.5835868055555555,0.0004932642502717698,288.0,Chirimachaya,0.28250332549214363,8.0,True,True,True,0.3010834800634119
2024-04-17,0.5881527777777777,0.005161259393679722,288.0,Chirimachaya,0.28051552176475525,8.0,True,True,True,0.3076372560130225
2024-04-18,0.6086041666666666,0.002117518599073543,288.0,Chirimachaya,0.27919964492321014,8.0,True,True,True,0.32940452174345647
2024-04-19,0.6876875,0.03798174304686476,288.0,Chirimachaya,0.28440699353814125,8.0,True,True,True,0.40328050646185876
2024-04-20,0.6601006944444445,0.010604397198057922,288.0,Chirimachaya,0.28962794691324234,8.0,True,True,True,0.3704727475312022
2024-04-21,0.6510902777777778,0.020683920666513003,288.0,Chirimachaya,0.291407223790884,8.0,True,True,True,0.3596830539868938
2024-04-22,0.7019236111111111,0.016777319957705664,288.0,Chirimachaya,0.2959679439663887,8.0,True,True,True,0.4059556671447224
2024-04-23,0.6668576388888889,0.00687447513218371,288.0,Chirimachaya,0.29889601841568947,8.0,True,True,True,0.36796162047319947
2024-04-24,0.6581597222222223,0.006756247019623058,288.0,Chirimachaya,0.3025397025048732,8.0,True,True,True,0.3556200197173491
2024-04-25,0.6414513888888889,0.0033585500876786864,288.0,Chirimachaya,0.3041682429611683,8.0,True,True,True,0.3372831459277206
2024-04-26,0.6391493055555556,0.002162863520923676,288.0,Chirimachaya,0.30354159325361246,8.0,True,True,True,0.33560771230194314
2024-04-27,0.6639305555555555,0.03776419644965587,288.0,Chirimachaya,0.3033008016645908,8.0,True,True,True,0.3606297538909647
2024-04-28,0.7112916666666667,0.015978371705819845,288.0,Chirimachaya,0.30459392443299294,8.0,True,True,True,0.4066977422336737
2024-04-29,0.6842881944444446,0.016091969978032698,288.0,Chirimachaya,0.3057571239769459,8.0,True,True,True,0.3785310704674987
2024-04-30,0.6980173611111111,0.022405894041200997,288.0,Chirimachaya,0.3038446269929409,8.0,True,True,True,0.3941727341181702
2024-05-01,0.6512604166666667,0.007411608925470276,288.0,Chirimachaya,0.30115488171577454,8.0,True,True,True,0.35010553495089214
2024-05-02,0.6347118055555555,0.003513577378812596,288.0,Chirimachaya,0.29915767535567284,8.0,True,True,True,0.33555413019988267
2024-05-03,0.6526805555555556,0.04179711287860023,288.0,Chirimachaya,0.29851602390408516,8.0,True,True,True,0.35416453165147044
2024-05-04,0.6975520833333334,0.021335320108832174,288.0,Chirimachaya,0.30110180750489235,8.0,True,True,True,0.39645027582844106
2024-05-05,0.7234583333333333,0.0012003193535565153,288.0,Chirimachaya,0.30325210466980934,8.0,True,True,True,0.420206228663524
2024-05-06,0.6802951388888889,0.017271748214694103,288.0,Chirimachaya,0.30205665901303286,8.0,True,True,True,0.37823847987585607
2024-05-07,0.6520520833333333,0.005768537381274705,288.0,Chirimachaya,0.3009796552360058,8.0,True,True,True,0.3510724280973275
2024-05-08,0.70415625,0.020240536890697748,288.0,Chirimachaya,0.30231402441859245,8.0,True,True,True,0.4018422255814076
2024-05-09,0.66790625,0.014902992795102297,288.0,Chirimachaya,0.3042367212474346,8.0,True,True,True,0.3636695287525654
2024-05-10,0.6400347222222222,0.004575976039818766,288.0,Chirimachaya,0.30367328599095345,8.0,True,True,True,0.3363614362312688
2024-05-11,0.6296319444444445,0.0023366390222386473,288.0,Chirimachaya,0.30233778059482574,8.0,True,True,True,0.32729416384961874
2024-05-12,0.6222569444444445,0.0028923701812171507,288.0,Chirimachaya,0.29993230849504465,8.0,True,True,True,0.3223246359493998
2024-05-13,0.6228645833333333,0.009739770609881208,288.0,Chirimachaya,0.29777292162179947,8.0,True,True,True,0.3250916617115338
2024-05-14,0.6474340277777778,0.01062977648779186,288.0,Chirimachaya,0.2970228046178817,8.0,True,True,True,0.3504112231598961
2024-05-15,0.66340625,0.006310068485025817,288.0,Chirimachaya,0.3007190003991127,8.0,True,True,True,0.3626872496008873
2024-05-16,0.6717118055555555,0.03390420404287448,288.0,Chirimachaya,0.3042822517454624,8.0,True,True,True,0.3674295538100931
2024-05-17,0.6754097222222222,0.018584176399994608,288.0,Chirimachaya,0.3027869835495949,8.0,True,True,True,0.3726227386726273
2024-05-18,0.6460625,0.003635325616020367,288.0,Chirimachaya,0.30120259895920753,8.0,True,True,True,0.34485990104079245
2024-05-19,0.6409687500000001,0.0014730077196541426,288.0,Chirimachaya,0.299109049141407,8.0,True,True,True,0.3418597008585931
2024-05-20,0.6655763888888889,0.03135012569894299,288.0,Chirimachaya,0.298028152436018,8.0,True,True,True,0.36754823645287094
2024-05-21,0.6691145833333334,0.015322459517957618,288.0,Chirimachaya,0.2964852415025234,8.0,True,True,True,0.37262934183081
2024-05-22,0.6424097222222223,0.005366580279348841,288.0,Chirimachaya,0.2945859283208847,8.0,True,True,True,0.34782379390133755
2024-05-23,0.6714895833333334,0.012739136760420313,288.0,Chirimachaya,0.29356620460748667,8.0,True,True,True,0.37792337872584675
2024-05-24,0.6402187500000001,0.005119212547649715,288.0,Chirimachaya,0.2924882844090462,8.0,True,True,True,0.3477304655909539
2024-05-25,0.6342430555555556,0.0028790884343709894,288.0,Chirimachaya,0.29243941605091095,8.0,True,True,True,0.34180363950464465
2024-05-26,0.6383229166666667,0.0021502521932956473,288.0,Chirimachaya,0.29350314289331436,8.0,True,True,True,0.3448197737733524
2024-05-27,0.63115625,0.0024165289920332128,288.0,Chirimachaya,0.2914702966809273,8.0,True,True,True,0.3396859533190727
2024-05-28,0.6359340277777777,0.005925715096080965,288.0,Chirimachaya,0.28995692357420916,8.0,True,True,True,0.3459771042035686
2024-05-29,0.6358576388888889,0.002752992160232267,288.0,Chirimachaya,0.2898618131875992,8.0,True,True,True,0.3459958257012897
2024-05-30,0.6275833333333334,0.002762365294617184,288.0,Chirimachaya,0.2874879129230976,8.0,True,True,True,0.34009542041023577
2024-05-31,0.6193541666666667,0.002926435440983661,288.0,Chirimachaya,0.28532587364315987,8.0,True,True,True,0.3340282930235068
2024-06-01,0.6116527777777778,0.002732739801284682,288.0,Chirimachaya,0.28352711722254753,8.0,True,True,True,0.3281256605552303
2024-06-02,0.603454861111111,0.0030222249888256446,288.0,Chirimachaya,0.28095515072345734,8.0,True,True,True,0.3224997103876537
2024-06-03,0.5947881944444444,0.0031711239948370765,288.0,Chirimachaya,0.2789794467389583,8.0,True,True,True,0.3158087477054861
2024-06-04,0.5878090277777778,0.0010334080280971901,288.0,Chirimachaya,0.2776573859155178,8.0,True,True,True,0.31015164186225996
2024-06-05,0.5938888888888889,0.0082226093598365,288.0,Chirimachaya,0.27700663357973093,8.0,True,True,True,0.316882255309158
2024-06-06,0.6540592334494774,0.020785450215694164,287.0,Chirimachaya,0.2760242596268654,8.0,True,True,True,0.378034973822612
2024-06-07,0.6960868055555555,0.0073401264268442715,288.0,Chirimachaya,0.273971889168024,8.0,True,True,True,0.42211491638753146
2024-06-08,0.6952604166666666,0.0011708848168610019,288.0,Chirimachaya,0.2730256952345371,8.0,True,True,True,0.4222347214321295
2024-06-09,0.6858298611111111,0.0065152362822384945,288.0,Chirimachaya,0.2718223892152309,8.0,True,True,True,0.4140074718958802
2024-06-10,0.6707743055555556,0.005425558903148433,288.0,Chirimachaya,0.2703565880656242,8.0,True,True,True,0.40041771748993144
2024-06-11,0.6733055555555556,0.003333449475328548,288.0,Chirimachaya,0.26920925080776215,8.0,True,True,True,0.40409630474779346
2024-06-12,0.65665625,0.004391537931146288,288.0,Chirimachaya,0.26739103347063065,8.0,True,True,True,0.3892652165293694
2024-06-13,0.6842604166666667,0.013603323629285105,288.0,Chirimachaya,0.2663525491952896,8.0,True,True,True,0.4179078674713771
2024-06-14,0.6558402777777778,0.00715304393620167,288.0,Chirimachaya,0.2652707174420357,8.0,True,True,True,0.3905695603357421
2024-06-15,0.6686701388888889,0.016201654235930476,288.0,Chirimachaya,0.2659928910434246,8.0,True,True,True,0.4026772478454643
2024-06-16,0.7098506944444444,0.026534086936446846,288.0,Chirimachaya,0.27557234838604927,8.0,True,True,True,0.4342783460583951
2024-06-17,0.6705833333333334,0.013509836395845482,288.0,Chirimachaya,0.28082042559981346,8.0,True,True,True,0.38976290773351996
2024-06-18,0.6436701388888889,0.0052351210078377,288.0,Chirimachaya,0.2770206965506076,8.0,True,True,True,0.3666494423382813
2024-06-19,0.6323402777777778,0.002162922253615027,288.0,Chirimachaya,0.275081779807806,8.0,True,True,True,0.3572584979699718
2024-06-20,0.6285173611111111,0.0005900250819816953,288.0,Chirimachaya,0.27455892786383623,8.0,True,True,True,0.3539584332472749
2024-06-21,0.64159375,0.009739725892085193,288.0,Chirimachaya,0.27508968487381935,8.0,True,True,True,0.3665040651261806
2024-06-22,0.6456319444444445,0.0045505240005771505,288.0,Chirimachaya,0.27445899695158005,8.0,True,True,True,0.37117294749286445
2024-06-23,0.6337256944444445,0.003568801056304737,288.0,Chirimachaya,0.27162807807326317,8.0,True,True,True,0.3620976163711813
2024-06-24,0.6243645833333333,0.002817762691456552,288.0,Chirimachaya,0.2697360776364803,8.0,True,True,True,0.35462850569685306
2024-06-25,0.6176041666666667,0.0017399537420263096,288.0,Chirimachaya,0.26948417723178864,8.0,True,True,True,0.3481199894348781
2024-06-26,0.6124479166666666,0.0018509049957077866,288.0,Chirimachaya,0.2695559822022915,8.0,True,True,True,0.34289193446437516
2024-06-27,0.6077152777777778,0.0016660713222409178,288.0,Chirimachaya,0.268104787915945,8.0,True,True,True,0.3396104898618328
2024-06-28,0.6023229166666666,0.0023156555125839196,288.0,Chirimachaya,0.2666896320879459,8.0,True,True,True,0.3356332845787207
2024-06-29,0.5954583333333333,0.0026447634145918353,288.0,Chirimachaya,0.2650340609252453,8.0,True,True,True,0.330424272408088
2024-06-30,0.5910763888888888,0.0013644560178126572,288.0,Chirimachaya,0.2632592134177685,8.0,True,True,True,0.3278171754711203
2024-07-01,0.5980972222222222,0.0012705149684044644,288.0,Chirimachaya,0.2617634050548076,8.0,True,True,True,0.33633381716741456
2024-07-02,0.6025694444444444,0.0035341100980381497,288.0,Chirimachaya,0.26228912174701685,8.0,True,True,True,0.34028032269742753
2024-07-03,0.6578402777777778,0.016444887662619073,288.0,Chirimachaya,0.26234082132577896,8.0,True,True,True,0.3954994564519988
2024-07-04,0.6488506944444444,0.004639844051923571,288.0,Chirimachaya,0.26114577427506447,8.0,True,True,True,0.38770492016937996
2024-07-05,0.6381805555555555,0.0026176904941253524,288.0,Chirimachaya,0.26018673926591873,8.0,True,True,True,0.3779938162896368
2024-07-06,0.6369444444444444,0.0010105904561560474,288.0,Chirimachaya,0.25883482396602625,8.0,True,True,True,0.3781096204784182
2024-07-07,0.6459270833333334,0.007336004654150119,288.0,Chirimachaya,0.26014508306980133,8.0,True,True,True,0.38578200026353204
2024-07-08,0.6476041666666668,0.004043696432255765,288.0,Chirimachaya,0.25984304025769234,8.0,True,True,True,0.3877611264089744
2024-07-09,0.6376840277777778,0.0028125196261195875,288.0,Chirimachaya,0.25710890814661974,8.0,True,True,True,0.38057511963115803
2024-07-10,0.6315173611111111,0.0012210596792231003,288.0,Chirimachaya,0.2553447335958481,8.0,True,True,True,0.37617262751526304
2024-07-11,0.6269652777777778,0.0021749706856750784,288.0,Chirimachaya,0.253847274929285,8.0,True,True,True,0.3731180028484928
2024-07-12,0.6211006944444445,0.002060140941958852,288.0,Chirimachaya,0.2522127963602543,8.0,True,True,True,0.3688878980841902
2024-07-13,0.6580486111111111,0.024792752077079906,288.0,Chirimachaya,0.2569594234228134,8.0,True,True,True,0.4010891876882977
2024-07-14,0.674,0.009610534289933035,288.0,Chirimachaya,0.25720367953181267,8.0,True,True,True,0.4167963204681874
2024-07-15,0.6493541666666667,0.005669735965928778,288.0,Chirimachaya,0.25497976318001747,8.0,True,True,True,0.3943744034866492
2024-07-16,0.6360243055555556,0.003552900302761254,288.0,Chirimachaya,0.2529462873935699,8.0,True,True,True,0.38307801816198567
2024-07-17,0.6265555555555555,0.002975574849220739,288.0,Chirimachaya,0.25132299587130547,8.0,True,True,True,0.37523255968425007
2024-07-18,0.6194375,0.001701480191834463,288.0,Chirimachaya,0.24971643462777132,8.0,True,True,True,0.36972106537222865
2024-07-19,0.6147708333333334,0.0013078095632233257,288.0,Chirimachaya,0.24894631467759606,8.0,True,True,True,0.3658245186557373
2024-07-20,0.6114756944444444,0.0005594604827385294,288.0,Chirimachaya,0.24754417501389975,8.0,True,True,True,0.36393151943054464
2024-07-21,0.6102256944444444,0.0004187664859143823,288.0,Chirimachaya,0.24644323997199533,8.0,True,True,True,0.36378245447244906
2024-07-22,0.6105555555555555,0.0004977689286309745,288.0,Chirimachaya,0.24557143077254293,8.0,True,True,True,0.36498412478301256
2024-07-23,0.61,0.0,288.0,Chirimachaya,0.24437760561704633,8.0,True,True,True,0.36562239438295363
2024-07-24,0.6089027777777778,0.0012230050637611538,288.0,Chirimachaya,0.24300038069486612,8.0,True,True,True,0.36590239708291167
2024-07-25,0.6070763888888888,0.0013123899581474168,288.0,Chirimachaya,0.24152638949453828,8.0,True,True,True,0.3655499993943505
2024-07-26,0.6132256944444445,0.0012909897630623913,288.0,Chirimachaya,0.24094050563871858,8.0,True,True,True,0.3722851888057259
2024-07-27,0.6143402777777778,0.0008021156210979417,288.0,Chirimachaya,0.23910618573427198,8.0,True,True,True,0.3752340920435058
2024-07-28,0.6120277777777778,0.001028814441976697,288.0,Chirimachaya,0.23713135905563829,8.0,True,True,True,0.3748964187221395
2024-07-29,0.6083645833333333,0.0015513495866725851,288.0,Chirimachaya,0.23608905263245103,8.0,True,True,True,0.37227553070088226
2024-07-30,0.6064201388888889,0.0014628538696869287,288.0,Chirimachaya,0.23466138169169423,8.0,True,True,True,0.37175875719719464
2024-07-31,0.6125729166666667,0.0010025555325359518,288.0,Chirimachaya,0.23292369022965428,8.0,True,True,True,0.3796492264370124
2024-08-01,0.61271875,0.0004503918154857017,288.0,Chirimachaya,0.23113337717950339,8.0,True,True,True,0.3815853728204966
2024-08-02,0.6107395833333333,0.0013556807179638673,288.0,Chirimachaya,0.2296449653804302,8.0,True,True,True,0.3810946179529031
2024-08-03,0.60553125,0.0023975297609634804,288.0,Chirimachaya,0.22884565778076646,8.0,True,True,True,0.3766855922192335
2024-08-04,0.59875,0.002024243309390111,288.0,Chirimachaya,0.22820436954498285,8.0,True,True,True,0.37054563045501715
2024-08-05,0.5930312499999999,0.0018276989493561195,288.0,Chirimachaya,0.22732926532626146,8.0,True,True,True,0.36570198467373843
2024-08-06,0.5884965277777777,0.001085213458309552,288.0,Chirimachaya,0.22647450864315027,8.0,True,True,True,0.36202201913462745
2024-08-07,0.5848020833333334,0.00195214413523659,288.0,Chirimachaya,0.22380603477358815,8.0,True,True,True,0.3609960485597452
2024-08-08,0.57871875,0.002367181795208832,288.0,Chirimachaya,0.2227221969515085,8.0,True,True,True,0.3559965530484914
2024-08-09,0.572,0.0019017688447008163,288.0,Chirimachaya,0.22172488830983633,8.0,True,True,True,0.3502751116901636
2024-08-10,0.5671701388888889,0.0014466869448954767,288.0,Chirimachaya,0.22169243730604646,8.0,True,True,True,0.3454777015828424
2024-08-11,0.5618020833333334,0.0022828849267647494,288.0,Chirimachaya,0.2240540031343698,8.0,True,True,True,0.3377480801989636
2024-08-12,0.5564826388888889,0.0011229521732602252,288.0,Chirimachaya,0.22419481165707106,8.0,True,True,True,0.3322878272318179
2024-08-13,0.5529687500000001,0.0012250559967290785,288.0,Chirimachaya,0.22324441559612748,8.0,True,True,True,0.3297243344038726
2024-08-14,0.5482361111111111,0.002236803689909598,288.0,Chirimachaya,0.22202181816101071,8.0,True,True,True,0.3262142929501004
2024-08-15,0.5426979166666667,0.0011456914440711,288.0,Chirimachaya,0.22038889490067956,8.0,True,True,True,0.3223090217659871
2024-08-16,0.5391631944444444,0.0014948574578208568,288.0,Chirimachaya,0.22007771767675874,8.0,True,True,True,0.3190854767676856
2024-08-17,0.5342118055555556,0.0018592267894860007,288.0,Chirimachaya,0.21857647038996217,8.0,True,True,True,0.3156353351655934
2024-08-18,0.5279965277777778,0.002333662557659738,288.0,Chirimachaya,0.2169710602611303,8.0,True,True,True,0.3110254675166475
2024-08-19,0.5209513888888888,0.0028168973989571517,288.0,Chirimachaya,0.2154482472687959,8.0,True,True,True,0.3055031416200929
2024-08-20,0.5134201388888889,0.0019596657562229373,288.0,Chirimachaya,0.21421127021312708,8.0,True,True,True,0.29920886867576185
2024-08-21,0.5077351916376307,0.0017319241941250688,287.0,Chirimachaya,0.21301716379821298,8.0,True,True,True,0.2947180278394177
2024-08-22,0.5014826388888889,0.0025484252119261667,288.0,Chirimachaya,0.21232404373586175,8.0,True,True,True,0.2891585951530271
2024-08-23,0.49426388888888884,0.002470695457428994,288.0,Chirimachaya,0.21138797700405118,8.0,True,True,True,0.2828759118848376
2024-08-24,0.4881215277777778,0.001909764499936714,288.0,Chirimachaya,0.21058527939021585,8.0,True,True,True,0.27753624838756197
2024-08-25,0.4818541666666667,0.0026594614476690287,288.0,Chirimachaya,0.2093448285013437,8.0,True,True,True,0.27250933816532297
2024-08-26,0.4778263888888889,0.0007680906333635406,288.0,Chirimachaya,0.2144390661269426,8.0,True,True,True,0.2633873227619463
2024-08-27,0.4757430555555555,0.0012423790136781216,288.0,Chirimachaya,0.21770668216049668,8.0,True,True,True,0.2580363733950588
2024-08-28,0.4718784722222222,0.002109169071800912,288.0,Chirimachaya,0.2152327802032232,8.0,True,True,True,0.256645692018999
2024-08-29,0.46590972222222227,0.002869795108432378,288.0,Chirimachaya,0.21302630379796025,8.0,True,True,True,0.252883418424262
2024-08-30,0.4572638888888889,0.003509044781248922,288.0,Chirimachaya,0.21135116741061208,8.0,True,True,True,0.24591272147827684
2024-08-31,0.44714236111111116,0.003931097848468157,288.0,Chirimachaya,0.20960071496665472,8.0,True,True,True,0.23754164614445644
2024-09-01,0.43745833333333334,0.0023725344803873388,288.0,Chirimachaya,0.20798912830650804,8.0,True,True,True,0.2294692050268253
2024-09-02,0.4307951388888889,0.001873074569527878,288.0,Chirimachaya,0.2064819950610399,8.0,True,True,True,0.22431314382784898
2024-09-03,0.4232743055555555,0.003625946883955467,288.0,Chirimachaya,0.20445756614208216,8.0,True,True,True,0.21881673941347335
2024-09-04,0.4140798611111111,0.0029732624970078446,288.0,Chirimachaya,0.20322478935122487,8.0,True,True,True,0.21085507175988624
2024-09-05,0.4050763888888889,0.0029385811862712627,288.0,Chirimachaya,0.20262035168707365,8.0,True,True,True,0.20245603720181526
2024-09-06,0.4011527777777778,0.0007212015182235167,288.0,Chirimachaya,0.2014892846345901,8.0,True,True,True,0.1996634931431877
2024-09-07,0.3979201388888889,0.0016242534542917622,288.0,Chirimachaya,0.2008214835077524,8.0,True,True,True,0.1970986553811365
2024-09-08,0.3936736111111111,0.001170662643949634,288.0,Chirimachaya,0.19965507648885247,8.0,True,True,True,0.19401853462225863
2024-09-09,0.3964513888888889,0.004955312302518002,288.0,Chirimachaya,0.19903162494301793,8.0,True,True,True,0.197419763945871
2024-09-10,0.40180208333333334,0.0011226504694941358,288.0,Chirimachaya,0.19815312325954432,8.0,True,True,True,0.20364896007378902
2024-09-11,0.3995972222222222,0.001390958581780608,288.0,Chirimachaya,0.19640159606933588,8.0,True,True,True,0.20319562615288633
2024-09-12,0.39577083333333335,0.002115872485833417,288.0,Chirimachaya,0.19505048170685765,8.0,True,True,True,0.2007203516264757
2024-09-13,0.3912326388888889,0.0016979319194074599,288.0,Chirimachaya,0.19421227835118765,8.0,True,True,True,0.19702036053770122
2024-09-14,0.38628125,0.0024310840916403685,288.0,Chirimachaya,0.19290078058838842,8.0,True,True,True,0.1933804694116116
2024-09-15,0.3796215277777778,0.0024761908251808894,288.0,Chirimachaya,0.19210284389555451,8.0,True,True,True,0.18751868388222329
2024-09-16,0.37387152777777777,0.001372002945641567,288.0,Chirimachaya,0.1935076937079429,8.0,True,True,True,0.18036383406983486
2024-09-17,0.369375,0.0017000717344979493,288.0,Chirimachaya,0.19401398301124567,8.0,True,True,True,0.17536101698875434
2024-09-18,0.3647534722222222,0.0018642954856358386,288.0,Chirimachaya,0.192108079791069,8.0,True,True,True,0.1726453924311532
2024-09-19,0.36034374999999996,0.0009999455560093466,288.0,Chirimachaya,0.19030908681452272,8.0,True,True,True,0.17003466318547725
2024-09-20,0.3572395833333333,0.0009077075117178517,288.0,Chirimachaya,0.18948144838213918,8.0,True,True,True,0.1677581349511941
2024-09-21,0.3547638888888889,0.0006932839703681999,288.0,Chirimachaya,0.18870708905160424,8.0,True,True,True,0.16605679983728464
2024-09-22,0.35657986111111106,0.0006139016549632793,288.0,Chirimachaya,0.188116880133748,8.0,True,True,True,0.16846298097736306
2024-09-23,0.35682638888888885,0.0007992144323432053,288.0,Chirimachaya,0.18762631341814992,8.0,True,True,True,0.16920007547073893
2024-09-24,0.35522916666666665,0.0009237007072183494,288.0,Chirimachaya,0.1866108067333698,8.0,True,True,True,0.16861835993329685
2024-09-25,0.3526909722222222,0.001292563193419142,288.0,Chirimachaya,0.18541722930967802,8.0,True,True,True,0.16727374291254415
2024-09-26,0.34903124999999996,0.001659854691175829,288.0,Chirimachaya,0.18430109135806555,8.0,True,True,True,0.1647301586419344
2024-09-27,0.3443090277777778,0.001799628811686687,288.0,Chirimachaya,0.18682679720222947,8.0,True,True,True,0.1574822305755483
2024-09-28,0.34189930555555553,0.002364133760159831,288.0,Chirimachaya,0.1890683118253946,8.0,True,True,True,0.15283099373016093
2024-09-29,0.3520034722222222,0.008478091570757828,288.0,Chirimachaya,0.1918364483863115,8.0,True,True,True,0.16016702383591072
2024-09-30,0.38452083333333337,0.005746040903327769,288.0,Chirimachaya,0.1987089961767196,8.0,True,True,True,0.18581183715661376
2024-10-01,0.3988055555555556,0.002967366710655757,288.0,Chirimachaya,0.2042442616075277,8.0,True,True,True,0.19456129394802787
2024-10-02,0.4078090277777778,0.0021756464278500096,288.0,Chirimachaya,0.20826912857592103,8.0,True,True,True,0.19953989920185675
2024-10-03,0.41766666666666663,0.0028929808120852643,288.0,Chirimachaya,0.21668391488492483,8.0,True,True,True,0.2009827517817418
2024-10-04,0.42695833333333333,0.0021048310119460636,288.0,Chirimachaya,0.21879480779170987,8.0,True,True,True,0.20816352554162346
2024-10-05,0.43437499999999996,0.0018265368689948855,288.0,Chirimachaya,0.2165191378444433,8.0,True,True,True,0.21785586215555666
2024-10-06,0.43986111111111115,0.0009920317455235652,288.0,Chirimachaya,0.2171941697597503,8.0,True,True,True,0.22266694135136084
2024-10-07,0.44209027777777776,0.0004323696064453036,288.0,Chirimachaya,0.21692662127315993,8.0,True,True,True,0.22516365650461784
2024-10-08,0.4425069444444445,0.0005008220110961121,288.0,Chirimachaya,0.21769258938729757,8.0,True,True,True,0.22481435505714692
2024-10-09,0.44245833333333334,0.0004991281597552758,288.0,Chirimachaya,0.22199063375592226,8.0,True,True,True,0.22046769957741108
2024-10-10,0.4427291666666667,0.002038715008287734,288.0,Chirimachaya,0.22119312174618241,8.0,True,True,True,0.22153604492048426
2024-10-11,0.45264930555555555,0.002727827856048314,288.0,Chirimachaya,0.2254106048494577,8.0,True,True,True,0.22723870070609783
2024-10-12,0.46000694444444445,0.001144576837209105,288.0,Chirimachaya,0.2272372562438249,8.0,True,True,True,0.23276968820061955
2024-10-13,0.4620590277777778,0.00048674603190381046,288.0,Chirimachaya,0.2250272054225206,8.0,True,True,True,0.2370318223552572
2024-10-14,0.4620833333333334,0.0005902813361009945,288.0,Chirimachaya,0.22548449411988253,8.0,True,True,True,0.23659883921345087
2024-10-15,0.462,0.0,288.0,Chirimachaya,0.22680715844035146,8.0,True,True,True,0.23519284155964856
2024-10-16,0.4626527777777778,0.0006500543471726314,288.0,Chirimachaya,0.22682242840528483,8.0,True,True,True,0.23583034937249298
2024-10-17,0.46061111111111114,0.0013620598824941048,288.0,Chirimachaya,0.22588367573916907,8.0,True,True,True,0.23472743537194207
2024-10-18,0.45561111111111113,0.002541943921588987,288.0,Chirimachaya,0.22748102433979508,8.0,True,True,True,0.22813008677131605
2024-10-19,0.44779166666666664,0.003500870971769078,288.0,Chirimachaya,0.2304165009409189,8.0,True,True,True,0.21737516572574775
2024-10-20,0.43712847222222223,0.004244384085357213,288.0,Chirimachaya,0.2343217115849256,8.0,True,True,True,0.20280676063729663
2024-10-21,0.4247638888888889,0.004835245326496029,288.0,Chirimachaya,0.2352226413786411,8.0,True,True,True,0.18954124751024778
2024-10-22,0.4106736111111111,0.005190892400919611,288.0,Chirimachaya,0.23814611323177812,8.0,True,True,True,0.172527497879333
2024-10-23,0.39770486111111114,0.004376812991973101,288.0,Chirimachaya,0.2422384954988956,8.0,True,True,True,0.15546636561221555
2024-10-24,0.3851354166666667,0.004516218836415809,288.0,Chirimachaya,0.2438872419297695,8.0,True,True,True,0.1412481747368972
2024-10-25,0.37206944444444445,0.004554207424480641,288.0,Chirimachaya,0.2420607581734657,8.0,True,True,True,0.13000868627097875
2024-10-26,0.3601145833333333,0.003714187297677614,288.0,Chirimachaya,0.23895305208861825,8.0,True,True,True,0.12116153124471504
2024-10-27,0.34988541666666667,0.0030140315009140445,288.0,Chirimachaya,0.23860456794500348,8.0,True,True,True,0.11128084872166319
2024-10-28,0.3580729166666667,0.011711614407113234,288.0,Chirimachaya,0.2583785615861416,8.0,True,True,True,0.0996943550805251
2024-10-29,0.3607604166666667,0.0012666573063410092,288.0,Chirimachaya,0.26830412074923515,8.0,True,True,True,0.09245629591743154
2024-10-30,0.35788194444444443,0.0009257939640124577,288.0,Chirimachaya,0.2701063454151153,8.0,True,True,True,0.08777559902932913
2024-10-31,0.35346527777777775,0.002439264167462876,288.0,Chirimachaya,0.26582465693354607,8.0,True,True,True,0.08764062084423169
2024-11-01,0.3469131944444444,0.0024026914794320555,288.0,Chirimachaya,0.2675045393407345,8.0,True,True,True,0.07940865510370992
2024-11-02,0.3472326388888889,0.006880111516204995,288.0,Chirimachaya,0.2730022668838501,8.0,True,True,True,0.07423037200503879
2024-11-03,0.3491597222222222,0.0023689724744269257,288.0,Chirimachaya,0.27869005128741264,8.0,True,True,True,0.07046967093480955
2024-11-04,0.3424201388888889,0.002534887715416788,288.0,Chirimachaya,0.28782713785767555,8.0,True,True,True,0.05459300103121334
2024-11-05,0.33538888888888896,0.0026401116836030345,288.0,Chirimachaya,0.29324790090322495,8.0,True,True,True,0.042140987985664013
2024-11-06,0.3281875,0.002338791939269616,288.0,Chirimachaya,0.2890418320894241,8.0,True,True,True,0.03914566791057594
2024-11-07,0.3209548611111111,0.002943375716387666,288.0,Chirimachaya,0.29356131330132484,8.0,True,True,True,0.027393547809786256
2024-11-08,0.31245833333333334,0.0028526532670517433,288.0,Chirimachaya,0.293911200016737,8.0,True,True,True,0.018547133316596354
2024-11-09,0.30440277777777774,0.0027932707700910227,288.0,Chirimachaya,0.2954350784420967,8.0,True,True,True,0.008967699335681034
2024-11-10,0.2961736111111111,0.0028057428938192005,288.0,Chirimachaya,0.29824046790599823,8.0,True,True,True,-0.0020668567948871064
2024-11-11,0.2879722222222222,0.0029512755039593865,288.0,Chirimachaya,0.2992282211780548,8.0,True,True,True,-0.011255998955832625
2024-11-12,0.27970486111111115,0.00264371794636754,288.0,Chirimachaya,0.29935309663414955,8.0,True,True,True,-0.019648235523038404
2024-11-13,0.27229861111111114,0.002274169024976276,288.0,Chirimachaya,0.2962862439453602,8.0,True,True,True,-0.02398763283424904
2024-11-14,0.2659375,0.0021663204404868577,288.0,Chirimachaya,0.29060424864292145,8.0,True,True,True,-0.024666748642921454
2024-11-15,0.2595243055555556,0.002222650159628055,288.0,Chirimachaya,0.2901604287326336,8.0,True,True,True,-0.03063612317707798
2024-11-16,0.25314930555555554,0.0022232379477942726,288.0,Chirimachaya,0.28578654304146767,8.0,True,True,True,-0.03263723748591213
2024-11-17,0.2471076388888889,0.0019733972850782227,288.0,Chirimachaya,0.2846243306994438,8.0,True,True,True,-0.03751669181055492
2024-11-18,0.24157638888888888,0.0019633572225731073,288.0,Chirimachaya,0.2842318415641784,8.0,True,True,True,-0.04265545267528953
2024-11-19,0.23587152777777776,0.0021120580710276295,288.0,Chirimachaya,0.2797718308866024,8.0,True,True,True,-0.043900303108824645
2024-11-20,0.22996875000000003,0.0020454068114656786,288.0,Chirimachaya,0.28135380148887634,8.0,True,True,True,-0.051385051488876315
2024-11-21,0.22456944444444446,0.0016576410667905458,288.0,Chirimachaya,0.28424535691738123,8.0,True,True,True,-0.05967591247293677
2024-11-22,0.21999305555555554,0.0015816743555288602,288.0,Chirimachaya,0.286125723272562,8.0,True,True,True,-0.06613266771700649
2024-11-23,0.21699652777777778,0.0010172664878190414,288.0,Chirimachaya,0.2902674004435539,8.0,True,True,True,-0.07327087266577614
2024-11-24,0.21721527777777777,0.0008964754404074094,288.0,Chirimachaya,0.28900856897234917,8.0,True,True,True,-0.0717932911945714
2024-11-25,0.2155173611111111,0.0005900250819816066,288.0,Chirimachaya,0.2877285853028297,8.0,True,True,True,-0.07221122419171858
2024-11-26,0.21414583333333334,0.0010623014264122513,288.0,Chirimachaya,0.2865318730473518,8.0,True,True,True,-0.07238603971401844
2024-11-27,0.21778472222222223,0.0020127232732881205,288.0,Chirimachaya,0.2858452647924423,8.0,True,True,True,-0.0680605425702201
2024-11-28,0.23106250000000003,0.0077037650869999,288.0,Chirimachaya,0.2878645658493042,8.0,True,True,True,-0.05680206584930417
2024-11-29,0.24487847222222225,0.0006041278673111622,288.0,Chirimachaya,0.28835373744368553,8.0,True,True,True,-0.04347526522146328
2024-11-30,0.246,0.0,288.0,Chirimachaya,0.2869689762592315,8.0,True,True,True,-0.040968976259231515
2024-12-01,0.24459375,0.0013005878461851827,288.0,Chirimachaya,0.28638955578207964,8.0,True,True,True,-0.04179580578207964
2024-12-02,0.24171180555555555,0.0013133990017010152,288.0,Chirimachaya,0.28135641664266586,8.0,True,True,True,-0.039644611087110315
2024-12-03,0.2391319444444444,0.0009125262844977355,288.0,Chirimachaya,0.27978384867310524,8.0,True,True,True,-0.04065190422866083
2024-12-04,0.23850694444444442,0.0029157664115867996,288.0,Chirimachaya,0.2814586460590362,8.0,True,True,True,-0.042951701614591775
2024-12-05,0.28120486111111115,0.021157853147387818,288.0,Chirimachaya,0.2824227176606655,8.0,True,True,True,-0.0012178565495543636
2024-12-06,0.35637847222222224,0.02992847143667406,288.0,Chirimachaya,0.28991033136844635,8.0,True,True,True,0.06646814085377589
2024-12-07,0.47987500000000005,0.058047784593102676,288.0,Chirimachaya,0.2957412116229534,8.0,True,True,True,0.18413378837704664
2024-12-08,0.5377604166666666,0.047825046604813896,288.0,Chirimachaya,0.2995039224624634,8.0,True,True,True,0.23825649420420325
2024-12-09,0.5279895833333333,0.02134574913413796,288.0,Chirimachaya,0.3014141097664833,8.0,True,True,True,0.22657547356685004
2024-12-10,0.49867013888888884,0.0008506263206820801,288.0,Chirimachaya,0.2986187599599361,8.0,True,True,True,0.20005137892895275
2024-12-11,0.4946875,0.0018571596086085491,288.0,Chirimachaya,0.29725934565067286,8.0,True,True,True,0.19742815434932715
2024-12-12,0.4865069444444445,0.003885103378510124,288.0,Chirimachaya,0.2958991006016731,8.0,True,True,True,0.19060784384277135
2024-12-13,0.4766527777777777,0.003354376089075229,288.0,Chirimachaya,0.2932715527713298,8.0,True,True,True,0.18338122500644788
2024-12-14,0.46835069444444444,0.0028021767678035763,288.0,Chirimachaya,0.29443884640932083,8.0,True,True,True,0.1739118480351236
2024-12-15,0.46287152777777785,0.004471452822147332,288.0,Chirimachaya,0.29325685650110245,8.0,True,True,True,0.1696146712766754
2024-12-16,0.475875,0.0010517945507576123,288.0,Chirimachaya,0.29198162257671356,8.0,True,True,True,0.18389337742328643
2024-12-17,0.47301736111111103,0.0012809420456040782,288.0,Chirimachaya,0.290652047842741,8.0,True,True,True,0.18236531326837002
2024-12-18,0.47048263888888886,0.0005005682987941598,288.0,Chirimachaya,0.28859134763479233,8.0,True,True,True,0.18189129125409653
2024-12-19,0.47314930555555557,0.014142207056255063,288.0,Chirimachaya,0.2871750593185425,8.0,True,True,True,0.18597424623701309
2024-12-20,0.5836076388888888,0.02000772178412834,288.0,Chirimachaya,0.2874489352107048,8.0,True,True,True,0.296158703678184
2024-12-21,0.5393472222222223,0.013585614160489564,288.0,Chirimachaya,0.28741953894495964,8.0,True,True,True,0.25192768327726267
2024-12-22,0.5116458333333334,0.005669735965928358,288.0,Chirimachaya,0.28770285844802856,8.0,True,True,True,0.2239429748853048
2024-12-23,0.5004166666666667,0.001970160678991648,288.0,Chirimachaya,0.2887538187205791,8.0,True,True,True,0.21166284794608764
2024-12-24,0.5062118055555556,0.0035896094053968525,288.0,Chirimachaya,0.2918746843934059,8.0,True,True,True,0.21433712116214965
2024-12-25,0.5463159722222222,0.05055539089827379,288.0,Chirimachaya,0.29518139734864235,8.0,True,True,True,0.2511345748735798
2024-12-26,0.5682604166666666,0.02318051181593658,288.0,Chirimachaya,0.29886193200945854,8.0,True,True,True,0.26939848465720806
2024-12-27,0.5785208333333334,0.021837687191677033,288.0,Chirimachaya,0.3091717287898063,8.0,True,True,True,0.26934910454352706
2024-12-28,0.6025868055555555,0.026937650934028994,288.0,Chirimachaya,0.3193366453051567,8.0,True,True,True,0.28325016025039884
2024-12-29,0.63209375,0.021210613735048366,288.0,Chirimachaya,0.3165763318538666,8.0,True,True,True,0.31551741814613343
2024-12-30,0.5934583333333333,0.01615813621225103,288.0,Chirimachaya,0.31783358380198473,8.0,True,True,True,0.2756247495313486
2024-12-31,0.5549444444444445,0.011802838953225873,288.0,Chirimachaya,0.3233821615576744,8.0,True,True,True,0.23156228288677005
2025-01-01,0.6187222222222223,0.04680405361467913,288.0,Chirimachaya,0.32415467128157616,8.0,True,True,True,0.29456755094064613
2025-01-02,0.6138055555555555,0.039823526703856874,288.0,Chirimachaya,0.32832275703549385,8.0,True,True,True,0.28548279852006164
2025-01-03,0.6013506944444444,0.03151690989408955,288.0,Chirimachaya,0.3324396535754204,8.0,True,True,True,0.26891104086902407
2025-01-04,0.6173263888888889,0.03173877037792422,288.0,Chirimachaya,0.3371543250977993,8.0,True,True,True,0.2801720637910896
2025-01-05,0.6099756944444444,0.04213570369233768,288.0,Chirimachaya,0.3400732278823852,8.0,True,True,True,0.26990246656205924
2025-01-06,0.5550868055555556,0.007142362666779059,288.0,Chirimachaya,0.3396700285375118,8.0,True,True,True,0.21541677701804374
2025-01-07,0.5357048611111112,0.005414496348909127,288.0,Chirimachaya,0.35032717883586884,8.0,True,True,True,0.18537768227524232
2025-01-08,0.6386284722222223,0.029713571467682668,288.0,Chirimachaya,0.36371229961514473,8.0,True,True,True,0.27491617260707757
2025-01-09,0.5969965277777778,0.03568635127530104,288.0,Chirimachaya,0.3752617388963699,8.0,True,True,True,0.2217347888814079
2025-01-10,0.5995347222222223,0.040399902230958434,288.0,Chirimachaya,0.37423722073435783,8.0,True,True,True,0.22529750148786443
2025-01-11,0.5714027777777777,0.024360623806813014,288.0,Chirimachaya,0.37340231239795685,8.0,True,True,True,0.19800046537982086
2025-01-12,0.5474375,0.005104099261210823,288.0,Chirimachaya,0.3710283450782299,8.0,True,True,True,0.17640915492177012
2025-01-13,0.5317465277777778,0.00440640036858757,288.0,Chirimachaya,0.36755554005503654,8.0,True,True,True,0.1641909877227412
2025-01-14,0.5211423611111111,0.00323157505445256,288.0,Chirimachaya,0.3686501644551754,8.0,True,True,True,0.15249219665593572
2025-01-15,0.5140694444444445,0.0023938154280402453,288.0,Chirimachaya,0.3748576864600181,8.0,True,True,True,0.13921175798442637
2025-01-16,0.5086354166666667,0.0014918112719375753,288.0,Chirimachaya,0.37822286412119865,8.0,True,True,True,0.13041255254546802
2025-01-17,0.5057048611111111,0.0010524787308543132,288.0,Chirimachaya,0.378266166895628,8.0,True,True,True,0.12743869421548315
2025-01-18,0.50375,0.0010884250040987206,288.0,Chirimachaya,0.3783642612397671,8.0,True,True,True,0.12538573876023296
2025-01-19,0.5045034722222222,0.0010257936975957063,288.0,Chirimachaya,0.3808891028165817,8.0,True,True,True,0.12361436940564052
2025-01-20,0.5078819444444445,0.0010325471888739857,288.0,Chirimachaya,0.3791096769273281,8.0,True,True,True,0.12877226751711635
2025-01-21,0.5350972222222222,0.040186554418363996,288.0,Chirimachaya,0.38012889027595514,8.0,True,True,True,0.15496833194626708
2025-01-22,0.5857708333333334,0.02045619736053023,288.0,Chirimachaya,0.3838712349534035,8.0,True,True,True,0.20189959837992988
2025-01-23,0.5718993055555556,0.020441134986004826,288.0,Chirimachaya,0.3825935758650303,8.0,True,True,True,0.18930572969052528
2025-01-24,0.5368854166666668,0.005432903610191485,288.0,Chirimachaya,0.3808466047048569,8.0,True,True,True,0.1560388119618099
2025-01-25,0.5261909722222222,0.0021254198419257586,288.0,Chirimachaya,0.3794211782515049,8.0,True,True,True,0.14676979397071732
2025-01-26,0.5210069444444445,0.0014768670473840923,288.0,Chirimachaya,0.3758569397032261,8.0,True,True,True,0.14515000474121842
2025-01-27,0.5166458333333334,0.00172284809977946,288.0,Chirimachaya,0.3707179129123688,8.0,True,True,True,0.14592792042096459
2025-01-28,0.5140659722222223,0.0006775301728441691,288.0,Chirimachaya,0.368048507720232,8.0,True,True,True,0.14601746450199027
2025-01-29,0.5215208333333333,0.007935689901705376,288.0,Chirimachaya,0.3673086240887642,8.0,True,True,True,0.15421220924456913
2025-01-30,0.5375347222222222,0.0004996611317807295,288.0,Chirimachaya,0.3644634820520878,8.0,True,True,True,0.17307124017013442
2025-01-31,0.5389270833333334,0.0013633694042347712,288.0,Chirimachaya,0.36141082644462585,8.0,True,True,True,0.17751625688870754
2025-02-01,0.5337951388888889,0.0027414187903576836,288.0,Chirimachaya,0.3590763919055462,8.0,True,True,True,0.17471874698334267
2025-02-02,0.5247708333333334,0.003791093082421279,288.0,Chirimachaya,0.35736631974577904,8.0,True,True,True,0.16740451358755437
2025-02-03,0.5149722222222223,0.0035670666355564758,288.0,Chirimachaya,0.357774555683136,8.0,True,True,True,0.1571976665390863
2025-02-04,0.5555208333333334,0.05626486253513415,288.0,Chirimachaya,0.3576304614543915,8.0,True,True,True,0.19789037187894187
2025-02-05,0.5926180555555556,0.031791239020144,288.0,Chirimachaya,0.35990265011787415,8.0,True,True,True,0.23271540543768143
2025-02-06,0.5505625000000001,0.0038872950386831164,288.0,Chirimachaya,0.3599101677536964,8.0,True,True,True,0.19065233224630368
2025-02-07,0.5379895833333334,0.0035392122738209988,288.0,Chirimachaya,0.3596029318869114,8.0,True,True,True,0.17838665144642196
2025-02-08,0.5356805555555556,0.0013127770802417965,288.0,Chirimachaya,0.3633427172899246,8.0,True,True,True,0.17233783826563098
2025-02-09,0.5618090277777777,0.024966074299946166,288.0,Chirimachaya,0.3666447401046753,8.0,True,True,True,0.19516428767310245
2025-02-10,0.5515590277777779,0.008814977064875482,288.0,Chirimachaya,0.36950244754552836,8.0,True,True,True,0.18205658023224952
2025-02-11,0.5915347222222223,0.03328420813870779,288.0,Chirimachaya,0.3719741255044937,8.0,True,True,True,0.21956059671772854
2025-02-12,0.5741666666666666,0.014215366863091038,288.0,Chirimachaya,0.3755751736462116,8.0,True,True,True,0.19859149302045498
2025-02-13,0.6068923611111111,0.03798558607954405,288.0,Chirimachaya,0.38667744025588036,8.0,True,True,True,0.22021492085523076
2025-02-14,0.6104270833333333,0.024635776705889376,288.0,Chirimachaya,0.39465203136205673,8.0,True,True,True,0.21577505197127655
2025-02-15,0.5674097222222222,0.010744361259622368,288.0,Chirimachaya,0.3961033746600151,8.0,True,True,True,0.17130634756220708
2025-02-16,0.559125,0.008482714541526458,288.0,Chirimachaya,0.396533653140068,8.0,True,True,True,0.16259134685993198
2025-02-17,0.5536006944444445,0.016863365635642592,288.0,Chirimachaya,0.4003410600125789,8.0,True,True,True,0.15325963443186558
2025-02-18,0.5983506944444444,0.016352985626144463,288.0,Chirimachaya,0.4012923389673233,8.0,True,True,True,0.19705835547712114
2025-02-19,0.5649236111111111,0.009403891151856846,288.0,Chirimachaya,0.39929074421525,8.0,True,True,True,0.1656328668958611
2025-02-20,0.5730347222222222,0.011226470209823076,288.0,Chirimachaya,0.39606694877147675,8.0,True,True,True,0.17696777345074544
2025-02-21,0.5483958333333334,0.0050485016923815206,288.0,Chirimachaya,0.3936694711446762,8.0,True,True,True,0.1547263621886572
2025-02-22,0.5411770833333334,0.0015617027582822073,288.0,Chirimachaya,0.3890617974102497,8.0,True,True,True,0.15211528592308365
2025-02-23,0.550232638888889,0.017780055105722396,288.0,Chirimachaya,0.38732885196805,8.0,True,True,True,0.16290378692083896
2025-02-24,0.5598888888888889,0.010677803419671025,288.0,Chirimachaya,0.38602133095264435,8.0,True,True,True,0.17386755793624453
2025-02-25,0.5435347222222222,0.002716354378066258,288.0,Chirimachaya,0.3842039816081524,8.0,True,True,True,0.15933074061406982
2025-02-26,0.5504791666666667,0.020757423843032696,288.0,Chirimachaya,0.38207119703292847,8.0,True,True,True,0.16840796963373827
2025-02-27,0.5574722222222221,0.009156741538452275,288.0,Chirimachaya,0.38116034120321274,8.0,True,True,True,0.1763118810190094
2025-02-28,0.5447430555555557,0.0018107173305789333,288.0,Chirimachaya,0.3818130791187286,8.0,True,True,True,0.1629299764368271
2025-03-01,0.5616006944444445,0.01960916729554762,288.0,Chirimachaya,0.3838666267693043,8.0,True,True,True,0.17773406767514022
2025-03-02,0.6017465277777778,0.03275271600982332,288.0,Chirimachaya,0.3898894377052784,8.0,True,True,True,0.21185709007249942
2025-03-03,0.6112465277777778,0.01662451660535111,288.0,Chirimachaya,0.3904626928269863,8.0,True,True,True,0.22078383495079146
2025-03-04,0.5633680555555556,0.008628004422660953,288.0,Chirimachaya,0.3913766220211983,8.0,True,True,True,0.1719914335343573
2025-03-05,0.5783888888888888,0.028015702692729336,288.0,Chirimachaya,0.3903539218008518,8.0,True,True,True,0.18803496708803702
2025-03-06,0.5584409722222223,0.009054807283426478,288.0,Chirimachaya,0.3936435617506504,8.0,True,True,True,0.16479741047157193
2025-03-07,0.5427083333333333,0.0023504021451452375,288.0,Chirimachaya,0.39130945503711695,8.0,True,True,True,0.1513988782962164
2025-03-08,0.5388923611111112,0.001892275876974618,288.0,Chirimachaya,0.3873871676623821,8.0,True,True,True,0.15150519344872904
2025-03-09,0.5336076388888888,0.002058942587821698,288.0,Chirimachaya,0.3860502876341343,8.0,True,True,True,0.14755735125475455
2025-03-10,0.5286770833333334,0.001628330144422106,288.0,Chirimachaya,0.38271813467144966,8.0,True,True,True,0.14595894866188375
2025-03-11,0.5264027777777778,0.0010580334426548888,288.0,Chirimachaya,0.38236143067479134,8.0,True,True,True,0.14404134710298644
2025-03-12,0.5264305555555555,0.0011961190306897251,288.0,Chirimachaya,0.3798983432352543,8.0,True,True,True,0.14653221232030123
2025-03-13,0.5618090277777779,0.05199773837643364,288.0,Chirimachaya,0.3793325610458851,8.0,True,True,True,0.18247646673189277
2025-03-14,0.582392361111111,0.021240998355314445,288.0,Chirimachaya,0.3886253647506237,8.0,True,True,True,0.19376699636048733
2025-03-15,0.5502638888888889,0.004100626468856731,288.0,Chirimachaya,0.38944877311587334,8.0,True,True,True,0.16081511577301555
2025-03-16,0.5420902777777779,0.0017507119286348804,288.0,Chirimachaya,0.3875315822660923,8.0,True,True,True,0.15455869551168555
2025-03-17,0.5405763888888889,0.0004949903896735695,288.0,Chirimachaya,0.3844789899885654,8.0,True,True,True,0.15609739890032354
2025-03-18,0.5416423611111112,0.003175561732219568,288.0,Chirimachaya,0.38087731227278704,8.0,True,True,True,0.16076504883832415
2025-03-19,0.5484583333333334,0.002255075576041325,288.0,Chirimachaya,0.3765519671142101,8.0,True,True,True,0.1719063662191233
2025-03-20,0.5423472222222222,0.001334711830958058,288.0,Chirimachaya,0.3707481287419796,8.0,True,True,True,0.1715990934802426
2025-03-21,0.5406597222222222,0.0008485543717840192,288.0,Chirimachaya,0.3659033663570881,8.0,True,True,True,0.17475635586513416
2025-03-22,0.5411597222222223,0.0012723990041284658,288.0,Chirimachaya,0.36206441000103945,8.0,True,True,True,0.17909531222118286
2025-03-23,0.5505277777777778,0.0034810476304551127,288.0,Chirimachaya,0.3590923361480236,8.0,True,True,True,0.19143544162975423
2025-03-24,0.5481736111111112,0.002226948854409225,288.0,Chirimachaya,0.3569944649934768,8.0,True,True,True,0.19117914611763437
2025-03-25,0.5411909722222222,0.002266631545639097,288.0,Chirimachaya,0.3538399785757064,8.0,True,True,True,0.1873509936465158
2025-03-26,0.5356145833333333,0.0018798572393713166,288.0,Chirimachaya,0.3531473539769649,8.0,True,True,True,0.18246722935636844
2025-03-27,0.5314236111111111,0.0011111086914412792,288.0,Chirimachaya,0.35181333124637604,8.0,True,True,True,0.1796102798647351
2025-03-28,0.54434375,0.017191985081580742,288.0,Chirimachaya,0.35333029553294176,8.0,True,True,True,0.19101345446705825
2025-03-29,0.5921527777777778,0.03309153590201914,288.0,Chirimachaya,0.36014340445399284,8.0,True,True,True,0.2320093733237849
2025-03-30,0.6064618055555555,0.030568913399318293,288.0,Chirimachaya,0.3612364716827869,8.0,True,True,True,0.24522533387276862
2025-03-31,0.5888888888888889,0.012712095319114294,288.0,Chirimachaya,0.36435968428850174,8.0,True,True,True,0.22452920460038717
2025-04-01,0.5948159722222222,0.03725246976485054,288.0,Chirimachaya,0.370058886706829,8.0,True,True,True,0.22475708551539314
2025-04-02,0.5931284722222222,0.016809886601438617,288.0,Chirimachaya,0.37177207320928574,8.0,True,True,True,0.22135639901293647
2025-04-03,0.5896840277777777,0.024198240968104343,288.0,Chirimachaya,0.37319934368133545,8.0,True,True,True,0.21648468409644228
2025-04-04,0.580673611111111,0.02158116673505276,288.0,Chirimachaya,0.37407104298472404,8.0,True,True,True,0.206602568126387
2025-04-05,0.5840555555555556,0.01674726157979234,288.0,Chirimachaya,0.3716776669025421,8.0,True,True,True,0.21237788865301344
2025-04-06,0.6542743055555555,0.019473320430150026,288.0,Chirimachaya,0.3676570914685726,8.0,True,True,True,0.28661721408698293
2025-04-07,0.6053784722222222,0.03752024988808996,288.0,Chirimachaya,0.3648311011493206,8.0,True,True,True,0.24054737107290158
2025-04-08,0.5833541666666666,0.028149543104702357,288.0,Chirimachaya,0.3646797463297844,8.0,True,True,True,0.21867442033688222
2025-04-09,0.5678680555555555,0.011365174833385337,288.0,Chirimachaya,0.3632875457406044,8.0,True,True,True,0.20458050981495113
2025-04-10,0.56646875,0.015628719069587804,288.0,Chirimachaya,0.363125491887331,8.0,True,True,True,0.20334325811266896
2025-04-11,0.6381527777777778,0.03803222903300226,288.0,Chirimachaya,0.3692857883870601,8.0,True,True,True,0.2688669893907177
2025-04-12,0.5746180555555555,0.013261243485599927,288.0,Chirimachaya,0.3735358715057373,8.0,True,True,True,0.20108218404981815
2025-04-13,0.585673611111111,0.018022761397129265,288.0,Chirimachaya,0.374615628272295,8.0,True,True,True,0.21105798283881605
2025-04-14,0.5580833333333334,0.006725063630645966,288.0,Chirimachaya,0.37290461361408234,8.0,True,True,True,0.18517871971925104
2025-04-15,0.5445104166666668,0.0033276210491416584,288.0,Chirimachaya,0.3709164001047611,8.0,True,True,True,0.17359401656190565
2025-04-16,0.5362048611111112,0.002699150204663248,288.0,Chirimachaya,0.367006953805685,8.0,True,True,True,0.16919790730542622
2025-04-17,0.5307222222222223,0.0010522545527698747,288.0,Chirimachaya,0.3654002249240875,8.0,True,True,True,0.1653219972981348
2025-04-18,0.5327500000000001,0.00303521721694007,288.0,Chirimachaya,0.3668093755841255,8.0,True,True,True,0.16594062441587454
2025-04-19,0.5376145833333333,0.0009703240415677655,288.0,Chirimachaya,0.3641074113547802,8.0,True,True,True,0.17350717197855314
2025-04-20,0.5355590277777779,0.0010575702343668526,288.0,Chirimachaya,0.3602209873497486,8.0,True,True,True,0.17533804042802925
2025-04-21,0.5315034722222223,0.001963070665628145,288.0,Chirimachaya,0.3585372269153595,8.0,True,True,True,0.17296624530686278
2025-04-22,0.5354826388888889,0.006040488591137874,288.0,Chirimachaya,0.35795440152287483,8.0,True,True,True,0.17752823736601409
2025-04-23,0.5919444444444444,0.049452863951447754,288.0,Chirimachaya,0.35856636613607407,8.0,True,True,True,0.23337807830837032
2025-04-24,0.6112847222222222,0.028725582133563708,288.0,Chirimachaya,0.36650571972131724,8.0,True,True,True,0.24477900250090495
2025-04-25,0.6193506944444445,0.026806155350457533,288.0,Chirimachaya,0.37304178997874254,8.0,True,True,True,0.24630890446570192
2025-04-26,0.6127881944444444,0.03625798385520487,288.0,Chirimachaya,0.3816313222050667,8.0,True,True,True,0.23115687223937775
2025-04-27,0.5845729166666667,0.01974087084470488,288.0,Chirimachaya,0.3879659660160541,8.0,True,True,True,0.19660695065061257
2025-04-28,0.5835243055555556,0.019753342226893872,288.0,Chirimachaya,0.39114886149764055,8.0,True,True,True,0.192375444057915
2025-04-29,0.5712604166666666,0.011513886291176147,288.0,Chirimachaya,0.3912089131772518,8.0,True,True,True,0.1800515034894148
2025-04-30,0.5522604166666667,0.0027771270530871648,288.0,Chirimachaya,0.38805982097983355,8.0,True,True,True,0.16420059568683315
2025-05-01,0.5842256944444445,0.04913539318686227,288.0,Chirimachaya,0.3909427635371685,8.0,True,True,True,0.193282930907276
2025-05-02,0.5901770833333333,0.022242092808652504,288.0,Chirimachaya,0.39235431700944895,8.0,True,True,True,0.19782276632388435
2025-05-03,0.5626284722222222,0.004573536409434789,288.0,Chirimachaya,0.3881185576319694,8.0,True,True,True,0.17450991459025283
2025-05-04,0.5559444444444446,0.009131465512613467,288.0,Chirimachaya,0.3845881149172783,8.0,True,True,True,0.17135632952716628
2025-05-05,0.6044375,0.026811828153258385,288.0,Chirimachaya,0.3829091340303421,8.0,True,True,True,0.22152836596965786
2025-05-06,0.5795104166666667,0.015166206790005738,288.0,Chirimachaya,0.3807220086455345,8.0,True,True,True,0.19878840802113218
2025-05-07,0.5561458333333333,0.0040051686988965985,288.0,Chirimachaya,0.3783584348857403,8.0,True,True,True,0.17778739844759306
2025-05-08,0.5466770833333334,0.002109352617960886,288.0,Chirimachaya,0.3767082467675209,8.0,True,True,True,0.16996883656581252
2025-05-09,0.5431493055555556,0.0012886260153184559,288.0,Chirimachaya,0.3735798969864845,8.0,True,True,True,0.1695694085690711
2025-05-10,0.5497847222222222,0.009477031242795673,288.0,Chirimachaya,0.3699577413499355,8.0,True,True,True,0.1798269808722867
2025-05-11,0.6116145833333334,0.03249766642654118,288.0,Chirimachaya,0.3674205616116524,8.0,True,True,True,0.24419402172168103
2025-05-12,0.6273333333333333,0.022221720861553176,288.0,Chirimachaya,0.36641203612089157,8.0,True,True,True,0.2609212972124417
2025-05-13,0.625170138888889,0.03388454794633815,288.0,Chirimachaya,0.3677746392786503,8.0,True,True,True,0.25739549961023866
2025-05-14,0.5655208333333334,0.005919869983975828,288.0,Chirimachaya,0.36514483392238617,8.0,True,True,True,0.2003759994109472
2025-05-15,0.5583680555555556,0.0009859396747261525,288.0,Chirimachaya,0.36433545872569084,8.0,True,True,True,0.19403259682986473
2025-05-16,0.5543229166666667,0.0016622145821382321,288.0,Chirimachaya,0.36554983258247375,8.0,True,True,True,0.1887730840841929
2025-05-17,0.5632430555555555,0.007703790214070612,288.0,Chirimachaya,0.36793392151594156,8.0,True,True,True,0.19530913403961397
2025-05-18,0.5964131944444444,0.03730960165725022,288.0,Chirimachaya,0.37557109817862505,8.0,True,True,True,0.22084209626581935
2025-05-19,0.60028125,0.026603831084962393,288.0,Chirimachaya,0.38216791301965714,8.0,True,True,True,0.21811333698034285
2025-05-20,0.5789236111111111,0.017042917689187788,288.0,Chirimachaya,0.38131167367100716,8.0,True,True,True,0.19761193744010397
2025-05-21,0.5582534722222223,0.001952838127402978,288.0,Chirimachaya,0.37754175439476967,8.0,True,True,True,0.18071171782745266
2025-05-22,0.5591041666666667,0.0021711402935360004,288.0,Chirimachaya,0.37457412481307983,8.0,True,True,True,0.1845300418535869
2025-05-23,0.5519236111111111,0.0022277310252164385,288.0,Chirimachaya,0.37567198276519775,8.0,True,True,True,0.17625162834591335
2025-05-24,0.5466284722222222,0.0014521958955617152,288.0,Chirimachaya,0.3738052546977997,8.0,True,True,True,0.17282321752442253
2025-05-25,0.5708368055555556,0.04695402636463195,288.0,Chirimachaya,0.37429457157850266,8.0,True,True,True,0.19654223397705295
2025-05-26,0.59290625,0.02322128579798064,288.0,Chirimachaya,0.37471488118171686,8.0,True,True,True,0.2181913688182831
2025-05-27,0.5594270833333334,0.004317724893718907,288.0,Chirimachaya,0.37109339982271194,8.0,True,True,True,0.1883336835106214
2025-05-28,0.5495798611111112,0.002151219728922532,288.0,Chirimachaya,0.3669173307716846,8.0,True,True,True,0.18266253033942664
2025-05-29,0.5445937500000001,0.001340171019821465,288.0,Chirimachaya,0.3648897707462311,8.0,True,True,True,0.17970397925376902
2025-05-30,0.5417951388888889,0.0010171237619841012,288.0,Chirimachaya,0.36328013241291046,8.0,True,True,True,0.1785150064759784
2025-05-31,0.5607187499999999,0.031497702960880454,288.0,Chirimachaya,0.36550530791282654,8.0,True,True,True,0.1952134420871734
2025-06-01,0.5797604166666666,0.012377689937470134,288.0,Chirimachaya,0.364909827709198,8.0,True,True,True,0.21485058895746856
2025-06-02,0.5559895833333334,0.004411328759973723,288.0,Chirimachaya,0.3606879711151123,8.0,True,True,True,0.19530161221822107
2025-06-03,0.5488576388888889,0.0007400046954471402,288.0,Chirimachaya,0.35609799623489374,8.0,True,True,True,0.1927596426539952
2025-06-04,0.6048229166666667,0.03177786405232761,288.0,Chirimachaya,0.35520796477794647,8.0,True,True,True,0.24961495188872018
2025-06-05,0.5783402777777777,0.004599141253647463,288.0,Chirimachaya,0.35724825412034983,8.0,True,True,True,0.22109202365742792
2025-06-06,0.564125,0.0035147771674151505,288.0,Chirimachaya,0.35898009687662125,8.0,True,True,True,0.20514490312337874
2025-06-07,0.5589895833333334,0.0026771511914240715,288.0,Chirimachaya,0.3584918715059757,8.0,True,True,True,0.20049771182735765
2025-06-08,0.5594201388888889,0.014435747729999887,288.0,Chirimachaya,0.3563542626798153,8.0,True,True,True,0.20306587620907357
2025-06-09,0.5992187499999999,0.010856879953950644,288.0,Chirimachaya,0.35764726251363754,8.0,True,True,True,0.24157148748636237
2025-06-10,0.5660000000000001,0.005972643792123914,288.0,Chirimachaya,0.36132813617587084,8.0,True,True,True,0.20467186382412922
2025-06-11,0.5531180555555556,0.0030271628091104253,288.0,Chirimachaya,0.36140286549925804,8.0,True,True,True,0.19171519005629756
2025-06-12,0.5460590277777778,0.0021135010897486597,288.0,Chirimachaya,0.35873671993613243,8.0,True,True,True,0.18732230784164539
2025-06-13,0.540545138888889,0.0020081829067378327,288.0,Chirimachaya,0.3599729873239994,8.0,True,True,True,0.1805721515648896
2025-06-14,0.5353298611111111,0.0017881366651505174,288.0,Chirimachaya,0.3606453090906143,8.0,True,True,True,0.17468455202049682
2025-06-15,0.5325208333333333,0.0005405990998509408,288.0,Chirimachaya,0.3640815392136573,8.0,True,True,True,0.168439294119676
2025-06-16,0.5553750000000001,0.011781030639415036,288.0,Chirimachaya,0.3683992698788643,8.0,True,True,True,0.18697573012113577
2025-06-17,0.5915798611111112,0.00795285831518079,288.0,Chirimachaya,0.366857998073101,8.0,True,True,True,0.22472186303801017
2025-06-18,0.5730451388888889,0.002128627827177821,288.0,Chirimachaya,0.36612556502223015,8.0,True,True,True,0.2069195738666587
2025-06-19,0.56596875,0.0042445779104205664,288.0,Chirimachaya,0.3649893142282962,8.0,True,True,True,0.2009794357717038
2025-06-20,0.6220416666666666,0.03837734432567316,288.0,Chirimachaya,0.36467526108026505,8.0,True,True,True,0.25736640558640156
2025-06-21,0.6146458333333333,0.028583996582479235,288.0,Chirimachaya,0.36332717910408974,8.0,True,True,True,0.2513186542292436
2025-06-22,0.5654965277777778,0.00646890081831045,288.0,Chirimachaya,0.3629631102085113,8.0,True,True,True,0.20253341756926652
2025-06-23,0.5521493055555555,0.0029717484272180927,288.0,Chirimachaya,0.35906538367271423,8.0,True,True,True,0.1930839218828413
2025-06-24,0.5449097222222222,0.0021443165117027035,288.0,Chirimachaya,0.35896698385477066,8.0,True,True,True,0.18594273836745157
2025-06-25,0.5404236111111111,0.0010825177846860933,288.0,Chirimachaya,0.36367829144001007,8.0,True,True,True,0.17674531967110108
2025-06-26,0.5396666666666667,0.0008050364114083352,288.0,Chirimachaya,0.3679871633648872,8.0,True,True,True,0.17167950330177956
2025-06-27,0.5571493055555555,0.011125288996929179,288.0,Chirimachaya,0.37243662029504776,8.0,True,True,True,0.18471268526050777
2025-06-28,0.5632048611111111,0.003385207210084361,288.0,Chirimachaya,0.37174195423722267,8.0,True,True,True,0.19146290687388845
2025-06-29,0.5550034722222222,0.0021567465882469023,288.0,Chirimachaya,0.3687257245182991,8.0,True,True,True,0.18627774770392314
2025-06-30,0.5561944444444444,0.0060930963135992396,288.0,Chirimachaya,0.36608783900737757,8.0,True,True,True,0.19010660543706687
2025-07-01,0.6092361111111111,0.02955547223156511,288.0,Chirimachaya,0.36353385075926775,8.0,True,True,True,0.24570226035184334
2025-07-02,0.6515902777777778,0.0170718560068433,288.0,Chirimachaya,0.3644760400056839,8.0,True,True,True,0.2871142377720939
2025-07-03,0.6540451388888889,0.020276349759326403,288.0,Chirimachaya,0.36444767564535135,8.0,True,True,True,0.2895974632435376
2025-07-04,0.58884375,0.01145632043347974,288.0,Chirimachaya,0.36095115542411804,8.0,True,True,True,0.22789259457588196
2025-07-05,0.5694930555555555,0.003306622070340863,288.0,Chirimachaya,0.3585824519395828,8.0,True,True,True,0.2109106036159727
2025-07-06,0.5595833333333333,0.0027547867747279155,288.0,Chirimachaya,0.35526520013809204,8.0,True,True,True,0.20431813319524128
2025-07-07,0.5523159722222223,0.002172240552205535,288.0,Chirimachaya,0.3529867604374885,8.0,True,True,True,0.19932921178473378
2025-07-08,0.5478888888888889,0.0007885161039245487,288.0,Chirimachaya,0.3510995991528034,8.0,True,True,True,0.19678928973608545
2025-07-09,0.5769930555555556,0.02711094679142002,288.0,Chirimachaya,0.34941894933581347,8.0,True,True,True,0.2275741062197421
2025-07-10,0.64446875,0.012864845374728723,288.0,Chirimachaya,0.3485972583293914,8.0,True,True,True,0.2958714916706086
2025-07-11,0.6692222222222223,0.016858478132381643,288.0,Chirimachaya,0.3485137857496738,8.0,True,True,True,0.3207084364725485
2025-07-12,0.6753263888888889,0.011688661447173341,288.0,Chirimachaya,0.3480019271373749,8.0,True,True,True,0.327324461751514
2025-07-13,0.6486180555555555,0.02116963064654627,288.0,Chirimachaya,0.3529811985790729,8.0,True,True,True,0.2956368569764826
2025-07-14,0.5834930555555555,0.010570814154330895,288.0,Chirimachaya,0.35242966189980507,8.0,True,True,True,0.23106339365575046
2025-07-15,0.563048611111111,0.0042423612206279,288.0,Chirimachaya,0.34904868528246874,8.0,True,True,True,0.2139999258286423
2025-07-16,0.5538055555555556,0.002172933846698891,288.0,Chirimachaya,0.3452880121767521,8.0,True,True,True,0.20851754337880346
2025-07-17,0.5491736111111112,0.0008375329718290349,288.0,Chirimachaya,0.34267326816916466,8.0,True,True,True,0.20650034294194652
2025-07-18,0.6064201388888889,0.022857242403541166,288.0,Chirimachaya,0.34020453318953514,8.0,True,True,True,0.26621560569935376
2025-07-19,0.6207881944444444,0.020500537926239615,288.0,Chirimachaya,0.33797408640384674,8.0,True,True,True,0.2828141080405977
2025-07-20,0.6149340277777777,0.018665937835759122,288.0,Chirimachaya,0.3386161923408508,8.0,True,True,True,0.27631783543692695
2025-07-21,0.5735347222222222,0.0065261876054284376,288.0,Chirimachaya,0.3408348858356476,8.0,True,True,True,0.23269983638657465
2025-07-22,0.5601631944444444,0.0024290129776686647,288.0,Chirimachaya,0.3398773856461048,8.0,True,True,True,0.2202858087983396
2025-07-23,0.5565868055555556,0.0015231430244271897,288.0,Chirimachaya,0.3381915166974067,8.0,True,True,True,0.2183952888581489
2025-07-24,0.5811145833333333,0.016993667477050164,288.0,Chirimachaya,0.33763414993882174,8.0,True,True,True,0.2434804333945116
2025-07-25,0.5860347222222222,0.007734184216676008,288.0,Chirimachaya,0.33577368408441544,8.0,True,True,True,0.25026103813780676
2025-07-26,0.5661666666666666,0.004741396021946819,288.0,Chirimachaya,0.3349982872605323,8.0,True,True,True,0.23116837940613427
2025-07-27,0.5557465277777778,0.0022387905269622282,288.0,Chirimachaya,0.3339122422039509,8.0,True,True,True,0.2218342855738269
2025-07-28,0.5496423611111112,0.0018041407989550094,288.0,Chirimachaya,0.33395140990614886,8.0,True,True,True,0.21569095120496234
2025-07-29,0.5442013888888889,0.0020569584836935178,288.0,Chirimachaya,0.3374894931912422,8.0,True,True,True,0.2067118956976467
2025-07-30,0.5395659722222222,0.0014539942915713399,288.0,Chirimachaya,0.3355395868420601,8.0,True,True,True,0.20402638538016216
2025-07-31,0.5351215277777778,0.0017095209180529494,288.0,Chirimachaya,0.33434178680181503,8.0,True,True,True,0.20077974097596274
2025-08-01,0.5303958333333334,0.0017218365933956298,288.0,Chirimachaya,0.3330897204577923,8.0,True,True,True,0.19730611287554112
2025-08-02,0.5258229166666667,0.0013893180715131113,288.0,Chirimachaya,0.33113715797662735,8.0,True,True,True,0.19468575869003935
2025-08-03,0.52315625,0.0003637242034389106,288.0,Chirimachaya,0.33314232155680656,8.0,True,True,True,0.19001392844319343
2025-08-04,0.5284826388888889,0.004861106824841733,288.0,Chirimachaya,0.33361757174134254,8.0,True,True,True,0.19486506714754637
2025-08-05,0.5510034722222223,0.011055923180766829,288.0,Chirimachaya,0.33467313647270197,8.0,True,True,True,0.21633033574952037
2025-08-06,0.5986215277777778,0.006168862614003201,288.0,Chirimachaya,0.3396533541381359,8.0,True,True,True,0.25896817363964186
2025-08-07,0.5803854166666667,0.00852342922882634,288.0,Chirimachaya,0.33927025273442263,8.0,True,True,True,0.24111516393224403
2025-08-08,0.5618888888888889,0.004339448914274304,288.0,Chirimachaya,0.3368975594639778,8.0,True,True,True,0.22499132942491107
2025-08-09,0.5518854166666667,0.0028646705060118545,288.0,Chirimachaya,0.3368873670697212,8.0,True,True,True,0.21499804959694546
2025-08-10,0.5448958333333334,0.0018009627700076537,288.0,Chirimachaya,0.3343868851661682,8.0,True,True,True,0.21050894816716514
2025-08-11,0.5400625,0.0014299862332126107,288.0,Chirimachaya,0.33751891925930977,8.0,True,True,True,0.20254358074069023
2025-08-12,0.5366840277777778,0.0006788146252054776,288.0,Chirimachaya,0.3372645564377308,8.0,True,True,True,0.199419471340047
2025-08-13,0.5352569444444444,0.0008533314732122392,288.0,Chirimachaya,0.33423791453242296,8.0,True,True,True,0.20101902991202142
2025-08-14,0.5343993055555556,0.0004906081737784004,288.0,Chirimachaya,0.33434609696269035,8.0,True,True,True,0.20005320859286524
2025-08-15,0.5381840277777779,0.002902147785565217,288.0,Chirimachaya,0.3348026163876056,8.0,True,True,True,0.20338141139017224
2025-08-16,0.5570555555555556,0.009843215373488822,288.0,Chirimachaya,0.33856382966041565,8.0,True,True,True,0.21849172589514
2025-08-17,0.5739652777777777,0.0026645516438307433,288.0,Chirimachaya,0.34050051495432854,8.0,True,True,True,0.2334647628234492
2025-08-18,0.5658333333333333,0.0025958959836997575,288.0,Chirimachaya,0.342519823461771,8.0,True,True,True,0.2233135098715623
2025-08-19,0.5581944444444445,0.002750426708175104,288.0,Chirimachaya,0.34112169221043587,8.0,True,True,True,0.21707275223400868
2025-08-20,0.5516875000000001,0.0018515225865490773,288.0,Chirimachaya,0.3388966843485832,8.0,True,True,True,0.2127908156514169
2025-08-21,0.5468298611111112,0.0018691174336146386,288.0,Chirimachaya,0.3356339931488037,8.0,True,True,True,0.2111958679623075
2025-08-22,0.5429131944444445,0.0008068302955534427,288.0,Chirimachaya,0.3352029174566269,8.0,True,True,True,0.20771027698781763
2025-08-23,0.5418854166666667,0.00035030474537773595,288.0,Chirimachaya,0.33703507110476494,8.0,True,True,True,0.20485034556190174
2025-08-24,0.5887465277777778,0.012002104421714892,288.0,Chirimachaya,0.33730659633874893,8.0,True,True,True,0.2514399314390289
2025-08-25,0.6091805555555555,0.02283546748590946,288.0,Chirimachaya,0.3374413512647152,8.0,True,True,True,0.2717392042908403
2025-08-26,0.6171388888888889,0.009626191847913306,288.0,Chirimachaya,0.335642796009779,8.0,True,True,True,0.2814960928791099
2025-08-27,0.6252743055555556,0.01912578297557955,288.0,Chirimachaya,0.33765146136283875,8.0,True,True,True,0.2876228441927169
2025-08-28,0.58140625,0.007108288519710234,288.0,Chirimachaya,0.33552466705441475,8.0,True,True,True,0.24588158294558526
2025-08-29,0.5652673611111111,0.0037315927765005923,288.0,Chirimachaya,0.3336935006082058,8.0,True,True,True,0.2315738605029053
2025-08-30,0.5559687500000001,0.0026508290399990674,288.0,Chirimachaya,0.3321814499795437,8.0,True,True,True,0.22378730002045644
2025-08-31,0.5491006944444445,0.0022102705000325564,288.0,Chirimachaya,0.33049786090850825,8.0,True,True,True,0.2186028335359363
2025-09-01,0.5443229166666668,0.00126734481968648,288.0,Chirimachaya,0.3296556808054447,8.0,True,True,True,0.21466723586122205
2025-09-02,0.5682430555555555,0.018500681418009857,288.0,Chirimachaya,0.33175364881753916,8.0,True,True,True,0.23648940673801638
2025-09-03,0.5802534722222222,0.0051515352495928035,288.0,Chirimachaya,0.32945641130208964,8.0,True,True,True,0.2507970609201326
2025-09-04,0.5666284722222222,0.003488780688022896,288.0,Chirimachaya,0.3285520561039447,8.0,True,True,True,0.2380764161182775
2025-09-05,0.5579270833333334,0.0025928531833989375,288.0,Chirimachaya,0.3267212696373462,8.0,True,True,True,0.2312058136959872
2025-09-06,0.5523715277777779,0.001146493712141015,288.0,Chirimachaya,0.32684252411127085,8.0,True,True,True,0.22552900366650702
2025-09-07,0.5486840277777778,0.0014145172257005725,288.0,Chirimachaya,0.32813719660043716,8.0,True,True,True,0.22054683117734064
2025-09-08,0.5443472222222223,0.0017916548496487738,288.0,Chirimachaya,0.32474540919065475,8.0,True,True,True,0.21960181303156756
2025-09-09,0.5403819444444445,0.0009295499475104127,288.0,Chirimachaya,0.3225240893661976,8.0,True,True,True,0.21785785507824695
2025-09-10,0.5487500000000001,0.010000348425986008,288.0,Chirimachaya,0.3221052624285221,8.0,True,True,True,0.22664473757147796
2025-09-11,0.5852916666666667,0.015850510274378823,288.0,Chirimachaya,0.31851570308208466,8.0,True,True,True,0.266775963584582
2025-09-12,0.5823437499999999,0.0069229127094943485,288.0,Chirimachaya,0.3175125829875469,8.0,True,True,True,0.264831167012453
2025-09-13,0.5680277777777777,0.0023917525085057514,288.0,Chirimachaya,0.3176591508090496,8.0,True,True,True,0.2503686269687281
2025-09-14,0.5670833333333333,0.0017728105208557616,288.0,Chirimachaya,0.3133513927459716,8.0,True,True,True,0.25373194058736165
2025-09-15,0.5611527777777777,0.00195887845478492,288.0,Chirimachaya,0.3120275549590587,8.0,True,True,True,0.24912522281871902
2025-09-16,0.5575243055555555,0.0005071951328888419,288.0,Chirimachaya,0.3088121674954891,8.0,True,True,True,0.24871213806006642
2025-09-17,0.5619027777777778,0.0035756034444910196,288.0,Chirimachaya,0.31120143458247185,8.0,True,True,True,0.2507013431953059
2025-09-18,0.5667708333333333,0.0017970892066685494,288.0,Chirimachaya,0.31417452171444893,8.0,True,True,True,0.2525963116188844
2025-09-19,0.5610243055555556,0.002102619787081588,288.0,Chirimachaya,0.3136497177183628,8.0,True,True,True,0.2473745878371928
2025-09-20,0.5555694444444446,0.0015977020858379556,288.0,Chirimachaya,0.3175598196685314,8.0,True,True,True,0.23800962477591314
2025-09-21,0.5927916666666667,0.05560705530149151,288.0,Chirimachaya,0.3198026530444622,8.0,True,True,True,0.2729890136222045
2025-09-22,0.6042604166666666,0.020684242074803367,288.0,Chirimachaya,0.3248780146241188,8.0,True,True,True,0.27938240204254783
2025-09-23,0.6267361111111112,0.029897382242651628,288.0,Chirimachaya,0.3259388282895088,8.0,True,True,True,0.30079728282160234
2025-09-24,0.5755138888888889,0.005289508531356472,288.0,Chirimachaya,0.32176031544804573,8.0,True,True,True,0.25375357344084315
2025-09-25,0.5953819444444445,0.01732010433930566,288.0,Chirimachaya,0.32390474528074265,8.0,True,True,True,0.27147719916370183
2025-09-26,0.6038541666666667,0.004111628364149492,288.0,Chirimachaya,0.3263802081346512,8.0,True,True,True,0.2774739585320155
2025-09-27,0.5850312499999999,0.008714743554831712,288.0,Chirimachaya,0.3234976604580879,8.0,True,True,True,0.26153358954191197
2025-09-28,0.5667465277777777,0.0037734154104539226,288.0,Chirimachaya,0.32108316943049425,8.0,True,True,True,0.24566335834728342
2025-09-29,0.5580729166666667,0.002197138422445314,288.0,Chirimachaya,0.3195335902273655,8.0,True,True,True,0.2385393264393012
2025-09-30,0.5520729166666667,0.002163579391649722,288.0,Chirimachaya,0.3184380084276199,8.0,True,True,True,0.2336349082390468
2025-10-01,0.5484583333333334,0.0004991281597551173,288.0,Chirimachaya,0.3210839778184891,8.0,True,True,True,0.2273743555148443
2025-10-02,0.5486770833333333,0.0005178646521140214,288.0,Chirimachaya,0.31665951386094093,8.0,True,True,True,0.23201756947239238
2025-10-03,0.5507500000000001,0.0036243466310138697,288.0,Chirimachaya,0.31897201389074326,8.0,True,True,True,0.23177798610925682
2025-10-04,0.5630000000000001,0.0009877295966495732,288.0,Chirimachaya,0.32267042621970177,8.0,True,True,True,0.2403295737802983
2025-10-05,0.5593402777777778,0.002613722016533827,288.0,Chirimachaya,0.3185410052537918,8.0,True,True,True,0.24079927252398603
2025-10-06,0.5539548611111111,0.001114386746315543,288.0,Chirimachaya,0.3185585029423237,8.0,True,True,True,0.23539635816878746
2025-10-07,0.5516145833333334,0.0012854299433936545,288.0,Chirimachaya,0.31970681995153427,8.0,True,True,True,0.23190776338179908
2025-10-08,0.5479201388888889,0.0016770257337480777,288.0,Chirimachaya,0.3153703846037388,8.0,True,True,True,0.23254975428515012
2025-10-09,0.5451319444444445,0.0009125262844978249,288.0,Chirimachaya,0.31771214678883547,8.0,True,True,True,0.227419797655609
2025-10-10,0.5502222222222222,0.006813538934691503,288.0,Chirimachaya,0.32056816294789314,8.0,True,True,True,0.22965405927432903
2025-10-11,0.6012187499999999,0.010985137052523245,288.0,Chirimachaya,0.32276056334376335,8.0,True,True,True,0.27845818665623656
2025-10-12,0.6096284722222223,0.04133745070885764,288.0,Chirimachaya,0.32522834092378616,8.0,True,True,True,0.2844001312984361
2025-10-13,0.6179166666666667,0.016805092972839806,288.0,Chirimachaya,0.32981937378644943,8.0,True,True,True,0.28809729288021724
2025-10-14,0.5852916666666667,0.009486373869851725,288.0,Chirimachaya,0.33199578896164894,8.0,True,True,True,0.2532958777050177
2025-10-15,0.5648993055555556,0.0049675181378496195,288.0,Chirimachaya,0.32925906777381897,8.0,True,True,True,0.2356402377817366
2025-10-16,0.5537743055555556,0.0030616942436338286,288.0,Chirimachaya,0.3256445713341236,8.0,True,True,True,0.228129734221432
2025-10-17,0.5470069444444445,0.0017942864324797185,288.0,Chirimachaya,0.32593938335776323,8.0,True,True,True,0.2210675610866813
2025-10-18,0.5416076388888889,0.001927847633067088,288.0,Chirimachaya,0.32271515950560564,8.0,True,True,True,0.2188924793832832
2025-10-19,0.5371770833333334,0.0014166367763467343,288.0,Chirimachaya,0.32154205068945885,8.0,True,True,True,0.2156350326438745
2025-10-20,0.5333055555555556,0.001656063834963458,288.0,Chirimachaya,0.3202404417097568,8.0,True,True,True,0.2130651138457988
2025-10-21,0.5290972222222222,0.0016265199568272642,288.0,Chirimachaya,0.3154793940484523,8.0,True,True,True,0.2136178281737699
2025-10-22,0.5256111111111111,0.0015442874888564196,288.0,Chirimachaya,0.314326960593462,8.0,True,True,True,0.21128415051764915
2025-10-23,0.5245729166666666,0.0007615973265479631,288.0,Chirimachaya,0.3155681937932968,8.0,True,True,True,0.2090047228733698
