Week,local_vwc_mean,local_z_score,site,smap_soil_moisture_mean,smap_z_score
2015-01-04,0.6752664930555556,0.29701928610019335,Chirimachaya,,
2015-01-11,0.6598363095238096,0.10480025541697675,Chirimachaya,,
2015-01-18,0.6569022817460318,0.06825007607000115,Chirimachaya,,
2015-01-25,0.7314231150793651,0.9965813768330788,Chirimachaya,,
2015-02-01,0.706954365079365,0.691765857474332,Chirimachaya,,
2015-02-08,0.6747822420634921,0.29098680721811615,Chirimachaya,,
2015-02-15,0.6586512896825397,0.09003806125638066,Chirimachaya,,
2015-02-22,0.6500505952380952,-0.01710370707789273,Chirimachaya,,
2015-03-01,0.6606696428571429,0.11518137144452051,Chirimachaya,,
2015-03-08,0.6884325396825397,0.4610331952907167,Chirimachaya,,
2015-03-15,0.7084667658730158,0.7106063472171771,Chirimachaya,,
2015-03-22,0.731187996031746,0.9936524190967357,Chirimachaya,,
2015-03-29,0.709217757936508,0.7199617101134288,Chirimachaya,,
2015-04-05,0.7118888888888889,0.7532368945231438,Chirimachaya,0.33676734069983166,1.3926235257474795
2015-04-12,0.664780257936508,0.16638869794467084,Chirimachaya,0.3248448579439095,1.1466230080332633
2015-04-19,0.7118397817460317,0.7526251501858054,Chirimachaya,0.3291032144001552,1.234487080835363
2015-04-26,0.714765873015873,0.7890764617610915,Chirimachaya,0.34060804333005634,1.4718700094509105
2015-05-03,0.7073943452380952,0.6972468395674455,Chirimachaya,0.3280482276209763,1.2127191907764945
2015-05-10,0.7029975198412698,0.6424740940506921,Chirimachaya,0.33336855098605156,1.3224951769539914
2015-05-17,0.7116284722222223,0.7499927957645366,Chirimachaya,0.31932634274874416,1.0327576644788674
2015-05-24,0.6808531746031746,0.36661447332591623,Chirimachaya,0.3148060366511345,0.9394886983580019
2015-05-31,0.6687351190476191,0.21565574442538757,Chirimachaya,0.3130542077124119,0.9033426342625478
2015-06-07,0.7095595238095238,0.7242192035318672,Chirimachaya,0.3099561578461102,0.8394195499002651
2015-06-14,0.7083204365079365,0.7087834726766271,Chirimachaya,0.3085627928376198,0.8106697902679223
2015-06-21,0.7086522817460318,0.7129173813804528,Chirimachaya,0.31899230235389303,1.0258652988740589
2015-06-28,0.7411309523809524,1.11751519931823,Chirimachaya,0.3077359305960791,0.7936088690100322
2015-07-05,0.6837529761904763,0.4027382854074759,Chirimachaya,0.29686821677855085,0.569371746573942
2015-07-12,0.7339672619047619,1.02827467689574,Chirimachaya,0.2905695704477173,0.43940970007702895
2015-07-19,0.6732058531746031,0.2713491960660116,Chirimachaya,0.284914527620588,0.322727336877228
2015-07-26,0.7180292658730159,0.8297296536332393,Chirimachaya,0.2831730603107384,0.28679506768668667
2015-08-02,0.7503080357142857,1.2318372395715529,Chirimachaya,0.27858296994652065,0.1920862197840364
2015-08-09,0.6697108134920636,0.22781030110763792,Chirimachaya,0.2693402442548956,0.0013780131312868841
2015-08-16,0.6633789682539682,0.1489323570054975,Chirimachaya,0.26140900701284403,-0.1622698199251133
2015-08-23,0.6673630952380952,0.19856397839432452,Chirimachaya,0.25421865816627226,-0.3106306584361906
2015-08-30,0.6442351190476191,-0.08954906678439124,Chirimachaya,0.2446637137659958,-0.5077809766474711
2015-09-06,0.7149939849624061,0.7919181296621656,Chirimachaya,0.23540463724306648,-0.6988265553936222
2015-09-13,0.6761847303790711,0.3084580799356756,Chirimachaya,0.22914582198219638,-0.8279667542911121
2015-09-20,0.6318665674603176,-0.24362830972891303,Chirimachaya,0.22152137756347653,-0.9852844298697734
2015-09-27,0.610875,-0.5051273866155898,Chirimachaya,0.215659512206912,-1.1062342305117259
2015-10-04,0.5907058531746031,-0.7563812906607963,Chirimachaya,0.21161033585667607,-1.1897822212168845
2015-10-11,0.6632911706349207,0.14783863228116806,Chirimachaya,0.20507895334490706,-1.3245463900714514
2015-10-18,0.7310084325396825,0.9914155357622293,Chirimachaya,0.21293529548815315,-1.1624438922826785
2015-10-25,0.6816865079365079,0.3769955893534586,Chirimachaya,0.2172531001269817,-1.0733532055284405
2015-11-01,0.6520644841269841,0.007983989988671914,Chirimachaya,0.21618051986609182,-1.095484107696271
2015-11-08,0.6275515873015873,-0.29738148135010484,Chirimachaya,0.22035183491451396,-1.0094159889605792
2015-11-15,0.614983630952381,-0.4539447770583611,Chirimachaya,0.21928639869604788,-1.0313994857455877
2015-11-22,0.6456681547619048,-0.07169725475845552,Chirimachaya,0.21537008961396556,-1.1122059822987143
2015-11-29,0.7174017857142857,0.8219129204339283,Chirimachaya,0.22418323611574512,-0.9303614247083845
2015-12-06,0.6636527777777778,0.15234329512883307,Chirimachaya,0.21949644386768338,-1.027065554464367
2015-12-13,0.6355218253968254,-0.19809352162952776,Chirimachaya,0.21443356493754043,-1.1315296047328323
2015-12-20,0.6365902777777778,-0.18478344786564235,Chirimachaya,0.22532031099711142,-0.906899783771475
2015-12-27,0.6334017857142857,-0.22450357514245725,Chirimachaya,0.22236032331628455,-0.9679741855397994
2016-01-03,0.6179464285714286,-0.4170362020390057,Chirimachaya,0.21547599402921538,-1.1100208215806804
2016-01-10,0.5868407738095238,-0.804529895474259,Chirimachaya,0.21718595070498328,-1.0747387216926485
2016-01-17,0.5695426587301586,-1.0200183831102871,Chirimachaya,0.23669677227735517,-0.6721655071959386
2016-01-24,0.6486483134920634,-0.034572406488526906,Chirimachaya,0.2500027191958257,-0.39761951726815137
2016-01-31,0.6731517857142858,0.27067565937136906,Chirimachaya,0.2566030177154711,-0.2614333817004873
2016-02-07,0.7110873015873016,0.7432512495823638,Chirimachaya,0.28085160574742724,0.23889573026546784
2016-02-14,0.7304419642857143,0.9843588485577923,Chirimachaya,0.28986251833183424,0.42482086064492586
2016-02-21,0.6576016865079366,0.07696279845026106,Chirimachaya,0.2859507112630776,0.3441072556171251
2016-02-28,0.6409955357142858,-0.12990565534146617,Chirimachaya,0.294938969292811,0.5295649471004755
2016-03-06,0.6770376984126985,0.3190837920855208,Chirimachaya,0.30975727790168356,0.8353159944333785
2016-03-13,0.7274087301587301,0.9465728220646792,Chirimachaya,0.3336638057870524,1.3285872666127276
2016-03-20,0.7321309523809524,1.00539914622076,Chirimachaya,0.3330299401921885,1.315508508799445
2016-03-27,0.6718015873015873,0.25385577971245576,Chirimachaya,0.31870238216859953,1.0198832801001105
2016-04-03,0.6867445436507937,0.4400052560992112,Chirimachaya,0.32282616570591927,1.1049706654954146
2016-04-10,0.7369032738095238,1.0648495731856387,Chirimachaya,0.33452266082167625,1.3463083057187797
2016-04-17,0.7003978174603175,0.6100887195861957,Chirimachaya,0.3230302578636578,1.109181766278106
2016-04-24,0.685061507936508,0.4190391092650114,Chirimachaya,0.31107315474322866,0.8624669151681936
2016-05-01,0.7047078373015874,0.6637800988500805,Chirimachaya,0.314573629626206,0.9346933675847674
2016-05-08,0.6620024801587302,0.13178497785285925,Chirimachaya,0.3145642674395016,0.9345001944996504
2016-05-15,0.6689563492063492,0.21841168356127044,Chirimachaya,0.3103207924536296,0.8469431759824028
2016-05-22,0.7000044642857143,0.6051885856517655,Chirimachaya,0.30084180885127615,0.6513601819600178
2016-05-29,0.6877693452380953,0.45277155711879713,Chirimachaya,0.2891528175345489,0.4101773700961422
2016-06-05,0.716032242063492,0.8048520505815188,Chirimachaya,0.2952203026839665,0.5353697917197868
2016-06-12,0.6680267857142856,0.20683179580197447,Chirimachaya,0.3102266107286726,0.8449998933983173
2016-06-19,0.7509404761904762,1.239715765128171,Chirimachaya,0.3045328919376646,0.7275195162837947
2016-06-26,0.7425059523809524,1.134644040763677,Chirimachaya,0.2942591304225581,0.5155376075380516
2016-07-03,0.6755069444444445,0.3000146706206402,Chirimachaya,0.28628724068403244,0.35105097811819874
2016-07-10,0.659076388888889,0.0953336662775746,Chirimachaya,0.27813973490680965,0.18294080506881474
2016-07-17,0.6575947420634921,0.07687628915003096,Chirimachaya,0.2702120233859334,0.01936571937990563
2016-07-24,0.6658869047619048,0.18017457285981972,Chirimachaya,0.26542481620396885,-0.07941030481551876
2016-07-31,0.683576884920635,0.4005446567230838,Chirimachaya,0.2581687255629471,-0.22912761544748197
2016-08-07,0.6734836309523811,0.2748095680751947,Chirimachaya,0.2536946753306048,-0.3214421690490728
2016-08-14,0.6646889880952381,0.16525171857022566,Chirimachaya,0.24719494767487046,-0.4555531928220221
2016-08-21,0.6562643849206349,0.060303578920344346,Chirimachaya,0.23801384014742713,-0.6449900115768298
2016-08-28,0.6633100198412699,0.1480734432389339,Chirimachaya,0.23031746622707158,-0.8037918322789152
2016-09-04,0.6457237103174603,-0.0710051803566189,Chirimachaya,0.225499420559832,-0.903204157108904
2016-09-11,0.6654300595238095,0.174483496751862,Chirimachaya,0.22113458892064433,-0.9932651674670191
2016-09-18,0.7016701388888889,0.6259384592353908,Chirimachaya,0.22145387264234676,-0.9866772811647719
2016-09-25,0.6773923611111111,0.32350194563295703,Chirimachaya,0.220139560422727,-1.0137959185395233
2016-10-02,0.6853015873015873,0.4220298593586601,Chirimachaya,0.21432316276643953,-1.133807569130315
2016-10-09,0.6610173611111112,0.11951301569172808,Chirimachaya,0.2134921202169997,-1.1509547440593952
2016-10-16,0.6584414682539683,0.0874242445423031,Chirimachaya,0.21035374647804667,-1.2157098441814447
2016-10-23,0.6403625992063492,-0.137790360133816,Chirimachaya,0.20599261165729588,-1.3056945768658585
2016-10-30,0.6684603174603174,0.21223244783058978,Chirimachaya,0.20871618629566258,-1.24949816335134
2016-11-06,0.6074384920634921,-0.5479371317577443,Chirimachaya,0.20487365259655882,-1.3287824281026823
2016-11-13,0.5922962779156327,-0.7365688301371519,Chirimachaya,0.20478358226163043,-1.3306408790207238
2016-11-20,0.572203869047619,-0.9868667834151847,Chirimachaya,0.20878338893609386,-1.24811154911366
2016-11-27,0.5145763888888889,-1.7047518528984713,Chirimachaya,0.20411364281816138,-1.344463960446335
2016-12-04,0.6304394841269841,-0.26140597092608225,Chirimachaya,0.2015387735196522,-1.397592087653319
2016-12-11,0.639187996031746,-0.1524227903440676,Chirimachaya,0.202694920822978,-1.3737369191456716
2016-12-18,0.6844166666666666,0.4110061028151245,Chirimachaya,0.21358806613300524,-1.1489750603397269
2016-12-25,0.6885605158730159,0.4626274381092326,Chirimachaya,0.22220080745007306,-0.9712655290019794
2017-01-01,0.6788988095238095,0.34226828454703434,Chirimachaya,0.2225361053964921,-0.9643472159210378
2017-01-08,0.6983630952380953,0.5847414946189435,Chirimachaya,0.2359524933355195,-0.6875224600021332
2017-01-15,0.7123695436507936,0.7592245739461729,Chirimachaya,0.25628336066646235,-0.2680289709881376
2017-01-22,0.655108630952381,0.0459059596678599,Chirimachaya,0.28280295591269217,0.27915858161314133
2017-01-29,0.6581646825396825,0.08397623100458224,Chirimachaya,0.28532887622714037,0.3312767282928219
2017-02-05,0.7286646825396825,0.9622186469347634,Chirimachaya,0.28818334692290853,0.3901739633179871
2017-02-12,0.6596205357142858,0.10211228787413133,Chirimachaya,0.29274859172957285,0.4843701646397053
2017-02-19,0.6451706349206349,-0.07789502819632882,Chirimachaya,0.305092632238354,0.7390688224622168
2017-02-26,0.7308377976190477,0.989289878670876,Chirimachaya,0.3237705927874361,1.124457340859324
2017-03-05,0.7055411706349207,0.6741612148776243,Chirimachaya,0.3335074542888573,1.325361214599167
2017-03-12,0.6963660714285714,0.5598638915672229,Chirimachaya,0.3365537423108305,1.3882162797608075
2017-03-19,0.7036458333333333,0.6505503551506919,Chirimachaya,0.34363061987927984,1.5342358279772983
2017-03-26,0.6938397817460317,0.5283930439908654,Chirimachaya,0.34281807925019947,1.5174704092713398
2017-04-02,0.7096602182539682,0.7254735883851945,Chirimachaya,0.3475052560014384,1.6141824726081533
2017-04-09,0.6698194444444444,0.22916355373265487,Chirimachaya,0.33909998514822554,1.440753747757073
2017-04-16,0.7104657738095238,0.7355086672118206,Chirimachaya,0.33762034667389734,1.4102238792585169
2017-04-23,0.7065500992063491,0.6867297803538268,Chirimachaya,0.33505639487079214,1.3573210163338565
2017-04-30,0.6900322420634921,0.4809612305221623,Chirimachaya,0.3424496879535062,1.5098692701828444
2017-05-07,0.6998025793650794,0.6026736367093789,Chirimachaya,0.33218766269939287,1.2981295195797844
2017-05-14,0.7117946428571429,0.7520628397343146,Chirimachaya,0.33353951413716587,1.3260227160199032
2017-05-21,0.6906150793650794,0.4882218325057115,Chirimachaya,0.34263113673244205,1.5136131626648575
2017-05-28,0.6669320436507937,0.1931942225443641,Chirimachaya,0.32807960148368565,1.213366538030183
2017-06-04,0.6593566468253969,0.09882493446540844,Chirimachaya,0.3130671110536371,0.903608873156462
2017-06-11,0.6743358134920635,0.2854254950605029,Chirimachaya,0.30540486904127256,0.7455113073657282
2017-06-18,0.718046130952381,0.8299397476480833,Chirimachaya,0.3115430325269699,0.872162058405481
2017-06-25,0.6936969246031746,0.5266134241004298,Chirimachaya,0.3068597950041294,0.7755312744670314
2017-07-02,0.6505763888888889,-0.010553717203370006,Chirimachaya,0.2984777508037431,0.6025817928018777
2017-07-09,0.6951220238095238,0.5443663683546759,Chirimachaya,0.29224911651441027,0.47406432784120944
2017-07-16,0.6585669642857143,0.08898759118216419,Chirimachaya,0.2814129255712032,0.2504776272645257
2017-07-23,0.6486478174603174,-0.03457858572425733,Chirimachaya,0.27597673929163385,0.1383110033706306
2017-07-30,0.7084871031746032,0.7108596958821356,Chirimachaya,0.2667069030659539,-0.052956583870000525
2017-08-06,0.658327876984127,0.08600919955997635,Chirimachaya,0.2587442142622811,-0.21725336736735607
2017-08-13,0.6493115079365079,-0.026310768316605983,Chirimachaya,0.25139097576694824,-0.3689751617083433
2017-08-20,0.638530753968254,-0.1606102776872193,Chirimachaya,0.2443972900509834,-0.5132781850029908
2017-08-27,0.6469216269841269,-0.056082326067026234,Chirimachaya,0.24675135660384379,-0.46470595364876877
2017-09-03,0.6443501984126984,-0.08811548409487462,Chirimachaya,0.2386634703725576,-0.6315859769494347
2017-09-10,0.6374315476190476,-0.17430346406640765,Chirimachaya,0.23039851656981875,-0.802119493833568
2017-09-17,0.6293174603174603,-0.27538340214888263,Chirimachaya,0.2266004338328327,-0.8804865872274241
2017-09-24,0.6577207341269842,0.07844581502562387,Chirimachaya,0.22273900759007245,-0.96016066806117
2017-10-01,0.6445049603174604,-0.08618756254690048,Chirimachaya,0.2188378370233944,-1.0406548066345775
2017-10-08,0.7185937499999999,0.8367616238947531,Chirimachaya,0.21970474374081403,-1.0227676345026466
2017-10-15,0.6606230158730159,0.11460052328583568,Chirimachaya,0.21776039020291393,-1.0628861221310144
2017-10-22,0.7201904761904762,0.8566525837118147,Chirimachaya,0.21062259243002956,-1.2101626570118669
2017-10-29,0.701515873015873,0.6240167169231499,Chirimachaya,0.20810678627874166,-1.2620721148282783
2017-11-05,0.6456765873015873,-0.07159220775103416,Chirimachaya,0.2122260419917958,-1.177078153523934
2017-11-12,0.606171130952381,-0.5637250790496338,Chirimachaya,0.20913562364876268,-1.2408437741503953
2017-11-19,0.5837445436507936,-0.843100684905168,Chirimachaya,0.20766356108444076,-1.2712173263999071
2017-11-26,0.5832162698412698,-0.8496815709583427,Chirimachaya,0.2101258648825543,-1.2204118002770252
2017-12-03,0.5786150793650793,-0.9070001615961377,Chirimachaya,0.2080454062670469,-1.2633385888474347
2017-12-10,0.6177548387096773,-0.4194229019404549,Chirimachaya,0.20594605564006735,-1.3066551825195123
2017-12-17,0.6889444444444445,0.4674101665647792,Chirimachaya,0.21184500227017058,-1.184940271734415
2017-12-24,0.6180248015873016,-0.41605988279355843,Chirimachaya,0.2063749137201479,-1.2978064123526327
2017-12-31,0.6987321428571429,0.5893388460025704,Chirimachaya,0.22098725368934016,-0.9963051838730287
2018-01-07,0.6866572420634921,0.4389177106106108,Chirimachaya,0.2557938442166362,-0.2781293252979009
2018-01-14,0.684062996031746,0.40660030773915046,Chirimachaya,0.2642075653587069,-0.10452624285063751
2018-01-21,0.739687003968254,1.0995274441062195,Chirimachaya,0.2820959218910762,0.2645701155260169
2018-01-28,0.6766899801587302,0.3147521478383132,Chirimachaya,0.27487033233046526,0.11548214374280767
2018-02-04,0.6404766865079365,-0.1363691359157588,Chirimachaya,0.2676374710031918,-0.03375586879955417
2018-02-11,0.6094360119047619,-0.5230533494702934,Chirimachaya,0.2704069683594363,0.023388083294306566
2018-02-18,0.5908745039682539,-0.7542803505123646,Chirimachaya,0.2785359855209078,0.19111677463893648
2018-02-25,0.6418209325396825,-0.11962340708561475,Chirimachaya,0.3132510408759117,0.9074039578237192
2018-03-04,0.625968253968254,-0.31710560180243813,Chirimachaya,0.31838629288332804,1.0133613056579935
2018-03-11,0.6378665674603174,-0.16888427433060108,Chirimachaya,0.3093093905065741,0.8260745861352725
2018-03-18,0.6407728174603174,-0.13268013218454308,Chirimachaya,0.30042476100581034,0.6427550962579456
2018-03-25,0.6731894841269842,0.2711452812869007,Chirimachaya,0.30593849239604815,0.756521733987984
2018-04-01,0.6946527777777778,0.538520811353452,Chirimachaya,0.3208452117230211,1.0640969888177172
2018-04-08,0.7225133928571429,0.8855899446385931,Chirimachaya,0.3244743400386402,1.138977989928845
2018-04-15,0.6546240079365079,0.03986884635898318,Chirimachaya,0.31992279099566595,1.0450643778150317
2018-04-22,0.6878174603174604,0.45337094298467323,Chirimachaya,0.30643285544855253,0.7667220898488009
2018-04-29,0.7010625,0.6183688954653078,Chirimachaya,0.29652486156140057,0.5622871851694063
2018-05-06,0.7206641865079365,0.8625537538346152,Chirimachaya,0.29954512417316437,0.6246052594612502
2018-05-13,0.7111006944444445,0.7434180889470922,Chirimachaya,0.3099142552486488,0.8385549597909648
2018-05-20,0.7351041666666667,1.0424374851904599,Chirimachaya,0.31302910298109055,0.9028246400638096
2018-05-27,0.7453244047619048,1.1697544581854042,Chirimachaya,0.307057755866221,0.7796158662050653
2018-06-03,0.6963412698412699,0.5595549297806893,Chirimachaya,0.29958357555525644,0.6253986395059209
2018-06-10,0.6631096230158731,0.14557703200373856,Chirimachaya,0.29342556319066454,0.4983383400034804
2018-06-17,0.6688492063492064,0.21707696864344475,Chirimachaya,0.2847803942859172,0.31995971955730745
2018-06-24,0.6990843253968254,0.5937261033713531,Chirimachaya,0.27728135404842236,0.16522954979739407
2018-07-01,0.6941765873015873,0.532588745051998,Chirimachaya,0.2719871854143483,0.05599322280823007
2018-07-08,0.6639226190476191,0.15570479936632384,Chirimachaya,0.26581520640424317,-0.07135525509608555
2018-07-15,0.6675069444444445,0.2003559567562224,Chirimachaya,0.25813739640372135,-0.22977404031945436
2018-07-22,0.6947113095238096,0.5392499611696726,Chirimachaya,0.2512949750359569,-0.37095597644368755
2018-07-29,0.6861954365079366,0.43316484214534745,Chirimachaya,0.24521281623414581,-0.49645116437527803
2018-08-05,0.703232638888889,0.6454030517870365,Chirimachaya,0.2501224055886268,-0.3951499884631883
2018-08-12,0.6980109126984128,0.5803542372501608,Chirimachaya,0.24636311243687353,-0.4727167235554617
2018-08-19,0.6941964285714286,0.5328359144812261,Chirimachaya,0.23728878263916284,-0.6599503622065673
2018-08-26,0.6702857142857143,0.23497203531949482,Chirimachaya,0.22832811650420934,-0.8448387410274858
2018-09-02,0.6718234126984127,0.2541276660846055,Chirimachaya,0.22101405795131407,-0.9957521226979765
2018-09-09,0.7060788690476191,0.6808595064096813,Chirimachaya,0.21738650623176775,-1.0706005933825096
2018-09-16,0.651672123015873,0.003096214525702608,Chirimachaya,0.21277224591800142,-1.1658081478233697
2018-09-23,0.6585262896825398,0.08848089385225,Chirimachaya,0.21257749120039593,-1.1698265861251103
2018-09-30,0.6469761904761905,-0.05540261013665046,Chirimachaya,0.2050689195415803,-1.3247534208437795
2018-10-07,0.6979429563492064,0.579507681955058,Chirimachaya,0.20473582537046497,-1.3316262627022635
2018-10-14,0.6935064484126984,0.5242405975798484,Chirimachaya,0.20607046250786096,-1.3040882545976222
2018-10-21,0.6306666666666667,-0.2585758809614302,Chirimachaya,0.20373388246766155,-1.3522996809705596
2018-10-28,0.5886507936507936,-0.7819818642930055,Chirimachaya,0.20319244079291818,-1.3634714255665215
2018-11-04,0.5540014880952382,-1.2136200177882406,Chirimachaya,0.2005959581583738,-1.4170455078621418
2018-11-11,0.5322475198412698,-1.484616579992973,Chirimachaya,0.20272755782519064,-1.3730635091181365
2018-11-18,0.667577380952381,0.20123340822997868,Chirimachaya,0.21259377284773756,-1.1694906415272208
2018-11-25,0.7043943452380952,0.6598748218682888,Chirimachaya,0.23592368593173366,-0.6881168526626549
2018-12-02,0.6887549603174603,0.46504969851565875,Chirimachaya,0.2327554162059511,-0.7534888065380875
2018-12-09,0.6664717261904761,0.18745989178629063,Chirimachaya,0.2306692866342408,-0.796532605817626
2018-12-16,0.6939285714285715,0.5294991271866585,Chirimachaya,0.23260198054569106,-0.7566546951061415
2018-12-23,0.6469102182539683,-0.056224448488830146,Chirimachaya,0.23085454718342846,-0.7927100638232124
2018-12-30,0.6354087301587301,-0.19950238737612408,Chirimachaya,0.22781037619071345,-0.855521447622154
2019-01-06,0.6195238095238096,-0.3973862324154403,Chirimachaya,0.22150258161127565,-0.9856722529488258
2019-01-13,0.6572619047619047,0.07273002197474306,Chirimachaya,0.25936819240450854,-0.20437862062435455
2019-01-20,0.6715987103174603,0.2513284722986069,Chirimachaya,0.25816404713051655,-0.22922414708636732
2019-01-27,0.6743660714285714,0.28580242844007403,Chirimachaya,0.250168977305293,-0.3941890588778601
2019-02-03,0.7265446428571428,0.9358085934218339,Chirimachaya,0.27520586044660633,0.12240520599151418
2019-02-10,0.7435694444444445,1.1478923221702568,Chirimachaya,0.28439270971076824,0.3119604958931681
2019-02-17,0.6769791666666667,0.3183546422693002,Chirimachaya,0.28155202950750075,0.25334780464668966
2019-02-24,0.6747118055555555,0.29010935574435853,Chirimachaya,0.2858906015753746,0.3428669926117348
2019-03-03,0.7170401785714287,0.8174082575862632,Chirimachaya,0.3111806469304221,0.8646848369082505
2019-03-10,0.683967757936508,0.4054138944788605,Chirimachaya,0.3140389882028103,0.923661934817001
2019-03-17,0.672812996031746,0.26645524136731324,Chirimachaya,0.30436671684895245,0.724090770888119
2019-03-24,0.713029761904762,0.76744913670371,Chirimachaya,0.31515120448810713,0.9466106601449784
2019-03-31,0.7111641865079366,0.7442090311206198,Chirimachaya,0.3205511122941971,1.0580287383340476
2019-04-07,0.7241855158730159,0.906420148286718,Chirimachaya,0.32414632609912325,1.132209970163955
2019-04-14,0.6554439484126984,0.05008312302179855,Chirimachaya,0.31940167397260666,1.0343119984585927
2019-04-21,0.6558348214285714,0.0549523607775752,Chirimachaya,0.3086860882384436,0.813213784925359
2019-04-28,0.6803303571428572,0.3601015588657788,Chirimachaya,0.3173635607319219,0.9922589359687682
2019-05-05,0.6531036706349207,0.02092948884444844,Chirimachaya,0.3065605642540114,0.769357147739234
2019-05-12,0.6994032738095238,0.5976993519461808,Chirimachaya,0.29758128630263464,0.5840847451734752
2019-05-19,0.7183824404761905,0.8341292694734842,Chirimachaya,0.3014416056019919,0.6637359860790121
2019-05-26,0.6699875992063493,0.2312583146453574,Chirimachaya,0.3033556858343737,0.7032298346130841
2019-06-02,0.6920262896825397,0.5058017581594975,Chirimachaya,0.3074110911360809,0.7869063493277223
2019-06-09,0.6897509920634921,0.4774576038628662,Chirimachaya,0.3127778097987175,0.8976396249769883
2019-06-16,0.689812003968254,0.47821764985774023,Chirimachaya,0.3021036759018898,0.677396700870752
2019-06-23,0.7225815950920246,0.8864395630149665,Chirimachaya,0.29162131569215227,0.4611107064807454
2019-06-30,0.6728425624321389,0.26682356004690744,Chirimachaya,0.28182451214109144,0.2589700286669466
2019-07-07,0.6547688492063493,0.04167318319234329,Chirimachaya,0.27574702937688145,0.13357132296093477
2019-07-14,0.7019231150793651,0.6290898694580388,Chirimachaya,0.27034296361463406,0.022067452291532168
2019-07-21,0.6924866071428571,0.5115360889175695,Chirimachaya,0.2617322972842625,-0.1555992651615587
2019-07-28,0.7012415674603174,0.6205995995640825,Chirimachaya,0.2540098167955875,-0.31493975129548474
2019-08-04,0.6672911706349206,0.19766798921337558,Chirimachaya,0.24810186800147802,-0.4368404066986634
2019-08-11,0.6730135900339752,0.26895410890119753,Chirimachaya,0.24690333008766172,-0.46157023464934527
2019-08-18,0.7014948132780083,0.62375436862441,Chirimachaya,0.24160456258271418,-0.5709014516575546
2019-08-25,0.6719192510239906,0.25532155661785727,Chirimachaya,0.23770741852266444,-0.651312509992104
2019-09-01,0.6719378109452736,0.25555276385341796,Chirimachaya,0.23070122886981279,-0.7958735311392621
2019-09-08,0.6452891865079365,-0.07641819085669506,Chirimachaya,0.22333110842321596,-0.9479436563468967
2019-09-15,0.6369255952380952,-0.18060628451170233,Chirimachaya,0.21505118507359705,-1.1187860448274773
2019-09-22,0.6431850198412699,-0.10263050882624265,Chirimachaya,0.21208884593631536,-1.1799089649721428
2019-09-29,0.6315272817460318,-0.24785490696869922,Chirimachaya,0.2133070203874792,-1.1547739698719248
2019-10-06,0.6122544642857143,-0.4879429320485662,Chirimachaya,0.21280325949192044,-1.1651682345270844
2019-10-13,0.701187003968254,0.6199198836337081,Chirimachaya,0.21503379701503683,-1.1191448183728394
2019-10-20,0.7093204365079365,0.7212408119096793,Chirimachaya,0.2139258248997586,-1.1420059723414602
2019-10-27,0.7286071428571429,0.9615018555900051,Chirimachaya,0.22146289582763395,-0.9864911028076693
2019-11-03,0.7047400793650794,0.6641817491725747,Chirimachaya,0.21936331183782642,-1.0298125115319197
2019-11-10,0.6626840277777778,0.14027524774681419,Chirimachaya,0.21593072824180123,-1.100638140640092
2019-11-17,0.6957426035502959,0.5520971407066338,Chirimachaya,0.21535125587667733,-1.112594585009932
2019-11-24,0.6303907692307692,-0.26201282891393474,Chirimachaya,0.21937680271055013,-1.02953414990688
2019-12-01,0.6752803970223326,0.2971924925310185,Chirimachaya,0.22212574764021803,-0.9728142628069997
2019-12-08,0.7100396825396825,0.7302007037191659,Chirimachaya,0.23130815156868523,-0.7833506949824249
2019-12-15,0.7069344913151364,0.6915182832514982,Chirimachaya,0.24311835638114382,-0.5396668450953195
2019-12-22,0.6417534722222222,-0.1204637831449871,Chirimachaya,0.24069221663687906,-0.589726186371339
2019-12-29,0.6449538690476191,-0.08059535421063509,Chirimachaya,0.23348786309361455,-0.7383759884068244
2020-01-05,0.7248457711442786,0.9146451721812481,Chirimachaya,0.2383344926472221,-0.6383738828248937
2020-01-12,0.6807792658730158,0.3656937672020442,Chirimachaya,0.2349633332341909,-0.7079321265129283
2020-01-19,0.6549532163742691,0.043969907546557434,Chirimachaya,0.22798816354147022,-0.8518531025949843
2020-01-26,0.6775,0.32484283978651457,Chirimachaya,0.23904524663729323,-0.6237086614021078
2020-02-02,0.7261071428571428,0.9303585075073738,Chirimachaya,0.2655310433890138,-0.07721848428188047
2020-02-09,,,Chirimachaya,0.27543530080999645,0.12713932465907707
2020-02-16,,,Chirimachaya,0.2735896445810794,0.08905729114885638
2020-02-23,,,Chirimachaya,0.2711360443915639,0.03843134945188054
2020-03-01,,,Chirimachaya,0.2973781201456274,0.5798927508691883
2020-03-08,0.7103654694391934,0.7342591416440575,Chirimachaya,0.3018411227634975,0.6719793553988187
2020-03-15,0.7197718253968254,0.8514373087551205,Chirimachaya,0.31331974800143925,0.9088216145984402
2020-03-22,0.654421130952381,0.03734153894513572,Chirimachaya,0.3158076820628984,0.9601559783955924
2020-03-29,0.6108655753968253,-0.5052447920944734,Chirimachaya,0.3099911942013672,0.8401424665702656
2020-04-05,0.7038963293650794,0.6536708691946865,Chirimachaya,0.30700922438076567,0.7786145000641473
2020-04-12,0.741204365079365,1.1184297262063703,Chirimachaya,0.3074808663555554,0.7883460444370166
2020-04-19,0.7274409722222221,0.9469744723871735,Chirimachaya,0.32972604408860207,1.2473381311528484
2020-04-26,0.6945992063492065,0.5378534538945399,Chirimachaya,0.31693973977650913,0.9835140984559703
2020-05-03,0.7202748015873016,0.8577030537860312,Chirimachaya,0.3102992522929396,0.8464987307447901
2020-05-10,0.7206418650793651,0.862275688226735,Chirimachaya,0.30465021623032434,0.7299403070977231
2020-05-17,0.7154151785714286,0.7971650813325522,Chirimachaya,0.3109523781708309,0.8599748923281652
2020-05-24,0.6990183531746031,0.592904265019172,Chirimachaya,0.30768364295363426,0.7925300008434919
2020-05-31,0.7002827380952381,0.6086551368966776,Chirimachaya,0.2990312496466296,0.614002316923555
2020-06-07,0.6975243055555556,0.5742924069983623,Chirimachaya,0.2994433678686619,0.622505688079957
2020-06-14,0.6369265873015874,-0.18059392604024008,Chirimachaya,0.29509927066309105,0.532872498127094
2020-06-21,0.7161334325396825,0.8061126146705779,Chirimachaya,0.28847821961556164,0.39625816880919795
2020-06-28,0.7149087301587302,0.7908560816515284,Chirimachaya,0.2790940068662166,0.2026306130442268
2020-07-05,0.7037554563492063,0.6519159662471725,Chirimachaya,0.27265253024441855,0.06972150206067493
2020-07-12,0.6740649801587302,0.2820516323515513,Chirimachaya,0.2718262092343398,0.0526717482099905
2020-07-19,0.7121904761904763,0.7569938698473982,Chirimachaya,0.2657364484454904,-0.07298029402664521
2020-07-26,0.7042172619047619,0.6576688347124359,Chirimachaya,0.25814089338694296,-0.2297018859116381
2020-08-02,0.6817227182539682,0.37744667356179895,Chirimachaya,0.25161131551223137,-0.3644288190947846
2020-08-09,0.6585481150793651,0.08875278022439836,Chirimachaya,0.2429980026291949,-0.5421501437416164
2020-08-16,0.6510441468253969,-0.0047266979093374085,Chirimachaya,0.23504510548497945,-0.7062448927009402
2020-08-23,0.6866750992063492,0.4391401630969144,Chirimachaya,0.2333626111171075,-0.7409603537354436
2020-08-30,0.6563040674603176,0.060797917778800455,Chirimachaya,0.2326819939272744,-0.7550037526223883
2020-09-06,0.6497227182539682,-0.021188181895872238,Chirimachaya,0.22605677800519122,-0.8917040171701703
2020-09-13,0.6833000992063493,0.39709664318536436,Chirimachaya,0.22041927757007732,-1.0080244224115427
2020-09-20,0.6552748015873017,0.04797600363763795,Chirimachaya,0.21762855217925137,-1.065606379542106
2020-09-27,0.7058978174603174,0.6786040853679822,Chirimachaya,0.2165931008223976,-1.0869711887910343
2020-10-04,0.6632698412698413,0.14757292514474873,Chirimachaya,0.21532770751842428,-1.1130804660499942
2020-10-11,0.6691602182539683,0.2209513494465815,Chirimachaya,0.21165945513972212,-1.1887687268544729
2020-10-18,0.6328239087301587,-0.23170238476870084,Chirimachaya,0.2060944911624704,-1.3035924634444782
2020-10-25,0.6873655753968254,0.44774165923402254,Chirimachaya,0.20282527724547042,-1.3710472321000282
2020-11-01,0.6685352182539683,0.21316551242592405,Chirimachaya,0.20234559582812442,-1.3809446569418793
2020-11-08,0.5990431547619048,-0.6525206964995139,Chirimachaya,0.19701571097331386,-1.490917928489643
2020-11-15,0.5398973214285714,-1.3893204065544162,Chirimachaya,0.19291372863309722,-1.5755554825969555
2020-11-22,0.49268998015873017,-1.977398271043294,Chirimachaya,0.19354212177651267,-1.562589639678753
2020-11-29,0.553266369047619,-1.2227776451411103,Chirimachaya,0.19370111743254315,-1.5593090298847587
2020-12-06,0.6982415674603174,0.5832275818649258,Chirimachaya,0.195254450397832,-1.5272585986560943
2020-12-13,0.726062996031746,0.9298085555273425,Chirimachaya,0.20459291152656076,-1.3345750511642558
2020-12-20,0.7013100198412698,0.6214523340949171,Chirimachaya,0.21076320085142336,-1.2072614370926624
2020-12-27,0.7099776785714286,0.729428299252831,Chirimachaya,0.21257553116551464,-1.169867028171067
2021-01-03,0.660998511904762,0.11927820473396225,Chirimachaya,0.21831826706017762,-1.0513752649951986
2021-01-10,0.6552207341269841,0.04730246694299261,Chirimachaya,0.22657994792929714,-0.8809092796295658
2021-01-17,0.6973695436507936,0.5723644854503895,Chirimachaya,0.23179560979562144,-0.7732928086641747
2021-01-24,0.6901517857142857,0.48245042633325547,Chirimachaya,0.2515357184622969,-0.3659886379514999
2021-01-31,0.6688541666666667,0.21713876100075175,Chirimachaya,0.25664603710174555,-0.2605457485193865
2021-02-07,0.6566220238095238,0.06475880788216594,Chirimachaya,0.25162374228239054,-0.3641724134488085
2021-02-14,0.679404761904762,0.348571104992329,Chirimachaya,0.26898645130651333,-0.00592191342322616
2021-02-21,0.6436150793650793,-0.09727311144774309,Chirimachaya,0.27441970525043347,0.10618420662238673
2021-02-28,0.7047217261904762,0.6639531174505393,Chirimachaya,0.2770834932369845,0.16114702243748744
2021-03-07,0.7371701388888889,1.0681740020087453,Chirimachaya,0.2934300718562944,0.49843136878799177
2021-03-14,0.7075074404761905,0.6986557053140419,Chirimachaya,0.3081777101116521,0.8027242514158078
2021-03-21,0.70409375,0.6561302050154965,Chirimachaya,0.3268679678440094,1.188366501649987
2021-03-28,0.6449241071428572,-0.08096610835447579,Chirimachaya,0.3213559367827007,1.074634947367365
2021-04-04,0.6655644841269841,0.17615806963487626,Chirimachaya,0.3109682686626911,0.8603027660860374
2021-04-11,0.6788670634920635,0.3418728134602706,Chirimachaya,0.3058949538639613,0.7556233891001662
2021-04-18,0.681779761904762,0.37815728567082824,Chirimachaya,0.30024826686297146,0.6391134344161347
2021-04-25,0.6927757936507937,0.5151385833485566,Chirimachaya,0.2988778549645628,0.6108372738720742
2021-05-02,0.7404553571428572,1.109099080253043,Chirimachaya,0.3060791715979576,0.7594244143449055
2021-05-09,0.7118174603174604,0.7523470845779267,Chirimachaya,0.31567162222095896,0.957348610816001
2021-05-16,0.707734126984127,0.7014796160429622,Chirimachaya,0.3107728415301868,0.856270453625985
2021-05-23,0.7112718253968254,0.7455499252741772,Chirimachaya,0.30896114877292086,0.8188891996245782
2021-05-30,0.7104880952380953,0.7357867328197022,Chirimachaya,0.3005426472851208,0.6451874827277331
2021-06-06,0.6449484126984127,-0.08066332580367253,Chirimachaya,0.30189685789602144,0.673129356764847
2021-06-13,0.7097251984126984,0.7262830682659147,Chirimachaya,0.3030798616153853,0.697538662559548
2021-06-20,0.7171825396825396,0.8191816982409671,Chirimachaya,0.30991746644888607,0.8386212175442386
2021-06-27,0.686749007936508,0.4400608692207864,Chirimachaya,0.3083018293338163,0.8052852442505847
2021-07-04,0.6429548611111112,-0.10549767420527731,Chirimachaya,0.2978804829929556,0.5902581691342503
2021-07-11,0.6253774801587302,-0.3244650715576783,Chirimachaya,0.28653664514422417,0.3561970225775144
2021-07-18,0.689420634920635,0.47334223286623317,Chirimachaya,0.2817989396197455,0.25844238240239364
2021-07-25,0.7253234126984127,0.9205953150528988,Chirimachaya,0.27689841655748226,0.1573282742869176
2021-08-01,0.6612911706349206,0.12292395381506224,Chirimachaya,0.26718339909400257,-0.04312488421578925
2021-08-08,0.6696894841269841,0.2275445939712172,Chirimachaya,0.25677230634859627,-0.25794039351635817
2021-08-15,0.655686011904762,0.0530985900583717,Chirimachaya,0.24812349065073896,-0.4363942594471688
2021-08-22,0.7298065476190476,0.9764432475867905,Chirimachaya,0.24033375430319986,-0.5971224578922457
2021-08-29,0.6684637896825397,0.21227570248070554,Chirimachaya,0.23221213264124732,-0.7646985554568998
2021-09-05,0.660717261904762,0.11577457807466618,Chirimachaya,0.23226163802402358,-0.7636770945714519
2021-09-12,0.7172485119047619,0.8200035365931482,Chirimachaya,0.22890620359352654,-0.8329108795101104
2021-09-19,0.6880917658730159,0.4567880603437392,Chirimachaya,0.22590797953307626,-0.8947742251062802
2021-09-26,0.7246969246031746,0.9127909403250487,Chirimachaya,0.2193198456828083,-1.0307093630398152
2021-10-03,0.6636741071428572,0.15260900226525378,Chirimachaya,0.2137580537902457,-1.1454676489605484
2021-10-10,0.6465183531746033,-0.06110604471606765,Chirimachaya,0.208132265401738,-1.2615463956826676
2021-10-17,0.7180337301587302,0.8297852667548158,Chirimachaya,0.20631322078406808,-1.2990793430438017
2021-10-24,0.7621989087301587,1.3799658785074296,Chirimachaya,0.21417969518474167,-1.1367677830467788
2021-10-31,0.7514836309523809,1.2464820282532656,Chirimachaya,0.22379182917731147,-0.9384374531214921
2021-11-07,0.7036393849206349,0.6504700250861937,Chirimachaya,0.22488128047968656,-0.9159584451920761
2021-11-14,0.716108630952381,0.8058036528840442,Chirimachaya,0.22460898517497946,-0.9215768039937128
2021-11-21,0.699734126984127,0.6018209021785443,Chirimachaya,0.2232815644570759,-0.9489659133356115
2021-11-28,0.7309895781637717,0.9911806604054815,Chirimachaya,0.23170465018068037,-0.7751696083899261
2021-12-05,0.7087167658730159,0.7137206820254411,Chirimachaya,0.24148123977439742,-0.5734460118228292
2021-12-12,0.692766865079365,0.5150273571054034,Chirimachaya,0.2474250444876296,-0.45080552941818797
2021-12-19,0.7323373015873016,1.0079697082847232,Chirimachaya,0.24581641065222873,-0.4839970017333524
2021-12-26,0.7163973214285715,0.8093999680793008,Chirimachaya,0.24385308421083857,-0.5245069635350655
2022-01-02,0.6950451388888889,0.5434085868164199,Chirimachaya,0.2436577017818178,-0.5285383536134024
2022-01-09,0.6449930555555555,-0.08010719458791217,Chirimachaya,0.24089157687766208,-0.5856127207913706
2022-01-16,0.6485233134920635,-0.036129573892657564,Chirimachaya,0.23977139512343063,-0.6087258002662037
2022-01-23,0.6817981150793652,0.37838591739286365,Chirimachaya,0.23573123317744046,-0.6920877937963827
2022-01-30,0.7082867063492063,0.7083632846469402,Chirimachaya,0.2577626494956868,-0.23750631683229015
2022-02-06,0.6790902777777778,0.3446534695390765,Chirimachaya,0.2719020577413695,0.054236755463860066
2022-02-13,0.6932093253968253,0.5205392353771705,Chirimachaya,0.28032167575189043,0.22796150994213865
2022-02-20,0.7031378968253968,0.6442228177624756,Chirimachaya,0.29004734860999243,0.42863452471532193
2022-02-27,0.6929593253968255,0.5174249005689091,Chirimachaya,0.28724439069628716,0.3708001699069535
2022-03-06,0.7561607142857143,1.304746041957854,Chirimachaya,0.30709719019276754,0.780429527666755
2022-03-13,0.6852247023809523,0.4210720778204041,Chirimachaya,0.31253228868756977,0.8925737069388926
2022-03-20,0.7510659722222223,1.2412791117680335,Chirimachaya,0.32088189625314306,1.064853912823132
2022-03-27,0.7177549603174602,0.8263125362741719,Chirimachaya,0.32350070774555206,1.1188887138052137
2022-04-03,0.733358630952381,1.0206927546541948,Chirimachaya,0.32333862089685034,1.1155443224136232
2022-04-10,0.694857142857143,0.5410666564744935,Chirimachaya,0.3168547403599535,0.9817602774686671
2022-04-17,0.6841974206349207,0.4082748806221661,Chirimachaya,0.3136746532150677,0.9161444908885075
2022-04-24,0.7467440476190476,1.1874394308466116,Chirimachaya,0.32078281736799646,1.0628095855181918
2022-05-01,0.7194553571428571,0.8474949563589462,Chirimachaya,0.3175468434180532,0.996040668062611
2022-05-08,0.7014474206349206,0.6231639823923153,Chirimachaya,0.3093764287020479,0.8274578073259256
2022-05-15,0.7388849206349207,1.089535619929709,Chirimachaya,0.30237154928701265,0.6829238207476374
2022-05-22,0.7272132936507936,0.9441382031867909,Chirimachaya,0.31131252220698763,0.8674058629707724
2022-05-29,0.6822380952380953,0.38386689948597724,Chirimachaya,0.3054113084716456,0.7456441742557864
2022-06-05,0.6923928571428571,0.5103682133644708,Chirimachaya,0.30166883181248394,0.6684244193997912
2022-06-12,0.7166765873015872,0.8128788777956725,Chirimachaya,0.30485626576202257,0.7341917950226989
2022-06-19,0.6789265873015874,0.34261432174795337,Chirimachaya,0.29854416634355274,0.6039521665329131
2022-06-26,0.7006180555555557,0.6128323002506191,Chirimachaya,0.2941141900207315,0.5125470044382627
2022-07-03,0.7146279761904761,0.7873586342279615,Chirimachaya,0.2877401422177042,0.3810291745046436
2022-07-10,0.7554508928571428,1.2959035556272498,Chirimachaya,0.28287664907319204,0.28067911689141306
2022-07-17,0.6931875,0.5202673490050207,Chirimachaya,0.28189158758946825,0.2603540185090297
2022-07-24,0.6784568452380952,0.3367625855109977,Chirimachaya,0.2750770928604262,0.11974830192936418
2022-07-31,0.7208675595238095,0.8650872404841945,Chirimachaya,0.2783475422433444,0.18722856236055566
2022-08-07,0.7005188492063492,0.6115964531044815,Chirimachaya,0.27236821076699663,0.06385504453887363
2022-08-14,0.7164037698412699,0.8094802981437991,Chirimachaya,0.26738370795335087,-0.03899184547619043
2022-08-21,0.7148809523809524,0.7905100444506095,Chirimachaya,0.25848716763513424,-0.2225570951771878
2022-08-28,0.6967058531746032,0.5640966680427396,Chirimachaya,0.25008188640432694,-0.3959860341525959
2022-09-04,0.7207048611111111,0.8630604511645308,Chirimachaya,0.2428375243076256,-0.5454613458625296
2022-09-11,0.6982152777777778,0.5829000823712008,Chirimachaya,0.23375273974878444,-0.7329107010471227
2022-09-18,0.6663199404761906,0.1855690456527046,Chirimachaya,0.22631243749388624,-0.8864289106453749
2022-09-25,0.6484459325396825,-0.03709353466664394,Chirimachaya,0.22198048712951793,-0.9758114708187208
2022-10-02,0.6731656746031747,0.2708486779718278,Chirimachaya,0.2181617508509329,-1.054604715546154
2022-10-09,0.6783531746031746,0.335471125243285,Chirimachaya,0.21366226832781515,-1.1474440219887003
2022-10-16,0.6759131944444445,0.3050754646840683,Chirimachaya,0.2099186884505408,-1.2246865399077613
2022-10-23,0.7426344246031746,1.1362444628179234,Chirimachaya,0.21075379981526304,-1.207455411771413
2022-10-30,0.7155104166666667,0.7983514945928435,Chirimachaya,0.21228370123675888,-1.1758884513115417
2022-11-06,0.6452276785714286,-0.07718441608729955,Chirimachaya,0.20861571149102276,-1.2515712931234384
2022-11-13,0.6141398809523809,-0.46445565703624936,Chirimachaya,0.20559450265552312,-1.313908891161607
2022-11-20,0.5920079365079364,-0.7401607968677605,Chirimachaya,0.20407625553863387,-1.3452353845119414
2022-11-27,0.6484295634920636,-0.037297449445754874,Chirimachaya,0.20312661065586973,-1.3648297204893698
2022-12-04,0.599938988095238,-0.6413609967699062,Chirimachaya,0.2018898496670382,-1.3903482177495294
2022-12-11,0.524235119047619,-1.5844297747506582,Chirimachaya,0.198026316506522,-1.4700657713120144
2022-12-18,0.5082296626984127,-1.7838151740725299,Chirimachaya,0.20049964982484064,-1.4190326694621518
2022-12-25,0.5455882936507938,-1.318426035016315,Chirimachaya,0.19974220544099805,-1.4346612691741076
2023-01-01,0.5957549603174602,-0.6934828501581982,Chirimachaya,0.20243843990777216,-1.3790289744345006
2023-01-08,0.6689255952380952,0.2180285709459689,Chirimachaya,0.21487551262336116,-1.1224107524148872
2023-01-15,0.7181954365079365,0.8317996976030173,Chirimachaya,0.22370272156383306,-0.9402760398904332
2023-01-22,0.7084295634920634,0.7101429045373758,Chirimachaya,0.23930026005421362,-0.6184468854892573
2023-01-29,0.6715034722222222,0.25014205903831555,Chirimachaya,0.23604995118720187,-0.6855115800151378
2023-02-05,0.6854751984126984,0.42419259186439867,Chirimachaya,0.23263753311974658,-0.7559211271234672
2023-02-12,0.6705009920634921,0.2376538236266112,Chirimachaya,0.22746772239250793,-0.8625915364183346
2023-02-19,0.680700892857143,0.3647174479565984,Chirimachaya,0.23785243742167947,-0.6483202872339439
2023-02-26,0.6994851190476191,0.5987189258417438,Chirimachaya,0.2771520838141441,0.1625622744313049
2023-03-05,0.6712088293650794,0.24647159301429247,Chirimachaya,0.27556737672005377,0.12986449045858617
2023-03-12,0.7092888337468982,0.7208471255947241,Chirimachaya,0.29003912902304096,0.42846492726763824
2023-03-19,0.6768695436507937,0.3169890311728196,Chirimachaya,0.3118815560426031,0.8791469257195339
2023-03-26,0.6657738095238096,0.1787657071132248,Chirimachaya,0.3089119589754513,0.8178742503148169
2023-04-02,0.7294260912698413,0.9717037737813582,Chirimachaya,0.30977906925337656,0.8357656225777772
2023-04-09,0.7353353174603174,1.0453170090409567,Chirimachaya,0.32085322429026875,1.0642623147595944
2023-04-16,0.7167862103174603,0.8142444888921531,Chirimachaya,0.3241406375808375,1.13209259709058
2023-04-23,0.7171061507936508,0.818230095938443,Chirimachaya,0.3308834454842976,1.2712191757618525
2023-04-30,0.7386225198412698,1.0862668042281773,Chirimachaya,0.3357243596443108,1.3711033537433048
2023-05-07,0.689671626984127,0.4764689261459567,Chirimachaya,0.3205523778285299,1.0580548505212015
2023-05-14,0.7096009925558313,0.7247357937721891,Chirimachaya,0.309924771210977,0.8387719391089442
2023-05-21,0.6982405753968254,0.583215223393465,Chirimachaya,0.30097764677235056,0.6541629705732309
2023-05-28,0.7087733134920635,0.7144251148987386,Chirimachaya,0.3066746023084436,0.7717101325162943
2023-06-04,0.6828065476190476,0.3909483036333358,Chirimachaya,0.3045427357511861,0.7277226269338293
2023-06-11,0.7010496031746032,0.6182082353363099,Chirimachaya,0.3007600185062204,0.6496725748030487
2023-06-18,0.6981626984126984,0.5822450833837481,Chirimachaya,0.2943331067051206,0.5170639845671908
2023-06-25,0.6741066468253968,0.28257068815292774,Chirimachaya,0.2850427175206797,0.3253723213518445
2023-07-02,0.7092837301587301,0.7207835484656085,Chirimachaya,0.27787957979100086,0.17757293878750893
2023-07-09,0.6928888888888889,0.5165474490951515,Chirimachaya,0.27313466955508503,0.07966964142580978
2023-07-16,0.6974370039682539,0.5732048615097619,Chirimachaya,0.27629077647413525,0.1447906360996847
2023-07-23,0.7021909722222222,0.6324266567526051,Chirimachaya,0.26957627758383745,0.006248166630872472
2023-07-30,0.6887554563492063,0.4650558777513892,Chirimachaya,0.25918749826295034,-0.2081069424245401
2023-08-06,0.6878923611111111,0.4543040075800047,Chirimachaya,0.24955767206847665,-0.4068023213850793
2023-08-13,0.6734032738095239,0.2738085318868244,Chirimachaya,0.241356632273112,-0.5760170794817079
2023-08-20,0.7018412698412698,0.6280702955624758,Chirimachaya,0.23313272292060508,-0.7457037126912692
2023-08-27,0.7162162698412698,0.8071445470376017,Chirimachaya,0.23378239146300722,-0.7322988874509743
2023-09-03,0.6610913151364765,0.12043428607335277,Chirimachaya,0.22883529109614234,-0.8343740404494924
2023-09-10,0.6261671626984128,-0.3146277282744341,Chirimachaya,0.21957290305622984,-1.0254879468174114
2023-09-17,0.5833754960317461,-0.8476980362887935,Chirimachaya,0.21239637290792804,-1.173563659570864
2023-09-24,0.5482480158730159,-1.2852929730284068,Chirimachaya,0.20627329046172752,-1.299903238550247
2023-10-01,0.5348869047619048,-1.4517368666700203,Chirimachaya,0.20239504639591485,-1.3799243270721073
2023-10-08,0.49708878968253967,-1.9226008085836184,Chirimachaya,0.19730322062969205,-1.4849856469535896
2023-10-15,0.4454464285714286,-2.5659272197405123,Chirimachaya,0.19497464836708134,-1.533031846211262
2023-10-22,0.43419295634920635,-2.7061155407624646,Chirimachaya,0.1908372143017394,-1.6184008874520206
2023-10-29,0.44357043650793654,-2.589297089273946,Chirimachaya,0.18805270508996075,-1.6758545841107386
2023-11-05,0.4140138888888889,-2.9574930295222845,Chirimachaya,0.18844483420252797,-1.6677636548406218
2023-11-12,0.3843224206349206,-3.327369721889368,Chirimachaya,0.18626697414687698,-1.712700159440147
2023-11-19,0.3855763888888889,-3.311748613962207,Chirimachaya,0.18578736776752128,-1.7225960359984032
2023-11-26,0.3704419642857143,-3.5002832753410047,Chirimachaya,0.1929134739828961,-1.5755607368785172
2023-12-03,0.37049454365079365,-3.4996282763535524,Chirimachaya,0.19237856487078323,-1.5865976929558456
2023-12-10,0.3553141439205955,-3.688735665485965,Chirimachaya,0.1877505891025066,-1.682088242891796
2023-12-17,0.43871676587301583,-2.6497609108986575,Chirimachaya,0.18622976461691512,-1.7134679159403585
2023-12-24,0.6406909722222223,-0.13369970608010465,Chirimachaya,0.2014670454497848,-1.3990720765686522
2023-12-31,0.6779047619047619,0.32988509614275,Chirimachaya,0.2179037856736353,-1.0599273961041045
2024-01-07,0.6529236111111112,0.018686426274211583,Chirimachaya,0.2550587289567504,-0.2932972008330278
2024-01-14,0.624219246031746,-0.338893586988819,Chirimachaya,0.25858662756425993,-0.2205049056661914
2024-01-21,0.6520744047619048,0.008107574703285941,Chirimachaya,0.26783392365489683,-0.029702396463704966
2024-01-28,0.6002202380952381,-0.6378573701106102,Chirimachaya,0.25756220040576794,-0.24164224899548703
2024-02-04,0.5263720238095237,-1.557809627222886,Chirimachaya,0.25806461886635845,-0.231275683243647
2024-02-11,0.5946617063492063,-0.7071018857086173,Chirimachaya,0.29079349817974226,0.4440300748040418
2024-02-18,0.6261810515873016,-0.31445470967397526,Chirimachaya,0.28936568754059927,0.4145695871172324
2024-02-25,0.6195009920634921,-0.39767047725905225,Chirimachaya,0.29636133941156517,0.558913178736286
2024-03-03,0.6092734491315136,-0.5250784490833136,Chirimachaya,0.3018661428775106,0.672495603660737
2024-03-10,0.637859623015873,-0.16897078363083115,Chirimachaya,0.3025515100785664,0.6866370110953853
2024-03-17,0.6287048611111111,-0.28301475827627254,Chirimachaya,0.2914998185421739,0.45860381572591175
2024-03-24,0.6379131944444444,-0.16830342617191762,Chirimachaya,0.29389671449150356,0.5080597601389428
2024-03-31,0.6012351190476191,-0.6252146538056369,Chirimachaya,0.2968602845711367,0.5692080787230052
2024-04-07,0.6533516865079365,0.02401910670978807,Chirimachaya,0.29931481767977985,0.6198532696479377
2024-04-14,0.6100327380952381,-0.5156197288862853,Chirimachaya,0.29025185108184814,0.4328540916444797
2024-04-21,0.623968253968254,-0.3420202802685426,Chirimachaya,0.2844929673842021,0.3140291455255025
2024-04-28,0.6689662698412698,0.21853526827588446,Chirimachaya,0.30185831817133085,0.6723341539182135
2024-05-05,0.6774241071428571,0.32389741671971944,Chirimachaya,0.3018263205885887,0.6716739372434392
2024-05-12,0.6566190476190475,0.06472173246778062,Chirimachaya,0.3022186335708414,0.6797686603574002
2024-05-19,0.6525510912698413,0.014045820240470333,Chirimachaya,0.30041365857635227,0.6425260161703092
2024-05-26,0.651625,0.0025091871312887424,Chirimachaya,0.2944423386028835,0.5193178023290353
2024-06-02,0.6235704365079365,-0.34697602732454796,Chirimachaya,0.286940726850714,0.3645345736589753
2024-06-09,0.643955334987593,-0.09303443173213632,Chirimachaya,0.2754982427826949,0.12843802713462346
2024-06-16,0.6741939484126984,0.2836582336415281,Chirimachaya,0.26859219691583086,-0.014056694257429064
2024-06-23,0.6422946428571429,-0.11372223696281429,Chirimachaya,0.2755226556743894,0.1289417463782313
2024-06-30,0.6072842261904763,-0.5498588740699852,Chirimachaya,0.26740913305963787,-0.03846724087515339
2024-07-07,0.6326299603174603,-0.2341184659393965,Chirimachaya,0.26095796695777346,-0.17157627809567305
2024-07-14,0.6424171626984128,-0.11219596573733576,Chirimachaya,0.2560742651777608,-0.2723433071482586
2024-07-21,0.6239776785714286,-0.341902874789659,Chirimachaya,0.2502713158194508,-0.39207747457278697
2024-07-28,0.610875496031746,-0.5051212073798593,Chirimachaya,0.24166483671537464,-0.5696577956051367
2024-08-04,0.6078710317460317,-0.5425488382005912,Chirimachaya,0.23164321349135464,-0.7764372518573297
2024-08-11,0.5780029761904761,-0.9146253384877973,Chirimachaya,0.22397190492068014,-0.9347218909350454
2024-08-18,0.543108134920635,-1.3493222136697183,Chirimachaya,0.2207821698061057,-1.0005367472548634
2024-08-25,0.5011151364764268,-1.872443240702254,Chirimachaya,0.21233125855880122,-1.17490718540552
2024-09-01,0.4618888888888889,-2.3610979137399095,Chirimachaya,0.21276369185319965,-1.165984646662821
2024-09-08,0.40942460317460316,-3.014663318502542,Chirimachaya,0.2026786495532308,-1.374072649619233
2024-09-15,0.3929652777777778,-3.2197027185179876,Chirimachaya,0.19540753268769806,-1.524100001295891
2024-09-22,0.36241815476190475,-3.600238592520495,Chirimachaya,0.19089203727032453,-1.6172697070652948
2024-09-29,0.35028422619047617,-3.7513950569644057,Chirimachaya,0.18738385689045697,-1.689655149539816
2024-10-06,0.41571378968253964,-2.9363167886732424,Chirimachaya,0.21148777380585668,-1.1923110844218836
2024-10-13,0.44921428571428573,-2.518989745130262,Chirimachaya,0.2222111475254808,-0.9710521788168225
2024-10-20,0.45541121031746035,-2.4417925531468683,Chirimachaya,0.2281738562243325,-0.8480216442439816
2024-10-27,0.3857638888888889,-3.3094128628560093,Chirimachaya,0.23987326717802454,-0.6066238405751095
2024-11-03,0.3533551587301587,-3.7131394085557616,Chirimachaya,0.26883007745657644,-0.009148426627645027
2024-11-10,0.31999801587301585,-4.128680652972575,Chirimachaya,0.2930378472166402,0.4903384684759936
2024-11-17,0.2665277777777778,-4.794777547797027,Chirimachaya,0.2922918732677187,0.47494654202972925
2024-11-24,0.22659871031746032,-5.292187486409628,Chirimachaya,0.2850006462207862,0.32450425034963837
2024-12-01,0.2305689484126984,-5.242728883621261,Chirimachaya,0.2870975083538464,0.3677694981061866
2024-12-08,0.33922420634920636,-3.889173476051392,Chirimachaya,0.28716815635561943,0.3692272016204155
2024-12-15,0.4879613095238095,-2.036304925263873,Chirimachaya,0.2963083673800741,0.5578201893449023
2024-12-22,0.503875,-1.8380626845521764,Chirimachaya,0.28871020142521175,0.4010447259753941
2024-12-29,0.5620580357142857,-1.1132568710505266,Chirimachaya,0.30282236263155937,0.6922256011252088
2025-01-05,0.6013690476190475,-0.6235462601583545,Chirimachaya,0.3290514828903334,1.233419687536599
2025-01-12,0.577827380952381,-0.9168127879364575,Chirimachaya,0.3639484462993486,1.9534602395774554
2025-01-19,0.5127931547619047,-1.7269662053502695,Chirimachaya,0.37525796943477224,2.1868133593404653
2025-01-26,0.5406760912698413,-1.3796190064572469,Chirimachaya,0.38026115724018644,2.2900457829513936
2025-02-02,0.5267514880952381,-1.5530825118889147,Chirimachaya,0.36405600926705767,1.9556796217552295
2025-02-09,0.5498789682539683,-1.264975645945928,Chirimachaya,0.36068688918437275,1.8861634562426255
2025-02-16,0.5801592261904761,-0.8877642007665287,Chirimachaya,0.384431178016322,2.376087196540256
2025-02-23,0.5613878968253968,-1.1216050185226762,Chirimachaya,0.3952930303556578,2.6002033771641897
2025-03-02,0.5599236111111111,-1.1398461223996452,Chirimachaya,0.38414657062717844,2.370214798440974
2025-03-09,0.5609503968253968,-1.1270551044371364,Chirimachaya,0.39008338696190287,2.492711087327698
2025-03-16,0.545437996031746,-1.3202983434427127,Chirimachaya,0.3842737413942814,2.3728387548086105
2025-03-23,0.543624503968254,-1.3428896292740806,Chirimachaya,0.3713880729462419,2.1069645091329847
2025-03-30,0.5570515873015873,-1.175623897280286,Chirimachaya,0.3557864714946065,1.7850515223126229
2025-04-06,0.5979315476190477,-0.6663683637719698,Chirimachaya,0.370399398463113,2.086564862542619
2025-04-13,0.5887876984126984,-0.7802763952313377,Chirimachaya,0.36762302475316183,2.029279028375498
2025-04-20,0.5393492063492064,-1.3961484620368176,Chirimachaya,0.3667665666767529,2.011607446498605
2025-04-27,0.5838467261904763,-0.8418277623446465,Chirimachaya,0.36917182749935556,2.0612359860998946
2025-05-04,0.5714315476190477,-0.9964878534478531,Chirimachaya,0.3894887641072273,2.4804420379116077
2025-05-11,0.5701884920634921,-1.0119730181889393,Chirimachaya,0.3756651463253157,2.1952147743750317
2025-05-18,0.5843387896825397,-0.835697960499812,Chirimachaya,0.3675316886178085,2.027394459779936
2025-05-25,0.5665644841269841,-1.0571185144372925,Chirimachaya,0.37705246784857344,2.2238398367839456
2025-06-01,0.5612544642857143,-1.1232672329342284,Chirimachaya,0.3673300929367542,2.0232348696237943
2025-06-08,0.5672207341269841,-1.0489433855656018,Chirimachaya,0.35758120247295927,1.8220827983371752
2025-06-15,0.5532559523809524,-1.222907409091455,Chirimachaya,0.36054497425045284,1.8832352786196942
2025-06-22,0.5840218253968253,-0.839646492131718,Chirimachaya,0.36533395679933683,1.9820479345461306
2025-06-29,0.550358134920635,-1.25900650423009,Chirimachaya,0.3660860173404217,1.9975654476553366
2025-07-06,0.5984265873015874,-0.66020148651275,Chirimachaya,0.3619063161313534,1.9113242945019968
2025-07-13,0.6164047619047619,-0.43624126668996116,Chirimachaya,0.3502284969602312,1.6703720012020042
2025-07-20,0.5845233134920635,-0.8333992848079986,Chirimachaya,0.34374777706606047,1.5366531708405253
2025-07-27,0.5684781746031745,-1.0332790229883277,Chirimachaya,0.33731745023812565,1.4039741172299984
2025-08-03,0.5354151785714286,-1.4451559806168455,Chirimachaya,0.33409878239035606,1.3375622822866333
2025-08-10,0.559594742063492,-1.143942955689087,Chirimachaya,0.3364837323980672,1.3867717421475036
2025-08-17,0.5450868055555556,-1.3246732423400347,Chirimachaya,0.33674777831350056,1.3922198885803143
2025-08-24,0.5565843253968255,-1.1814447373385868,Chirimachaya,0.3382452540099621,1.4231177983643322
2025-08-31,0.5861909722222222,-0.8126246942814516,Chirimachaya,0.3346618695982865,1.349180646305682
2025-09-07,0.5597757936507937,-1.141687534647388,Chirimachaya,0.3287312553397247,1.2268123269013342
2025-09-14,0.5623179563492063,-1.11001895152765,Chirimachaya,0.31948765580143246,1.036086089882181
2025-09-21,0.5652480158730159,-1.0735182060665192,Chirimachaya,0.3138896955975464,0.9205815312687072
2025-09-28,0.5939320436507937,-0.7161915414684483,Chirimachaya,0.3239204202379499,1.1275487800460067
2025-10-05,0.5543387896825397,-1.2094181374913788,Chirimachaya,0.3194140765283789,1.0345679044811391
2025-10-12,0.565670138888889,-1.068259676459709,Chirimachaya,0.3199864173574107,1.0463772015154225
2025-10-19,0.563953373015873,-1.0896460113235957,Chirimachaya,0.3267021993441241,1.1849461455356332
2025-10-26,0.528010101010101,-1.5374035438453661,Chirimachaya,0.31640374753624195,0.9724547938383113
2015-01-04,0.597228298611111,0.32972901507417257,Virgen,,
2015-01-11,0.5885500992063492,0.12375748350080545,Virgen,,
2015-01-18,0.5905178571428571,0.17046096391700705,Virgen,,
2015-01-25,0.6122480158730158,0.6862124310390016,Virgen,,
2015-02-01,0.601078869047619,0.42111985011346376,Virgen,,
2015-02-08,0.5968368055555555,0.32043717692986096,Virgen,,
2015-02-15,0.5961145833333333,0.30329569281441215,Virgen,,
2015-02-22,0.592000992063492,0.2056622259398052,Virgen,,
2015-03-01,0.5714335317460317,-0.28249333543588745,Virgen,,
2015-03-08,0.6065342261904761,0.5505992747712368,Virgen,,
2015-03-15,0.593297619047619,0.23643684096575796,Virgen,,
2015-03-22,0.6103576388888888,0.6413455382065986,Virgen,,
2015-03-29,0.6066641865079364,0.5536838000722301,Virgen,,
2015-04-05,0.6023859126984126,0.452141698083387,Virgen,0.33676734069983166,1.3926235257474795
2015-04-12,0.5897966269841269,0.15334302579622136,Virgen,0.3248448579439095,1.1466230080332633
2015-04-19,0.5944875992063491,0.26468026156531893,Virgen,0.3291032144001552,1.234487080835363
2015-04-26,0.6064999999999999,0.5497869379553255,Virgen,0.34060804333005634,1.4718700094509105
2015-05-03,0.6015808531746032,0.43303412341348996,Virgen,0.3280482276209763,1.2127191907764945
2015-05-10,0.5997311507936508,0.3891326163623137,Virgen,0.33336855098605156,1.3224951769539914
2015-05-17,0.5981676587301588,0.35202412877172506,Virgen,0.31932634274874416,1.0327576644788674
2015-05-24,0.5933695436507936,0.23814392557890418,Virgen,0.3148060366511345,0.9394886983580019
2015-05-31,0.5853159722222221,0.0469975408959048,Virgen,0.3130542077124119,0.9033426342625478
2015-06-07,0.5927748015873016,0.22402810177778815,Virgen,0.3099561578461102,0.8394195499002651
2015-06-14,0.6025168650793651,0.45524976937904854,Virgen,0.3085627928376198,0.8106697902679223
2015-06-21,0.5923869047619047,0.21482161786413226,Virgen,0.31899230235389303,1.0258652988740589
2015-06-28,0.6080912698412698,0.5875547133965101,Virgen,0.3077359305960791,0.7936088690100322
2015-07-05,0.5936448412698413,0.24467793909818703,Virgen,0.29686821677855085,0.569371746573942
2015-07-12,0.5972083333333333,0.3292551519315598,Virgen,0.2905695704477173,0.43940970007702895
2015-07-19,0.595563988095238,0.29022766577584647,Virgen,0.284914527620588,0.322727336877228
2015-07-26,0.6006458333333333,0.41084202344259446,Virgen,0.2831730603107384,0.28679506768668667
2015-08-02,0.6067499999999999,0.5557205286106729,Virgen,0.27858296994652065,0.1920862197840364
2015-08-09,0.5923630952380952,0.21425651399219403,Virgen,0.2693402442548956,0.0013780131312868841
2015-08-16,0.5849375,0.03801474393156159,Virgen,0.26140900701284403,-0.1622698199251133
2015-08-23,0.5822475198412698,-0.025830220600091425,Virgen,0.25421865816627226,-0.3106306584361906
2015-08-30,0.5678055555555556,-0.36860103792242527,Virgen,0.2446637137659958,-0.5077809766474711
2015-09-06,0.5798695436507936,-0.08226996980988982,Virgen,0.23540463724306648,-0.6988265553936222
2015-09-13,0.5833229166666666,-0.00030636238422966357,Virgen,0.22914582198219638,-0.8279667542911121
2015-09-20,0.5600094246031746,-0.5536372369900935,Virgen,0.22152137756347653,-0.9852844298697734
2015-09-27,0.5444871031746032,-0.9220496425016098,Virgen,0.215659512206912,-1.1062342305117259
2015-10-04,0.5298844246031746,-1.2686349109595272,Virgen,0.21161033585667607,-1.1897822212168845
2015-10-11,0.5265803571428571,-1.3470548461882452,Virgen,0.20507895334490706,-1.3245463900714514
2015-10-18,0.573297123015873,-0.23826218445941458,Virgen,0.21293529548815315,-1.1624438922826785
2015-10-25,0.595736111111111,0.2943128958500637,Virgen,0.2172531001269817,-1.0733532055284405
2015-11-01,0.6018576388888889,0.43960345592476746,Virgen,0.21618051986609182,-1.095484107696271
2015-11-08,0.5941855158730158,0.25751050619010857,Virgen,0.22035183491451396,-1.0094159889605792
2015-11-15,0.5873015873015873,0.09412484921606334,Virgen,0.21928639869604788,-1.0313994857455877
2015-11-22,0.5778050595238096,-0.13126918470583632,Virgen,0.21537008961396556,-1.1122059822987143
2015-11-29,0.6067619047619047,0.5560030805466433,Virgen,0.22418323611574512,-0.9303614247083845
2015-12-06,0.5943214285714286,0.2607363074590882,Virgen,0.21949644386768338,-1.027065554464367
2015-12-13,0.5771691468253968,-0.14636216728551332,Virgen,0.21443356493754043,-1.1315296047328323
2015-12-20,0.5762435515873016,-0.16833058030709877,Virgen,0.22532031099711142,-0.906899783771475
2015-12-27,0.5754737103174603,-0.186602272166424,Virgen,0.22236032331628455,-0.9679741855397994
2016-01-03,0.5635491071428571,-0.4696251280286589,Virgen,0.21547599402921538,-1.1100208215806804
2016-01-10,0.5459508928571429,-0.8873075273747606,Virgen,0.21718595070498328,-1.0747387216926485
2016-01-17,0.5610193452380953,-0.5296674144220598,Virgen,0.23669677227735517,-0.6721655071959386
2016-01-24,0.5843080357142857,0.023074810317202647,Virgen,0.2500027191958257,-0.39761951726815137
2016-01-31,0.5971865079365078,0.3287371400489478,Virgen,0.2566030177154711,-0.2614333817004873
2016-02-07,0.5973358134920635,0.3322808122458952,Virgen,0.28085160574742724,0.23889573026546784
2016-02-14,0.6066800595238095,0.5540605359868581,Virgen,0.28986251833183424,0.42482086064492586
2016-02-21,0.58734375,0.09512555398928745,Virgen,0.2859507112630776,0.3441072556171251
2016-02-28,0.5781502976190476,-0.12307517856273871,Virgen,0.294938969292811,0.5295649471004755
2016-03-06,0.5968497023809524,0.3207432748604945,Virgen,0.30975727790168356,0.8353159944333785
2016-03-13,0.6104454365079365,0.6434293587343702,Virgen,0.3336638057870524,1.3285872666127276
2016-03-20,0.6070744047619048,0.5634200688658295,Virgen,0.3330299401921885,1.315508508799445
2016-03-27,0.5954042658730159,0.2864367606349312,Virgen,0.31870238216859953,1.0198832801001105
2016-04-03,0.599719742063492,0.38886183742367486,Virgen,0.32282616570591927,1.1049706654954146
2016-04-10,0.6072842261904763,0.5684000467372842,Virgen,0.33452266082167625,1.3463083057187797
2016-04-17,0.6042881944444444,0.49729114285176046,Virgen,0.3230302578636578,1.109181766278106
2016-04-24,0.6003164682539682,0.40302475321411974,Virgen,0.31107315474322866,0.8624669151681936
2016-05-01,0.6081746031746031,0.5895325769482925,Virgen,0.314573629626206,0.9346933675847674
2016-05-08,0.590577876984127,0.17188549659418548,Virgen,0.3145642674395016,0.9345001944996504
2016-05-15,0.5904365079365079,0.16853019235455344,Virgen,0.3103207924536296,0.8469431759824028
2016-05-22,0.605107296137339,0.5167319994547188,Virgen,0.30084180885127615,0.6513601819600178
2016-05-29,0.5995128968253968,0.3839524975362147,Virgen,0.2891528175345489,0.4101773700961422
2016-06-05,0.6142415674603174,0.7335281073164702,Virgen,0.2952203026839665,0.5353697917197868
2016-06-12,0.6003427579365079,0.40364872207271835,Virgen,0.3102266107286726,0.8449998933983173
2016-06-19,0.6154732142857143,0.7627604596919264,Virgen,0.3045328919376646,0.7275195162837947
2016-06-26,0.6168179563492063,0.7946770554590845,Virgen,0.2942591304225581,0.5155376075380516
2016-07-03,0.5982539682539683,0.35407263030749947,Virgen,0.28628724068403244,0.35105097811819874
2016-07-10,0.5883234126984127,0.11837722372006478,Virgen,0.27813973490680965,0.18294080506881474
2016-07-17,0.5816150793650793,-0.04084079219844231,Virgen,0.2702120233859334,0.01936571937990563
2016-07-24,0.5788199404761903,-0.10718163216448716,Virgen,0.26542481620396885,-0.07941030481551876
2016-07-31,0.5793035714285714,-0.09570295976574685,Virgen,0.2581687255629471,-0.22912761544748197
2016-08-07,0.59290625,0.22714794607077857,Virgen,0.2536946753306048,-0.3214421690490728
2016-08-14,0.5827504960317459,-0.01389240130540477,Virgen,0.24719494767487046,-0.4555531928220221
2016-08-21,0.570922123015873,-0.29463129568522106,Virgen,0.23801384014742713,-0.6449900115768298
2016-08-28,0.5591125992063493,-0.5749228161664198,Virgen,0.23031746622707158,-0.8037918322789152
2016-09-04,0.5460178571428572,-0.8857181727349352,Virgen,0.225499420559832,-0.903204157108904
2016-09-11,0.5320277777777778,-1.2177637894877849,Virgen,0.22113458892064433,-0.9932651674670191
2016-09-18,0.5707881944444445,-0.29781000496486926,Virgen,0.22145387264234676,-0.9866772811647719
2016-09-25,0.5955243055555556,0.2892858259892854,Virgen,0.220139560422727,-1.0137959185395233
2016-10-02,0.5968774801587301,0.32140256271108775,Virgen,0.21432316276643953,-1.133807569130315
2016-10-09,0.6023903769841269,0.45224765505937625,Virgen,0.2134921202169997,-1.1509547440593952
2016-10-16,0.5996463293650793,0.387119433818534,Virgen,0.21035374647804667,-1.2157098441814447
2016-10-23,0.5786522817460317,-0.11116090526271516,Virgen,0.20599261165729588,-1.3056945768658585
2016-10-30,0.581203373015873,-0.05061237998403378,Virgen,0.20871618629566258,-1.24949816335134
2016-11-06,0.556530257936508,-0.6362130402770181,Virgen,0.20487365259655882,-1.3287824281026823
2016-11-13,0.5536125992063492,-0.7054618105840774,Virgen,0.20478358226163043,-1.3306408790207238
2016-11-20,0.5516681547619048,-0.7516119601256724,Virgen,0.20878338893609386,-1.24811154911366
2016-11-27,0.5123511904761905,-1.684775047655135,Virgen,0.20411364281816138,-1.344463960446335
2016-12-04,0.5079563492063491,-1.7890838040170087,Virgen,0.2015387735196522,-1.397592087653319
2016-12-11,0.4942256944444445,-2.1149721431651973,Virgen,0.202694920822978,-1.3737369191456716
2016-12-18,0.5391741071428571,-1.0481502169250905,Virgen,0.21358806613300524,-1.1489750603397269
2016-12-25,0.5890709325396826,0.13611913069944906,Virgen,0.22220080745007306,-0.9712655290019794
2017-01-01,0.5972460317460317,0.33014989972879466,Virgen,0.2225361053964921,-0.9643472159210378
2017-01-08,0.6074930555555556,0.5733564786140706,Virgen,0.2359524933355195,-0.6875224600021332
2017-01-15,0.6114355158730159,0.6669282614091234,Virgen,0.25628336066646235,-0.2680289709881376
2017-01-22,0.5916512896825397,0.1973622628207184,Virgen,0.28280295591269217,0.27915858161314133
2017-01-29,0.5836428571428571,0.007287220894937692,Virgen,0.28532887622714037,0.3312767282928219
2017-02-05,0.6119930555555556,0.6801611104103361,Virgen,0.28818334692290853,0.3901739633179871
2017-02-12,0.5966999007936508,0.31718782966621817,Virgen,0.29274859172957285,0.4843701646397053
2017-02-19,0.6081200396825397,0.5882375472417691,Virgen,0.305092632238354,0.7390688224622168
2017-02-26,0.626578373015873,1.0263343239616307,Virgen,0.3237705927874361,1.124457340859324
2017-03-05,0.6213452380952381,0.9021292021086118,Virgen,0.3335074542888573,1.325361214599167
2017-03-12,0.6118392857142857,0.6765114812374021,Virgen,0.3365537423108305,1.3882162797608075
2017-03-19,0.6155133928571429,0.7637140724758217,Virgen,0.34363061987927984,1.5342358279772983
2017-03-26,0.6130615079365079,0.7055201466635482,Virgen,0.34281807925019947,1.5174704092713398
2017-04-02,0.6174295634920636,0.8091931611694918,Virgen,0.3475052560014384,1.6141824726081533
2017-04-09,0.5947986111111111,0.27206193089251046,Virgen,0.33909998514822554,1.440753747757073
2017-04-16,0.613750496031746,0.7218728399577514,Virgen,0.33762034667389734,1.4102238792585169
2017-04-23,0.6099355158730159,0.631326717477034,Virgen,0.33505639487079214,1.3573210163338565
2017-04-30,0.6105357142857143,0.6455720442488023,Virgen,0.3424496879535062,1.5098692701828444
2017-05-07,0.6103263888888888,0.6406038393746791,Virgen,0.33218766269939287,1.2981295195797844
2017-05-14,0.6186145833333333,0.837318851795732,Virgen,0.33353951413716587,1.3260227160199032
2017-05-21,0.6085892857142857,0.5993748027178786,Virgen,0.34263113673244205,1.5136131626648575
2017-05-28,0.6065868055555556,0.5518472124884342,Virgen,0.32807960148368565,1.213366538030183
2017-06-04,0.5944548611111111,0.2639032437414075,Virgen,0.3130671110536371,0.903608873156462
2017-06-11,0.600548611111111,0.40853451596551277,Virgen,0.30540486904127256,0.7455113073657282
2017-06-18,0.6138601190476191,0.7244746723681325,Virgen,0.3115430325269699,0.872162058405481
2017-06-25,0.6079320436507936,0.5837755812529237,Virgen,0.3068597950041294,0.7755312744670314
2017-07-02,0.5865456349206348,0.07618280128203211,Virgen,0.2984777508037431,0.6025817928018777
2017-07-09,0.5856423611111111,0.05474417314039024,Virgen,0.29224911651441027,0.47406432784120944
2017-07-16,0.5853869047619047,0.04868107951438791,Virgen,0.2814129255712032,0.2504776272645257
2017-07-23,0.5684042658730157,-0.3543910301426568,Virgen,0.27597673929163385,0.1383110033706306
2017-07-30,0.6119538690476191,0.679231043621104,Virgen,0.2667069030659539,-0.052956583870000525
2017-08-06,0.6004608134920635,0.4064506954377437,Virgen,0.2587442142622811,-0.21725336736735607
2017-08-13,0.5907306547619048,0.17551157977245374,Virgen,0.25139097576694824,-0.3689751617083433
2017-08-20,0.5752867063492063,-0.19104069216060363,Virgen,0.2443972900509834,-0.5132781850029908
2017-08-27,0.5731175595238095,-0.24252400949361302,Virgen,0.24675135660384379,-0.46470595364876877
2017-09-03,0.5682574404761904,-0.35787583735293854,Virgen,0.2386634703725576,-0.6315859769494347
2017-09-10,0.5596587301587301,-0.561960746103846,Virgen,0.23039851656981875,-0.802119493833568
2017-09-17,0.5445505952380952,-0.9205426988431106,Virgen,0.2266004338328327,-0.8804865872274241
2017-09-24,0.5325426587301587,-1.2055434182571279,Virgen,0.22273900759007245,-0.96016066806117
2017-10-01,0.5179955357142857,-1.5508101110138561,Virgen,0.2188378370233944,-1.0406548066345775
2017-10-08,0.5478060515873016,-0.8432765173529347,Virgen,0.21970474374081403,-1.0227676345026466
2017-10-15,0.5648169642857143,-0.43953334684796513,Virgen,0.21776039020291393,-1.0628861221310144
2017-10-22,0.5646393849206348,-0.4437480798928374,Virgen,0.21062259243002956,-1.2101626570118669
2017-10-29,0.5877628571428571,0.10507279489507315,Virgen,0.20810678627874166,-1.2620721148282783
2017-11-05,,,Virgen,0.2122260419917958,-1.177078153523934
2017-11-12,,,Virgen,0.20913562364876268,-1.2408437741503953
2017-11-19,,,Virgen,0.20766356108444076,-1.2712173263999071
2017-11-26,,,Virgen,0.2101258648825543,-1.2204118002770252
2017-12-03,,,Virgen,0.2080454062670469,-1.2633385888474347
2017-12-10,0.5500276155071694,-0.7905491136921905,Virgen,0.20594605564006735,-1.3066551825195123
2017-12-17,0.5902227182539682,0.16345603050444366,Virgen,0.21184500227017058,-1.184940271734415
2017-12-24,0.5615461309523809,-0.517164491255435,Virgen,0.2063749137201479,-1.2978064123526327
2017-12-31,0.5959270833333333,0.298845499822901,Virgen,0.22098725368934016,-0.9963051838730287
2018-01-07,0.6049112103174603,0.512078027500804,Virgen,0.2557938442166362,-0.2781293252979009
2018-01-14,0.6042256944444444,0.4958077451879243,Virgen,0.2642075653587069,-0.10452624285063751
2018-01-21,0.6210228174603174,0.894476753842784,Virgen,0.2820959218910762,0.2645701155260169
2018-01-28,0.6005912698412698,0.4095469937360684,Virgen,0.27487033233046526,0.11548214374280767
2018-02-04,0.5780471230158729,-0.12552396200780433,Virgen,0.2676374710031918,-0.03375586879955417
2018-02-11,0.5553204365079365,-0.6649273807698648,Virgen,0.2704069683594363,0.023388083294306566
2018-02-18,0.5373854166666667,-1.0906036453044226,Virgen,0.2785359855209078,0.19111677463893648
2018-02-25,0.5728065476190476,-0.2499056788208019,Virgen,0.3132510408759117,0.9074039578237192
2018-03-04,0.5656190476190476,-0.4204964101620574,Virgen,0.31838629288332804,1.0133613056579935
2018-03-11,0.5582822420634921,-0.5946308137002551,Virgen,0.3093093905065741,0.8260745861352725
2018-03-18,0.5491974206349206,-0.8102532598365633,Virgen,0.30042476100581034,0.6427550962579456
2018-03-25,0.5596845238095238,-0.5613485502425789,Virgen,0.30593849239604815,0.756521733987984
2018-04-01,0.5808189484126983,-0.05973645291636616,Virgen,0.3208452117230211,1.0640969888177172
2018-04-08,0.616735615079365,0.7927227379019651,Virgen,0.3244743400386402,1.138977989928845
2018-04-15,0.5976805555555555,0.3404630453916612,Virgen,0.31992279099566595,1.0450643778150317
2018-04-22,0.591328869047619,0.18970981455489327,Virgen,0.30643285544855253,0.7667220898488009
2018-04-29,0.5957316468253968,0.29420693887407706,Virgen,0.29652486156140057,0.5622871851694063
2018-05-06,0.6110590277777778,0.6579925564341037,Virgen,0.29954512417316437,0.6246052594612502
2018-05-13,0.6121121031746032,0.6829866297700246,Virgen,0.3099142552486488,0.8385549597909648
2018-05-20,0.6090788690476191,0.6109947510846028,Virgen,0.31302910298109055,0.9028246400638096
2018-05-27,0.6150461309523809,0.7526239089890384,Virgen,0.307057755866221,0.7796158662050653
2018-06-03,0.6082807539682539,0.5920519983773475,Virgen,0.29958357555525644,0.6253986395059209
2018-06-10,0.5910753968253968,0.1836938129182198,Virgen,0.29342556319066454,0.4983383400034804
2018-06-17,0.5762256944444444,-0.1687544082110531,Virgen,0.2847803942859172,0.31995971955730745
2018-06-24,0.6064985119047619,0.5497516189633309,Virgen,0.27728135404842236,0.16522954979739407
2018-07-01,0.6055342261904763,0.5268649121498474,Virgen,0.2719871854143483,0.05599322280823007
2018-07-08,0.5998799603174603,0.39266451556192433,Virgen,0.26581520640424317,-0.07135525509608555
2018-07-15,0.5897048611111111,0.15116502128979462,Virgen,0.25813739640372135,-0.22977404031945436
2018-07-22,0.5940238095238095,0.25367250905986444,Virgen,0.2512949750359569,-0.37095597644368755
2018-07-29,0.6053784722222222,0.5231681909875846,Virgen,0.24521281623414581,-0.49645116437527803
2018-08-05,0.609219246031746,0.6143265093295691,Virgen,0.2501224055886268,-0.3951499884631883
2018-08-12,0.5941646825396826,0.2570160403021649,Virgen,0.24636311243687353,-0.4727167235554617
2018-08-19,0.6001125992063492,0.39818605131065155,Virgen,0.23728878263916284,-0.6599503622065673
2018-08-26,0.5957554563492063,0.2947720427460153,Virgen,0.22832811650420934,-0.8448387410274858
2018-09-02,0.5893070436507936,0.14172307742949716,Virgen,0.22101405795131407,-0.9957521226979765
2018-09-09,0.6064513888888888,0.548633184216786,Virgen,0.21738650623176775,-1.0706005933825096
2018-09-16,0.5917499999999999,0.19970508928979214,Virgen,0.21277224591800142,-1.1658081478233697
2018-09-23,0.592703373015873,0.22233279016197346,Virgen,0.21257749120039593,-1.1698265861251103
2018-09-30,0.5764756944444445,-0.1628208175557031,Virgen,0.2050689195415803,-1.3247534208437795
2018-10-07,0.5533571428571429,-0.7115249042100772,Virgen,0.20473582537046497,-1.3316262627022635
2018-10-14,0.557264384920635,-0.6187890042255988,Virgen,0.20607046250786096,-1.3040882545976222
2018-10-21,0.5428670634920635,-0.9605002517880534,Virgen,0.20373388246766155,-1.3522996809705596
2018-10-28,0.5200233134920634,-1.5026820979204787,Virgen,0.20319244079291818,-1.3634714255665215
2018-11-04,0.496672123015873,-2.056907720323579,Virgen,0.2005959581583738,-1.4170455078621418
2018-11-11,0.5162296626984128,-1.5927219815159157,Virgen,0.20272755782519064,-1.3730635091181365
2018-11-18,0.5965828373015873,0.31440940229585856,Virgen,0.21259377284773756,-1.1694906415272208
2018-11-25,0.6212083333333334,0.898879854844969,Virgen,0.23592368593173366,-0.6881168526626549
2018-12-02,0.6088993055555555,0.6067329260504017,Virgen,0.2327554162059511,-0.7534888065380875
2018-12-09,0.5894826388888889,0.14589071848504054,Virgen,0.2306692866342408,-0.796532605817626
2018-12-16,0.599360119047619,0.38032641435794645,Virgen,0.23260198054569106,-0.7566546951061415
2018-12-23,0.5986175595238095,0.36270223735188295,Virgen,0.23085454718342846,-0.7927100638232124
2018-12-30,0.5955892857142856,0.2908280886397793,Virgen,0.22781037619071345,-0.855521447622154
2019-01-06,0.5772782738095238,-0.1437721078724638,Virgen,0.22150258161127565,-0.9856722529488258
2019-01-13,0.5851835317460318,0.043854150608253886,Virgen,0.25936819240450854,-0.20437862062435455
2019-01-20,0.5869995039682538,0.08695509384084768,Virgen,0.25816404713051655,-0.22922414708636732
2019-01-27,0.6018497023809524,0.43941508796745476,Virgen,0.250168977305293,-0.3941890588778601
2019-02-03,0.6156388888888888,0.7666926408008256,Virgen,0.27520586044660633,0.12240520599151418
2019-02-10,0.6130649801587302,0.7056025576448743,Virgen,0.28439270971076824,0.3119604958931681
2019-02-17,0.6024012896825397,0.4525066610006836,Virgen,0.28155202950750075,0.25334780464668966
2019-02-24,0.5997901785714286,0.3905336030448264,Virgen,0.2858906015753746,0.3428669926117348
2019-03-03,0.6135892857142856,0.7180466158248362,Virgen,0.3111806469304221,0.8646848369082505
2019-03-10,0.6017777777777777,0.43770800335430854,Virgen,0.3140389882028103,0.923661934817001
2019-03-17,0.5937410714285715,0.24696190058060302,Virgen,0.30436671684895245,0.724090770888119
2019-03-24,0.6068080357142858,0.5570979692985251,Virgen,0.31515120448810713,0.9466106601449784
2019-03-31,0.5998700396825397,0.39242905561528535,Virgen,0.3205511122941971,1.0580287383340476
2019-04-07,0.6135347222222222,0.7167515861183128,Virgen,0.32414632609912325,1.132209970163955
2019-04-14,0.5877033730158729,0.10366097705501323,Virgen,0.31940167397260666,1.0343119984585927
2019-04-21,0.5744826388888888,-0.21012472083584022,Virgen,0.3086860882384436,0.813213784925359
2019-04-28,0.6012624007936508,0.4254758591263199,Virgen,0.3173635607319219,0.9922589359687682
2019-05-05,0.5929548611111111,0.2283016998093181,Virgen,0.3065605642540114,0.769357147739234
2019-05-12,0.5929990079365078,0.22934949657186843,Virgen,0.29758128630263464,0.5840847451734752
2019-05-19,0.6102341269841269,0.6384140618709209,Virgen,0.3014416056019919,0.6637359860790121
2019-05-26,0.6035570436507937,0.4799377447843358,Virgen,0.3033556858343737,0.7032298346130841
2019-06-02,0.6025744047619047,0.4566154370695639,Virgen,0.3074110911360809,0.7869063493277223
2019-06-09,0.607203373015873,0.5664810481721595,Virgen,0.3127778097987175,0.8976396249769883
2019-06-16,0.6053194444444445,0.5217672043050746,Virgen,0.3021036759018898,0.677396700870752
2019-06-23,0.6145089285714286,0.7398737528784404,Virgen,0.29162131569215227,0.4611107064807454
2019-06-30,0.6049662698412698,0.513384830204659,Virgen,0.28182451214109144,0.2589700286669466
2019-07-07,0.5940848214285714,0.255120587731706,Virgen,0.27574702937688145,0.13357132296093477
2019-07-14,0.6097311507936508,0.6264762425762342,Virgen,0.27034296361463406,0.022067452291532168
2019-07-21,0.6099290674603174,0.6311736685117159,Virgen,0.2617322972842625,-0.1555992651615587
2019-07-28,0.6106011904761904,0.6471260798966305,Virgen,0.2540098167955875,-0.31493975129548474
2019-08-04,0.5949211309523809,0.2749698612335224,Virgen,0.24810186800147802,-0.4368404066986634
2019-08-11,0.592750496031746,0.22345122490851838,Virgen,0.24690333008766172,-0.46157023464934527
2019-08-18,0.601375496031746,0.42816010251802444,Virgen,0.24160456258271418,-0.5709014516575546
2019-08-25,0.5997460317460317,0.3894858062822735,Virgen,0.23770741852266444,-0.651312509992104
2019-09-01,0.5953541666666666,0.28524768790439436,Virgen,0.23070122886981279,-0.7958735311392621
2019-09-08,0.5792604166666666,-0.09672721053363405,Virgen,0.22333110842321596,-0.9479436563468967
2019-09-15,0.5630957341269841,-0.4803856475901429,Virgen,0.21505118507359705,-1.1187860448274773
2019-09-22,0.5524990079365081,-0.731892189594503,Virgen,0.21208884593631536,-1.1799089649721428
2019-09-29,0.5379930555555555,-1.0761817235726756,Virgen,0.2133070203874792,-1.1547739698719248
2019-10-06,0.5446369047619047,-0.9184941973073362,Virgen,0.21280325949192044,-1.1651682345270844
2019-10-13,0.6093849206349207,0.6182586904384709,Virgen,0.21503379701503683,-1.1191448183728394
2019-10-20,0.6234608134920635,0.9523410357297608,Virgen,0.2139258248997586,-1.1420059723414602
2019-10-27,0.6363070436507937,1.2572381206349261,Virgen,0.22146289582763395,-0.9864911028076693
2019-11-03,0.6179875992063493,0.8224377831680361,Virgen,0.21936331183782642,-1.0298125115319197
2019-11-10,0.5976845238095239,0.3405572293703189,Virgen,0.21593072824180123,-1.100638140640092
2019-11-17,0.6070649801587302,0.5631963819165221,Virgen,0.21535125587667733,-1.112594585009932
2019-11-24,0.5869409722222222,0.08556588015566918,Virgen,0.21937680271055013,-1.02953414990688
2019-12-01,0.5879335317460317,0.10912364781708005,Virgen,0.22212574764021803,-0.9728142628069997
2019-12-08,0.6146026785714286,0.742098849374196,Virgen,0.23130815156868523,-0.7833506949824249
2019-12-15,0.617638888888889,0.8141613660436123,Virgen,0.24311835638114382,-0.5396668450953195
2019-12-22,0.5934905753968254,0.24101653692792147,Virgen,0.24069221663687906,-0.589726186371339
2019-12-29,0.5896383928571428,0.14958743964730076,Virgen,0.23348786309361455,-0.7383759884068244
2020-01-05,0.6137638888888889,0.7221907108857165,Virgen,0.2383344926472221,-0.6383738828248937
2020-01-12,0.5966934523809524,0.31703478070090274,Virgen,0.2349633332341909,-0.7079321265129283
2020-01-19,0.5821165674603175,-0.02893829189574768,Virgen,0.22798816354147022,-0.8518531025949843
2020-01-26,0.5908040674603174,0.1772539833775946,Virgen,0.23904524663729323,-0.6237086614021078
2020-02-02,0.6078725198412699,0.5823628215730822,Virgen,0.2655310433890138,-0.07721848428188047
2020-02-09,0.5906636904761905,0.1739222251326283,Virgen,0.27543530080999645,0.12713932465907707
2020-02-16,0.5726755952380952,-0.25301375011646077,Virgen,0.2735896445810794,0.08905729114885638
2020-02-23,0.5568000992063492,-0.6298085297283902,Virgen,0.2711360443915639,0.03843134945188054
2020-03-01,0.5544821428571428,-0.6848237462610127,Virgen,0.2973781201456274,0.5798927508691883
2020-03-08,0.5778328373015872,-0.13060989685524568,Virgen,0.3018411227634975,0.6719793553988187
2020-03-15,0.5978320610687023,0.34405893217982747,Virgen,0.31331974800143925,0.9088216145984402
2020-03-22,0.5931347402597402,0.23257101675090985,Virgen,0.3158076820628984,0.9601559783955924
2020-03-29,0.5768511904761905,-0.15390865857534922,Virgen,0.3099911942013672,0.8401424665702656
2020-04-05,0.5910079365079365,0.18209268528106282,Virgen,0.30700922438076567,0.7786145000641473
2020-04-12,0.617250496031746,0.8049431091326222,Virgen,0.3074808663555554,0.7883460444370166
2020-04-19,0.6261592261904761,1.0163861412160555,Virgen,0.32972604408860207,1.2473381311528484
2020-04-26,0.6135496031746032,0.7171047760382752,Virgen,0.31693973977650913,0.9835140984559703
2020-05-03,0.6255699404761904,1.0023998203855917,Virgen,0.3102992522929396,0.8464987307447901
2020-05-10,0.6191215277777777,0.8493508550690763,Virgen,0.30465021623032434,0.7299403070977231
2020-05-17,0.6227847222222223,0.9362944403661912,Virgen,0.3109523781708309,0.8599748923281652
2020-05-24,0.6106646825396825,0.6486330235551324,Virgen,0.30768364295363426,0.7925300008434919
2020-05-31,0.6123998015873016,0.6898149682226068,Virgen,0.2990312496466296,0.614002316923555
2020-06-07,0.6096924603174603,0.6255579487843337,Virgen,0.2994433678686619,0.622505688079957
2020-06-14,0.5891393849206349,0.13774380433126915,Virgen,0.29509927066309105,0.532872498127094
2020-06-21,0.5995535714285715,0.38491788331744414,Virgen,0.28847821961556164,0.39625816880919795
2020-06-28,0.6141731150793651,0.7319034336846502,Virgen,0.2790940068662166,0.2026306130442268
2020-07-05,0.609140873015873,0.6124663757511074,Virgen,0.27265253024441855,0.06972150206067493
2020-07-12,0.6092063492063492,0.6140204113989356,Virgen,0.2718262092343398,0.0526717482099905
2020-07-19,0.6159449404761904,0.7739565801546937,Virgen,0.2657364484454904,-0.07298029402664521
2020-07-26,0.6143680555555556,0.7365302216361426,Virgen,0.25814089338694296,-0.2297018859116381
2020-08-02,0.6129419642857143,0.7026828543065282,Virgen,0.25161131551223137,-0.3644288190947846
2020-08-09,0.6003427579365079,0.40364872207271835,Virgen,0.2429980026291949,-0.5421501437416164
2020-08-16,0.5899990079365078,0.15814640870769228,Virgen,0.23504510548497945,-0.7062448927009402
2020-08-23,0.5923958333333333,0.21503353181611073,Virgen,0.2333626111171075,-0.7409603537354436
2020-08-30,0.6021547619047619,0.4466554813266597,Virgen,0.2326819939272744,-0.7550037526223883
2020-09-06,0.588579365079365,0.12445209034339602,Virgen,0.22605677800519122,-0.8917040171701703
2020-09-13,0.5966651785714285,0.3163637198529753,Virgen,0.22041927757007732,-1.0080244224115427
2020-09-20,0.5893938492063492,0.14378335196260575,Virgen,0.21762855217925137,-1.065606379542106
2020-09-27,0.5995342261904762,0.38445873642149514,Virgen,0.2165931008223976,-1.0869711887910343
2020-10-04,0.6025749007936507,0.4566272100668955,Virgen,0.21532770751842428,-1.1130804660499942
2020-10-11,0.5995084325396826,0.3838465405602281,Virgen,0.21165945513972212,-1.1887687268544729
2020-10-18,0.5863323412698411,0.07112041242925388,Virgen,0.2060944911624704,-1.3035924634444782
2020-10-25,0.5795436507936508,-0.09000482905703844,Virgen,0.20282527724547042,-1.3710472321000282
2020-11-01,0.6014231150793651,0.4292903102619009,Virgen,0.20234559582812442,-1.3809446569418793
2020-11-08,0.5847266865079365,0.03301122006544375,Virgen,0.19701571097331386,-1.490917928489643
2020-11-15,0.5662286706349207,-0.406027396440979,Virgen,0.19291372863309722,-1.5755554825969555
2020-11-22,0.5583139880952381,-0.5938773418710042,Virgen,0.19354212177651267,-1.562589639678753
2020-11-29,0.5892673611111111,0.1407812376429361,Virgen,0.19370111743254315,-1.5593090298847587
2020-12-06,0.6136622023809524,0.7197772464326482,Virgen,0.195254450397832,-1.5272585986560943
2020-12-13,0.6166279761904763,0.7901679974809156,Virgen,0.20459291152656076,-1.3345750511642558
2020-12-20,0.6151021825396825,0.7539542576875591,Virgen,0.21076320085142336,-1.2072614370926624
2020-12-27,0.6183358134920636,0.8307024272951282,Virgen,0.21257553116551464,-1.169867028171067
2021-01-03,0.6003105158730159,0.4028834772461358,Virgen,0.21831826706017762,-1.0513752649951986
2021-01-10,0.6009771825396825,0.4187063856603954,Virgen,0.22657994792929714,-0.8809092796295658
2021-01-17,0.6116686507936508,0.6724615701551822,Virgen,0.23179560979562144,-0.7732928086641747
2021-01-24,0.6108511904761904,0.6530596705519779,Virgen,0.2515357184622969,-0.3659886379514999
2021-01-31,0.6058883928571429,0.5352708322449236,Virgen,0.25664603710174555,-0.2605457485193865
2021-02-07,0.5958174603174603,0.29624366741251995,Virgen,0.25162374228239054,-0.3641724134488085
2021-02-14,0.6172569444444443,0.8050961580979377,Virgen,0.26898645130651333,-0.00592191342322616
2021-02-21,0.5971180555555555,0.3271124664171277,Virgen,0.27441970525043347,0.10618420662238673
2021-02-28,0.597702876984127,0.3409928302716048,Virgen,0.2770834932369845,0.16114702243748744
2021-03-07,0.6334652777777778,1.1897906189196705,Virgen,0.2934300718562944,0.49843136878799177
2021-03-14,0.6238224206349207,0.9609235507848181,Virgen,0.3081777101116521,0.8027242514158078
2021-03-21,0.6305421626984127,1.1204123456419588,Virgen,0.3268679678440094,1.188366501649987
2021-03-28,0.6025540674603175,0.45613274417895183,Virgen,0.3213559367827007,1.074634947367365
2021-04-04,0.6022643849206349,0.4492573137370408,Virgen,0.3109682686626911,0.8603027660860374
2021-04-11,0.5993204365079365,0.37938457457138536,Virgen,0.3058949538639613,0.7556233891001662
2021-04-18,0.5929866071428571,0.2290551716385691,Virgen,0.30024826686297146,0.6391134344161347
2021-04-25,0.597922123015873,0.34619649509236433,Virgen,0.2988778549645628,0.6108372738720742
2021-05-02,0.6173571428571429,0.8074743035590141,Virgen,0.3060791715979576,0.7594244143449055
2021-05-09,0.6188338293650794,0.8425225166164941,Virgen,0.31567162222095896,0.957348610816001
2021-05-16,0.6152852182539682,0.7582984937030811,Virgen,0.3107728415301868,0.856270453625985
2021-05-23,0.6155679563492062,0.7650091021823425,Virgen,0.30896114877292086,0.8188891996245782
2021-05-30,0.6119608134920634,0.679395865583751,Virgen,0.3005426472851208,0.6451874827277331
2021-06-06,0.599422619047619,0.3818098120217826,Virgen,0.30189685789602144,0.673129356764847
2021-06-13,0.6053387896825397,0.5222263512010236,Virgen,0.3030798616153853,0.697538662559548
2021-06-20,0.6033844246031747,0.47584074171278706,Virgen,0.30991746644888607,0.8386212175442386
2021-06-27,0.6105887896825396,0.6468317549633286,Virgen,0.3083018293338163,0.8052852442505847
2021-07-04,0.5970401785714285,0.32526410583599763,Virgen,0.2978804829929556,0.5902581691342503
2021-07-11,0.5840659722222221,0.017329587619165397,Virgen,0.28653664514422417,0.3561970225775144
2021-07-18,0.5923174603174602,0.21317339823764644,Virgen,0.2817989396197455,0.25844238240239364
2021-07-25,0.6286522817460318,1.07555722580689,Virgen,0.27689841655748226,0.1573282742869176
2021-08-01,0.6006666666666667,0.41133648933054073,Virgen,0.26718339909400257,-0.04312488421578925
2021-08-08,0.5956929563492063,0.2932886450821765,Virgen,0.25677230634859627,-0.25794039351635817
2021-08-15,0.5848794642857142,0.03663730324371201,Virgen,0.24812349065073896,-0.4363942594471688
2021-08-22,0.6065758928571429,0.5515882065471294,Virgen,0.24033375430319986,-0.5971224578922457
2021-08-29,0.6002400793650794,0.4012117116249869,Virgen,0.23221213264124732,-0.7646985554568998
2021-09-05,0.5953293650793651,0.284659038037793,Virgen,0.23226163802402358,-0.7636770945714519
2021-09-12,0.6126597222222222,0.6959840188245957,Virgen,0.22890620359352654,-0.8329108795101104
2021-09-19,0.6074816468253968,0.5730856996754343,Virgen,0.22590797953307626,-0.8947742251062802
2021-09-26,0.6108760997067448,0.6536508752625765,Virgen,0.2193198456828083,-1.0307093630398152
2021-10-03,0.6023819444444445,0.4520475141047346,Virgen,0.2137580537902457,-1.1454676489605484
2021-10-10,0.5872306547619047,0.09244131059758023,Virgen,0.208132265401738,-1.2615463956826676
2021-10-17,0.6016488095238095,0.4346470240479785,Virgen,0.20631322078406808,-1.2990793430438017
2021-10-24,0.6228194444444445,0.9371185501794341,Virgen,0.21417969518474167,-1.1367677830467788
2021-10-31,0.6218819444444444,0.9148675852218783,Virgen,0.22379182917731147,-0.9384374531214921
2021-11-07,0.6126230158730158,0.695112817022024,Virgen,0.22488128047968656,-0.9159584451920761
2021-11-14,0.6160664682539683,0.7768409645010452,Virgen,0.22460898517497946,-0.9215768039937128
2021-11-21,0.616453373015873,0.7860239024200353,Virgen,0.2232815644570759,-0.9489659133356115
2021-11-28,0.625844246031746,1.0089102879102116,Virgen,0.23170465018068037,-0.7751696083899261
2021-12-05,0.6104017857142857,0.6423933349691515,Virgen,0.24148123977439742,-0.5734460118228292
2021-12-12,0.6116651785714285,0.672379159173856,Virgen,0.2474250444876296,-0.45080552941818797
2021-12-19,0.6202237103174604,0.8755104551408709,Virgen,0.24581641065222873,-0.4839970017333524
2021-12-26,0.6168065476190476,0.7944062765204483,Virgen,0.24385308421083857,-0.5245069635350655
2022-01-02,0.600734126984127,0.4129376169676977,Virgen,0.2436577017818178,-0.5285383536134024
2022-01-09,0.5878963293650793,0.10824067301717674,Virgen,0.24089157687766208,-0.5856127207913706
2022-01-16,0.5913005952380952,0.1890387537069658,Virgen,0.23977139512343063,-0.6087258002662037
2022-01-23,0.6043715277777778,0.49926900640354555,Virgen,0.23573123317744046,-0.6920877937963827
2022-01-30,0.6033030753968254,0.4739099701503308,Virgen,0.2577626494956868,-0.23750631683229015
2022-02-06,0.607844246031746,0.5816917607251547,Virgen,0.2719020577413695,0.054236755463860066
2022-02-13,0.6146585607940447,0.7434251783098559,Virgen,0.28032167575189043,0.22796150994213865
2022-02-20,0.6144890873015872,0.7394028329851572,Virgen,0.29004734860999243,0.42863452471532193
2022-02-27,0.6050694444444444,0.5158336136497246,Virgen,0.28724439069628716,0.3708001699069535
2022-03-06,0.6358710317460318,1.2468896559800622,Virgen,0.30709719019276754,0.780429527666755
2022-03-13,0.609827380952381,0.6287602040586502,Virgen,0.31253228868756977,0.8925737069388926
2022-03-20,0.6368600496277915,1.2703633650247894,Virgen,0.32088189625314306,1.064853912823132
2022-03-27,0.6201919642857143,0.8747569833116199,Virgen,0.32350070774555206,1.1188887138052137
2022-04-03,0.6246383928571428,0.9802901313960225,Virgen,0.32333862089685034,1.1155443224136232
2022-04-10,0.6085833333333334,0.5992335267498947,Virgen,0.3168547403599535,0.9817602774686671
2022-04-17,0.6069474206349207,0.5604061815488283,Virgen,0.3136746532150677,0.9161444908885075
2022-04-24,0.6421130952380952,1.395041054406449,Virgen,0.32078281736799646,1.0628095855181918
2022-05-01,0.6182147817460317,0.8278298159461083,Virgen,0.3175468434180532,0.996040668062611
2022-05-08,0.6117136476426799,0.6735295416868573,Virgen,0.3093764287020479,0.8274578073259256
2022-05-15,0.620689706613625,0.8865705802142675,Virgen,0.30237154928701265,0.6829238207476374
2022-05-22,0.625547619047619,1.001870035505651,Virgen,0.31131252220698763,0.8674058629707724
2022-05-29,0.6062356150793651,0.54351193037735,Virgen,0.3054113084716456,0.7456441742557864
2022-06-05,0.6107822420634921,0.6514232239228263,Virgen,0.30166883181248394,0.6684244193997912
2022-06-12,0.6214583333333333,0.9048134455003164,Virgen,0.30485626576202257,0.7341917950226989
2022-06-19,0.6072683531746031,0.5680233108226561,Virgen,0.29854416634355274,0.6039521665329131
2022-06-26,0.6198516865079365,0.8666807071418405,Virgen,0.2941141900207315,0.5125470044382627
2022-07-03,0.6181736111111111,0.82685265716755,Virgen,0.2877401422177042,0.3810291745046436
2022-07-10,0.6628004962779156,1.8860433323797081,Virgen,0.28287664907319204,0.28067911689141306
2022-07-17,0.614185515873016,0.7321977586179522,Virgen,0.28189158758946825,0.2603540185090297
2022-07-24,0.6058487103174603,0.5343289924583599,Virgen,0.2750770928604262,0.11974830192936418
2022-07-31,0.6259305555555555,1.010958789445986,Virgen,0.2783475422433444,0.18722856236055566
2022-08-07,0.6039161706349205,0.48846139485273005,Virgen,0.27236821076699663,0.06385504453887363
2022-08-14,0.6188680555555555,0.8433348534324028,Virgen,0.26738370795335087,-0.03899184547619043
2022-08-21,0.6028675595238094,0.4635732784927985,Virgen,0.25848716763513424,-0.2225570951771878
2022-08-28,0.6105972222222222,0.6470318959179754,Virgen,0.25008188640432694,-0.3959860341525959
2022-09-04,0.6091264880952381,0.6121249588284766,Virgen,0.2428375243076256,-0.5454613458625296
2022-09-11,0.6096458333333333,0.624451287035123,Virgen,0.23375273974878444,-0.7329107010471227
2022-09-18,0.5885555555555556,0.12388698647146043,Virgen,0.22631243749388624,-0.8864289106453749
2022-09-25,0.5867212301587301,0.0803504423375755,Virgen,0.22198048712951793,-0.9758114708187208
2022-10-02,0.5888382936507937,0.13059759495072185,Virgen,0.2181617508509329,-1.054604715546154
2022-10-09,0.5784084367245658,-0.11694841142560806,Virgen,0.21366226832781515,-1.1474440219887003
2022-10-16,0.5874558531746031,0.09778625138632627,Virgen,0.2099186884505408,-1.2246865399077613
2022-10-23,0.6314717261904762,1.1424749426422018,Virgen,0.21075379981526304,-1.207455411771413
2022-10-30,0.6131274801587302,0.7070859553087105,Virgen,0.21228370123675888,-1.1758884513115417
2022-11-06,0.5929166666666666,0.2273951790147517,Virgen,0.20861571149102276,-1.2515712931234384
2022-11-13,0.5728035714285714,-0.24997631680479385,Virgen,0.20559450265552312,-1.313908891161607
2022-11-20,0.5554181547619048,-0.6626081002954516,Virgen,0.20407625553863387,-1.3452353845119414
2022-11-27,0.5901612103174603,0.16199617883527057,Virgen,0.20312661065586973,-1.3648297204893698
2022-12-04,0.5843323412698412,0.02365168718647242,Virgen,0.2018898496670382,-1.3903482177495294
2022-12-11,0.563234126984127,-0.4771009813345028,Virgen,0.198026316506522,-1.4700657713120144
2022-12-18,0.5451577380952382,-0.9061325501086925,Virgen,0.20049964982484064,-1.4190326694621518
2022-12-25,0.5332232142857143,-1.189390865917569,Virgen,0.19974220544099805,-1.4346612691741076
2023-01-01,0.5462817460317461,-0.8794549381542912,Virgen,0.20243843990777216,-1.3790289744345006
2023-01-08,0.6138685515873016,0.7246748133227767,Virgen,0.21487551262336116,-1.1224107524148872
2023-01-15,0.6309191468253968,1.12935982361431,Virgen,0.22370272156383306,-0.9402760398904332
2023-01-22,0.6193675595238095,0.8551902617457686,Virgen,0.23930026005421362,-0.6184468854892573
2023-01-29,0.603375992063492,0.47564060075814013,Virgen,0.23604995118720187,-0.6855115800151378
2023-02-05,0.6090173611111112,0.6095348994154297,Virgen,0.23263753311974658,-0.7559211271234672
2023-02-12,0.5954285714285714,0.28701363750420095,Virgen,0.22746772239250793,-0.8625915364183346
2023-02-19,0.5871106150793651,0.08959224524322867,Virgen,0.23785243742167947,-0.6483202872339439
2023-02-26,0.6118070436507936,0.6757462364108195,Virgen,0.2771520838141441,0.1625622744313049
2023-03-05,0.5993045634920634,0.37900783865675725,Virgen,0.27556737672005377,0.12986449045858617
2023-03-12,0.6112554563492063,0.6626546633775907,Virgen,0.29003912902304096,0.42846492726763824
2023-03-19,0.6033368055555556,0.4747105339689106,Virgen,0.3118815560426031,0.8791469257195339
2023-03-26,0.6018650793650793,0.43978005088474603,Virgen,0.3089119589754513,0.8178742503148169
2023-04-02,0.6148159722222223,0.7471612382269742,Virgen,0.30977906925337656,0.8357656225777772
2023-04-09,0.6252762896825397,0.9954302059650257,Virgen,0.32085322429026875,1.0642623147595944
2023-04-16,0.6090114087301588,0.6093936234474459,Virgen,0.3241406375808375,1.13209259709058
2023-04-23,0.6223055555555556,0.9249217249434402,Virgen,0.3308834454842976,1.2712191757618525
2023-04-30,0.6262232142857143,1.017904857871889,Virgen,0.3357243596443108,1.3711033537433048
2023-05-07,0.6062093253968254,0.5428879615187514,Virgen,0.3205523778285299,1.0580548505212015
2023-05-14,0.5913359801488833,0.1898785920109371,Virgen,0.309924771210977,0.8387719391089442
2023-05-21,0.5836889880952381,0.00838210964681684,Virgen,0.30097764677235056,0.6541629705732309
2023-05-28,0.6144990079365079,0.7396382929317988,Virgen,0.3066746023084436,0.7717101325162943
2023-06-04,0.6009930555555555,0.4190831215750209,Virgen,0.3045427357511861,0.7277226269338293
2023-06-11,0.599016369047619,0.3721677272068435,Virgen,0.3007600185062204,0.6496725748030487
2023-06-18,0.6097108134920635,0.6259935496856195,Virgen,0.2943331067051206,0.5170639845671908
2023-06-25,0.6000654761904761,0.39706761656410666,Virgen,0.2850427175206797,0.3253723213518445
2023-07-02,0.5899439484126984,0.15683960600383728,Virgen,0.27787957979100086,0.17757293878750893
2023-07-09,0.5807237103174603,-0.061996868404116404,Virgen,0.27313466955508503,0.07966964142580978
2023-07-16,0.588077876984127,0.11254959004070403,Virgen,0.27629077647413525,0.1447906360996847
2023-07-23,0.6052609126984126,0.5203779906198908,Virgen,0.26957627758383745,0.006248166630872472
2023-07-30,0.6037713293650794,0.48502367963177717,Virgen,0.25918749826295034,-0.2081069424245401
2023-08-06,0.5978654419066534,0.3448512050923627,Virgen,0.24955767206847665,-0.4068023213850793
2023-08-13,0.5887224999999999,0.12784930645352868,Virgen,0.241356632273112,-0.5760170794817079
2023-08-20,0.5841552579365079,0.01944872713893438,Virgen,0.23313272292060508,-0.7457037126912692
2023-08-27,0.6077256944444445,0.5788780143627977,Virgen,0.23378239146300722,-0.7322988874509743
2023-09-03,0.5920556107249254,0.20695856505616092,Virgen,0.22883529109614234,-0.8343740404494924
2023-09-10,0.5711681547619047,-0.28879188900852876,Virgen,0.21957290305622984,-1.0254879468174114
2023-09-17,0.5494588293650794,-0.8040488902425771,Virgen,0.21239637290792804,-1.173563659570864
2023-09-24,0.528625992063492,-1.2985030051909137,Virgen,0.20627329046172752,-1.299903238550247
2023-10-01,0.5073134920634921,-1.8043416085593302,Virgen,0.20239504639591485,-1.3799243270721073
2023-10-08,0.4786909722222222,-2.4836788736100184,Virgen,0.19730322062969205,-1.4849856469535896
2023-10-15,0.46554811507936505,-2.7956162109197416,Virgen,0.19497464836708134,-1.533031846211262
2023-10-22,0.4808125,-2.433325764020884,Virgen,0.1908372143017394,-1.6184008874520206
2023-10-29,0.471039205955335,-2.6652886688824537,Virgen,0.18805270508996075,-1.6758545841107386
2023-11-05,0.45574702380952387,-3.028238865203512,Virgen,0.18844483420252797,-1.6677636548406218
2023-11-12,0.4281790674603174,-3.6825467379262844,Virgen,0.18626697414687698,-1.712700159440147
2023-11-19,0.40438227974116475,-4.247348326876942,Virgen,0.18578736776752128,-1.7225960359984032
2023-11-26,0.40948065476190476,-4.126341645354852,Virgen,0.1929134739828961,-1.5755607368785172
2023-12-03,0.4210372023809523,-3.8520543535129925,Virgen,0.19237856487078323,-1.5865976929558456
2023-12-10,0.3961667493796526,-4.442338703604127,Virgen,0.1877505891025066,-1.682088242891796
2023-12-17,0.4319588293650794,-3.59283649825614,Virgen,0.18622976461691512,-1.7134679159403585
2023-12-24,0.5837728174603174,0.010371746195930844,Virgen,0.2014670454497848,-1.3990720765686522
2023-12-31,0.6206006944444443,0.8844579331132169,Virgen,0.2179037856736353,-1.0599273961041045
2024-01-07,0.6016577380952381,0.43485893799995695,Virgen,0.2550587289567504,-0.2932972008330278
2024-01-14,0.578470734126984,-0.11546982228624243,Virgen,0.25858662756425993,-0.2205049056661914
2024-01-21,0.5943427579365079,0.26124254634436606,Virgen,0.26783392365489683,-0.029702396463704966
2024-01-28,0.5771875,-0.14592656638422746,Virgen,0.25756220040576794,-0.24164224899548703
2024-02-04,0.5521731150793651,-0.7396270488416569,Virgen,0.25806461886635845,-0.231275683243647
2024-02-11,0.5768730158730159,-0.15339064669273983,Virgen,0.29079349817974226,0.4440300748040418
2024-02-18,0.5804568452380953,-0.06833074096875234,Virgen,0.28936568754059927,0.4145695871172324
2024-02-25,0.5899925595238095,0.15799335974237683,Virgen,0.29636133941156517,0.558913178736286
2024-03-03,0.5840074404761905,0.015940373933986906,Virgen,0.3018661428775106,0.672495603660737
2024-03-10,0.5899806547619046,0.1577108078064064,Virgen,0.3025515100785664,0.6866370110953853
2024-03-17,0.5783472222222221,-0.11840129862192014,Virgen,0.2914998185421739,0.45860381572591175
2024-03-24,0.5680853174603174,-0.3619610674271558,Virgen,0.29389671449150356,0.5080597601389428
2024-03-31,0.5645262896825397,-0.4464323232845393,Virgen,0.2968602845711367,0.5692080787230052
2024-04-07,0.5840332341269842,0.016552569795253966,Virgen,0.29931481767977985,0.6198532696479377
2024-04-14,0.5786135912698412,-0.11207919905461312,Virgen,0.29025185108184814,0.4328540916444797
2024-04-21,0.5686552579365078,-0.3484338934926437,Virgen,0.2844929673842021,0.3140291455255025
2024-04-28,0.602188988095238,0.4474678181425684,Virgen,0.30185831817133085,0.6723341539182135
2024-05-05,0.6023928571428572,0.4523065200460393,Virgen,0.3018263205885887,0.6716739372434392
2024-05-12,0.5992673611111111,0.37812486385685656,Virgen,0.3022186335708414,0.6797686603574002
2024-05-19,0.5886011904761904,0.1249701022260054,Virgen,0.30041365857635227,0.6425260161703092
2024-05-26,0.5948715277777777,0.2737925615003198,Virgen,0.2944423386028835,0.5193178023290353
2024-06-02,0.587407738095238,0.09664427064511828,Virgen,0.286940726850714,0.3645345736589753
2024-06-09,0.5748397022332505,-0.20165004994195274,Virgen,0.2754982427826949,0.12843802713462346
2024-06-16,0.5963457341269841,0.3087819095711421,Virgen,0.26859219691583086,-0.014056694257429064
2024-06-23,0.6003988095238095,0.40497907077123907,Virgen,0.2755226556743894,0.1289417463782313
2024-06-30,0.5817867063492063,-0.03676733512155662,Virgen,0.26740913305963787,-0.03846724087515339
2024-07-07,0.5658710317460317,-0.41451572751738125,Virgen,0.26095796695777346,-0.17157627809567305
2024-07-14,0.5579186507936509,-0.6032604207446386,Virgen,0.2560742651777608,-0.2723433071482586
2024-07-21,0.5495342261904762,-0.8022593946481074,Virgen,0.2502713158194508,-0.39207747457278697
2024-07-28,0.5399712301587302,-1.0292310102125009,Virgen,0.24166483671537464,-0.5696577956051367
2024-08-04,0.5279389880952381,-1.314808606495788,Virgen,0.23164321349135464,-0.7764372518573297
2024-08-11,0.5082708333333333,-1.7816197237084939,Virgen,0.22397190492068014,-0.9347218909350454
2024-08-18,0.4847901785714286,-2.338918098415257,Virgen,0.2207821698061057,-1.0005367472548634
2024-08-25,0.4588521825396826,-2.954539901904944,Virgen,0.21233125855880122,-1.17490718540552
2024-09-01,0.43459126984126983,-3.5303572014150064,Virgen,0.21276369185319965,-1.165984646662821
2024-09-08,0.40401785714285715,-4.255997664972605,Virgen,0.2026786495532308,-1.374072649619233
2024-09-15,0.379078869047619,-4.847908651835566,Virgen,0.19540753268769806,-1.524100001295891
2024-09-22,0.3510054563492063,-5.514213208839684,Virgen,0.19089203727032453,-1.6172697070652948
2024-09-29,0.3447043650793651,-5.663765593948584,Virgen,0.18738385689045697,-1.689655149539816
2024-10-06,0.45518849206349205,-3.0414952601993903,Virgen,0.21148777380585668,-1.1923110844218836
2024-10-13,0.4351800595238095,-3.516382653581876,Virgen,0.2222111475254808,-0.9710521788168225
2024-10-20,0.412108630952381,-4.063968305489705,Virgen,0.2281738562243325,-0.8480216442439816
2024-10-27,0.38195674044265593,-4.779604208568029,Virgen,0.23987326717802454,-0.6066238405751095
2024-11-03,,,Virgen,0.26883007745657644,-0.009148426627645027
2024-11-10,,,Virgen,0.2930378472166402,0.4903384684759936
2024-11-17,,,Virgen,0.2922918732677187,0.47494654202972925
2024-11-24,,,Virgen,0.2850006462207862,0.32450425034963837
2024-12-01,,,Virgen,0.2870975083538464,0.3677694981061866
2024-12-08,,,Virgen,0.28716815635561943,0.3692272016204155
2024-12-15,,,Virgen,0.2963083673800741,0.5578201893449023
2024-12-22,,,Virgen,0.28871020142521175,0.4010447259753941
2024-12-29,,,Virgen,0.30282236263155937,0.6922256011252088
2025-01-05,,,Virgen,0.3290514828903334,1.233419687536599
2025-01-12,,,Virgen,0.3639484462993486,1.9534602395774554
2025-01-19,,,Virgen,0.37525796943477224,2.1868133593404653
2025-01-26,0.5842640801001252,0.022031551831471707,Virgen,0.38026115724018644,2.2900457829513936
2025-02-02,,,Virgen,0.36405600926705767,1.9556796217552295
2025-02-09,,,Virgen,0.36068688918437275,1.8861634562426255
2025-02-16,0.5747274305555555,-0.20431474665247812,Virgen,0.384431178016322,2.376087196540256
2025-02-23,0.5682638888888888,-0.3577227883876231,Virgen,0.3952930303556578,2.6002033771641897
2025-03-02,0.5644469246031746,-0.4483160028576667,Virgen,0.38414657062717844,2.370214798440974
2025-03-09,0.5646909722222222,-0.44252368817030324,Virgen,0.39008338696190287,2.492711087327698
2025-03-16,0.566952876984127,-0.3888388203362014,Virgen,0.3842737413942814,2.3728387548086105
2025-03-23,0.5466418650793651,-0.8709077420912312,Virgen,0.3713880729462419,2.1069645091329847
2025-03-30,0.5581975186104219,-0.5966416708579597,Virgen,0.3557864714946065,1.7850515223126229
2025-04-06,0.5786483134920634,-0.11125508924137285,Virgen,0.370399398463113,2.086564862542619
2025-04-13,0.5751299603174603,-0.19476095931752693,Virgen,0.36762302475316183,2.029279028375498
2025-04-20,0.5507118055555557,-0.774310298981843,Virgen,0.3667665666767529,2.011607446498605
2025-04-27,0.5632772817460318,-0.4760767305666156,Virgen,0.36917182749935556,2.0612359860998946
2025-05-04,0.5736349206349206,-0.23024477327629556,Virgen,0.3894887641072273,2.4804420379116077
2025-05-11,0.5596498015873016,-0.5621726600558219,Virgen,0.3756651463253157,2.1952147743750317
2025-05-18,0.5746790674603174,-0.20546261389235318,Virgen,0.3675316886178085,2.027394459779936
2025-05-25,0.5655376984126984,-0.42242718172451105,Virgen,0.37705246784857344,2.2238398367839456
2025-06-01,0.5547589285714286,-0.6782544137497326,Virgen,0.3673300929367542,2.0232348696237943
2025-06-08,0.5546881827209533,-0.6799335214188718,Virgen,0.35758120247295927,1.8220827983371752
2025-06-15,0.5550714285714287,-0.6708374254305465,Virgen,0.36054497425045284,1.8832352786196942
2025-06-22,0.5629742063492064,-0.48327003193649176,Virgen,0.36533395679933683,1.9820479345461306
2025-06-29,0.5529637896825397,-0.7208608910943853,Virgen,0.3660860173404217,1.9975654476553366
2025-07-06,0.5782872023809523,-0.11982583129909592,Virgen,0.3619063161313534,1.9113242945019968
2025-07-13,0.5826769230769231,-0.015638608494296352,Virgen,0.3502284969602312,1.6703720012020042
2025-07-20,0.5694816468253968,-0.32882007993746354,Virgen,0.34374777706606047,1.5366531708405253
2025-07-27,0.5610813492063492,-0.5281957897555551,Virgen,0.33731745023812565,1.4039741172299984
2025-08-03,0.5394608134920635,-1.0413454244671687,Virgen,0.33409878239035606,1.3375622822866333
2025-08-10,0.548610119047619,-0.8241924886776981,Virgen,0.3364837323980672,1.3867717421475036
2025-08-17,0.5378477182539684,-1.07963121179096,Virgen,0.33674777831350056,1.3922198885803143
2025-08-24,0.5274300595238095,-1.326887701758461,Virgen,0.3382452540099621,1.4231177983643322
2025-08-31,0.5514831349206349,-0.7560032881305232,Virgen,0.3346618695982865,1.349180646305682
2025-09-07,0.5492663690476192,-0.8086168132074064,Virgen,0.3287312553397247,1.2268123269013342
2025-09-14,0.5447222222222222,-0.9164692417662248,Virgen,0.31948765580143246,1.036086089882181
2025-09-21,0.543732638888889,-0.9399563714436411,Virgen,0.3138896955975464,0.9205815312687072
2025-09-28,0.5609444444444445,-0.5314451370191979,Virgen,0.3239204202379499,1.1275487800460067
2025-10-05,0.5501140873015874,-0.7884967607669511,Virgen,0.3194140765283789,1.0345679044811391
2025-10-12,0.5368506944444446,-1.1032949364283602,Virgen,0.3199864173574107,1.0463772015154225
2025-10-19,0.5603908730158731,-0.544583802041753,Virgen,0.3267021993441241,1.1849461455356332
2025-10-26,0.5403655753968255,-1.019871477333527,Virgen,0.31640374753624195,0.9724547938383113
2025-11-02,0.5677559523809523,-0.36977833765563056,Virgen,,
2025-11-09,0.5727609126984127,-0.2509887945753495,Virgen,,
2025-11-16,0.5640550595238095,-0.45761667074997764,Virgen,,
2025-11-23,0.5798933531746031,-0.0817048659379516,Virgen,,
2025-11-30,0.5745148809523809,-0.2093594760092577,Virgen,,
2025-12-07,0.5480317460317461,-0.8379198035668545,Virgen,,
2025-12-14,0.5096984126984127,-1.7477370373868848,Virgen,,
2025-12-21,0.48714704421261795,-2.2829793946373687,Virgen,,
2025-12-28,0.4625411706349207,-2.8669841207465647,Virgen,,
2026-01-04,0.43611226851851853,-3.4942572672625283,Virgen,,
